:020000040800F2
:10000000A8B50020610200081F5E00082540000816
:100010001D5E000855120008796E000800000000FF
:10002000000000000000000000000000A101000826
:100030006919000800000000FD010008356600088D
:100040007B0200087B0200087B0200087B0200089C
:100050007B0200087B0200087B0200087B0200088C
:100060007B0200086B190008711900087B02000868
:100070007B0200087B0200087B0200087B0200086C
:100080007B0200087B0200087B0200087B0200085C
:10009000591200087B0200087B020008771900084B
:1000A0007B0200087B0200087B0200087B0200083C
:1000B000016700087B0200087B0200087B02000841
:1000C0007B0200087B0200087B0200087B0200081C
:1000D0007B020008396E00087B0200087B020008E2
:1000E0007B0200087B0200087B0200087B020008FC
:1000F0007B020008256700087B0200087B020008DD
:100100007B0200087B0200080D6700087B020008E4
:100110007B0200087B0200087B0200087B020008CB
:100120007B020008D51600087B0200087B0200084D
:100130007B0200087B0200087B0200087B020008AB
:10014000651200087B0200087B0200087B020008A1
:10015000E1160008ED160008F91600086D6E00089B
:100160007B0200087B0200087B0200087B0200087B
:100170007B0200087B0200087B02000800000000F0
:100180007B0200087B020008DFF810D000F040FE80
:1001900000480047F5780008AFF30080A8B50020BC
:1001A0002C4B19680868B0E8F04F80F30988BFF35A
:1001B0006F8F4FF0000080F311887047000000003F
:1001C00008480068006880F308884FF0000080F35A
:1001D000148862B661B6BFF34F8FBFF36F8F00DF35
:1001E00000BF00BF08ED00E0DFF80C00016841F43B
:1001F00070010160704700BF88ED00E0EFF30980F7
:10020000BFF36F8F134B1A681EF0100F08BF20ED5D
:10021000108A20E9F04F106009B44FF0500080F3CD
:100220001188BFF34F8FBFF36F8F08F0EDFA4FF0D7
:10023000000080F3118809BC19680868B0E8F04F25
:100240001EF0100F08BFB0EC108A80F30988BFF3CE
:100250006F8F704738000020EFF305807047000073
:100260000648804706480047FEE7FEE7FEE7FEE750
:10027000FEE7FEE7FEE7FEE7FEE7FEE7E5660008CD
:10028000890100089FED1A1AF5EE000A40EE010AF6
:10029000BDEEE00AF5EEC00A10EE100AF1EE10FA1B
:1002A00038BF401E00EE100A1349F7EE001AB8EEF0
:1002B000C00A30EEC00ADFED0F0A20EE200AFCEE85
:1002C000C00A10EE900AC0F3080000EE900A01EB9D
:1002D0008000F8EE600A90ED011A70EE600A90ED71
:1002E000000A71EEE01A21EE800A00EE810A7047E2
:1002F00083F9223E00000044B4930008B5EEC00A22
:10030000F1EE10FA07D2DFED1E0AB4EEE00AF1EECC
:1003100010FAA8BF7047DFED1B0AB5EEC00A60EE09
:10032000200ABDEEE01A11EE100AF1EE10FA38BF05
:10033000401E00EE100A1549F7EE001AB8EEC00A8A
:1003400030EEC00ADFED100A60EE200ABCEEE00AD3
:1003500010EE100AC0F3080000EE100A01EB800056
:10036000B8EE400A90ED011A70EEC00A90ED000A56
:1003700071EEE01A21EE800A00EE810A704700005B
:10038000CD024CB483F9223E00000044B49300082F
:1003900070B405880E884468D1F804C05368B5422B
:1003A00008D140884988884201BF11888D42518810
:1003B000884203D070BC6FF00200704705FB00F16B
:1003C000880827D094ED001ADCED000A94ED010AAC
:1003D000DCED011A31EE201AD4ED020A70EE211A7A
:1003E0009CED020A83ED001AC3ED011A94ED031A85
:1003F000DCED031A30EE800A401E71EE210A83ED17
:10040000020A04F11004C3ED030A03F110030CF116
:10041000100CD7D111F0030030D0B0F1004F30D222
:1004200000282BDD211F1B1FACF1040210F0010F6F
:100430000AD091ED010AD2ED010A091D121D30EE1C
:10044000200A83ED010A1B1D400817D091ED010A17
:10045000D2ED010A401E30EE200A83ED010A91ED33
:10046000020AD2ED020A01F1080102F1080230EE9F
:10047000200A83ED020A03F10803E7D170BC0020D3
:100480007047B4EC010A401EFCEC010A30EE200A71
:10049000A3EC010AF5D1F1E7018042804360704787
:1004A0002DE9F34F84B004984068009048680190AB
:1004B0000498B0F800E04588DFEDFE0A00200290C5
:1004C000B0EE600AAE4506D108884988884204BF6C
:1004D0007146864504D06FF0020006B0BDE8F08F8B
:1004E00001985FEA010C18BFB7EE001A3DD000BFBB
:1004F000BEEB0C0117D0B1F1004F80F01F82002934
:1005000011DD021F11F0010F1CBFC2ED010A121D07
:100510004B1006D0C2ED010AC2ED020A08325B1E82
:10052000F8D100EB8100BCF10102A0EC011A19D056
:10053000B2F1004F80F00882002A13DD031F12F091
:10054000010F1CBFC3ED010A1B1D511008D000BFD5
:10055000C3ED010AC3ED020A491E03F10803F7D1F6
:1005600000EB8200BCF1010CC2D14FF000080395F2
:10057000002D14BFB0EE602A002000F0BF8100BF44
:10058000009908FB05F001EB800B0199DBED002AD7
:1005900001EB80000346F0EE421AC64552D9AEEB9D
:1005A0000802ABEB850112F0010F17D001EB8501BA
:1005B00091ED000AB5EEC00AF1EE10FA07DDB4EED7
:1005C000E10AF1EE10FA09DDF0EE401A06E0B1EEB4
:1005D000400AF4EEC01AF1EE10FAF5D3521031D001
:1005E00001EB850C9CED000AB5EEC00AF1EE10FAA5
:1005F00005DDB4EEE10AF1EE10FA09DD06E0B1EE38
:10060000400AF4EEC01AF1EE10FA01D2F0EE401AF0
:1006100001EBC50191ED000AB5EEC00AF1EE10FA4A
:1006200005DDB4EEE10AF1EE10FA09DD06E0B1EE07
:10063000400AF4EEC01AF1EE10FA01D2F0EE401AC0
:10064000521ECDD1F5EEC01AF1EE10FA00F0738112
:10065000F5EEC02A0126F1EE10FA0099D4BFB1EEF2
:10066000620AB0EE620AB4EE610AF1EE10FA1CBF43
:10067000AEEB0802B2F1010C47D005FB08F201EB2A
:10068000820292ED001A00BFB0EE410A05FB06F4AB
:10069000B5EEC00A00EB8404F1EE10FACCBFF0EE28
:1006A000400AF1EE400AF4EE610AF1EE10FA28D1A8
:1006B000B5EB080C11D0BCF1004F7DD2BCF1000F9E
:1006C0000BDD00BF92ED000AD1ED000ABCF1010C78
:1006D000E2EC010AA1EC010AF4D129000ED0B1F13B
:1006E000004F6AD2002909DD94ED000AD0ED000A1E
:1006F000491EE4EC010AA0EC010AF5D101200290A8
:100700000BE0761CBCF1010CBED10298012804D08C
:10071000F5EEC02AF1EE10FA7ED09BED000AB5EBA3
:1007200008009A465946064622D0B0F1004F74D2CE
:1007300000281DDD091F10F0010F06D0F0EE400A61
:1007400080EEA01A81ED011A091D401010D000BFE3
:10075000D1ED010A401E80EE801A81ED011A91ED63
:10076000021AC1EE000AC1ED020A01F10801EFD13F
:10077000280026D0B0F1004F7ED2002821DDAAF15A
:10078000040110F0010F06D0D1ED010A80EE801AAD
:1007900081ED011A091D401013D000BFD1ED010AEF
:1007A000401E80EE801A81ED011AD1ED020A80EE22
:1007B000801A81ED021A01E0CBE0D6E001F10801D8
:1007C000ECD1DDE900124FF000095FEA0E0773D0AB
:1007D000C14504BF01EB860102EB850274D091EDA7
:1007E000000ADC465046331E35D01C46B6F1004F99
:1007F0007ED2002C2FDD0B1FABF1040C16F0010F85
:100800000FD0F0EE400ADCED011AB0EE601A00EEF7
:10081000E11A83ED011A01E08DE0B1E01B1D0CF13E
:10082000040C741015D000BFD3ED010A9CED011A21
:1008300040EE410AC3ED010AD3ED020A9CED021A13
:100840000CF1080C40EE410AC3ED020A0833641EA5
:10085000EAD101EB86012B0036D0B3F1004F72D202
:10086000002B31DDA2F1040CAAF1040013F0010FFA
:100870000CD0DCED010A00E08BE090ED011A001DC8
:1008800040EE410ACCED010A0CF1040C5C1019D0C9
:10089000DCED010A90ED011A40EE410ACCED010AAF
:1008A000DCED020A90ED021A083040EE410ACCED70
:1008B000020A03E0000000000DE005E0641E0CF1F8
:1008C000080CE5D102EB830201EB88017F1E09F1E0
:1008D00001097FF47DAF009808F10108001D009028
:1008E0000398401E03907FF44BAE0299012900E06B
:1008F00058E004BF06B0BDE8F08F00BFB5EEC00AF7
:10090000F1EE10FA7FF4E9AD04990EFB05F3002B2C
:100910004A684FF000010BD902EB810C9CED000AF4
:10092000B5EEC00AF1EE10FA02D1491C8B42F3D8A1
:100930008B427FF4D2AD6FF00400CEE5E0EC010A0B
:10094000491EFBD1EFE538E0E0EC010A521EFBD175
:1009500008E692ED000AD1ED000ABCF1010CE2ECD0
:10096000010AA1EC010AF4D1B7E694ED000AD0ED3A
:10097000000A491EE4EC010AA0EC010AF5D1BDE62B
:10098000D1ED000A401E80EE801AA1EC011AF7D1C9
:10099000EEE6D3ED000A401E80EE801AA3EC011AA9
:1009A000F7D10EE7BCEC011AD1ED000A5B1E40EE58
:1009B000410AE1EC010AF5D14DE7B0EC011AD2EDA4
:1009C000000A5B1E40EE410AE2EC010AF5D17BE72A
:1009D0002DE9F04F82B04668536801930588478837
:1009E0004B88002000900888874201BFB2F800C001
:1009F0006545528893421EBF6FF0020002B0BDE809
:100A0000F08F9FED412A4FEA970EC7F3400B00BFCE
:100A1000DDE9000202EB800A4A6898464FF00009BF
:100A2000B0EE420AB4465FEA0E0025D092ED001AFD
:100A3000DCED001A02EB8302DCED010A01EE810A13
:100A400092ED001A02EB8302401ED2ED001A02EB77
:100A5000830200EE810A9CED021ADCED030A000419
:100A60000CF1100C000C01EE210A92ED001A02EBC1
:100A7000830200EE810AD9D117F0030026D0ACF131
:100A80000404A2EB830210F0010F08D002EB8302F2
:100A9000D4ED010A92ED001A241D00EE810A5FEAEE
:100AA0000B0013D002EB830CD4ED010A9CED001A6D
:100AB00002EBC302401E00EE810AD4ED020A92ED61
:100AC000001A04F1080400EE810AEBD109F10100DB
:100AD000AAEC010A1FFA80F9486800EB8902A8F124
:100AE00001001FFA80F8B8F1000F99D1009806EBC9
:100AF0008706184480B20090681E05042D0C87D12B
:100B000002B00020BDE8F08F0000000070B405883E
:100B10000E884468D1F804C05368B54208D14088B3
:100B20004988884201BF11888D425188884203D08C
:100B300070BC6FF00200704705FB00F1880827D0F9
:100B400094ED001ADCED000A94ED010ADCED011AC7
:100B500031EE601AD4ED020A70EE611A9CED020AC1
:100B600083ED001AC3ED011A94ED031ADCED031AAC
:100B700030EEC00A401E71EE610A83ED020A04F1F4
:100B80001004C3ED030A03F110030CF1100CD7D1CC
:100B900011F0030030D0B0F1004F30D200282BDD2F
:100BA000211F1B1FACF1040210F0010F0AD091EDC0
:100BB000010AD2ED010A091D121D30EE600A83ED13
:100BC000010A1B1D400817D091ED010AD2ED010A60
:100BD000401E30EE600A83ED010A91ED020AD2ED6B
:100BE000020A01F1080102F1080230EE600A83ED09
:100BF000020A03F10803E7D170BC00207047B4EC8F
:100C0000010A401EFCEC010A30EE600AA3EC010A66
:100C1000F5D1F1E72DE9F04F02884768B0F802807E
:100C20004888D1F8049082B04FF0000A16468242FC
:100C300007BF098888456FF0020002B018BFBDE801
:100C4000F08F4FEA980B02EB42000190C8F340008E
:100C5000CDF8000009EB8A01BBF1000F33D00198F9
:100C600001EB820C01EB80043B46E64601EBC2053A
:100C70004FEA0B0093ED000A401E81ED000A93ED50
:100C8000010A01EB02118CED000A93ED020A0CEB54
:100C9000021C85ED000A93ED030A05EB021584EDB5
:100CA000000A04EB021403F11003E3D10EEB8200FF
:100CB00000EB820000EB8201ABF10100504307EB37
:100CC0000B1701EB001118F0030C21D03B1FA1EB17
:100CD00082011CF0010F06D093ED010A01EB8201A5
:100CE0001B1D81ED000A009880B100BF93ED010A41
:100CF00001EB820401EBC20184ED000A93ED020ACC
:100D0000401E81ED000A03F10803EFD107EB8C07C9
:100D10000AF101001FFA80FA701E0604360C99D100
:100D200002B00020BDE8F08F2DE9F05F05460020FD
:100D300092469B4688460646814640241BE028464C
:100D400041464746224600F053F853465A46C01AD9
:100D5000914110D311461846224600F03AF82D1A58
:100D600067EB01084F4622460120002100F031F8D0
:100D700017EB00094E41201EA4F10104DFDC4846B8
:100D800031462A464346BDE8F09F40EA01039B07EF
:100D900003D009E008C9121F08C0042AFAD203E0F0
:100DA00011F8013B00F8013B521EF9D27047D2B254
:100DB00001E000F8012B491EFBD270470022F6E744
:100DC00010B513460A4604461946FFF7F0FF2046C1
:100DD00010BD202A04DB203A00FA02F100207047FF
:100DE0009140C2F1200320FA03F319439040704769
:100DF000202A04DB203A21FA02F00021704721FA70
:100E000002F3D040C2F120029140084319467047D6
:100E1000064C074D06E0E06840F0010394E8070047
:100E200098471034AC42F6D3FFF7B2F9F09B0008B4
:100E3000109C000870B58C1810F8015B15F00703C2
:100E400001D110F8013B2A1106D110F8012B03E063
:100E500010F8016B01F8016B5B1EF9D12B0705D46B
:100E60000023521E0DD401F8013BFAE710F8013BB4
:100E7000CB1A921C03E013F8015B01F8015B521ED0
:100E8000F9D5A142D8D3002070BD00000122102165
:100E9000014801F067BC0000000002400022102160
:100EA000014801F05FBC0000000002400122114631
:100EB000014801F057BC000000040240002201215B
:100EC000014801F04FBC00000004024070B5054627
:100ED000FFF7E4FF922000F02DF906226549122069
:100EE00000F00AF9FFF7D2FF624CA4F11C0660780B
:100EF0002178000200B2084300EE100AD6ED030A82
:100F0000B8EEC00A60EE200A95ED080A60EE800A8D
:100F1000C5ED000AE078A178000200B2084300EEB7
:100F2000900A96ED031AF8EEE00A60EE810A60EE90
:100F3000800AC5ED010A60792179000200B20843F8
:100F400000EE900A3081F8EEE00A60EE810A20EEB1
:100F5000800A85ED020AFFF7B1FF08222146002032
:100F600000F0CAF8FFF7A2FF20780F285AD1F078D6
:100F7000A1780028E0784FEA002000B240EA0100A2
:100F80002BD000EE100AD5ED090AB8EEC01A96ED86
:100F9000040A51EE000AC5ED030A607921790002C6
:100FA00000B2084300EE900A95ED0A1AF8EEE00A46
:100FB00010EE801A85ED041AE079A179000200B2E2
:100FC000084300EE900A308195ED0B1AF8EEE00A26
:100FD00010EE801A85ED051A24E000EE100AF8EEF6
:100FE000C00A96ED040A60EE800AC5ED030A607936
:100FF0002179000200B2084300EE900AF8EEE00A00
:1010000060EE800AC5ED040AE079A179000200B221
:10101000084300EE900A3081F8EEE00A20EE800AE4
:1010200085ED050AFFF73AFFA22000F083F80222BF
:101030001049222000F060F8FFF728FF207861783F
:10104000C00040EA51103081B0F5806F02DBA0F59E
:1010500000603081B6F90800B4EE001A00EE100A04
:10106000F8EEC00AB3EE070A00EE810A85ED070A22
:1010700070BD0000A800002070B50D461649174C41
:1010800008600020A07006F0DDF9A1780843A07088
:1010900006F06CFAA1780843A0701DB1104800F06A
:1010A00017F916E00E489FED0F0A80ED090A9FED33
:1010B0000E0A80ED0A0A80ED0B0A9FED0C0A80ED06
:1010C0000C0A9FED0B0A80ED080A9FED0A0A80EDDD
:1010D000060AA07870BD0000880000208C00002067
:1010E000C8640020AC38223BB016CE393F161B41F5
:1010F000C48B813F0000204270B514460D4640F07D
:10110000800000F017F806E0552000F013F8641E88
:1011100005F8010BE4B2002CF6D170BD10B50C46F9
:1011200040F0800000F006F8552000F003F8207031
:1011300010BD000001B582B04FF47A7000900548F0
:10114000012301AA02A9006801F080FF9DF80400B4
:101150000EBD00008800002010B50C46FFF7EAFF26
:101160002046BDE81040FFF7E5BFB6EE000AD2ED1D
:10117000020AF0EE401A92ED031A40EEE01A90EDEA
:10118000002AD2ED012AD0ED013A22EEA03A41EE3A
:10119000411A21EE822AD2ED001A01EEC13A22EE66
:1011A000811A01EEA01A03EE232AD0ED020AF0EE16
:1011B000001A01EE202A62EE210AC1ED000A92ED2A
:1011C000011AD2ED023A92ED002AD2ED030A61EE45
:1011D000232A90ED003A90ED014A42EE202A62EE79
:1011E000832AB0EE403A01EE413A00EEE03A63EE77
:1011F000A00A42EE410A43EE042A90ED021A40EEA4
:10120000812A62EEA10AC1ED010A92ED011AD2ED26
:10121000032AD2ED020A92ED003A21EE222A60EE74
:10122000A22AD0ED003A01EE410A03EE602A43EE15
:10123000012A90ED013A00EEE00A22EE232AD0EDD9
:10124000020A02EE832A00EE202A22EE210A81ED14
:10125000020A7047FEE70000014800F01CBD0000D4
:10126000246A0020014800F016BD00004C6A0020EE
:1012700070B5144C0E250121C4E908150020C4E9FD
:10128000060120606060A060E0606061206121462E
:101290000D4800F005FC0C4800F026FF02210A482A
:1012A00000F0EBFB656221460848656100F0F8FB41
:1012B000064800F019FFBDE870400221034800F025
:1012C000DCBB0000FC640020246A00204C6A002083
:1012D0002DE9F04F04462DED048B89B000200090DD
:1012E000019000F0B1FAED4DDFF8B4B3DFF8B4933C
:1012F00085ED050A02AE0DF114084FF07C5A00BFCF
:1013000000F0A2FAD5ED050A30EE600A10EE100AE0
:10131000584512DD9FEDE40A84ED090A9FEDE30ACA
:1013200084ED0A0A84ED0B0A9FEDE10A84ED0C0AB4
:101330009FEDE00A84ED060A8BE19FEDDF0A00F0E5
:1013400047FA9FEDDE0A002784ED0C0A84ED090AB6
:1013500084ED0A0A84ED0B0AFBE000BFFFF79EFD57
:101360009220FFF7E7FE062269461220FFF7C4FE2F
:10137000FFF78CFD9DF801009DF80010000200B2FF
:10138000084300EE100AD5ED030AB8EEC00A60EE7D
:10139000201AC4ED001A9DF803009DF80210000207
:1013A00000B2084300EE100A95ED031AB8EEC00A29
:1013B00060EE010AC4ED010A9DF805009DF80410D5
:1013C000000200B2084300EE100AB8EEC00A20EE98
:1013D000011A21EEA10A84ED021A00EEA00A01EE24
:1013E000010A05F0E5FFB0EE408A94ED0C0A30EEFC
:1013F000080A84ED0C0AFFF761FD08226946002007
:10140000FFF77AFEFFF752FD9DF800000F2840D14C
:101410009DF803009DF80210000200B2084300EEA0
:10142000100AD5ED040AB8EEC00A20EE200A84EDB9
:10143000030A94ED091A31EE000A84ED090A9DF8B9
:1014400005009DF80410000200B2084300EE100AE7
:10145000B8EEC00A20EE200A84ED040A94ED0A1AC0
:1014600031EE000A84ED0A0A9DF807009DF8061087
:10147000000200B2084300EE100AB8EEC00A20EEE7
:10148000200A84ED050AD4ED0B0A30EE800A84EDC3
:101490000B0A002F7ED0B4EEC98AF1EE10FA01DDFE
:1014A000B0EE489AB4EEE88AF1EE10FA01D2F0EE0E
:1014B000488A00204FEA080204EB800191ED030AFC
:1014C00006EB8001D1ED000AB4EEE00AF1EE10FA6D
:1014D00001DD81ED000A02EB8001D1ED000AB4EEDE
:1014E000E00AF1EE10FA01D281ED000A401CC0B210
:1014F0000328E1D339EE680A0020424685ED060A4A
:101500004FEA090106EB8003D3ED000A02EB8003EA
:1015100093ED001A01EB8003401C70EEC10AC0B2CB
:101520000328C3ED000AEDD310EE100A504514DC79
:1015300063480A68824210DC4A6882420DDCD9F8AE
:101540000810814209DC9FED5F0A00F041F97F1C21
:10155000BFB2E8888742FFF401AFE988D4ED0C0AF6
:1015600000EE101A2F460020B8EE400A80EE801AD6
:1015700084ED0C1A00EE101A04EB8002401CB8EE49
:10158000400AD2ED090AC0B2032880EE801A82ED2B
:10159000091A00E06AE0EDD3FFF780FCA220FFF714
:1015A000C9FD022269462220FFF7A6FDFFF76EFC67
:1015B0009DF800009DF80110C00040EA5110B0F500
:1015C000806F01DBA0F5006000EE100AB4EE001A97
:1015D000F8EEC00AB3EE070A00EE810A84ED060AAF
:1015E000B888401CB880B86950453FF789AE94ED83
:1015F0000C0ADFED350A30EE600AB0EEC00A10EEDC
:10160000100A5045F1DC2E48D9F800104A468142B4
:10161000EBDC51688142E8DCD9F808108142E4DC57
:1016200094ED090A2948B0EEC00A10EE101A814262
:10163000DBDC94ED0A0AB0EEC00A10EE101A81420B
:10164000D3DC94ED0B0AB0EEC00A10EE101A814202
:10165000CBDC94ED0C0ADFED1E0A80EE801A84EDDF
:10166000081A09B0BDEC048BBDE8F08FB0EE489AC3
:10167000F0EE488A0020414604EB800292ED030A16
:1016800006EB800282ED000A01EB8002401CC0B232
:1016900082ED000A0328EFD32CE700008C00002025
:1016A00000002041BC640020AC38223BB016CE398B
:1016B0003F161B41000020420AD7A33B0000000058
:1016C0009A99193E6F12033ACDCC1C410AD7233C9C
:1016D000C3F51C41014800F0BBBD0000E4740020CC
:1016E000014800F0B5BD000084740020014800F0FE
:1016F000AFBD000044750020014800F0A9BD000006
:101700002474002001681823CAB2103AB2FBF3F225
:10171000054B6FF30901032A9B5CC36500D9091DC2
:1017200081650846704700006492000810B50146C4
:1017300000208B698A6A4FF0C07453B1B3F5005F23
:1017400015D072B1012A0CD0022A0AD0032A09D17D
:1017500004E01AB1012A06D0022A03D1C96AC901DC
:1017600000D5012010BDC96AA142FAD010BD002ADF
:10177000F7D0012AF2D0022AF3D0032AF3D010BD09
:1017800030B50468256825F4802525600468636009
:101790008368402B036803D099600068C26030BD45
:1017A0009A600068C16030BD074808B54068009085
:1017B000014606480269914202D2C168491CC160D3
:1017C0000099016108BD0000001000E0E800002061
:1017D0000A4948680A4AD2ED000A4A68121AF8EE25
:1017E000601A01EE102AB8EE411A60EE211AB4EE2A
:1017F000E11AF1EE10FAF0D370470000001000E09B
:10180000E800002000B50E492DED028B81B049683B
:1018100000910168009A511A00EE101A0949F8EE79
:10182000400A91ED000A0260B8EE400A80EE808A1C
:10183000FFF7BAFF01B0B0EE480ABDEC028B00BD65
:10184000001000E0E800002010B500F043F80C485C
:101850009FED0C1A818890ED000A00EE901AC08866
:10186000B8EE400AF8EE600A00EE810A00EE900A37
:101870009FED051AF8EE600A00EE810A10BD000027
:10188000180100206F12833ABD3786350D490A686A
:1018900042F080720A600C4900224A600B6843F0F3
:1018A00001030B6009494FF47A734843B0FBF3F32B
:1018B0000749C1E90003054BB0FBF3F0C1E902029F
:1018C00070470000FCED00E0001000E040420F0017
:1018D000E80000202DE9F843214840680090FFF718
:1018E00063FF204F0024009EF8684FF0FF3125462B
:1018F000E0FB0165C7E90E65D7F800802346424644
:1019000030462946FFF710FAA0FB083CC7E906015C
:1019100001FB08C100FB0411F61A65EB0105C7E9DC
:10192000086507F130080023C8F80000D7F80490D4
:1019300030464A462946FFF7F7F980B2A8F8040076
:1019400000FB09F0301A65EB0405C7E90A052946D2
:101950000023BA68FFF7E8F9A8F80600BDE8F883A5
:10196000001000E0E80000207047082000F0F6BDFD
:10197000102000F0F3BD10B5202000F0EFFD402056
:1019800000F0ECFDBDE81040802000F0E7BDB6EEB1
:10199000000AD2ED020AF0EE401A92ED031A40EE70
:1019A000E01A90ED002AD2ED012AD0ED013A22EEA4
:1019B000A03A41EE411A21EE822AD2ED001A01EE40
:1019C000813A22EE811A01EEE01A03EE232AD0EDCD
:1019D000020AF0EE001A01EE202A62EE210AC1EDA1
:1019E000000A92ED011AD2ED023A92ED002AD2EDF0
:1019F000030A61EE232A90ED003A90ED014A42EE8F
:101A0000602A62EE832AB0EE403A01EE413A00EEDF
:101A1000E03A63EEA00A42EE010A43EE042A90ED9A
:101A2000021A40EE812A62EEA10AC1ED010A92ED8E
:101A3000011AD2ED032AD2ED020A92ED003A21EE0C
:101A4000222A60EEA22AD0ED003A01EE410A03EE0E
:101A5000202A43EE412A90ED013A00EEE00A22EE00
:101A6000232AD0ED020A02EE832A00EE202A22EE7B
:101A7000210A81ED020A7047704790F82020012A60
:101A800007D0022A05D0416A41F480214162012039
:101A90007047006842690A434261002070470000B5
:101AA00010B590F82020012A07D0022A05D0416AFB
:101AB00041F480214162012010BD3B48D0F8002252
:101AC00042F00102C0F80022D0F8002222F47C5239
:101AD000C0F80022D0F800224B6A42EA0322C0F884
:101AE00000220A7D02F01F0301229A40D0F81C3226
:101AF0009343C0F81C32CB69B3B9D0F80C3293438E
:101B0000C0F80C328C894B6864F31F434C6900EBBE
:101B1000C404C4F840320C890B6864F31F434C6959
:101B200000EBC404C4F84432CB69012B16D1D0F8C1
:101B30000C321343C0F80C320C884B6864F31F431B
:101B40004C6900EBC404C4F840320C89CB6864F3E0
:101B50001F434C6900EBC404C4F844328B69002B6A
:101B6000D0F804320ED01343C0F804320B69002BB6
:101B7000D0F8143208D01343C0F81432096A01298E
:101B800004D008E09343EFE79343F5E7D0F81C1245
:101B90001143C0F81C12D0F8001221F00101C0F866
:101BA0000012002010BD000000640040704730B5F6
:101BB00090F82040012C05D0022C03D0416A41F45A
:101BC00080215DE00468002955D02469A40754D021
:101BD0004FF4D874056804EB01142D5915F0040571
:101BE000956005682D594ED0ED08556005682C5953
:101BF00004F00204D4604FF4DA74056804EB0114B5
:101C00002D5905F00F05156105682D59C5F30725F8
:101C1000956105682C59240C54614FF4DC720468FA
:101C200002EB0112A4581C700468A458240A5C70CA
:101C30000468A458240C9C700468A258120EDA7030
:101C40004FF4DE72046802EB0112A4581C710468A0
:101C5000A458240A5C710468A458240C9C7104687C
:101C6000A258120EDA71006881B1016941F02001B9
:101C70000161002030BDE468A8E7416A41F4001129
:101C80004162012030BD6D0D1560AFE7C16841F0C4
:101C90002001C160EDE72DE9F05F054600680024F2
:101CA0004669D0F804908768D0F80CB0D0F810A03E
:101CB000D0F81880F10748D0F90714D001218160CD
:101CC000B80703D5284600F03CFA0CE0780702D5A7
:101CD0004FF4006407E0380702D54FF4805402E067
:101CE000284600F02DFAF80516D529684FF48070C3
:101CF0008860B80503D5284600F025FA0CE0780581
:101D000002D544F4005407E0380502D544F4804479
:101D100002E0284600F016FAF80316D529684FF4B9
:101D200080308860B80303D5284600F00EFA0CE036
:101D3000780302D544F4004407E0380302D544F4A4
:101D4000803402E0284600F0FFF9300707D55FEA4B
:101D5000CB6004D52968102044F40074C860700773
:101D60004FF0080707D55FEA0B7004D52868C760F5
:101D7000284600F099F9B00706D52868C0688007A2
:101D800002D0284600F092F9700607D55FEACA60D3
:101D900004D52968102044F480640861B00607D592
:101DA0005FEA0A7004D528680761284600F098F9B0
:101DB000F00606D528680069800702D0284600F0A2
:101DC00090F9B00308D55FEAC96005D529681020ED
:101DD0004860284600F086F9F00307D55FEA0970ED
:101DE00004D528684760284600F0B0F9300446D58D
:101DF0005FEA497040D5F00504D55FEAC87001D0AC
:101E000044F00104B00504D55FEA887001D544F0C0
:101E10000204700504D55FEA487001D544F004045B
:101E2000300529D518F0700F26D008F07000402832
:101E300015D006DC102809D020280AD0302816D169
:101E40000AE050280ED0602811D10EE044F00804BA
:101E50000DE044F010040AE044F0200407E044F0F0
:101E6000400404E044F0800401E044F480742868F5
:101E7000816921F070018161296804204860002C8B
:101E800005D0686A204368622846FFF78FFEBDE8E8
:101E9000F09F70B5040003D094F8200010B104E066
:101EA000012070BD204600F081F82068016841F0F3
:101EB0000101016000F05CFC0546052604E000F02D
:101EC00057FC401B0A2811D820684068C007F6D08C
:101ED0002068016821F00201016000F049FC05461C
:101EE0000BE000F045FC401B0A2806D9606A40F46C
:101EF0000030606284F82060D2E720684068800784
:101F0000EFD4207E0128206801683DD021F08001B7
:101F10000160607E01282068016838D021F040010E
:101F20000160A07E01282068016833D021F02001E3
:101F30000160E07E0128206801682ED041F0100188
:101F40000160207F01282068016829D021F0080164
:101F50000160607F01282068016824D021F004011D
:101F60000160D4E902010843D4E904121143084393
:101F70006168491E08432168C86100206062012031
:101F800084F82000002070BD41F08001C0E741F0DE
:101F90004001C5E741F02001CAE721F01001CFE779
:101FA00041F00801D4E741F00401D9E7F0B587B06A
:101FB000044614216846FEF701FF364B3648DFF829
:101FC000D0E01968D4F800C0334A03250226092757
:101FD00010300024491CF44522D11960012907D191
:101FE000016841F000710160006800F00070059028
:101FF000106840F0080010601068CDE9005600F04D
:102000000800CDE9047069462448CDE9024500F096
:10201000B1FA00220521142000F048FC142032E01F
:10202000DFF87CE0F44530D1D0F800C04CF0806C93
:10203000C0F800C0D0F800C001290CF0806CCDF8C9
:1020400014C0196007D1016841F000710160006897
:1020500000F000700590106840F0020010601068F9
:1020600002AB00F0020005906020CDE9000683E895
:10207000B00069460B4800F07DFA0022052140209F
:1020800000F014FC402000F003FC07B0F0BD00009D
:10209000006400405002002030380240000C024032
:1020A0000068004000040240704700001CB5044670
:1020B0006B46084A0021FFF77AFD0748844208D1A1
:1020C000064800990160BDF8041081809DF8061053
:1020D00081711CBD246500204C6A00204202002052
:1020E000704770477047000070B5044690F82000B4
:1020F000012804D0606A40F40020606218E00220E9
:1021000084F820002068016821F00101016000F0DE
:102110002FFB05460EE000BF00F02AFB401B0A28FB
:1021200008D9606A40F400306062052084F820001D
:10213000012070BD20684068C007EDD1606270BDAD
:10214000704770477047704770477047704710B5C9
:10215000040002D0607910B106E0012010BD00201B
:102160002071204600F004F801206071002010BDAD
:1021700008B500680649884208D10648016841F45C
:1021800080510160006800F48050009008BD00009C
:1021900000300240303802402DE9F0410446876D9E
:1021A00000F0E6FA064694F835000025022806D02D
:1021B0008020606584F834500120BDE8F0812068FB
:1021C000016821F0160101602068416921F0800159
:1021D0004161206C08B9A06C20B12068016821F031
:1021E000080101602068016821F0010101600CE034
:1021F00000F0BEFA801B052807D920206065032067
:1022000084F8350084F83450D7E720680068C007A8
:10221000EED194F85C103F208840B860012084F82B
:10222000350084F834500020C7E790F835100229B3
:1022300003D08021416501207047052180F83510C9
:102240000068016821F00101016000207047000072
:102250002DE9F84304464FF00009CDF8009063489B
:102260004FF41651A56D0068B0FBF1F72E6894F895
:102270005C10082000FA01F131420FD021680A6891
:1022800052070BD50A6822F004020A6094F85C1029
:102290008840A860606D40F00100606594F85C10B3
:1022A0004FF0010808FA01F0304208D0216849696E
:1022B000090604D5A860606D40F00200606594F8DE
:1022C0005C1004208840304208D0216809688907E2
:1022D00004D5A860606D40F00400606594F85C105F
:1022E00010208840304218D021680968090714D5A9
:1022F000A86020680168490304D50068000308D578
:10230000A16C07E00168C90503D4016821F0080148
:102310000160216C09B12046884794F85C102020A8
:102320008840304231D021680968C9062DD5A8609F
:1023300094F8350005282068016806D0490347D580
:10234000006800031DD4616C1CE021F016010160DF
:102350002068416921F080014161206C08B9A06CBE
:1023600020B12068016821F00801016094F85C1038
:102370003F208840A86084F8358084F83490216D2F
:102380001FE0E16B09B120468847606D00282BD023
:10239000606DC00714D0052084F8350020680168FE
:1023A00021F0010101600098401C0090B84203D860
:1023B00020680068C007F6D184F8358084F834902E
:1023C000E16C002910D001B02046BDE8F043084779
:1023D0000168C905D5D4016821F01001016084F8B5
:1023E000358084F83490CCE7BDE8F8836C02002097
:1023F0002DE9F041044600F0BBF906465CB102202D
:1024000084F83500002584F834502068016821F0F4
:10241000010101600DE00120BDE8F08100F0A8F9A4
:10242000801B052805D920206065032084F835002D
:10243000F2E720680068C007F0D1226811682048E0
:102440000140D4E901031843D4E903363343184368
:1024500063691843A3691843E3691843236A18435F
:102460000843616A042903D1D4E90B1319430843D3
:10247000106020684069666A20F0070130460E430C
:10248000012704280CD1A06A0643E06A40B1204627
:10249000FFF74CF920B14020606584F83570BAE749
:1024A000206846612046FFF72DF994F85C203F2113
:1024B00091408160656584F835700020ACE70000CC
:1024C0003F8010F02DE9F0410446866D90F834000D
:1024D000002501280DD0012084F8340094F83570CF
:1024E0000020012F07D084F8340002252846BDE8DB
:1024F000F0810220FBE7022784F8357060652046F2
:10250000FFF73EF994F85C103F208840B0602068E7
:10251000016841F016010160206C20B1206801685B
:1025200041F0080101602068016841F0010101608B
:10253000DCE7000070B5044600F01AF90546601C9F
:1025400002D004480078044400F012F9401BA04275
:10255000FAD370BD0000002070470000044910B598
:102560000A68024202D00860FFF7F6FF10BD0000C3
:10257000143C01402DE9F84FDFF8BCA100220125F1
:1025800003264FF00F090AF1040BAAF1040E00BF55
:102590000B6805FA02F42340A34270D10F7907F0CB
:1025A0000307012F01D0022F16D187684FEA420896
:1025B00006FA08FC27EA0C07D1F80CC00CFA08FC54
:1025C0004CEA070CC0F808C04768A7430C79C4F36D
:1025D000001494403C4344600C79E443A4070AD0BF
:1025E000C4684FEA420C06FA0CF7BC438F6807FA3E
:1025F0000CF72743C7600C7904F00304022C12D1B6
:10260000D40800EB840CDCF820405707FF0E09FAD1
:1026100007F824EA0804D1F8108008FA07F848EA15
:102620000408CCF8208004684FEA420C06FA0CF744
:10263000BC430F7907F0030707FA0CF7274307603D
:102640004C6814F4403F70D03C4C276847F48047F6
:102650002760246822F0030704F480440094384C77
:1026600007EB040CDCF8084897074FEA177809FADB
:1026700008F7BC43334FB84202D1002724E054E0AE
:10268000314FB84201D101271EE0304FB84201D18D
:10269000022719E02E4FB84201D1032714E02D4F35
:1026A000B84201D104270FE02B4FB84201D10527D2
:1026B0000AE02A4FB84201D1062705E0284FB84268
:1026C00001D1072700E0082707FA08F72743CCF8CD
:1026D0000878DAF800405746D1F804C09C435FEA16
:1026E000CC2C00D51C433C60DBF800405F46D1F8A1
:1026F00004C09C435FEA8C2C00D51C433C60DEF890
:1027000000407746D1F804C09C435FEA8C3C00D57A
:102710001C433C60084F083F3C68D1F804C09C4310
:102720005FEACC3C00D51C433C60521C102AFFF4ED
:102730002FAFBDE8F88F0000083C0140443802404C
:102740000030014000000240000402400008024046
:10275000000C024000100240001402400018024029
:10276000001C02400AB1816170470904FBE70000C8
:10277000014880687047000000000020024881681E
:102780000278114481607047000000200B4810B5AA
:10279000016841F400710160016841F480610160E9
:1027A000016841F480710160032000F09FF800206F
:1027B00000F006F800F050F8002010BD003C024088
:1027C00030B50546204887B00024016841F001017A
:1027D0000160006806A900F00100009001A800F067
:1027E00031F90498B0B100F04DF9400017494FF0AD
:1027F0008042B0FBF1F11648491E026040F2E73218
:10280000C0E90324C0E90114846100F085FD0400DF
:1028100003D015E000F036F9E8E70D4800F0EAFDD6
:1028200004000DD11C2000F033F8102D07D2002237
:1028300029461C2000F03AF80648056000E0012413
:1028400007B0204630BD00004038024040420F0033
:1028500034720020040000200C4882B0016841F46A
:1028600080410160006800F4804000900748001F2C
:10287000016841F0805101600068002200F0805042
:1028800000900F21901E02B000F010B844380240B2
:10289000002809DB00F01F0201219140400980005F
:1028A00000F1E020C0F8001170470000F0B40E4BBA
:1028B0001B680C46C3F30223C3F10705042D00D99E
:1028C0000425191D072901D2002300E0DB1E012683
:1028D00006FA05F1491E214099409E40761E164099
:1028E0003143F0BC04F0DCBA0CED00E0064900F026
:1028F000070208684FF6FF03184040EA0220034A27
:1029000010430860704700000CED00E00000FA057D
:102910002DE9F0470E46050065D0DFF81481D8F8A0
:102920000000F7B200F00700B04207D288F800704C
:10293000D8F8000000F00700B04254D128683D4CA0
:10294000810712D5400703D5206840F4E05020608D
:102950002878000703D5206840F460402060206894
:10296000A96820F0F000084320602878C0072DD027
:10297000304968680839012812D0022813D003288A
:1029800011D00968890700292DDA216821F0030197
:1029900001432160FFF7ECFE814641F2883A0EE0E8
:1029A00009688903EFE709688901ECE7FFF7E0FEB2
:1029B000A0EB0901514502D90320BDE8F08720684A
:1029C000696800F00C00B0EB810FEFD1D8F800106F
:1029D000404601F00701B14207D90770006800F0D6
:1029E0000700B04201D00120E7E72878400705D56D
:1029F0002068E96820F4E050084320602878000748
:102A000006D52068296920F4604040EAC1002060B2
:102A100000F058F82168084AC1F30311515CC8401E
:102A20000649086006480068FFF7CAFE0020C4E7B0
:102A3000003C0240083802409C9300086C020020D1
:102A4000040000200F2202600C4A136803F0030305
:102A50004360136803F0F0038360136803F4E053EA
:102A6000C36012684FF4E05303EAD20202610448E3
:102A7000006800F007000860704700000838024056
:102A8000003C02400448054900680968044AC1F353
:102A90008221515CC84070476C0200200838024017
:102AA000AC9300080448054900680968044AC1F36A
:102AB0004231515CC84070476C0200200838024027
:102AC000AC930008154810B5006810F00C021448CB
:102AD00013D01449042A0FD0082A0ED10F4C241FFA
:102AE0002268236802F03F025B0207D52068C0F32A
:102AF0008810A0FB010106E0084610BD2168C1F363
:102B00008811A1FB00010023FEF70EF92168C1F333
:102B10000141491C4900B0FBF1F010BD08380240EA
:102B20000024F400001BB7002DE9F84F04006ED01C
:102B30002078DFF84C93C007A9F104054AD009F1C9
:102B400004000168C1F38101012908D00068C0F3C5
:102B5000810002280AD1D9F80000400206D5286871
:102B6000800337D560680028E1D033E06068B0F5B5
:102B7000803F10D0B0F5A02F286810D020F480300E
:102B80002860286820F4802028606068A8B1FFF7DA
:102B9000EFFD06460DE0286840F48030F4E740F48D
:102BA00080202860F7E700BFFFF7E2FD801B642864
:102BB00073D828688003F7D50CE0FFF7D9FD0646E7
:102BC00005E000BFFFF7D4FD801B6428F0D828681B
:102BD0008003F7D42078DFF8AC8280074FF0000A3A
:102BE0003ED5A748001D016811F00C0F08D0006801
:102BF000C0F3810002280BD1D9F80000400207D4AD
:102C00002868800716D5E068012800D112E033E17A
:102C1000E068B8B10120C8F80000FFF7A9FD06463A
:102C200005E000BFFFF7A4FD801B0228C0D828687C
:102C30008007F7D52868216920F0F80040EAC10034
:102C400028600DE0C8F800A0FFF792FD064604E0FA
:102C5000FFF78EFD801B02281FD828688007F7D455
:102C60002078000722D5864F87486169703771B197
:102C700001210160FFF77CFD064604E0FFF778FDC7
:102C8000801B022809D838688007F7D50EE0C0F805
:102C900000A0FFF76DFD064605E082E0FFF768FD46
:102CA000801B02287DD838688007F7D42078400739
:102CB00068D5DFF8CCB100270BF13C0BDBF8000046
:102CC000C0000BD4DBF8001041F08051CBF80010AD
:102CD000DBF80000012700F0805000906B4E306858
:102CE000C00510D4306840F480703060FFF740FDBC
:102CF000009005E0FFF73CFD0099401A022850D8EB
:102D00003068C005F6D55E4EA0686C3601280FD03D
:102D10000528306810D020F001003060306820F0C5
:102D200004003060A068B8B1FFF722FD00900FE00A
:102D3000306840F00100F4E740F004003060F7E74D
:102D4000FFF716FD0099411A41F28830814266D89A
:102D500030688007F4D50EE0FFF70AFD009007E029
:102D6000FFF706FD0099411A41F28830814256D89A
:102D700030688007F4D42FB1DBF8001021F08051C7
:102D8000CBF80010A069C8B33D49091D0968C1F31B
:102D9000810102294AD00228504607D0C8F86000B5
:102DA00000E03CE0FFF7E4FC04463BE04746C8F89F
:102DB0006000FFF7DDFC064605E000BFFFF7D8FC2A
:102DC000801B02282BD828688001F7D4D4E907019A
:102DD0000843A16A2E4A490802EB0141626A41EAAE
:102DE0008211084394F82C1040EA0161C9F80010E0
:102DF00001203866FFF7BCFC044606E03EE000BF59
:102E0000FFF7B6FC001B022809D828688001F7D517
:102E100034E000BFFFF7ACFC001B022802D90320FE
:102E2000BDE8F88F28688001F4D427E00128F7D0A6
:102E3000D9F80000E26900F4800191421CD1226AB5
:102E400000F03F01914217D147F6C071626A01401C
:102E5000B1EB821F10D1A26A4FF0FF3300F4403172
:102E600003EB5202B1EB024F06D194F82C1000F0A4
:102E70007060B0EB016F01D00120D1E70020CFE7F7
:102E80000438024000004742800E47420070004074
:102E90000000FFFF70B5040009D0606A002540B152
:102EA00025616561A56294F8510040B10CE00120F4
:102EB00070BD6068B0F5827FF4D0E561F2E784F818
:102EC0005050204600F044F8022084F85100206859
:102ED000016821F040010160A088218900F482701E
:102EE00001F404410843A18901F400610843217CF5
:102EF00001F002010843217D01F001010843218B0B
:102F000001F400710843217F01F03801084394F86F
:102F1000201001F080010843218D01F40051084385
:102F200021680860A069042101EA104094F8241087
:102F300001F010010843216848602068C16921F44C
:102F40000061C1616565012084F85100002070BDF9
:102F50002DE9F04387B0064614216846FDF72EFFA1
:102F600034493068884261D133480025016841F412
:102F700080510160006800F4805005902E4814389C
:102F8000016841F002010160016801F00201059150
:102F9000016841F0010101600068022400F00100B5
:102FA0000590182001274FF003084FF005098DE820
:102FB000910369462148FFF7DDFA80208DE89103EF
:102FC00069461F48FFF7D6FA1F4C1E484FF0C067EE
:102FD0002060C4E901754FF48068C4E90358656155
:102FE0007812A561C4E9075020466562FFF700FA30
:102FF00008B1FEF741FDF464A663134C1148603438
:103000001830E4E802074020A4E82101C00244F897
:103010001459A561C4E907500B4865626030FFF799
:10302000E7F908B1FEF728FDB464A66307B0BDE870
:10303000F0830000003001404438024000040240A8
:103040000000024040640240747100202DE9F84FF6
:10305000044690F8500000270A9E1D4692468B4673
:103060004FF0010901280ED0012084F85000FFF72D
:103070007FFB804694F85100616801280CD0B1F5BF
:10308000827F07D102E00220BDE8F88FA16809B96C
:10309000042801D00227C2E0BBF1000F27D0BAF10B
:1030A000000F24D01DB394F85100042802D005204D
:1030B00084F8510000206065C4F838A0E587A58732
:1030C000C4F830B0E586A586206460642068016895
:1030D000490603D4016841F040010160E068B0F5A1
:1030E000006F606805D0E8B3012D46D07FE001276E
:1030F00095E008B1012D39D1206B21680088C860A6
:10310000206B801C2063E08E401EE0862EE020684D
:10311000816889070FD5E18E69B1B9F1010F0AD134
:10312000216B0988C160206B801C2063E08E401EEB
:10313000E0864FF0000920688168C9070CD0E18F54
:1031400051B1C068A16B0880A06B801CA063E08FA8
:10315000401EE0874FF00109FFF70AFBA0EB0800D3
:10316000B04200E009E001D3701C50D1E08E00288D
:10317000CDD1E08F0028CAD13FE0206B21680078D4
:103180000873206B401C2063E08E401EE0862EE01A
:103190002068816889070FD5E18E69B1B9F1010F07
:1031A0000AD1216B09780173206B401C2063E08EEB
:1031B000401EE0864FF0000920688168C9070CD0E6
:1031C000E18F51B1C068A16B0870A06B401CA06377
:1031D000E08F401EE0874FF00109FFF7C9FAA0EB2E
:1031E0000800B04202D3701C01D010E07EB1E08E26
:1031F0000028CDD1E08F0028CAD142463146204672
:1032000003F088F928B101272020606507E0032733
:1032100005E0A06818B92068C168806800900120A6
:1032200084F85100002084F8500038462CE770479D
:10323000704710B590F83C20012A22D0012280F876
:103240003C20CA688C6822F4407222434C6822F405
:10325000806222430C6822F4006222430C6922F44B
:10326000805222434C6922F400522243C969002350
:1032700022F480420A4301684A6480F83C3000200E
:1032800010BD022010BD000070B590F83C20012A4E
:1032900032D0012480F83C40022280F83D200368AF
:1032A0005A689D6822F070060A6832435A60134BD0
:1032B00002689A4214D0B2F1804F11D0104B9A425A
:1032C0000ED0104B9A420BD00F4B9A4208D00F4BA6
:1032D0009A4205D00E4B9A4202D00E4B9A4204D12C
:1032E000496825F080031943916080F83D40002132
:1032F00080F83C10084670BD022070BD00000140FF
:103300000004004000080040000C004000040140A0
:10331000004001400018004010B5040003D094F8AC
:103320003D0010B107E0012010BD002084F83C00F2
:10333000204600F01FF8022084F83D00211D20687F
:1033400003F0F6F9012084F8460084F83E0084F882
:103350003F0084F8400084F8410084F8420084F87B
:10336000430084F8440084F8450084F83D000020C0
:1033700010BD000008B51B4A01681B4891420ED1E0
:10338000016841F0080101600068002200F00800B7
:10339000009005213220FFF789FA32201EE0134AFF
:1033A00091420AD11048001D016841F400310160CA
:1033B000006800F40030009008BD0D4A9142FBD136
:1033C000016841F4807101600068002200F480709F
:1033D000009005212D20FFF769FA2D20BDE8084057
:1033E000FFF756BA000C004040380240004401404C
:1033F0000020004090F83D10012901D001207047C5
:10340000022180F83D100168CA6842F00102CA60DA
:1034100000681149884214D0B0F1804F11D00F4993
:1034200088420ED00E4988420BD00E49884208D0FF
:103430000D49884205D00D49884202D00C49884286
:1034400004D1816801F00701062903D0016841F029
:1034500001010160002070470000014000040040AD
:1034600000080040000C0040000401400040014002
:103470000018004070B5044690F83C000025012873
:1034800017D0012684F83C60022084F83D002068B3
:10349000826822F0770222F47F4282600868502816
:1034A00038D00DDC20284FD005DC90B3102811D186
:1034B0004AE0022070BD302846D040280AD13BE0C7
:1034C00060282FD070280DD0B0F5805F03D0B0F504
:1034D000005F12D0012584F83D60002084F83C0094
:1034E000284670BDCB68D1E90121206803F091F92D
:1034F0002068816841F0770109E0CB68D1E90121BA
:10350000206803F086F92068816841F48041816079
:10351000E1E719E0CA684968206803F064FA5021BD
:10352000206806E0CA684968206803F06DFA6021E7
:10353000206803F078F9CEE7CA684968206803F08C
:1035400052FA40212068F4E7226801461046F0E76D
:10355000704770B50446006801694FF00005C94323
:10356000890715D4C168C943890711D4E91E0161CF
:1035700001202077206880698007204602D0FFF76D
:10358000E7FF04E000F0DAF8204600F07FF9257745
:1035900020680169C943490717D4C168C94349076D
:1035A00013D46FF004010161022020772068806944
:1035B00010F4407F204602D0FFF7CAFF04E000F07D
:1035C000BDF8204600F062F9257720680169C943FB
:1035D000090716D4C168C943090712D46FF008015E
:1035E0000161042020772068C0698007204602D04E
:1035F000FFF7AEFF04E000F0A1F8204600F046F926
:10360000257720680169C943C90617D4C168C94331
:10361000C90613D46FF010010161082020772068DB
:10362000C06910F4407F204602D0FFF791FF04E00C
:1036300000F084F8204600F029F925772068016918
:10364000C943C90708D1C168C943C90704D1891E44
:103650000161204600F080F920680169C94309062C
:1036600009D4C168C943090605D46FF0800101611E
:103670002046FFF7DCFD20680169C943490609D4EB
:10368000C168C943490605D46FF040010161204675
:1036900000F069F920680169C94389060BD4C16843
:1036A000C943890607D46FF0200101612046BDE8B7
:1036B0007040FFF7BDBD70BD30B587B00446142122
:1036C0006846FDF77BFB2468174D0022174802214E
:1036D0000123AC4210D1046844F010040460006877
:1036E00000F0100005904FF428508DE8070069465F
:1036F0000F48CDE9032312E00E4A944211D102682B
:1037000042F020020260006800F020000590402096
:103710008DE80B000320CDE9031069460648FEF74B
:1037200029FF07B030BD00000000014030380240E2
:10373000001002400044014000140240704770B580
:10374000044690F83C0000260D4601280FD00120C9
:1037500084F83C006AB1042A1DD0082A2FD00C2A14
:103760003FD00126002084F83C00304670BD022086
:1037700070BD206803F060F82068816941F008019D
:1037800081612068816921F004018161206881697B
:103790002A69114311E0206803F07EF820688169EE
:1037A00041F4006181612068816921F48061816157
:1037B000206881692A6941EA02218161D2E7206893
:1037C00003F0A0F82068C16941F00801C1612068D8
:1037D000C16921F00401C1612068C1692A691143EE
:1037E00011E0206803F0C2F82068C16941F400616B
:1037F000C1612068C16921F48061C1612068C1692B
:103800002A6941EA0221C161ACE710B5040003D086
:1038100094F83D0010B107E0012010BD002084F8AD
:103820003C00204600F01EF8022084F83D00211DD7
:10383000206802F07DFF012084F8460084F83E00F5
:1038400084F83F0084F8400084F8410084F8420086
:1038500084F8430084F8440084F8450084F83D006F
:10386000002010BD08B500680649884208D1064806
:10387000016841F001010160006800F00100009062
:1038800008BD0000000001404438024070470000BD
:1038900010B50446022249B104290ED0082913D0DC
:1038A00094F84100012816D0012010BD94F83E0084
:1038B0000128F9D184F83E200FE094F83F00012858
:1038C000F2D184F83F2008E094F840000128EBD1C1
:1038D00084F8402001E084F841200122206802F0B1
:1038E0008BFF16492068164A884201D0904203D1C6
:1038F000436C43F4004343642068884213D0B0F122
:10390000804F10D00F4988420DD00F4988420AD00D
:103910000E49884207D0904205D00D49884202D016
:103920000C49884204D1816801F00701062903D0BF
:10393000016841F001010160002010BD000001405C
:10394000000401400004004000080040000C00405A
:1039500000400140001800400068B0F1804F01D1E4
:10396000FEF70CBF70477047704710B504460068FB
:10397000406994F83D10C0F3C010212911D180B1E5
:103980002068143050E8001F21F0800140E8001248
:10399000002AF5D1606B08B1FEF7FEFB204603F06C
:1039A0000DF92068406994F83E10C0F38010222978
:1039B00011D180B12068143050E8001F21F040017F
:1039C00040E80012002AF5D1A06B08B1FEF7E4FB35
:1039D000204603F0CCF8002010BD7047F8B5016810
:1039E00004460868CA684B6910F00F0F4FF00005D5
:1039F00059D003F0010602F49077374365D0C10730
:103A000005D0D10503D5216C41F0010121644107A6
:103A100005D5D90703D0216C41F00201216481074B
:103A200005D5D90703D0216C41F0040121640107B9
:103A300007D502F02001314303D0216C41F0080189
:103A40002164216C00293AD0800604D5900602D565
:103A5000204603F0C1F820684069216CC0F3801053
:103A6000090700D460B3204603F081F8206840695C
:103A7000400621D52068143050E8001F21F0400195
:103A800040E80012002AF5D1A06BA8B16C4901658D
:103A9000A06BFEF7CAFB002811D0A06B016D01B02E
:103AA000BDE8F040084783060FD593060DD52046A4
:103AB000BDE8F84003F090B82046FFF78EFFF8BD50
:103AC0002046FFF78AFF2564F8BD266B2023012ED0
:103AD00079D1C60677D5D60675D5086848680090AE
:103AE0004869400640D5A16B086840680004000C96
:103AF000EAD0A28D8242E7D9E085C869B0F5807F1F
:103B00002DD020680C3050E8001F21F4807140E86F
:103B10000012002AF5D12068143050E8001F21F06F
:103B2000010140E80012002AF5D12068143050E865
:103B3000001F21F0400140E80012002AF5D184F86E
:103B40003E30256320680C3050E8001F21F0100142
:103B500040E80012002AF5D1A06BFEF71DFBA08DF6
:103B6000E18D401A81B229E0A08DE18D401A81B229
:103B7000E08D0028A8D00029A6D020680C3050E89D
:103B8000002F22F4907240E80026002EF5D1206824
:103B9000143050E8002F22F0010240E80026002EE9
:103BA000F5D184F83E30256320680C3050E8002FB2
:103BB00022F0100240E80023002BF5D12046FFF749
:103BC000D3FEF8BDFFE705062BD5150629D594F8D9
:103BD0003D002128F5D1A068B0F5805F01D12069B2
:103BE000B0B1206A411C2162216800784860E08CF5
:103BF000401E0004000CE084E3D12068C16821F07D
:103C00008001C1602068C16841F04001C160D8E70F
:103C1000206A0088C0F308004860206A801C206287
:103C2000E5E74006CDD55006CBD5CA68204622F040
:103C30004002CA6084F83D3000F074F9C1E700002A
:103C40002D6A000870B5040004D094F83D000025EA
:103C500010B106E0012070BD84F83C50204600F011
:103C600023F8242084F83D002068C16821F4005125
:103C7000C160204603F010F82068016921F49041EA
:103C800001612068416921F02A0141612068C16811
:103C900041F40051C1602564202084F83D0084F87F
:103CA0003E00002070BD00002DE9F04786B00446BC
:103CB00014216846FDF782F86348624B2268624926
:103CC00014380226032700254FF0400A4FF480697C
:103CD0009A4260D10A6842F010020A60096801F055
:103CE00010010591016841F002010160016801F0D5
:103CF00002010591016841F001010160006802AA1A
:103D000000F0010005908020CDE900064FF0070883
:103D100082E8A00169464D48FEF72CFC3002CDE94F
:103D2000000602AA694682E8A0014948FEF722FC83
:103D3000494E48484FF00068C6E903597561B561BE
:103D4000F5613562756286E801054F463046FEF73B
:103D50004FFB08B1FDF790FE6663B4633E4E3D48ED
:103D6000603630383060C6E90185C6E903577561B1
:103D7000B561F561356230467562FEF739FB08B111
:103D8000FDF77AFEA663002205212520B463FEF725
:103D90008DFD252051E0314B9A4250D10A6842F006
:103DA00020020A60096801F020010591016841F0D4
:103DB000400101600068029500F0400005904FF45A
:103DC0008440CDE900060820CDE903706946244807
:103DD000FEF7D0FB204E1F48C036903830604FF0C1
:103DE0002068C6E90185C6E903597561B561F561C9
:103DF00035624F4630467562FEF7FAFA08B1FDF7B4
:103E00003BFEA663B463174E1248C6E903577561BB
:103E1000B561F56135621838756286E8010530468E
:103E2000FEF7E6FA08B1FDF727FE666300220521DA
:103E30004720B463FEF73AFD4720FEF729FD06B0A0
:103E4000BDE8F08700100140443802400004024001
:103E500000000240B86402402474002000140140B5
:103E6000001802404475002090F83E30202B0ED1FF
:103E700059B152B190F83C30012B08D0012380F8A1
:103E80003C300023036302F08DBF01207047022005
:103E9000704770477047000070B5044690F83D00C9
:103EA000202836D191B38AB394F83C00012830D051
:103EB000012084F83C002162A284E284002525646C
:103EC000212084F83D00636B1348D863636B13486B
:103ED0001864636B1248D864606B134605652668E6
:103EE000606B321DFEF7EEFA21686FF0400008604B
:103EF00084F83C502068143050E8001F41F08001E5
:103F000040E80012002AF5D1002070BDFFE7012033
:103F1000FBE70220F9E70000236B0008656B00084F
:103F20003D6A00087047704770B5044600203C4D5C
:103F30002074A27B288861684243D4F8F400FCF71F
:103F400024FFA17B288841436068FCF737FFA07BF2
:103F500010FB00F128884143D4F81801FCF72EFF2C
:103F6000207BA17B10FB01F128884143D4F80C0190
:103F7000FCF724FF00202BE0D4F8F41001EB8002C2
:103F800092ED000AB5EEC00AF1EE10FA1ED0227CC6
:103F900001EB820181ED000A227C616A8854A169EB
:103FA000227B01EB8001237C91ED000A6169095CB1
:103FB00012FB03116FF0030202EB8101D4F80C2114
:103FC000114481ED000A217C491C2174401CC0B2BF
:103FD000A17B8142D0D8002010E0636AE2691B5CBB
:103FE00002EB830292ED000A10FB0101D4F81821C4
:103FF000401C02EB8101C0B281ED000A217C8142AC
:10400000EBD8C8B224F8780F14F86C0C60802081CB
:104010006181218361832084618424F8301C70BD18
:104020004A020020FEE70000F0B58D4C0F462DED52
:10403000068B054687B01646D0ED040A94ED050AB6
:10404000884830EEC00AB0EEC00A10EE101A814265
:1040500019DC95ED050A94ED061A30EE410AB0EE32
:10406000C00A10EE101A81420DDC95ED060A94ED9F
:10407000071A30EE410AB0EEC00A10EE101A814263
:1040800001DC2878F0B39FED789A80EE890AFCF77E
:10409000F9F8F0EE400AF0EE609AD5ED050A80EEF0
:1040A000890AFCF7EFF8D5ED060AF0EE401A80EE2B
:1040B000890AB0EE61AAFCF7E5F8D5ED040AF0EE46
:1040C00040AA80EE890AFCF719F9F0EE400AB0EE3A
:1040D000608AD5ED050A80EE890AFCF70FF9D5ED67
:1040E000060AF0EE408A80EE890AFCF707F929EE0D
:1040F000AA2A68EE280AB0EE401AB0EE420A00EE94
:10410000810A00E02BE084ED080A2AEE080A6AEE34
:10411000880A002084ED090A29EE810A00EEE80AE7
:1041200084ED0A0A29EEA80A20EE010A0AEEC80A5E
:1041300084ED0B0A29EE8A0A84ED0C0A28EE410A66
:1041400002EE680A84ED0D0A2AEE410A84ED0E0A99
:104150002AEE2A0AC4ED0F8A84ED100A2870002086
:104160004FEA0D0107EB800292ED000A05EB800299
:10417000D2ED010A01EB8002401C20EE200AC0B201
:10418000032882ED000AEDD39DED000AD4ED085A14
:104190009DED011A94ED094A20EE252ADDED020A73
:1041A000D4ED0A1A002004EE012A03A901EEA02A88
:1041B00087ED002A94ED0B3AD4ED0C2A94ED0D2AEC
:1041C00060EE033A42EE813A42EE203AC7ED013A00
:1041D000D4ED0E3AD4ED0F4A94ED105A20EE230A96
:1041E00004EE810A05EE200A87ED020A06EB800242
:1041F00092ED000A01EB8002401CC0B282ED000A81
:104200000328F3D39DED031ADDED040A9DED050AA5
:1042100061EE255A44EE205A41EE805A61EE031AAF
:1042200021EE231A42EEA01A04EEA01AC6ED005A9F
:1042300042EE001A05EE001AC6ED011A86ED021ACA
:1042400095ED040A84ED050A95ED050A84ED060A4C
:1042500095ED060A84ED070A07B0BDEC068BF0BDAC
:10426000280100206F12833AE12E654210B5044602
:104270002DED048BD0F8EC00D0ED009A90ED019A72
:10428000D0ED028A29EEA90A90ED038A09EE090A07
:1042900008EEA80A08EE080A03F010FB5FF0000021
:1042A000D4F8EC1001EB8001401CD1ED000AC0B243
:1042B000042860EE800AC1ED000AF1D33E48D4F82C
:1042C000001190ED6F0A60EE090AB6EE000A60EE8A
:1042D000800AC1ED040AD0ED6F0AD4F8001160EE37
:1042E000A80A60EE800AC1ED050AD0ED6F0AD4F885
:1042F000001120EEA91AFEEE000A21EE201A81ED2F
:104300000A1A90ED6F1AD4F8001121EE081A21EE66
:10431000001A81ED0B1A90ED6F1AD4F8001121EEFE
:10432000081A21EE201A81ED101A90ED6F1AD4F8B8
:10433000001121EE291A21EE201A81ED111A90EDBB
:104340006F1AD4F8001121EE281A21EE000A81ED2F
:10435000160A90ED6F0AD4F8001120EE090A20EE3B
:10436000200A81ED170AD4F8F810D0ED740A91ED07
:104370001C0A80EE201A81ED1C1AD4F8F810D0ED3A
:10438000740A0E4891ED230A80EE201A9FED0C0A64
:1043900081ED231AD4F8F8100A6F824201DD81ED15
:1043A0001C0AD4F8F810D1F88C20824201DD81ED8E
:1043B000230ABDEC048B10BD8866002000401C461B
:1043C00000401C4670B52C4C01252DED028B04F5E8
:1043D000D8702570B7EE008A80EC030A00209FEDAC
:1043E000270A84ED730A84F83801C4E95000C4E94F
:1043F000520011EE900AB0F17E5F01DDF0EE481A36
:10440000C4ED741A84ED642A032300220621201DC2
:1044100000F00EFE1A4B01221146A3F10800FCF732
:104420003BF854F8EC0F9FED170A902280ED008ABC
:1044300054F86409184980ED010A606E80ED020AA3
:10444000606E80ED030A1048A0641048E0641048D4
:1044500020651048606504F85A5C04F8595CE06F08
:10446000FCF793FC606F9022BDEC028B0B49BDE81A
:104470007040FCF78ABC00008866002077CC2B32A5
:104480005068002000000000A14400086D420008B0
:10449000D5440008AD4900089C920008B0010020F6
:1044A00010B50446902254F8F81F0848FCF76DFC3C
:1044B00048220748616AFCF768FC054861694822A0
:1044C000BDE810404830FCF760BC0000B00100209F
:1044D0006868002070B50446B0EE000A54F8EC0F8E
:1044E0002B4DD0ED000A60EE800AC5ED090AD0ED33
:1044F000010A60EE800AC5ED0A0AD0ED020A60EEFC
:10450000800AC5ED0B0AD0ED030A20EE800A85ED86
:104510000C0A14F8DE0C14F8E01C10FB01F11D4825
:1045200000884143206AFCF749FCD5ED0B1A206A4C
:10453000B1EE612A80ED002A206AD5ED0C0AC0EDAB
:10454000010A95ED090A206AB1EE401A80ED021ABF
:10455000206A95ED0A1A80ED031A206A80ED061A8A
:10456000206A80ED070A206AC0ED080A206AC0EDC3
:10457000091A206A80ED0C0A206AB1EE410A80ED2A
:104580000D0A206A80ED0E2A206AC0ED0F0A70BD68
:104590006C0100204A02002070B5F74C2DED088B0D
:1045A000B0EE438AF0EE629AB0EE42AAF0EE61AA53
:1045B0002078B0EE419AB0EE60BAF0EE40BADFED8E
:1045C000EF8A58B9B0EE682AF7EE001A9FEDEC1AA0
:1045D000DFEDEC0AB2EE040AFFF7F4FE84ED6F8A19
:1045E00094ED580AE84D90227BEEC00AE749C4EDED
:1045F0005B0A94ED590A3BEE401A84ED5C1A94ED87
:104600005A0A79EE401AB6EE000A60EE800AC4ED4E
:104610005D1A60EE880AC5ED000A61EE000A21EE1F
:10462000800A60EE880A20EE080AC5ED010A85EDD1
:10463000020AD4F8040104F58274FCF7A6FB95ED98
:10464000000A2068B1EE402A80ED012A95ED011A9A
:104650002068F1EE412AC0ED022AD5ED021A206849
:10466000F1EE610AC0ED030A206880ED060A2068B9
:10467000C0ED081A2068C0ED092A206880ED0C1AE8
:104680002068C0ED0D0A206880ED0F0A2068C0ED9B
:10469000121A206880ED131A54F8440B80ED142A86
:1046A00074E85201084305D1C4ED5EAA84ED5FAA07
:1046B000C4ED609A94ED5E0AD4ED640A94ED6F1A2D
:1046C00020EE202A31EE200AC2EE001A21EE2A2A1C
:1046D000C2EE002A31EEA22A84ED5E2AD4ED5F1AE2
:1046E00061EEA02AC2EE801A61EE0A2A21EE291A92
:1046F00082EE803A71EE831AC4ED5F1AD4ED602A1F
:1047000062EEA02AC2EE800AC1EE002A22EE020A60
:1047100001EEA10A70EEA20AC4ED600A00EEA00A42
:1047200003F0CCF885ED030A5FF0000004EB800194
:10473000D1ED5E0AA16801EB800160EE800A401CA9
:10474000C0B2C1ED000A0328F0D394ED5B0AD4EDAA
:104750005C0A20EE000A00EEA00AD4ED5D0A00EE2D
:10476000A00A03F0ABF8B7EE008A8949C8EE000A48
:10477000C4ED650A95ED031A10EE900A88EE010A61
:10478000884284ED660A0BDA10EE100A81498842ED
:1047900006DD10EE100A8049884201DA012000E0AF
:1047A000002084F8390194ED6C0AD4ED6F0AD4F836
:1047B000180120EE200A80ED000A94ED6C0AD4ED79
:1047C0006F0AD4F8180120EE200A80ED070A94ED54
:1047D0006C0AD4ED6F0AD4F8180120EE200A80ED9F
:1047E0000E0A94ED6C0AD4ED6F0AD4F8180120EE8D
:1047F000200A80ED150A94ED6D0AD4ED6F0AD4F805
:10480000180120EE200A80ED1C0A94ED6D0AD4ED0B
:104810006F0AD4F8180120EE200A80ED230AD4F89C
:104820001C0194ED6E0A80ED000AD4F81C0194ED91
:104830006E0A80ED040AD4F81C0194ED6E0A80ED36
:10484000080A201D00F0DEFE606890ED001A84ED7D
:10485000541A90ED010A61EE012A84ED550AD0ED5B
:10486000021AC4ED561A90ED032A40EE002A84ED98
:10487000572AD0ED040A21EE021AC4ED580AD0EDF1
:10488000050AC4ED590A00EE211AC4ED5A8AF0EE69
:10489000008AF0EE480A52EEA80A21EE280A02F039
:1048A00031FC9FED3E9AF0EE480A20EE090A84EDB5
:1048B0006A0A94ED541A94ED570A61EE011A40EE1B
:1048C000001A51EEA80AD4ED551A21EE211AD4EDA2
:1048D000561A01EE801A21EE280A02F013FC20EE8F
:1048E000090A84ED690A94ED550AD4ED570A94ED4E
:1048F000561A20EE200AD4ED540A00EEC10AF8EE52
:10490000000A20EE200A02F067FB20EE090A244983
:1049100084ED680A94ED6A0AD4ED760A70EE600AB6
:1049200010EE900A884203DDB4F8D401401E07E07F
:1049300010EE900A1B49884204D9B4F8D401401CF7
:10494000A4F8D401B4F9D401DFED171A00EE900AEF
:10495000B8EEE01AF0EE400A41EE210AC4ED6B0A0F
:1049600084ED760AF4E95201401C41F10001C4E9EA
:104970000001BDEC088B70BD8866002000000000BF
:104980008096184B6F12833A6C0100209C920008AD
:104990009A99993ECDCC1441CDCC2441E12E65426B
:1049A00000003443000034C30000B4432DE9F84F45
:1049B00000F180010446783005460091FCF72AF9A1
:1049C00084F8C800B4F87800A4F8A800B4F85A0035
:1049D000A4F8AA0004F1A80204F1580191468B46FC
:1049E0002846FBF7F5FF84F8C800B4F8A800A4F83F
:1049F000B000B4F88200A4F8B20004F1B00290460E
:104A000048460099FBF7E4FF84F8C800B4F890002A
:104A1000A4F8A000B4F89200A4F8A20004F1A00247
:104A2000154604F190014046FBF7B2FC84F8C8003B
:104A300041462846B034FBF733FD2076E16BBF4892
:104A40000126D1ED001AB0EE002AC0ED0D1AD1ED0D
:104A5000010A0027C0ED0E0A91ED020AB84D80ED63
:104A60000F0A91ED031A80ED101A60EE812A34F8D6
:104A7000380C2081668141EEC02AE06F62EE822A06
:104A8000C0ED002A61EEA02A61EEA11AE06F40EEAF
:104A9000012A40EEE01A22EE822A40EE401A80ED12
:104AA000012AE06FB4F1B00441EE011AC0ED021A20
:104AB000D4F82C0100EB870090ED000AB0EEC00A9C
:104AC00002F0FEF905EB87007F1CFFB280ED610A62
:104AD000032FEDD3B4F84800A4F8C00004F1C002DD
:104AE00004F1B801A4F8C26017468A4604F14800F0
:104AF000FCF70CF884F8C800B4F8C000A4F8A800CB
:104B000024F8AA6F4A4639464046FBF761FFA07772
:104B1000E681E08A208251463846FCF77BF8A07790
:104B2000884A49465046FBF753FFA07795ED730A34
:104B3000B6EE001AD5ED720A20EE011AAA3CF4EE88
:104B4000C10AF1EE10FA01D285F83861F4EEC00A1C
:104B50000020F1EE10FA35DD95F8381189B395F89B
:104B6000391139B1D5E95021521C41F10001C5E993
:104B7000502102E00021C5E95011D5E950234FF042
:104B8000320C0021BCEB0202994102D285F83801B7
:104B900036E06D4D14F80C2F28884243D4E93701D4
:104BA0007434FCF7F2F814F8740C10FB00F2288847
:104BB0004243D4E91E01FCF7E8F804F8546CBDE860
:104BC000F88FFFE79FED611A20EE011AF4EEC10A9B
:104BD000F1EE10FA0DDD95F8381151B170EE600A62
:104BE0009FED5B1A20EE010A80EE801A85ED671AB0
:104BF00003E0B7EE000A85ED670A0021C5E9501110
:104C000084F82C00B4F85800A4F8A800B4F8820086
:104C1000A4F8AA004A4658466C340099FBF7D8FE1F
:104C200004F85C0FA4F13002934641464846C83C64
:104C3000FBF7CEFE84F8C80000200DE0D4F81C116C
:104C4000D5ED670A01EB8001401C91ED000AC0B26E
:104C500020EE200A81ED000AB4F89810B4F89A20EA
:104C600051438142EADC04209FED3A0A002105EB22
:104C7000800C00EB400300BF9CED5D1AD4F81C21B2
:104C800003EB0108C1EE000A02EB8802491C92ED19
:104C9000001AC9B2032960EE810AC2ED000AEBD303
:104CA000401CC0B20628E1D334F8980F5246208445
:104CB000668439465846FBF78BFE84F8300095F839
:104CC0003801983C50B39FED240ADFED240A0420FC
:104CD000D4F8BC1095ED6F1A01EB800121EE001A9B
:104CE000D1ED001AF4EEC11AF1EE10FA01DD81EDFA
:104CF000001AD4F8BC1095ED6F1A01EB800121EE7B
:104D0000201AD1ED001AF4EEC11AF1EE10FA01D218
:104D100081ED001A401CC0B20628D9D3D4F8BC00DB
:104D20009FED0F0A04F1300280ED030A514604F1B1
:104D30003800FBF72DFB84F8C80040E76C01002029
:104D400088660020486800204A020020CDCCCC3D77
:104D50006666663FDA0FC93F0AD7233C0AD723BCF1
:104D600000000000114810B590ED070A1048D0ED82
:104D7000030A104801F070F90E4890ED0D0A02F098
:104D80008BFD00EE100A9FED0C1ADFED0C0AB8EE59
:104D9000C00A02F071FDBCEEC00ABDE8104010EE82
:104DA000100A002182B2064801F008BEC864002043
:104DB00028010020406500200000804F0000000016
:104DC0000C73002010B52348B7EE000A2DED028BBE
:104DD000012180ED010A80ED020A9FED1F8A80ED1E
:104DE000030A80ED048A80ED058A80ED068A017051
:104DF000B0EE482AF7EE001A9FED181ADFED180AF8
:104E0000B2EE040AFFF7DEFA00221146F0EE484A3D
:104E1000B0EE484AF0EE483AB0EE483AF0EE482A92
:104E2000B3EE042ADFED0F1AB0EE481ADFED0E0ADA
:104E30009FED0E0A0E4801F035FB00210D48FEF7EC
:104E400027FD04489FED0C0A803880ED100ABDEC68
:104E5000028B10BD6C660020000000008096184B8D
:104E60006F12833A00007A44000096430000FA442F
:104E7000406500200C73002096430B3C70B56349DD
:104E80002DED028B88B007C904AB83E807006048AA
:104E9000FCF7B8FC5E4D5F4885ED010AD5ED020ACE
:104EA00030EE800A85ED020AFCF710F859485A4C9A
:104EB00090ED000A04F11C0284ED070A90ED010A4E
:104EC000A2F10C0184ED080A90ED020A84ED090AB2
:104ED00090ED030A84ED040A90ED040A84ED050ABE
:104EE00090ED050A01F1700084ED060AFFF79CF8C9
:104EF000D4ED090A94ED070A02F004F99FED478A00
:104F000020EE080ADFED460A80EE201A84ED1A1A18
:104F1000D4ED090A94ED080A02F0F4F820EE080A2C
:104F2000DFED400A04F1100080EE201A84ED1B1A18
:104F300095ED013A90EC060AFFF72EFB3A4E20461B
:104F40004ECE80E84E00024600F144012F4824383E
:104F5000FCF70BF92D48224602F150011838FCF7F6
:104F600004F92A48224602F15C010C38FCF7FDF8EE
:104F70002246694604A8FCF70AFD95ED010A0020C7
:104F80004FEA0D0204EB800102EB8003D1ED070A2A
:104F900093ED001A401CC0B270EEC10A032820EE47
:104FA000802AD4ED100A30EE801AC2EE011A91ED7B
:104FB0000A2A62EE200A80EE812A71EE820AC1ED91
:104FC0000A0ADFD3144A02F13401A1F10C00FCF704
:104FD000CCF8164890ED6A0A84ED1E0A90ED690A35
:104FE00084ED1D0A90ED680A84ED1C0A90ED6B0AB1
:104FF00084ED1F0A287CC00701D1FFF7B3FE2869A2
:10500000401C286108B0BDEC028B70BD9092000876
:1050100028010020C8640020EC6500200000344313
:10502000DB0F49C0DB0F4940D867002088660020AD
:105030002DE9F047DFF8DC830D460421A8F80010C5
:105040000821A8F802100573427383734FF000091A
:105050001E46044680F810901746304602F090FC39
:1050600031466061FBF7AAFEB8F80000704302F019
:1050700087FCA061B8F800107143FBF79FFEB8F8F9
:105080000000704302F07CFCE061B8F8001071434E
:10509000FBF794FEB8F80000684302F071FC206250
:1050A000B8F800106943FBF789FE304602F068FC4F
:1050B00031466062FBF782FEB8F80000684302F0F8
:1050C0005FFC2060B8F800106943FBF777FEB8F882
:1050D0000000704302F054FC6060B8F800107143A7
:1050E000FBF76CFEB8F80000784302F049FCA060C2
:1050F000B8F800107943FBF761FEB8F80000684388
:1051000002F03EFCC4F8E800B8F800106943FBF771
:1051100055FE217B012204F13000D4F8E830FBF782
:10512000BBF9B8F80000684302F02AFCC4F8EC00B0
:10513000B8F800106943FBF741FE217B012204F11E
:105140003800D4F8EC30FBF7A7F99FB1B8F80000AD
:10515000784302F015FCC4F8F000B8F80010794369
:10516000FBF72CFE617B012204F14000D4F8F03003
:10517000FBF792F9B8F80000704302F001FCC4F8A4
:10518000F400B8F800107143FBF718FEA17B012270
:1051900004F14800D4F8F430FBF77EF9B8F80000C9
:1051A0006843684302F0ECFBC4F8F800B8F800105C
:1051B00069436943FBF702FE217B04F150000A4674
:1051C000D4F8F830FBF768F9B8F800006843684392
:1051D00002F0D6FBC4F8FC00B8F80010694369433C
:1051E000FBF7ECFD217B04F158000A46D4F8FC30B3
:1051F000FBF752F9B8F800006843684302F0C0FBBF
:10520000C4F80001B8F8000088346843684302F02D
:10521000B7FBE067B8F80010A06F69436943FBF77C
:10522000CDFDB8F80010E06F69436943FBF7C6FD98
:1052300054F8783FA4F1A00014F8F41CA4F580748D
:105240000A46FBF729F9217B04F168000A46D4F8E5
:105250000431FBF721F9AFB1B8F800006843784397
:1052600002F08EFBC4F80801B8F8001069437943D6
:10527000FBF7A4FD627B217B04F17000D4F80831B8
:10528000FBF70AF9B8F8000047467043684302F09C
:1052900077FBC4F80C01388894346843704302F0FB
:1052A0006FFBE0673988A06F71436943FBF786FDA8
:1052B0003988E06F69437143FBF780FD14F8882C4F
:1052C00014F8861CA4F11C00A36F943CFBF7E4F8CF
:1052D000A27B217B04F18000D4F81031FBF7DCF8CD
:1052E00038886843684302F04BFBC4F814013988DE
:1052F00069436943FBF762FD217B04F188000A469C
:10530000D4F81431FBF7C8F838887043704302F0C2
:1053100037FBC4F81801398871437143FBF74EFD20
:10532000A17B04F190000A46D4F81831FBF7B4F8D9
:1053300038886843704302F023FBC4F81C013988A5
:1053400069437143FBF73AFDA27B217B04F198008E
:10535000D4F81C31FBF7A0F8207B10FB00F0398853
:10536000484302F00DFBC4F82001207B10FB00F045
:105370003988484302F004FBC4F82401207B10FB69
:1053800000F03988484302F0FBFAC4F82801207B7A
:105390003988484302F0F4FAC4F82C01207B39889C
:1053A000484302F0EDFAC4F83001217B04F1A0007B
:1053B0000A46D4F82031FBF76FF8217B04F1A800EE
:1053C0000A46D4F82431FBF767F8217B04F1B000DA
:1053D0000A46D4F82831FBF75FF8217B012204F15B
:1053E000B800D4F82C31FBF757F8217B012204F1E7
:1053F000C000D4F83031FBF74FF804F8289F84F848
:10540000019084F8029084F8039084F80490BDE839
:10541000F08700004A02002070B50446C07B0F4DA3
:1054200018B12046FEF780FD0DE0A27B2888616858
:105430004243D4F8F400FBF7A8FCA17B2888414341
:105440006068FBF7BBFC627B2888A1684243D4F804
:10545000F000BDE87040FBF798BC00004A02002055
:105460002DE9F041044690F82C0000282BD1B4F827
:105470009800A4F8A800B4F87A10A4F8AA10A4F828
:10548000B000B4F85A00A4F8B20004F1A80217461C
:1054900004F1780104F19800FBF79AFA84F8C80047
:1054A00004F1B00204F1580116460D463846FBF7E8
:1054B0008FFA84F8C80004F1500231462846FBF701
:1054C00025FB84F8C800BDE8F0812DE9F0410446D1
:1054D00090F8290000282CD104F1680104F1600043
:1054E0000F460546FBF796FB84F8C80004F1580206
:1054F000164604F150012846FBF76AFA84F8C80002
:10550000B4F85800A4F8A800B4F86A00A4F8AA00F7
:1055100004F1A802154639463046FBF759FA84F8DB
:10552000C800324604F188012846FAF731FF84F8B2
:10553000C800BDE8F0812DE9F047044690F82A0044
:1055400000285CD104F1800104F178008946054609
:10555000FBF760FB84F8C800B4F87800A4F8A80052
:10556000B4F85A00A4F8AA0004F1A80204F1580102
:1055700090460F462846FBF72BFA84F8C800B4F88B
:10558000A800A4F8B000B4F88200A4F8B20004F1B6
:10559000B002154649464046FBF71AFA84F8C8009F
:1055A000B4F89000A4F8A000B4F89200A4F8A20007
:1055B00004F1A002164604F190012846FAF7E8FE2D
:1055C00084F8C80029463046AA34FAF769FFA07764
:1055D00034F8520C24F8020C34F8280C208042468F
:1055E00049463846FBF7F4F904F81E0FA4F13002DF
:1055F00029464046C83CFBF7EBF984F8C800BDE8F3
:10560000F087000070B50446FFF706FFD4F8CC1011
:1056100009B120468847204600F068F8D4F8D01039
:1056200009B1204688472046FFF74FFFD4F8D41031
:1056300009B120468847207C2B4DC0B9E07BB0B132
:10564000227B28884243D4E93A01FBF79EFB207B6A
:1056500010FB00F228884243D4E93E01FBF795FB9A
:10566000D4F8E01009B12046884700202AE02046FF
:10567000FFF761FFD4F8D81009B1204688472046CB
:1056800000F06EF8D4F8DC1009B1204688472046B7
:10569000FFF7E6FEE4E700BF10FB0101D4F8F820B5
:1056A00002EB8101226AD1ED000A02EB800292ED49
:1056B000000AF4EEC00AF1EE10FA01D281ED000A00
:1056C000401CC0B2217B8142E6D8CAB22888D4F8F7
:1056D000E81042432068FBF758FBD4F8E41009B106
:1056E00020468847206870BD4A0200202DE9F0411D
:1056F000044690F8280000282AD1627B04F130018A
:1057000004F1600004F1380522B3227BA4F8B8202C
:10571000012604F1B802A4F8BA601746FBF758F95D
:1057200084F8C800207BA4F8C000A4F8C26004F18B
:10573000C002164604F1400104F17000FBF748F97D
:1057400004F8C80F2A4631463846FAF721FE207081
:10575000BDE8F0812A46FBF73BF984F8C800F7E77B
:105760002DE9F041044690F82B00002838D1B4F818
:105770007800A4F8B800012504F1B80204F138015A
:10578000A4F8BA5090460F4604F17800FBF720F9D0
:1057900084F8C800B4F84800A4F8C00004F1C002BE
:1057A000A4F8C2501646414604F14800FBF7AEF992
:1057B00084F8C800B4F89800A4F8B800A4F8BA5067
:1057C0004246314604F19800FBF702F984F8C8001C
:1057D00004F1300241463846FAF7DAFD84F8C80091
:1057E000BDE8F0810F4810B50D490160032141600B
:1057F00000214FF410228160C0E903124FF400121F
:105800004261017641768176C17601774177FCF776
:1058100040FB002803D0BDE81040FCF72DB910BDB7
:1058200000640040246A00200F4810B50D49016053
:105830000321416000214FF410228160C0E903126E
:105840004FF400124261017641768176C17601778C
:105850004177FCF71EFB002803D0BDE81040FCF7A1
:105860000BB910BD006800404C6A0020074910B514
:10587000054808600846FCF76AFC002803D0BDE82C
:105880001040FCF7F9B810BD00300240540200206F
:105890001D4808B5016841F48001016000680022DC
:1058A00000F48000009005213920FCF7FFFF39202B
:1058B000FCF7EEFF002205213A20FCF7F7FF3A2023
:1058C000FCF7E6FF002205213B20FCF7EFFF3B2021
:1058D000FCF7DEFF002205214420FCF7E7FF44200F
:1058E000FCF7D6FF002205214520FCF7DFFF45200D
:1058F000FCF7CEFF002205214620FCF7D7FFBDE8CC
:1059000008404620FCF7C4BF3038024010B59CB0B8
:105910001C2216496846FBF738FA0021684602F057
:1059200071F8134C11491C2220601C3107A8FBF7A9
:105930002CFA002107A802F065F80C4960601C22CF
:1059400038310EA8FBF721FA00210EA802F05AF810
:105950000649A0601C22543115A8FBF716FA002155
:1059600015A802F04FF8E0601CB010BD2C930008A1
:105970005C0200202DE9F04F87B014216846FBF748
:105980001DFA78480025016841F0020101600168B4
:1059900001F002010591016841F0400101600168D8
:1059A00001F040010591016841F0010101600168C9
:1059B00001F001010591016841F0080101600168F1
:1059C00001F008010591016841F0040101600168DE
:1059D00001F004010591016841F4807101600168E2
:1059E00001F480710591016841F080010160016856
:1059F00001F080010591016841F02001016001681A
:105A000001F020010591016841F01001016000687A
:105A1000DFF854B100F010004FF4807405900022BC
:105A200021465846FCF79EFEDFF8409101224021B6
:105A30004846FCF797FEDFF838814FF4E057002224
:105A400039464046FCF78EFEDFF828A101221021DE
:105A50005046FCF787FE012241F201014648FCF75F
:105A600081FE4FF440600226CDE900060320CDE917
:105A700002500720049069465846FCF77BFDC02081
:105A800000904FF48810CDE9010569463B48FCF7CA
:105A900071FD00940124CDE90145694658460395FE
:105AA000FCF768FD4020CDE90004029469464846B1
:105AB0000394FCF75FFD0097CDE901456946404638
:105AC0000395FCF757FD08204FF40417CDE90007B4
:105AD000694602944846FCF74DFDCDE9004569460C
:105AE00050460294FCF746FD1020CDE90004CDE9B4
:105AF000024669465046FCF73DFD3020CDE90007DF
:105B0000694602945846FCF735FD2003CDE90004B0
:105B10000294694618480394FCF72CFDCDE902462F
:105B20000094694614480194FCF724FD00220521E5
:105B30000920FCF7BBFE0920FCF7AAFE0022052184
:105B40000A20FCF7B3FE0A20FCF7A2FE0022052182
:105B50001720FCF7ABFE1720FCF79AFE07B0BDE854
:105B6000F08F000030380240000802400018024068
:105B7000001C0240000002400004024000200240DD
:105B8000104810B50E4901604FF482714160002148
:105B900002228160C0E90312012242615202826145
:105BA0001022C0E90721416281620A21C162FDF72A
:105BB00071F9002803D0BDE81040FBF75DBF10BDB0
:105BC000003001401C71002010B588B01C216846CF
:105BD000FBF7F4F815481449002401605321C0E98B
:105BE000011440F2CF71C0E903148461FDF794FB06
:105BF00008B1FBF741FF0D48FDF707FE08B1FBF7C1
:105C00003BFF6020CDE9000402940022694607486A
:105C10000494FDF794FD08B1FBF72EFF0348FDF750
:105C20004BFD08B010BD0000004401400C73002083
:105C30000B4810B50949016053214160002140F231
:105C4000CF72C0E9021201618161FDF765FB002896
:105C500003D0BDE81040FBF70FBF10BD002000408F
:105C60005473002010B592B000240F941C21684694
:105C70001094FBF7A3F8202107A8FBF79FF828480A
:105C800026490160A721C0E9011440F2CF71C0E9A3
:105C9000031444618461FDF7B8FD08B1FBF7ECFE25
:105CA0000F940FA91E481094FDF7EEFA08B1FBF708
:105CB000E3FE6020CDE9000402940394049405946B
:105CC0000022694616480694FDF739FD08B1FBF736
:105CD000D3FE042269461248FDF731FD08B1FBF7F7
:105CE000CBFE082269460E48FDF729FD08B1FBF7F7
:105CF000C3FE0794089409944FF400500A94CDE928
:105D00000B4007A906480E94FDF793FA08B1FBF77C
:105D1000B3FE0348FDF7D0FC12B010BD00000140F7
:105D20007C72002010B586B00024174800940194BE
:105D300002940394049413490594016040F2E731FE
:105D4000C0E9011440F27751C0E903148461FDF702
:105D5000E3FA08B1FBF790FE4FF4805000906946DB
:105D60000948FDF787FB08B1FBF786FE049404A9F8
:105D700005480594FDF788FA002801D0FBF77CFE62
:105D800006B010BD000C0040C472002010B5114CCC
:105D90000F480C2120604FF4E13060600020A060CB
:105DA000E060C4E90401A061E0612046FDF74AFF1C
:105DB00008B1FBF761FE2068C16841F01001C160C5
:105DC000BDE810400F2204490248FEF74DB800001C
:105DD000001001409C7300204202002010B50E4CC0
:105DE0000C480C2120604FF4E13060600020A0607E
:105DF000E060C4E90401A061E0612046FDF722FFF4
:105E000008B1FBF739FE2068C16841F01001C1609C
:105E100010BD000000140140E0730020FEE7704751
:105E200070B50446D0F8060090ED011A784880ED70
:105E3000031A0020042217E0D4F8061002EB8003B6
:105E4000CD1801EB8001D5ED001A71EEC11AC1ED3C
:105E5000001AD4F80A100B4401EB8001D3ED001AAC
:105E6000401CC1ED001A80B22188491E8142E3DC4A
:105E70002188D4F806006FF0070202EB8102024489
:105E800092ED001A6FF0030202EB810131EE000A7D
:105E9000084480ED000A2188D4F80A0002EB810151
:105EA0000844C0ED000AD4F802002188884202D2DA
:105EB000401CC4F80200102104F11A00FAF77EFF1A
:105EC0002088D4F80210431A99B23BE0D4F8062097
:105ED000D4F81A5002EB810200EE905A92ED000ABB
:105EE00040EE000A10EE905AC4F81A50D4F81E5032
:105EF000D2ED000A00EE105A30EE800A10EE105A71
:105F0000C4F81E50D2ED000AD4F80A20D4F822506A
:105F100002EB810200EE105A92ED001A491C89B280
:105F200000EE810A10EE105AC4F82250D2ED000A99
:105F3000D4F8262000EE102A30EE800A10EE102A47
:105F4000C4F826208842C1D800EE100AD4F82210E6
:105F5000D4F82620B8EE400A00EE901AD4F81E10AD
:105F600001EE102A60EE800A00EE101AD4F81A2012
:105F700040EE410A00EE100A01EE102AB8EE400A87
:105F800021EE001A00EE101A002100EE401A80EEF9
:105F9000810A10EE102AC4F80E20C4F8161099B227
:105FA00024E000BFD4F8063000EE902A03EB810312
:105FB00093ED001AD4F8123000EE103AD4F80A30FB
:105FC00000EE810A03EB8103491CD3ED000AD4F8EB
:105FD000163089B230EE600AF0EEC00A00EE103AD8
:105FE00030EE800A10EE103AC4F816308842D9D844
:105FF00000EE100A54F8161FB8EE401A00EE901A80
:1060000080EE810A10EE100A00EE102A206070BDAA
:10601000D400002070B50446002524F8021B8E0031
:106020002560304602F0ECF86060304602F0E8F897
:10603000A060E560256160683146FAF7BFFEA068A0
:106040003146A41EFAF7BAFE04F11A00BDE870400A
:106050001021FAF7B3BE000070B504462DED028B97
:10606000B0EE608A90F89800F0EE408A000649D5BC
:10607000606B00EE100A206C00EE900A9FEDFE1A95
:1060800060EE810AB4EEE00AF1EE10FA3AD320682D
:10609000FA4A00EE100AB0EEC00A10EE101A914251
:1060A00030DB216900EE100A00EE901AF44930EE60
:1060B000600AF0EEC00A00EE100AB0EEC01A80EEE0
:1060C000810A10EE100A88420ADD54F8990F6168BF
:1060D000401C44F8040B41F1000144F89D1904E010
:1060E0000021C4F89910C4F89D10D4F89920D4F870
:1060F0009D104FF4FA7300209A1A884102D20120B1
:1061000084F8A10004F18C00FBF77CFB10EE100A70
:1061100018EE101AC4F8900018EE900A08EE101A43
:10612000206108EE900A216038EE680A10EE100A2D
:10613000A061D4F8A21009B120468847A06900EEFA
:10614000100AB5EEC00AF1EE10FA00EE100A01DCFA
:10615000B1EE400AA16C00EE901AB4EEE00AF1EE46
:1061600010FA78DDD4F89420616804F16203E2B398
:1061700000EE101A116800EE901A70EE200A00EE80
:10618000100A20EE800A10EE101A6162A16800EE7B
:10619000101A516800EE901AD4F8901070EE200A90
:1061A00000EE100A60EE800A00EE101A20EE800A5F
:1061B00010EE105A2563B4F86050022D4CD900EE51
:1061C000900A00EE101A1846FFF72AFEE06800EE6B
:1061D000900AD4F89400806801EE100A70EE810AEB
:1061E00020EE200A10EE100A4DE0FFE700EE901AB4
:1061F00000EE100A20EE800A10EE101A00EE100ACF
:106200006162A16800EE901AD4F8901060EE800AE6
:1062100000EE101A20EE800A10EE102A2263B4F865
:106220006020022A0AD900EE900A00EE101A1846E1
:10623000FFF7F6FDE06800EE900AD1E700EE100AE5
:10624000E06900EE900AE06870EE600A00EE100A65
:1062500020EE801A11E016E1E368926800EE103A31
:1062600000EE902A30EE201A00EE100AE06900EEEF
:10627000900A30EE600A21EE001A00EE101AC1EE0C
:10628000000A10EE900AE062D4F8A61009B1204688
:10629000884794F89810480721D5D4F89400B6EEB2
:1062A000000AE8B3A268406800EE902A01EE100AE6
:1062B000A06970EE811A00EE900AE06901EE100A02
:1062C00070EE810A20EE800A61EE800AD4F8900018
:1062D00000EE100A20EE800A10EE100A20638806F5
:1062E00002D5204601F0C5F994F89800800702D540
:1062F000204601F017FA94F89820500627D5E06A56
:10630000E16D00EE900AD4F8900000EE100A60EE05
:10631000801A00EE901A00EE100A30EE800A00E0BB
:106320003AE081EE801AE36B00EE101A00EE903A2C
:1063300060EE801A00EE101A00EE900A30EE200A8D
:10634000C1EE800A31EE200A10EE100AE062D0079A
:1063500002D0204601F043FAA06A00EE100A206B3A
:1063600000EE900A30EE200A10EE100AA062626A77
:1063700000EE100A00EE902AE06A70EE800A00EE4D
:10638000100A30EE800A10EE100A606394F898103C
:10639000C90611D4606B34E0A06900EE900AE06990
:1063A00001EE100AA06870EE810A60EE800A00EE2D
:1063B000100A60EE800A89E700EE100AD4F8900017
:1063C000A16D00EE900AA36B60EE201A00EE901A09
:1063D00000EE100A30EE800A00EE903A81EE801A4C
:1063E00000EE101A60EE801A00EE101A00EE900A0D
:1063F00030EE200AC1EE800A31EE200A10EE100ABB
:10640000606300EE900A206C00EE100AF4EEC00A01
:10641000F1EE10FA00DD6063616B00EE100A00EE31
:10642000901AB1EE400AF4EEC00AF1EE10FA06D26C
:1064300000EE100AB1EE400A10EE101A616300EE91
:10644000102A00EE900AB4EEE00AF1EE10FA00DD38
:106450006062616A00EE100A00EE901AB1EE400A26
:10646000F4EEC00AF1EE10FA0DD200EE100AB1EE11
:10647000400A10EE100A05E06F12833A17B7D138C0
:106480003333733F606220696061606BA063E16ACF
:10649000E163A169E161216B216200EE100ABDECAC
:1064A000028B70BD70B5044611EE100A0025A06481
:1064B00010EE900A1646606410EE100A206411EE89
:1064C000900A2560606012EE100AA06012EE900A39
:1064D000E06013EE100A2563206513EE900A6065F4
:1064E00014EE100AA06514EE900AE065A4F860109E
:1064F00004F16200FFF78EFDC4F88C5084F89860B8
:106500000021C4F89910C4F89D1084F8A150656367
:1065100070BD000038B504461248134B0068B0FB4C
:10652000F3F04FF47A73584300906068B0F5827FBF
:106530000DD10B46009200228021204600F016F873
:1065400070B1606D40F020006065032038BD009898
:1065500030B1401E009020688068C0430006F6D528
:10656000002038BD6C02002000366E012DE9F84392
:106570001E46914688460446089DFCF7F9F8401BE4
:10658000351AFCF7F5F8074625480068C0F3CB300C
:10659000684338E0701C37D0FCF7EAF8C01BA8420B
:1065A00003D215B1009860B32CE02068416821F057
:1065B000E00141606068B0F5827F0BD1A068B0F562
:1065C000004F02D0B0F5806F04D12068016821F03F
:1065D00040010160A06AB0F5005F09D12068016840
:1065E00021F4005101602068016841F4005101600C
:1065F000012084F85100002084F850000320BDE8F9
:10660000F8830025401E00902068816838EA010068
:1066100004D000214945BDD10020F0E70121F9E770
:106620006C020020FEF7CEFBFEF728FC012001F0F3
:10663000DDF9F9E710B5502080F31188BFF34F8FD3
:10664000BFF36F8F02F05CFC18B104494FF080502B
:106650000860002080F3118810BD000004ED00E008
:1066600030B593B030216846FAF7A8FB14210CA886
:10667000FAF7A4FB19480025016841F08051016038
:10668000006800F0805011901548016841F4804185
:1066900001600068022400F4804011900120009005
:1066A000000401908001CDE9064006200890A82052
:1066B000CDE9090407200B906846FCF735FA0CA9D0
:1066C0000F2081E831004FF4A0500F90E0021090AD
:1066D00005210CA8FCF71CF913B030BD403802406E
:1066E000007000400548016841F4700101600349F1
:1066F0004FF00060803908607047000088ED00E0CE
:106700000148FCF726BF00003472002010B501F0EC
:10671000FBFD01F015FEBDE810400148FCF719BF74
:10672000C47200200148FCF714BF0000547300201D
:10673000F0B50268254C264D264E274F274B4FF0CB
:10674000804CA04209D0604507D0A84205D0B04295
:1067500003D0B84201D0984204D122F0700E4A68AA
:1067600042EA0E02A0421BD0604519D0A84217D0C1
:10677000B04215D0B84213D0984211D0184DA8425B
:106780000ED0184DA8420BD0174DA84208D0174D77
:10679000A84205D0164DA84202D0164DA84203D1FA
:1067A00022F44075CA682A434D6922F080022A43C8
:1067B00002608A68C2620A688262A04201D098427E
:1067C00001D10969016301214161F0BD000001406F
:1067D0000004004000080040000C0040000401409C
:1067E00000400140004401400048014000180040C2
:1067F000001C00400020004010B501F01F030121E3
:10680000046A99408C430462016A9A401143016210
:1068100010BD10B5846842EA032224F47F440A4381
:106820002243826010BD826822F070020A4342F067
:106830000701816070470000F0B5026A22F0010292
:106840000262036A42688469124E24F073050C6880
:106850002C4323F002058B682B430D4DA84201D039
:10686000B04205D123F00807CB683B4323F0040373
:10687000A84201D0B04205D14D6922F440721543BF
:106880008A692A4342608461496841630362F0BDBA
:106890000000014000040140F0B5026A22F010023D
:1068A0000262026A436884690D6824F4E64444EA9B
:1068B00005248D6822F0200242EA05120F4D104E89
:1068C000A84201D0B04206D1CF6822F0800242EA4D
:1068D000071222F04002A84201D0B04207D14D6910
:1068E00023F4406343EA85038D6943EA85034360EB
:1068F0008461496881630262F0BD000000000140CC
:1069000000040140F0B5026A22F480720262026A59
:106910004368C46922F4007224F073050C68124EB7
:106920002C438D6842EA05220E4DA84201D0B042A8
:1069300006D1CF6822F4006242EA072222F4806284
:10694000A84201D0B04207D14D6923F4405343EA35
:1069500005138D6943EA05134360C4614968C16347
:106960000262F0BD000001400004014030B5026A3F
:1069700022F480520262046A4268C3690D6823F4FB
:10698000E64343EA05238D6824F4005444EA0534C1
:10699000084DA84202D0084DA84204D14D6922F406
:1069A000804242EA85124260C36149680164046220
:1069B00030BD000000000140000401400068C36ACF
:1069C000934201D2C26A92B239B1042907D0082990
:1069D00007D00C2900D1026470474263704782637C
:1069E0007047C263704710B5036A046A24F001045B
:1069F0000462846924F0F00444EA021423F00A02D9
:106A00000A438461026210BD10B5036A23F01003CB
:106A100003628369046A23F4704343EA023224F078
:106A2000A00343EA01118261016210BD10B5806BC1
:106A30000021C185C184FCF7D0FF10BD70B5846B07
:106A40002068406994F83D10C0F3C010002521294A
:106A500004D118B1E584204600F0B0F82068406900
:106A600094F83E10C0F38010222904D118B1E585B6
:106A7000204600F07CF8206C40F010002064204696
:106A8000FCF7ABFF70BD10B50146806B0968096863
:106A9000C9052FD40021C18501680C3151E8002FB0
:106AA00022F4807241E80023002BF5D101681431F3
:106AB00051E8002F22F0010241E80023002BF5D11C
:106AC0000168143151E8002F22F0400241E8002310
:106AD000002BF5D1202180F83E10016B012909D14E
:106AE00001680C3151E8002F22F0100241E8002328
:106AF000002BF5D1016B012902D0FDF7CAF910BDB9
:106B0000818DFCF731FF10BD10B5806B016B012941
:106B100002D0FDF7BFF910BD818D4908FCF724FFB5
:106B200010BD10B50146806B09680968C90516D407
:106B30000021C1840168143151E8002F22F0800245
:106B400041E80023002BF5D101680C3151E8002FFA
:106B500042F0400241E80023002BF5D110BDFDF7C3
:106B6000E1F910BD10B5806BFDF7DDF910BD0168CE
:106B70000C3151E8002F22F4907241E80023002BE1
:106B8000F5D10168143151E8002F22F0010241E8EB
:106B90000023002BF5D1016B012909D101680C31CB
:106BA00051E8002F22F0100241E80023002BF5D11C
:106BB000202180F83E1000210163704701680C31EC
:106BC00051E8002F22F0C00241E80023002BF5D14C
:106BD000202180F83D10704708B590F83E1022291A
:106BE00001D0022008BD82684FF480539A4201D13F
:106BF000016921B1816A9A421BD04AB10AE0026858
:106C0000816A5268C2F308020A80816A891C08E01E
:106C1000026972B10268526802F07F020A70816AEA
:106C2000491C8162C18D491E0904090CC18503D02C
:106C300019E002685268F1E70168CA6822F0200290
:106C4000CA600168CA6822F48072CA6001684A6931
:106C500022F001024A61202180F83E10016B0129D7
:106C600003D0FDF716F9002008BD0021016301687B
:106C70000C3151E8002F22F0100241E80023002BD4
:106C8000F5D101680A68D20602D50A684968009100
:106C9000818DFCF769FEE6E770B50446006801697E
:106CA000E26821F44051114301612169A068E26961
:106CB00008436169114308432168CA6849F20C63BB
:106CC0009A430243CA6020684169A26921F4407175
:106CD0001143416131492068884202D030498842DD
:106CE00002D1FBF7DFFE01E0FBF7CCFEE2690023F7
:106CF000192164253226B2F5004F626828D0A0FB26
:106D00000101930F9200FAF70FF80146B0FBF5F07E
:106D10006FF01802504301EB800006EB0010B0FB4F
:106D2000F5F000F0F002B1FBF5F002EB0012B1FB60
:106D3000F5F06FF01803584301EB800006EB0010EC
:106D4000B0FBF5F000F00F0021681044886070BDC2
:106D5000A0FB010192185B41F9F7E6FF0146B0FB89
:106D6000F5F00201B1FBF5F06FF01803584301EBA9
:106D7000800006EBC000B0FBF5F000F0F80002EB7D
:106D80004002B1FBF5F0584301EB800006EBC00078
:106D9000B0FBF5F000F00700D6E70000001001405E
:106DA0000014014038B581628285002513460446EF
:106DB0000564222084F83E00A26B1C48D063A26BBD
:106DC0001B481064A26B1B48D064A06B0A46056583
:106DD0002168A06B091DFBF775FB206801684068FE
:106DE000009084F83C50206948B120680C3050E88D
:106DF000001F41F4807140E80012002AF5D120689C
:106E0000143050E8001F41F0010140E80012002A50
:106E1000F5D12068143050E8001F41F0400140E8EF
:106E20000012002AF5D1002038BD0000876A000852
:106E3000096B00083D6A00080A4810B50068006840
:106E4000C043C00609D40748FCF78FFD0722064956
:106E50000448FDF709F801F057FABDE81040014871
:106E6000FCF7BCBD9C730020420200200148FCF7E7
:106E7000B5BD0000E0730020FEE74100080218BF26
:106E800004200A0E18BF40F001004FF07F4232EAA2
:106E9000010108BF40F00200012808BF052070472B
:106EA0000907090E002804DB00F1E02080F8001437
:106EB000704700F00F0000F1E02080F8141D7047CB
:106EC00010B510EE104A4FF01A402DED028B00EB7A
:106ED0004400B0F1C85F4AD84FF0FC40B0EB440F1B
:106EE00022D2B0EEC00AF7EE000A30EEC00AF6EE8B
:106EF000000A20EE208A18EE100A01F079FA00EE5E
:106F0000100A14F0004F1DBF9FED281ADFED280A6C
:106F1000B1EE400A9FED271A08BFF0EE410AF8EEE5
:106F2000001A20EE210A05E020EE008A9FED221AC9
:106F3000DFED220ADFED221A9FED222A70EEC00A51
:106F400020EE080A08EE212ADFED1F1A48EE021A89
:106F50009FED1E2A08EE212ADFED1D1A48EE021AC7
:106F6000BDEC028B40EE610A30EE810A10BD4FF09D
:106F7000CC40B0EB440F82BF9FED160ABDEC028BF4
:106F800010BD4FF07F40B0EB440F05D2BDEC028B3B
:106F9000BDE8104000F029BA012000F04DFABDEC28
:106FA000028BBDE8104000F027BA00000000494005
:106FB00022AA7D3A000000000000C93F22AAFD3944
:106FC00024FE1C3DC78AD83C1E67383D1B93993D63
:106FD000AFAA2A3EDB0FC93F10B54FF00E402DED92
:106FE000028BB0EE408A18EE104A00EB4400B0F17C
:106FF000506F4AD84FF0FC40B0EB440F22D2B0EEB5
:10700000C80AF7EE000A30EEC00AF6EE000A60EE9B
:10701000208A18EE900A01F0EBF901EE100A14F044
:10702000004F1DBFDFED2D0A9FED2D0AB1EE411A75
:10703000DFED2C0A08BF9FED2C0AF8EE001A21EEB6
:10704000218A05E0DFED290A68EE088AB0EE600AC1
:107050009FED271ADFED271A30EE080A48EE811A55
:107060009FED251A08EEA11ADFED241A48EE811AC9
:107070009FED231A08EEA11A68EE281ABDEC028BC8
:1070800001EE810A30EE200A10BD4FF0E440B0EB73
:10709000440F0CD918EE100AFFF7EFFE042808BFC2
:1070A00000F0B2F9B0EE480ABDEC028B10BD4FF013
:1070B0007F40B0EB440F07D2B0EE480ABDEC028B24
:1070C000BDE8104000F091B9012000F0B5F9BDEC29
:1070D000028BBDE8104000F08FB900000000C9BF6E
:1070E00022AAFDB90000C93F22AAFD390000000014
:1070F00024FE1C3DC78AD83C1E67383D1B93993D32
:10710000AFAA2A3E70B54FF068422DED048BF0EE29
:10711000408A18EE900AB0EE608A18EE101A02EB60
:107120004003B3F1654F3CBF02EB4102B2F1654F42
:107130007DD200BFC0F3C753C1F3C7529A1A1B2AAE
:1071400009DD10F0004F14BF9FED830A9FED830A05
:10715000BDEC048B70BD12F11A0F36DA11F0004F3E
:1071600009D010F0004F0CBF9FED7D0A9FED7D0A06
:10717000BDEC048B70BD88EE889A19EE100AFFF7FB
:107180007CFE042808BF00F03FF918EE900AFFF7D4
:1071900074FE054618EE100AFFF76FFE044619EE5E
:1071A000100AFFF76AFE042D18BF052D08D1042C24
:1071B00018BF052C04D1002804BF022000F03CF9C0
:1071C000B0EE490ABDEC048B70BD4200B2EB410F3A
:1071D0003AD910F0004F19BFDFED630A9FED630A43
:1071E000DFED630A9FED630AB0EE481A0A46B1EE7E
:1071F000688A80F00041F0EE418A10460A1A520077
:10720000B2F1807F34D2484010F0004FDFED5A1ABF
:107210009FED5A2A1DBFBEEE001A70EEE10A30EE55
:10722000420AB6EE001A08BF70EEA10A00E040E084
:1072300008BF30EE020AB0EE682A01EE482A08EED6
:10724000818AC2EE081A15E011F0004F04BF9FEDCD
:107250004C0AF0EE400AD1D010F0004F19BFDFED1C
:10726000490A9FED490ADFED490A9FED490AC5E742
:10727000C8EE881A21EEA11A9FED462ADFED462AB4
:1072800041EE022A9FED452A01EE222ADFED442A33
:1072900041EE022A9FED432ABDEC048B01EE222A27
:1072A00021EE811A01EE020A30EE210A30EE200AA8
:1072B00070BD4FF07F42B2EB400F28BFB2EB410FE1
:1072C00009D2F0EE480AB0EE680ABDEC048BBDE8C6
:1072D000704000F08DB840EA01035B0008BF41F048
:1072E000FF410BD0B2EB400F08BFB2EB410F08D10A
:1072F00020F0804008EE900A21F0804108EE101A3C
:1073000018E7B2EB400F12BF5FEA410340F0FF40C5
:1073100001F000413FF40EAFB2EB410F12BF5FEA44
:10732000400200F0004041F0FF413FF403AF4A004B
:1073300092EA40033FF5FEAE002AACBF9FED1A0A69
:107340009FED1A0A68EE808A28EE008A18EE900AED
:1073500018EE101AEEE60000DB0FC9BFDB0FC93FC5
:10736000DB0F4940DB0F49C00000C9BF22AAFDB9AD
:107370000000C93F22AAFD390060ED3EC30ACE37A6
:1073800000000000000049C022AA7DBA0000494068
:1073900022AA7D3A2DAD65BD8FB8D53D0FB511BE82
:1073A00061C84C3EA8AAAABE0000804F0000802FF2
:1073B00010B52DED028BB1EEC08A18EE100A20F048
:1073C0000040C0F1FF40C00F0AD010EE100A20F0BC
:1073D0000040C0F1FF40C00F04BF012000F02CF8B6
:1073E000B0EE480ABDEC028B10BD30EE000A7047CB
:1073F00030EE200A70470000DFED020A80EEA00A9E
:1074000070470000000000009FED020A20EE000A15
:10741000704700000000001002E008C8121F08C1F9
:10742000002AFAD170477047002001E001C1121F05
:10743000002AFBD170470000014908607047000036
:107440007802002070B5F9F729FD8020F9F772FE67
:107450005520F9F76FFE5520F9F76CFE424C20706D
:10746000F9F714FD0120FBF765F8F9F717FD802007
:10747000F9F760FE5520F9F75DFE5520F9F75AFE41
:107480002070F9F703FD0120FBF754F8F9F706FD2A
:10749000B6217E20F9F760FEF9F7F8FC5020FBF7E3
:1074A00049F8F9F7FBFC8020F9F744FE5520F9F77D
:1074B00041FE5520F9F73EFE2070F9F7E7FC012068
:1074C000FBF738F8F9F7EAFC8020F9F733FE55208E
:1074D000F9F730FE5520F9F72DFE2070F9F7D6FCAC
:1074E0000120FBF727F820781E2801D0FF2070BD6F
:1074F0001D4D002060702435F9F7D0FC607800EB5A
:1075000040004119285C4978F9F726FEF9F7BEFCDE
:107510000120FBF70FF8F9F7C1FC607800EB4000A1
:10752000285C40F08000F9F705FE5520F9F702FECF
:107530005520F9F7FFFD2070F9F7A8FC0120FAF7B4
:10754000F9FF6078237800EB400129444A789A4299
:1075500003D08978A2781143A170401CC0B260703A
:107560000628C9D3002070BD8C00002070B5F9F743
:10757000A5FC3C490020F9F7D1FDF9F797FC012063
:10758000FAF7D8FFF9F79AFC36490020F9F7C6FD5B
:10759000F9F78CFC0120FAF7CDFFF9F78FFCB62143
:1075A0001420F9F7D9FDF9F781FC5020FAF7C2FF52
:1075B000F9F784FC2B490020F9F7B0FDF9F776FCC8
:1075C0000120FAF7B7FFF9F779FC26490020F9F70F
:1075D000A5FDF9F76BFC0120FAF7ACFF214C2078F0
:1075E0000F2801D0FF2070BD1E4D00206070363581
:1075F000F9F764FC607800EB40004119285C497899
:10760000F9F7AAFDF9F752FC0120FAF793FFF9F711
:1076100055FC6078134900EB4000285CF9F77EFDCB
:10762000F9F744FC0120FAF785FF6078227800EB37
:1076300040012944497891420BD0401EC0B209490B
:10764000607000EB400024310844A1788078084342
:10765000A0706078401CC0B260700628C8D30020BB
:1076600070BD00008C00002010B5012000F0BEF9B4
:10767000FBE78169826A00EE101A00EE902A20EE84
:10768000200AB5EEC00AF1EE10FA4ADD00EE101A3B
:10769000B5EEC00AF1EE10FA00EE101A01DCB1EE00
:1076A000400A436D00EE903AB4EEE00AF1EE10FAB3
:1076B00037D9026D00EE903A00EE102A70EE200AE3
:1076C00000EE101AB5EEC00AF1EE10FA00EE101A34
:1076D00001DCB1EE400AF4EEC00AF1EE10FA1EDB56
:1076E00000EE101A00EE902AB5EEC00AF1EE10FA84
:1076F00000EE101A01DCB1EE400A016B70EEC00A18
:1077000000EE103A30EE801A00EE102AC1EE000AA8
:1077100000EE101A20EE800A10EE101A00E0002190
:107720000163704770B50446D0F8945000F16202CE
:10773000B0F860300169D0F89000D5B1022B36D98D
:1077400000EE101AF1EE400A00EE100A1046FEF7A5
:1077500067FBE06800EE900AD4F89400806801EEC0
:10776000100A70EE810A00BF20EE200A10EE100A07
:107770001BE0022B0CD900EE101AF1EE400A00EECD
:10778000100A1046FEF74CFBE06800EE900AEBE7AB
:10779000626900EE101A00EE902AE16870EEC00AED
:1077A00000EE101A20EE801A12E0E06270BDE2686E
:1077B00000EE102AAA6800EE902A626930EE201AC4
:1077C00000EE902A00EE101A30EEC00A21EE001AE8
:1077D00000EE100AC1EE000A10EE900AE5E7026B17
:1077E000816A00EE902A00EE101A426A70EE200ABA
:1077F00001EE102A00EE101AC26A31EE001A00EEF5
:10780000102A31EE000AB5EEC00AF1EE10FA01DCE2
:10781000B1EE400A026C01EE102A0022B4EEC10A59
:10782000F1EE10FA0CDD836900EE101A01EE103A49
:1078300021EE000AB5EEC00AF1EE10FA00DD026397
:10784000416C00EE101AB4EEE00AF1EE10FA01D22B
:107850000263816200EE101AB1EE400AB4EEE00A53
:10786000F1EE10FA07DD00EE101A0263B1EE400AE5
:1078700010EE101A81627047B4EEE00AF1EE10FAD1
:1078800002D2B0EE600A7047B4EEC10AF1EE10FA0F
:10789000F9DDB0EE410A7047FDEEC00A10EE900A25
:1078A00000EE900AF8EEE00A30EE600A10EE101AD0
:1078B000B1F17C5F00DD401C7047000010EE100A43
:1078C000F6EE000A074960EE200AA1EB600000EE28
:1078D000100A20EE801AF7EE080A41EE400A20EE68
:1078E000800A7047865A375F10B5012000F07EF895
:1078F000FBE70000FAF74AFFFEF7B2FEFEF73AF8A0
:10790000FDF7C6FFFEF73CF9FEF75EF9FDF76AFFEB
:10791000FDF78AFFFEF7A6F9FEF78AF9FEF736FAB9
:10792000FEF75CFAFDF7A2FFFEF7FCF9A820F9F7D5
:10793000ADFF01210C48F9F79FFB0028F9D10B4C52
:10794000012291022046FAF70DFF0122D1022046C2
:10795000FAF708FF0648FBF74DFDF9F789FCFDF73C
:10796000D5FF00F04AF8FEE71C710020001C024021
:10797000C472002001460020842900D0C81C704732
:10798000F0B50B30154D20F007010024144A0FE02C
:1079900003688B420BD38B4205D95E1A43184768A4
:1079A000C3E9006700E04368136002C004E0021D01
:1079B00010680028ECD12046002802D1286808B1C0
:1079C0000020F0BD064A07481060074A121A22F04C
:1079D0000702C0E9002401202860D7E774020020D4
:1079E00070020020AC750020A895002010B500B9E9
:1079F000012000F055FE002010BD10B500F0B8FECB
:107A0000002010BD7FB50D4604464169B0F908005D
:107A100081B1A16971B1FFF7ADFFD4E905128DE81D
:107A20000700D4E900102B46226901F02AFA0390DE
:107A300004B070BDFFF79EFF03A9CDE90001208AC5
:107A40002B4682B2D4E9001001F0EEF9012801D0F2
:107A50000020EDE70398EBE72DE9F0411A4C0F46C3
:107A60000546E6682168002081F852002068001D64
:107A700000F0E2FC38B9206890F82C100120884012
:107A8000216981432161681C07D137B12168BDE8B4
:107A9000F0410E48091D00F01FBD20683544B54275
:107AA0004560216805D2A06BBDE8F041091D00F0DA
:107AB000FBBC606B091D00F0F7FCA06A854200D298
:107AC000A562BDE8F0810000380000209863002026
:107AD0002DE9F041054600F00BFD2E4CA068401C3E
:107AE000A06020682C4F10B1606940B32DE0256084
:107AF000A068012829D1002606EB860007EB80004C
:107B000000F0C4FC761C072EF6D323488C3000F01E
:107B1000BDFC2148A03000F0B9FC1F48B43000F093
:107B2000B5FC1D48C83000F0B1FC1B48DC3000F04B
:107B3000ADFC19488C3060631430A06305E0206808
:107B4000E96AC06A884200D82560606A401C6062A9
:107B5000E96A0120226988401043206101EB81001D
:107B600007EB8000291D00F0B7FC00F0E1FC606924
:107B700000280CD02068E96AC06A884207D2074909
:107B80004FF080500860BFF34F8FBFF36F8FBDE899
:107B9000F081000038000020BC62002004ED00E00D
:107BA00038B500F0A5FC104C2068C8B90F4800F0AB
:107BB0006DFC0E48143000F069FC0C48E060143095
:107BC00020610A4B0020E83B009003F1480210219D
:107BD0000A2000F0C1FE206010B105A100F02AFDCE
:107BE000BDE8384000F0A4BC74000020946400207C
:107BF000546D72510000000030B4026C0B46002A34
:107C00000BD0C1681144C1608468A14201D30168EE
:107C1000C16030BC1846F9F7B8B830BC70472DE9E0
:107C2000F041856B174604460026026C82B1C7B14D
:107C3000E068F9F7AAF8E168206C091AE1602268A7
:107C4000914202D2A168081AE060022F16D017E014
:107C50002068A8B9A06801F0B9F906460020A06024
:107C60000EE06068F9F791F8216C60680844606084
:107C7000A168884204D32068606001E005B16D1EF0
:107C80006D1CA5633046BDE8F08110B5044690F840
:107C9000510058B101280CD002280FD0502080F399
:107CA0001188BFF34F8FBFF36F8FFEE7206B00F09B
:107CB00053FC2046BDE8104000F04EBC10BD000053
:107CC00010484FF4C041420706D0C01D0D4920F0B6
:107CD0000700411AC1F5C0410B4A00230144C2E923
:107CE00000030839183A21F0070111604B600B605E
:107CF0000B1AC0E9001393604FF0004053605061CD
:107D0000704700007C02002024000020144E154C17
:107D1000A6F1C8074FF08058DFF84C9012E000BF82
:107D200000F0E6FBF068C568281D00F085FBA06840
:107D3000401EA0606068401E606000F0F9FB2846AD
:107D4000FFF7A3FF60680028EAD138680128F9D955
:107D5000C9F80080BFF34F8FBFF36F8FF2E70000C9
:107D6000846300203800002004ED00E00346009802
:107D700029B10260C0E90F31012100F021BE00608D
:107D8000F8E700002DE9F05F8846DDE90B94154621
:107D9000834691009A460A9EA522206BF9F707F8C0
:107DA0006FF00301206B01EB8501084420F0070709
:107DB000780707D0502080F31188BFF34F8FBFF3AF
:107DC0006F8FFEE70025B8F1000F0FD05FF00000C5
:107DD000221818F8001082F8341018F8001011B1A9
:107DE000401C1028F4D384F8435001E084F8345048
:107DF000072E00D30626E662C4E91165201D00F0B7
:107E000050FB04F1180000F04CFB2461C6F10700A0
:107E10006462A061E56484F8505084F85250524680
:107E20005946384600F05AFA2060B9F1000F01D0E7
:107E3000C9F80040BDE8F09F30B5114900E0114697
:107E40000A688242FBD34B685C18844203D14068C5
:107E500018444860084643681C18944209D1084CED
:107E6000183C2468A24209D052681A4442600A6849
:107E700012680260814200D0086030BD0460F9E7FA
:107E80002400002070B5002441600B4D0061914238
:107E900006D8D11A8269914206D2011D286907E0ED
:107EA0009A4203D2994201D3012403E0011DE868FC
:107EB00000F0FAFA204670BD7400002010B50446A8
:107EC00000F016FBA06B28B15FF0000400F030FB5F
:107ED000204610BD0124F9E730B589B03C4D6EE075
:107EE0000498002806DADDE90601059A904704980F
:107EF000002864DB069C606910B1201D00F09CFA2C
:107F000003A800F0D7F8024604980A2857D2DFE801
:107F100000F00505052D334A05052D3394F824009E
:107F200040F0010084F824000599A069059B0144F4
:107F30002046FFF7A7FF68B3216A2046884794F8D8
:107F4000240040073BD5002000900598A16900233C
:107F500042181946204601F051F9D8B9502080F353
:107F60001188BFF34F8FBFF36F8FFEE714F8240F14
:107F700020F00100207022E094F8240040F001007D
:107F800084F824000598A06128B181181346204682
:107F9000FFF778FF13E0502080F31188BFF34F8F75
:107FA000BFF36F8FFEE794F82400810703D42046C7
:107FB00000F0D2FA03E020F0010084F8240000224F
:107FC00004A9286800F050FE002889D109B030BD0E
:107FD000740000202DE9FC410F46054600F00CFC22
:107FE00001A800F067F80446019818B101F074F890
:107FF000BDE8FC81254EAFB130690068D0B30027E1
:10800000291B3A46306800F029FB01F065F800288A
:10801000EED11F494FF080500860BFF34F8FBFF380
:108020006F8FE5E7A542EBD801F056F8F0682746D8
:10803000C068C468201D00F0FFF994F824004107CF
:1080400019D5A0692B4641193A462046FFF71AFF79
:10805000A8B100200346014600902A46204601F0C0
:10806000CDF860B9502080F31188BFF34F8FBFF374
:108070006F8FFEE707E020F0010084F82400216AFA
:1080800020468847B4E70127BAE7000074000020C3
:1080900004ED00E00648416B096829B1416BC968ED
:1080A000C9684968816270474FF0FF31FAE7000004
:1080B0003800002070B5054600F01CFF064E04464F
:1080C000B068844203D200F009F8012000E00020EB
:1080D00028602046B46070BD74000020F8B5194DCA
:1080E00020E0C068C4680668201D00F0A5F9216A78
:1080F0002046884794F82400400713D5A0693044EF
:10810000B04206D924616060211DE86800F0CCF916
:1081100008E000200346014600903246204601F068
:108120006DF838B1E86801680029DAD12969C5E934
:108130000310F8BD502080F31188BFF34F8FBFF3B9
:108140006F8FFEE77400002008484068401C4FF025
:10815000500080F3118804D0BFF34F8FBFF36F8FAF
:10816000FEE7BFF34F8FBFF36F8FFEE72C000020B9
:10817000074CE068016841B1C0680021D0F80000F8
:10818000FFF728FFFFF7A8FEF3E701210020F7E73C
:10819000740000202DE9F041044600F0A9F994F99B
:1081A000455004F1240609E0606A48B1304600F009
:1081B00059FF08B100F0A2FA6D1E6DB2002DF3DC7C
:1081C0004FF0FF3684F8456000F0B2F900F090F906
:1081D00094F9445004F1100709E0206948B1384689
:1081E00000F040FF08B100F089FA6D1E6DB2002D5D
:1081F000F3DC84F84460BDE8F04100F099B9000078
:108200002DE9F0410546002700F0F6FA324E3068BD
:1082100008B9FFF755FD706905424ED1C5B3083561
:1082200068070ED005F00700C0F108000544680794
:1082300007D0502080F31188BFF34F8FBFF36F8FAB
:10824000FEE72DB37068854237D8234818300146C1
:108250000C6801E020460C466168A94202D2216800
:108260000029F7D131688C4227D007682168016066
:1082700060680837411B10290FD96019420708D0E0
:10828000502080F31188BFF34F8FBFF36F8FFEE74D
:1082900013E041606560FFF7CFFD61687068401AC8
:1082A0007060B268904200D2B060706901430020F3
:1082B000C4E90001F068401CF06000F00DFF780791
:1082C00007D0502080F31188BFF34F8FBFF36F8F1B
:1082D000FEE73846BDE8F0810C00002010B5031F12
:1082E0004FF080741C601B1F21F001011960191FE1
:1082F000044B0B6014390A60091F6FF00202443806
:108300000A6010BD498100080C480178A5290AD1EE
:108310004279801E012A417806D0002A03D1012922
:1083200001D10021417070470029FCD1017819B1B9
:10833000002101700121F5E70121FAE74202002046
:108340002448A521DFED260A00F8011B22499FEDF4
:10835000251A91ED1D0ABDEEC00A10EE102A02800A
:1083600091ED1C0ABDEEC00A10EE102A428091ED7C
:108370001F0ABDEEC00A10EE101A8180174931F9AC
:10838000012F00EE102AB8EEC00A30EE600AF6EEB9
:10839000000A20EE200ABDEEC00A10EE102AC280AC
:1083A000B1F9021000EE101AB8EEC00A30EE410A20
:1083B00020EE200ABDEEC00A10EE101A01810A4913
:1083C000097881725A21C1720D2202490748FBF7D0
:1083D00063BD0000156A0020EC6500204202002009
:1083E00000A0FA4400900045400200209C73002049
:1083F00010B500EE100A2DED028BB1EEC08A18EE1A
:10840000100A20F00040C0F1FF40C00F0AD010EE6B
:10841000100A20F00040C0F1FF40C00F04BF01204F
:10842000FFF70AF818EE100ABDEC028B10BD10B56C
:108430000120FFF7DBFAFBE7D0E9013201699A601E
:10844000D0E901235A604A68824201D182684A60B9
:10845000002202610868401E08600868704700003A
:10846000034B036003F154000860802010607047E4
:10847000746A0020044B036003F1540008604FF459
:108480008070106070470000C86C002000F1080187
:108490004FF0FF32C0E90112C160016100210160AB
:1084A000704700210161704730B50B685A1C02D03B
:1084B00000F1080202E0026904E0224654682568DF
:1084C0009D42FAD953684B6099608A605160086197
:1084D0000168491C016030BD42684A6093688B6046
:1084E00093685960916008610168491C0160704798
:1084F000502080F31188BFF34F8FBFF36F8F0A496D
:108500004868401C486001280CD10848006810F0F9
:10851000FF0F07D0502080F31188BFF34F8FBFF3B8
:108520006F8FFEE7704700002C00002004ED00E094
:108530000849486828B1401E486001D180F311887D
:108540007047502080F31188BFF34F8FBFF36F8FB8
:10855000FEE700002C00002070B500282AD0164D40
:10856000A0F1080460686969084207D1502080F3CF
:108570001188BFF34F8FBFF36F8FFEE722683AB1C8
:10858000502080F31188BFF34F8FBFF36F8FFEE74A
:108590008843606000F030F960686968084468608A
:1085A0002046FFF749FC2869401C2861BDE870405F
:1085B00000F092BD70BD00000C0000204FF0E020E4
:1085C00000210161816105494FF47A720968B1FBAC
:1085D000F2F1491E41610721016170476C020020E0
:1085E00010B5F7F739FE114910280ED300F1E0203D
:1085F00090F8F0030A78904207D2502080F3118857
:10860000BFF34F8FBFF36F8FFEE70948006889689B
:1086100000F4E060884207D9502080F31188BFF34E
:108620004F8FBFF36F8FFEE710BD00002C000020BE
:108630000CED00E010B5084B002200BF53F83240AB
:108640001CB1521C082AF9D310BD43F8321003EBB9
:10865000C201486010BD00007C62002070B5154664
:108660000E460446FFF744FF94F944100020491CCD
:1086700001D184F8440094F94510491C01D184F8D3
:108680004500FFF755FFA06B28B92A46314604F193
:10869000240000F051F82046BDE87040FFF77ABD95
:1086A00010B5020014D00F48006B38B1502080F391
:1086B0001188BFF34F8FBFF36F8FFEE700F09CF878
:1086C00000211046FFF7C8F900F006FD002807D189
:1086D00005494FF080500860BFF34F8FBFF36F8F95
:1086E00010BD00003800002004ED00E002490A6AD5
:1086F0000260C968416070473800002001490120CC
:10870000C86170473800002010B50C4650B10949C7
:1087100009681831FFF7C8FE2046BDE81040012166
:10872000FFF79AB9502080F31188BFF34F8FBFF342
:108730006F8FFEE73800002070B514460D4668B113
:108740000A4909681831FFF7C7FE0CB14FF0FF3531
:1087500021462846BDE87040FFF77EB9502080F3DF
:108760001188BFF34F8FBFF36F8FFEE738000020F3
:1087700030B587B00024039405AA04A903A8049483
:10878000FFF76EFEDDE903010094CDE9011000233F
:1087900015A11748059A00F074FB164D0028E862F1
:1087A0001FD000F0FBFC012809D0401C19D150203B
:1087B00080F31188BFF34F8FBFF36F8FFEE7502018
:1087C00080F31188BFF34F8FBFF36F8F4FF0FF30EF
:1087D000A86201206861EC6007B0BDE8304000F09D
:1087E00041B807B030BD000049444C4500000000CE
:1087F0000D7D0008380000200248016B491C016310
:1088000070470000380000201448016B11B10121AD
:10881000C16170470021C1610169B1FA81F1C1F103
:108820001F0101EB81020E4951F822306BB101EBBF
:10883000820101F108034A6852684A609A4201D1F4
:1088400052684A60D16801607047502080F31188F7
:10885000BFF34F8FBFF36F8FFEE70000380000209B
:10886000BC6200201CB537480168374A914207D1E5
:10887000502080F31188BFF34F8FBFF36F8FFEE757
:1088800000683149491E884207D1502080F3118881
:10889000BFF34F8FBFF36F8FFEE72C49087801902D
:1088A000FF20087008788DF800009DF800009DF802
:1088B000002000F0F000904207D0502080F3118893
:1088C000BFF34F8FBFF36F8FFEE79DF80000204C82
:1088D00000F0500020700720A06005E09DF8002007
:1088E00052008DF80020401E9DF800201206F5D49D
:1088F000A060032807D0502080F31188BFF34F8F6A
:10890000BFF36F8FFEE74FF44070A06001980870CE
:108910000C482030016841F470010160016841F0A9
:1089200070410160FFF74AFE00206060F7F75CFCD1
:108930000848016841F040410160F7F741FC002020
:108940001CBD000000ED00E071C20F4100E400E03A
:108950002C00002034EF00E038B5049D18B153B16D
:10896000CAB181B120E0502080F31188BFF34F8F4E
:10897000BFF36F8FFEE7502080F31188BFF34F8F56
:10898000BFF36F8FFEE7502080F31188BFF34F8F46
:10899000BFF36F8FFEE739B1502080F31188BFF32A
:1089A0004F8FBFF36F8FFEE748241C46012384F8E6
:1089B00046302B460094FFF7D9F9204638BD000019
:1089C00070B50D46040025D0FFF792FDD4E90F20C5
:1089D000216802FB0011A1600021A1632168616090
:1089E0000A46D4E90F01401E00FB0121E160214647
:1089F0004FF0FF3001F8440F487004F110008DB1C2
:108A0000FFF744FD04F12400FFF740FDFFF790FD60
:108A1000012070BD502080F31188BFF34F8FBFF34A
:108A20006F8FFEE721690029F0D000F01BFB0028C2
:108A3000ECD004494FF080500860BFF34F8FBFF374
:108A40006F8FE3E704ED00E02DE9FF4782B01D469C
:108A50008A464FF00008040003D0BAF1000F08D096
:108A600011E0502080F31188BFF34F8FBFF36F8F59
:108A7000FEE7206C38B1502080F31188BFF34F8F90
:108A8000BFF36F8FFEE7022D0AD1E06B012807D0FC
:108A9000502080F31188BFF34F8FBFF36F8FFEE735
:108AA00000F01AFA3F4F4FF000094FF0805648B9D6
:108AB000049838B1502080F31188BFF34F8FBFF373
:108AC0006F8FFEE7FFF714FDA06BE16B884207D3C1
:108AD000022D05D00498D0B1B8F1000F1AD01EE0D5
:108AE0002A4651462046FFF79AF8616A19B104F107
:108AF000240000F0B7FA20B13E60BFF34F8FBFF300
:108B00006F8FFFF715FD012006B0BDE8F087FFF776
:108B10000FFD22E06846FFF7E9FD4FF00108FFF77F
:108B200007FDFFF769FEFFF7E3FC94F94400401CE2
:108B300001D184F8449094F94500401C01D184F897
:108B40004590FFF7F5FC04A9684600F029F930B11B
:108B50002046FFF71FFB00F0BFFA0020D4E7FFF725
:108B6000C7FCA06BE16B884213D1FFF7E1FC04F175
:108B700010000499FFF7C8FD2046FFF70BFB00F03B
:108B8000ABFA00289ED13E60BFF34F8FBFF36F8FCB
:108B900098E7FFF7CDFC2046FFF7FCFA00F09CFABF
:108BA00090E7000004ED00E02DE9F0471F469046F5
:108BB0008946040003D0B9F1000F08D011E050201D
:108BC00080F31188BFF34F8FBFF36F8FFEE7206CE8
:108BD00038B1502080F31188BFF34F8FBFF36F8FF0
:108BE000FEE7022F0AD1E06B012807D0502080F366
:108BF0001188BFF34F8FBFF36F8FFEE7FFF7F0FCD5
:108C00005020EFF3118680F31188BFF34F8FBFF32D
:108C10006F8FA06BE16B884206D3022F04D0002037
:108C200086F31188BDE8F08794F94550A06B3A4669
:108C300049462046FEF7F3FF681C04D06D1C84F8FB
:108C400045500120ECE7606A0028FAD004F12400C6
:108C500000F008FA0028F4D0B8F1000FF1D001219B
:108C6000C8F80010EDE700002DE9F747002683B0B3
:108C70008A46040003D0BAF1000F08D011E050205A
:108C800080F31188BFF34F8FBFF36F8FFEE7206C27
:108C900038B1502080F31188BFF34F8FBFF36F8F2F
:108CA000FEE700F019F9DFF8F4804FF000094FF00B
:108CB000805748B9059838B1502080F31188BFF328
:108CC0004F8FBFF36F8FFEE7FFF712FCA56BC5B1A7
:108CD00051462046FEF790FF6D1EA563206950B1F6
:108CE00004F1100000F0BEF928B1C8F80070BFF31D
:108CF0004F8FBFF36F8FFFF71BFC012006B0BDE85D
:108D0000F087059808B11EB106E0FFF711FC27E0D7
:108D10006846FFF7EBFC0126FFF70AFCFFF76CFD46
:108D2000FFF7E6FB94F94400401C01D184F844901D
:108D300094F94500401C01D184F84590FFF7F8FBF9
:108D400005A9684600F02CF8002820460AD0FFF755
:108D500021FA00F0C1F92046FFF7B0F80028B3D09F
:108D60000020CBE7FFF7AAF890B104F124000599A1
:108D7000FFF7CAFC2046FFF70DFA00F0ADF9002816
:108D8000A2D1C8F80070BFF34F8FBFF36F8F9BE77E
:108D90002046FFF7FFF900F09FF995E704ED00E0AA
:108DA0002DE9F0410C4605000FD0B4B1FFF7A0FB50
:108DB0001C4BDA686E681868911B002790F8520007
:108DC00098B1186880F852701AE0502080F311882A
:108DD000BFF34F8FBFF36F8FFEE7502080F31188F2
:108DE000BFF34F8FBFF36F8FFEE72068B0F1FF3FF7
:108DF00008D0D5F800C01B6A9C4509D0964207D818
:108E0000012400E00024FFF793FB2046BDE8F08139
:108E1000884205D9401A20602846FFF767FCF1E731
:108E20002760EDE7380000202DE9FF5F8346DDE98C
:108E30000E87994616468A469000FFF7E1F905002D
:108E40001CD05420FFF7DCF9040014D00020256367
:108E500084F85100CDE90240CDE900874B46324607
:108E600051465846FEF78EFF2046FEF731FE0120A0
:108E700004B0BDE8F09F2846FFF76EFB4FF0FF30CF
:108E8000F6E7F0B585B0DDE90B640A9DA6B1DCB16B
:108E9000542700972663022684F85160002604AF09
:108EA000CDE90246CDE90057FEF76CFF2046FEF7FC
:108EB0000FFE049805B0F0BD502080F31188BFF379
:108EC0004F8FBFF36F8FFEE7502080F31188BFF301
:108ED0004F8FBFF36F8FFEE70548416919B1006BF3
:108EE00018B1002070470120704702207047000031
:108EF000380000200148C06870470000380000209A
:108F00002DE9F0412F4C0026206B28B1A069401CB0
:108F1000A0613046BDE8F081E5686D1CE56013D1C5
:108F2000606B006838B1502080F31188BFF34F8F19
:108F3000BFF36F8FFEE7606BA16B6163A063206A74
:108F4000401C2062FFF7A6F8A06ADFF87C8085420B
:108F500009D3606B0068A0B1606BC068C7687868AF
:108F6000854211D2A0622068C06A00EB800158F8E7
:108F70002100012800D90126E0690028C9D0012676
:108F8000C7E74FF0FF30EDE7381DFFF755FAB86A35
:108F900018B107F11800FFF74FFAF96A01202269AA
:108FA00088401043206101EB810108EB8100391DED
:108FB000FFF792FAF86A2168C96A8842C9D3012684
:108FC000C7E7000038000020BC62002070B5040034
:108FD0004FF0000140D0214D2868844207D0502036
:108FE00080F31188BFF34F8FBFF36F8FFEE7A06C44
:108FF00038B1401EA064636CE26A9A422CD040B142
:109000002AE0502080F31188BFF34F8FBFF36F8F9A
:10901000FEE7201DFFF710FA114A012150B9E06A5E
:1090200000EB800352F8233023B92B6901FA00F0DA
:1090300083432B61606CE062C0F10700A061E06ACD
:109040002B6981401943296100EB800002EB80000D
:10905000211DFFF741FA0121084670BD38000020AC
:10906000BC6200202DE9F041C068C468ACB104F1D5
:1090700018000746FFF7E0F9154D286B0126A0B14F
:1090800039461448FFF728FAE06A2968C96A884215
:109090001CD90120EE61BDE8F081502080F31188D9
:1090A000BFF34F8FBFF36F8FFEE7201DFFF7C4F9AB
:1090B000E16A2A6906FA01F01043286101EB810098
:1090C0000449B43901EB8000211DDBE70020E2E711
:1090D00038000020706300202DE9F0472C4D00245B
:1090E0002746286B38B1FFF703FA286B401E286328
:1090F000286B40B146E0502080F31188BFF34F8FBA
:10910000BFF36F8FFEE7A968224E0120D1B3A6F10D
:10911000B40980463068E8B1F068C46804F118000A
:10912000FFF78AF9201DFFF787F9E06A2A6908FA34
:1091300000F11143296100EB800109EB8100211D41
:10914000FFF7CAF9E06A2968C96A8842E2D3C5F81C
:109150001C80DFE70CB1FEF79DFFAC6944B14646C9
:10916000FFF7CEFE00B1EE61641EF9D10020A861C8
:10917000E86938B10849012738070860BFF34F8F05
:10918000BFF36F8FFFF7D4F93846BDE8F0870000D2
:10919000380000207063002004ED00E010B586B0B8
:1091A000FEF7FEFC114C2068B8B10020039004903B
:1091B00005AA04A903A8FFF75DF9DDE90321022050
:1091C0008DE8070000230AA10B48059AFFF759FE16
:1091D000606010B106B0012010BD502080F31188EE
:1091E000BFF34F8FBFF36F8FFEE7000074000020C6
:1091F000546D722053766300718100082DE9FF41A0
:109200001E46134602000A9D4FF0000016D0144C73
:109210002768002F0FD0CDE900130292062917DA34
:10922000FFF75AFE02284FF000030FD000226946D4
:109230002068FFF709FC04B0BDE8F081502080F3FE
:109240001188BFF34F8FBFF36F8FFEE72A46EEE71B
:109250000023324669463846FFF7A6FCEBE70000DC
:109260007400002000061016000610160000803F53
:109270000000000000000000000000000000803F2F
:109280000000000000000000000000000000803F1F
:109290000000000000000000C3F51C410000803FFA
:1092A00000000000000000000000000000000000BE
:1092B00000000000000000000000803F00000000EF
:1092C000000000000000000000000000000000009E
:1092D000000000000000803F0000000000000000CF
:1092E000000000000000000000000000000000007E
:1092F0000000803F000000000000000000000000AF
:109300000000000000000000000000000000803F9E
:10931000000000000000000000000000000000004D
:1093200000000000000000000000803FB89B000823
:109330002566000800000000000000000004000096
:109340000000000000000000D09B000869760008C3
:10935000FDFF00000000000000020000000000000F
:1093600000000000C09B00082F840008FDFF0000E3
:1093700000000000000100000000000000000000EC
:10938000E09B0008E9780008FDFF000000000000F5
:1093900000010000000000000000000000000000CC
:1093A0000000000001020304060708090000000095
:1093B0000102030400000000920E493CB10AC93CBE
:1093C0002BC3163D2EFB483D752B7B3D04A9963DD6
:1093D00080B6AF3D36BDC83D2FBCE13D73B2FA3D0E
:1093E00087CF093E8340163EB5AB223EA2102F3EEA
:1093F000CF6E3B3EC2C5473E0115543E135C603EF6
:109400007F9A6C3ECCCF783EC07D823E938E883E64
:10941000229A8E3E32A0943E86A09A3EE59AA03EC5
:10942000128FA63ED47CAC3EEF63B23E2A44B83ED7
:10943000491DBE3E15EFC33E53B9C93ECA7BCF3E60
:109440004136D53E80E8DA3E4F92E03E7533E63E47
:10945000BBCBEB3EEA5AF13ECBE0F63E275DFC3E4D
:10946000E4E7003F3D9C033F824B063F9BF5083FEE
:109470006B9A0B3FDA390E3FCDD3103F2A68133F6A
:10948000D9F6153FC07F183FC6021B3FD17F1D3F55
:10949000CBF61F3F9967223F25D2243F5636273F00
:1094A0001594293F4AEB2B3FDE3B2E3FBB85303FD7
:1094B000C9C8323FF304353F233A373F4268393F4A
:1094C0003B8F3B3FF9AE3D3F67C73F3F70D8413FC1
:1094D00001E2433F03E4453F65DE473F12D1493F88
:1094E000F8BB4B3F029F4D3F207A4F3F3D4D513FD0
:1094F0004918533F31DB543FE595563F5348583F99
:109500006AF2593F1A945B3F532D5D3F05BE5E3FA3
:109510002146603F97C5613F5A3C633F59AA643F6B
:10952000880F663FD86B673F3CBF683FA7096A3F1B
:109530000C4B6B3F5E836C3F93B26D3F9ED86E3F8A
:1095400073F56F3F0809713F5213723F4714733F21
:10955000DD0B743F0BFA743FC6DE753F07BA763FEA
:10956000C58B773FF853783F9812793F9DC7793F75
:1095700002737A3FBE147B3FCDAC7B3F283B7C3FE0
:10958000C9BF7C3FAC3A7D3FCCAB7D3F23137E3FD0
:10959000B0707E3F6DC47E3F580E7F3F6D4E7F3F63
:1095A000AB847F3F0FB17F3F97D37F3F43EC7F3F3B
:1095B00011FB7F3F0000803F11FB7F3F43EC7F3F6B
:1095C00097D37F3F0FB17F3FAB847F3F6D4E7F3F8F
:1095D000580E7F3F6DC47E3FB0707E3F23137E3FA9
:1095E000CCAB7D3FAC3A7D3FC9BF7C3F283B7C3F45
:1095F000CDAC7B3FBE147B3F02737A3F9DC7793F62
:109600009812793FF853783FC58B773F07BA763F7A
:10961000C6DE753F0BFA743FDD0B743F4714733F92
:109620005213723F0809713F73F56F3F9ED86E3F2A
:1096300093B26D3F5E836C3F0C4B6B3FA7096A3F53
:109640003CBF683FD86B673F880F663F59AA643FAD
:109650005A3C633F97C5613F2146603F05BE5E3F70
:10966000532D5D3F1A945B3F6AF2593F5348583F70
:10967000E595563F31DB543F4918533F3D4D513F2F
:10968000207A4F3F029F4D3FF8BB4B3F12D1493FDD
:1096900065DE473F03E4453F01E2433F70D8413F69
:1096A00067C73F3FF9AE3D3F3B8F3B3F4268393F85
:1096B000233A373FF304353FC9C8323FBB85303FBB
:1096C000DE3B2E3F4AEB2B3F1594293F5636273F72
:1096D00025D2243F9967223FCBF61F3FD17F1D3F04
:1096E000C6021B3FC07F183FD9F6153F2A68133FBB
:1096F000CDD3103FDA390E3F6B9A0B3F9BF5083FF5
:10970000824B063F3D9C033FE4E7003F275DFC3E64
:10971000CBE0F63EEA5AF13EBBCBEB3E7533E63E7C
:109720004F92E03E80E8DA3E4136D53ECA7BCF3EDE
:1097300053B9C93E15EFC33E491DBE3E2A44B83E4B
:10974000EF63B23ED47CAC3E128FA63EE59AA03EBB
:1097500086A09A3E32A0943E229A8E3E938E883EF8
:10976000C07D823ECCCF783E7F9A6C3E135C603EDB
:109770000115543EC2C5473ECF6E3B3EA2102F3E60
:10978000B5AB223E8340163E87CF093E73B2FA3D09
:109790002FBCE13D36BDC83D80B6AF3D04A9963D26
:1097A000752B7B3D2EFB483D2BC3163DB10AC93CB2
:1097B000920E493C00000000920E49BCB10AC9BC9F
:1097C0002BC316BD2EFB48BD752B7BBD04A996BDD2
:1097D00080B6AFBD36BDC8BD2FBCE1BD73B2FABD0A
:1097E00087CF09BE834016BEB5AB22BEA2102FBEE6
:1097F000CF6E3BBEC2C547BE011554BE135C60BEF2
:109800007F9A6CBECCCF78BEC07D82BE938E88BE60
:10981000229A8EBE32A094BE86A09ABEE59AA0BEC1
:10982000128FA6BED47CACBEEF63B2BE2A44B8BED3
:10983000491DBEBE15EFC3BE53B9C9BECA7BCFBE5C
:109840004136D5BE80E8DABE4F92E0BE7533E6BE43
:10985000BBCBEBBEEA5AF1BECBE0F6BE275DFCBE49
:10986000E4E700BF3D9C03BF824B06BF9BF508BFEA
:109870006B9A0BBFDA390EBFCDD310BF2A6813BF66
:10988000D9F615BFC07F18BFC6021BBFD17F1DBF51
:10989000CBF61FBF996722BF25D224BF563627BFFC
:1098A000159429BF4AEB2BBFDE3B2EBFBB8530BFD3
:1098B000C9C832BFF30435BF233A37BF426839BF46
:1098C0003B8F3BBFF9AE3DBF67C73FBF70D841BFBD
:1098D00001E243BF03E445BF65DE47BF12D149BF84
:1098E000F8BB4BBF029F4DBF207A4FBF3D4D51BFCC
:1098F000491853BF31DB54BFE59556BF534858BF95
:109900006AF259BF1A945BBF532D5DBF05BE5EBF9F
:10991000214660BF97C561BF5A3C63BF59AA64BF67
:10992000880F66BFD86B67BF3CBF68BFA7096ABF17
:109930000C4B6BBF5E836CBF93B26DBF9ED86EBF86
:1099400073F56FBF080971BF521372BF471473BF1D
:10995000DD0B74BF0BFA74BFC6DE75BF07BA76BFE6
:10996000C58B77BFF85378BF981279BF9DC779BF71
:1099700002737ABFBE147BBFCDAC7BBF283B7CBFDC
:10998000C9BF7CBFAC3A7DBFCCAB7DBF23137EBFCC
:10999000B0707EBF6DC47EBF580E7FBF6D4E7FBF5F
:1099A000AB847FBF0FB17FBF97D37FBF43EC7FBF37
:1099B00011FB7FBF000080BF11FB7FBF43EC7FBF67
:1099C00097D37FBF0FB17FBFAB847FBF6D4E7FBF8B
:1099D000580E7FBF6DC47EBFB0707EBF23137EBFA5
:1099E000CCAB7DBFAC3A7DBFC9BF7CBF283B7CBF41
:1099F000CDAC7BBFBE147BBF02737ABF9DC779BF5E
:109A0000981279BFF85378BFC58B77BF07BA76BF76
:109A1000C6DE75BF0BFA74BFDD0B74BF471473BF8E
:109A2000521372BF080971BF73F56FBF9ED86EBF26
:109A300093B26DBF5E836CBF0C4B6BBFA7096ABF4F
:109A40003CBF68BFD86B67BF880F66BF59AA64BFA9
:109A50005A3C63BF97C561BF214660BF05BE5EBF6C
:109A6000532D5DBF1A945BBF6AF259BF534858BF6C
:109A7000E59556BF31DB54BF491853BF3D4D51BF2B
:109A8000207A4FBF029F4DBFF8BB4BBF12D149BFD9
:109A900065DE47BF03E445BF01E243BF70D841BF65
:109AA00067C73FBFF9AE3DBF3B8F3BBF426839BF81
:109AB000233A37BFF30435BFC9C832BFBB8530BFB7
:109AC000DE3B2EBF4AEB2BBF159429BF563627BF6E
:109AD00025D224BF996722BFCBF61FBFD17F1DBF00
:109AE000C6021BBFC07F18BFD9F615BF2A6813BFB7
:109AF000CDD310BFDA390EBF6B9A0BBF9BF508BFF1
:109B0000824B06BF3D9C03BFE4E700BF275DFCBE60
:109B1000CBE0F6BEEA5AF1BEBBCBEBBE7533E6BE78
:109B20004F92E0BE80E8DABE4136D5BECA7BCFBEDA
:109B300053B9C9BE15EFC3BE491DBEBE2A44B8BE47
:109B4000EF63B2BED47CACBE128FA6BEE59AA0BEB7
:109B500086A09ABE32A094BE229A8EBE938E88BEF4
:109B6000C07D82BECCCF78BE7F9A6CBE135C60BED7
:109B7000011554BEC2C547BECF6E3BBEA2102FBE5C
:109B8000B5AB22BE834016BE87CF09BE73B2FABD05
:109B90002FBCE1BD36BDC8BD80B6AFBD04A996BD22
:109BA000752B7BBD2EFB48BD2BC316BDB10AC9BCAE
:109BB000920E49BC00000080494E535461736B0003
:109BC000746F5F67696D62616C5F7461736B0000D5
:109BD000636C61737369735F7461736B0000000081
:109BE0006A75635F7379735F7461736B0000000063
:109BF000109C0008000000207C020000340E0008C9
:109C0000709C00087C0200202CB30000287400081F
:109C10003201022B101AAA01015B198F4370170041
:109C200009103333EB3A58A08B3A157D04017C10B0
:109C30000F0240AB034101055308065804070F16F5
:109C40000810810911160A15800B1605620C1801FF
:109C50000D0379204208081250C347CDCCCC3D04F7
:109C600009531C110B1AC8421C022CF0D324F40017
:040000050800018965
:00000001FF
