S31508000000A8B50020610200081F5E00082540000808
S315080000101D5E000855120008796E000800000000F1
S31508000020000000000000000000000000A101000818
S315080000306919000800000000FD010008356600087F
S315080000407B0200087B0200087B0200087B0200088E
S315080000507B0200087B0200087B0200087B0200087E
S315080000607B0200086B190008711900087B0200085A
S315080000707B0200087B0200087B0200087B0200085E
S315080000807B0200087B0200087B0200087B0200084E
S31508000090591200087B0200087B020008771900083D
S315080000A07B0200087B0200087B0200087B0200082E
S315080000B0016700087B0200087B0200087B02000833
S315080000C07B0200087B0200087B0200087B0200080E
S315080000D07B020008396E00087B0200087B020008D4
S315080000E07B0200087B0200087B0200087B020008EE
S315080000F07B020008256700087B0200087B020008CF
S315080001007B0200087B0200080D6700087B020008D6
S315080001107B0200087B0200087B0200087B020008BD
S315080001207B020008D51600087B0200087B0200083F
S315080001307B0200087B0200087B0200087B0200089D
S31508000140651200087B0200087B0200087B02000893
S31508000150E1160008ED160008F91600086D6E00088D
S315080001607B0200087B0200087B0200087B0200086D
S315080001707B0200087B0200087B02000800000000E2
S315080001807B0200087B020008DFF810D000F040FE72
S3150800019000480047F5780008AFF30080A8B50020AE
S315080001A02C4B19680868B0E8F04F80F30988BFF34C
S315080001B06F8F4FF0000080F3118870470000000031
S315080001C008480068006880F308884FF0000080F34C
S315080001D0148862B661B6BFF34F8FBFF36F8F00DF27
S315080001E000BF00BF08ED00E0DFF80C00016841F42D
S315080001F070010160704700BF88ED00E0EFF30980E9
S31508000200BFF36F8F134B1A681EF0100F08BF20ED4F
S31508000210108A20E9F04F106009B44FF0500080F3BF
S315080002201188BFF34F8FBFF36F8F08F0EDFA4FF0C9
S31508000230000080F3118809BC19680868B0E8F04F17
S315080002401EF0100F08BFB0EC108A80F30988BFF3C0
S315080002506F8F704738000020EFF305807047000065
S315080002600648804706480047FEE7FEE7FEE7FEE742
S31508000270FEE7FEE7FEE7FEE7FEE7FEE7E5660008BF
S31508000280890100089FED1A1AF5EE000A40EE010AE8
S31508000290BDEEE00AF5EEC00A10EE100AF1EE10FA0D
S315080002A038BF401E00EE100A1349F7EE001AB8EEE2
S315080002B0C00A30EEC00ADFED0F0A20EE200AFCEE77
S315080002C0C00A10EE900AC0F3080000EE900A01EB8F
S315080002D08000F8EE600A90ED011A70EE600A90ED63
S315080002E0000A71EEE01A21EE800A00EE810A7047D4
S315080002F083F9223E00000044B4930008B5EEC00A14
S31508000300F1EE10FA07D2DFED1E0AB4EEE00AF1EEBE
S3150800031010FAA8BF7047DFED1B0AB5EEC00A60EEFB
S31508000320200ABDEEE01A11EE100AF1EE10FA38BFF7
S31508000330401E00EE100A1549F7EE001AB8EEC00A7C
S3150800034030EEC00ADFED100A60EE200ABCEEE00AC5
S3150800035010EE100AC0F3080000EE100A01EB800048
S31508000360B8EE400A90ED011A70EEC00A90ED000A48
S3150800037071EEE01A21EE800A00EE810A704700004D
S31508000380CD024CB483F9223E00000044B493000821
S3150800039070B405880E884468D1F804C05368B5421D
S315080003A008D140884988884201BF11888D42518802
S315080003B0884203D070BC6FF00200704705FB00F15D
S315080003C0880827D094ED001ADCED000A94ED010A9E
S315080003D0DCED011A31EE201AD4ED020A70EE211A6C
S315080003E09CED020A83ED001AC3ED011A94ED031A77
S315080003F0DCED031A30EE800A401E71EE210A83ED09
S31508000400020A04F11004C3ED030A03F110030CF108
S31508000410100CD7D111F0030030D0B0F1004F30D214
S3150800042000282BDD211F1B1FACF1040210F0010F61
S315080004300AD091ED010AD2ED010A091D121D30EE0E
S31508000440200A83ED010A1B1D400817D091ED010A09
S31508000450D2ED010A401E30EE200A83ED010A91ED25
S31508000460020AD2ED020A01F1080102F1080230EE91
S31508000470200A83ED020A03F10803E7D170BC0020C5
S315080004807047B4EC010A401EFCEC010A30EE200A63
S31508000490A3EC010AF5D1F1E7018042804360704779
S315080004A02DE9F34F84B0049840680090486801909D
S315080004B00498B0F800E04588DFEDFE0A00200290B7
S315080004C0B0EE600AAE4506D108884988884204BF5E
S315080004D07146864504D06FF0020006B0BDE8F08F7D
S315080004E001985FEA010C18BFB7EE001A3DD000BFAD
S315080004F0BEEB0C0117D0B1F1004F80F01F82002926
S3150800050011DD021F11F0010F1CBFC2ED010A121DF9
S315080005104B1006D0C2ED010AC2ED020A08325B1E74
S31508000520F8D100EB8100BCF10102A0EC011A19D048
S31508000530B2F1004F80F00882002A13DD031F12F083
S31508000540010F1CBFC3ED010A1B1D511008D000BFC7
S31508000550C3ED010AC3ED020A491E03F10803F7D1E8
S3150800056000EB8200BCF1010CC2D14FF000080395E4
S31508000570002D14BFB0EE602A002000F0BF8100BF36
S31508000580009908FB05F001EB800B0199DBED002AC9
S3150800059001EB80000346F0EE421AC64552D9AEEB8F
S315080005A00802ABEB850112F0010F17D001EB8501AC
S315080005B091ED000AB5EEC00AF1EE10FA07DDB4EEC9
S315080005C0E10AF1EE10FA09DDF0EE401A06E0B1EEA6
S315080005D0400AF4EEC01AF1EE10FAF5D3521031D0F3
S315080005E001EB850C9CED000AB5EEC00AF1EE10FA97
S315080005F005DDB4EEE10AF1EE10FA09DD06E0B1EE2A
S31508000600400AF4EEC01AF1EE10FA01D2F0EE401AE2
S3150800061001EBC50191ED000AB5EEC00AF1EE10FA3C
S3150800062005DDB4EEE10AF1EE10FA09DD06E0B1EEF9
S31508000630400AF4EEC01AF1EE10FA01D2F0EE401AB2
S31508000640521ECDD1F5EEC01AF1EE10FA00F0738104
S31508000650F5EEC02A0126F1EE10FA0099D4BFB1EEE4
S31508000660620AB0EE620AB4EE610AF1EE10FA1CBF35
S31508000670AEEB0802B2F1010C47D005FB08F201EB1C
S31508000680820292ED001A00BFB0EE410A05FB06F49D
S31508000690B5EEC00A00EB8404F1EE10FACCBFF0EE1A
S315080006A0400AF1EE400AF4EE610AF1EE10FA28D19A
S315080006B0B5EB080C11D0BCF1004F7DD2BCF1000F90
S315080006C00BDD00BF92ED000AD1ED000ABCF1010C6A
S315080006D0E2EC010AA1EC010AF4D129000ED0B1F12D
S315080006E0004F6AD2002909DD94ED000AD0ED000A10
S315080006F0491EE4EC010AA0EC010AF5D1012002909A
S315080007000BE0761CBCF1010CBED10298012804D07E
S31508000710F5EEC02AF1EE10FA7ED09BED000AB5EB95
S3150800072008009A465946064622D0B0F1004F74D2C0
S3150800073000281DDD091F10F0010F06D0F0EE400A53
S3150800074080EEA01A81ED011A091D401010D000BFD5
S31508000750D1ED010A401E80EE801A81ED011A91ED55
S31508000760021AC1EE000AC1ED020A01F10801EFD131
S31508000770280026D0B0F1004F7ED2002821DDAAF14C
S31508000780040110F0010F06D0D1ED010A80EE801A9F
S3150800079081ED011A091D401013D000BFD1ED010AE1
S315080007A0401E80EE801A81ED011AD1ED020A80EE14
S315080007B0801A81ED021A01E0CBE0D6E001F10801CA
S315080007C0ECD1DDE900124FF000095FEA0E0773D09D
S315080007D0C14504BF01EB860102EB850274D091ED99
S315080007E0000ADC465046331E35D01C46B6F1004F8B
S315080007F07ED2002C2FDD0B1FABF1040C16F0010F77
S315080008000FD0F0EE400ADCED011AB0EE601A00EEE9
S31508000810E11A83ED011A01E08DE0B1E01B1D0CF130
S31508000820040C741015D000BFD3ED010A9CED011A13
S3150800083040EE410AC3ED010AD3ED020A9CED021A05
S315080008400CF1080C40EE410AC3ED020A0833641E97
S31508000850EAD101EB86012B0036D0B3F1004F72D2F4
S31508000860002B31DDA2F1040CAAF1040013F0010FEC
S315080008700CD0DCED010A00E08BE090ED011A001DBA
S3150800088040EE410ACCED010A0CF1040C5C1019D0BB
S31508000890DCED010A90ED011A40EE410ACCED010AA1
S315080008A0DCED020A90ED021A083040EE410ACCED62
S315080008B0020A03E0000000000DE005E0641E0CF1EA
S315080008C0080CE5D102EB830201EB88017F1E09F1D2
S315080008D001097FF47DAF009808F10108001D00901A
S315080008E00398401E03907FF44BAE0299012900E05D
S315080008F058E004BF06B0BDE8F08F00BFB5EEC00AE9
S31508000900F1EE10FA7FF4E9AD04990EFB05F3002B1E
S315080009104A684FF000010BD902EB810C9CED000AE6
S31508000920B5EEC00AF1EE10FA02D1491C8B42F3D893
S315080009308B427FF4D2AD6FF00400CEE5E0EC010AFD
S31508000940491EFBD1EFE538E0E0EC010A521EFBD167
S3150800095008E692ED000AD1ED000ABCF1010CE2ECC2
S31508000960010AA1EC010AF4D1B7E694ED000AD0ED2C
S31508000970000A491EE4EC010AA0EC010AF5D1BDE61D
S31508000980D1ED000A401E80EE801AA1EC011AF7D1BB
S31508000990EEE6D3ED000A401E80EE801AA3EC011A9B
S315080009A0F7D10EE7BCEC011AD1ED000A5B1E40EE4A
S315080009B0410AE1EC010AF5D14DE7B0EC011AD2ED96
S315080009C0000A5B1E40EE410AE2EC010AF5D17BE71C
S315080009D02DE9F04F82B04668536801930588478829
S315080009E04B88002000900888874201BFB2F800C0F3
S315080009F06545528893421EBF6FF0020002B0BDE8FB
S31508000A00F08F9FED412A4FEA970EC7F3400B00BFC0
S31508000A10DDE9000202EB800A4A6898464FF00009B1
S31508000A20B0EE420AB4465FEA0E0025D092ED001AEF
S31508000A30DCED001A02EB8302DCED010A01EE810A05
S31508000A4092ED001A02EB8302401ED2ED001A02EB69
S31508000A50830200EE810A9CED021ADCED030A00040B
S31508000A600CF1100C000C01EE210A92ED001A02EBB3
S31508000A70830200EE810AD9D117F0030026D0ACF123
S31508000A800404A2EB830210F0010F08D002EB8302E4
S31508000A90D4ED010A92ED001A241D00EE810A5FEAE0
S31508000AA00B0013D002EB830CD4ED010A9CED001A5F
S31508000AB002EBC302401E00EE810AD4ED020A92ED53
S31508000AC0001A04F1080400EE810AEBD109F10100CD
S31508000AD0AAEC010A1FFA80F9486800EB8902A8F116
S31508000AE001001FFA80F8B8F1000F99D1009806EBBB
S31508000AF08706184480B20090681E05042D0C87D11D
S31508000B0002B00020BDE8F08F0000000070B4058830
S31508000B100E884468D1F804C05368B54208D14088A5
S31508000B204988884201BF11888D425188884203D07E
S31508000B3070BC6FF00200704705FB00F1880827D0EB
S31508000B4094ED001ADCED000A94ED010ADCED011AB9
S31508000B5031EE601AD4ED020A70EE611A9CED020AB3
S31508000B6083ED001AC3ED011A94ED031ADCED031A9E
S31508000B7030EEC00A401E71EE610A83ED020A04F1E6
S31508000B801004C3ED030A03F110030CF1100CD7D1BE
S31508000B9011F0030030D0B0F1004F30D200282BDD21
S31508000BA0211F1B1FACF1040210F0010F0AD091EDB2
S31508000BB0010AD2ED010A091D121D30EE600A83ED05
S31508000BC0010A1B1D400817D091ED010AD2ED010A52
S31508000BD0401E30EE600A83ED010A91ED020AD2ED5D
S31508000BE0020A01F1080102F1080230EE600A83EDFB
S31508000BF0020A03F10803E7D170BC00207047B4EC81
S31508000C00010A401EFCEC010A30EE600AA3EC010A58
S31508000C10F5D1F1E72DE9F04F02884768B0F8028070
S31508000C204888D1F8049082B04FF0000A16468242EE
S31508000C3007BF098888456FF0020002B018BFBDE8F3
S31508000C40F08F4FEA980B02EB42000190C8F3400080
S31508000C50CDF8000009EB8A01BBF1000F33D00198EB
S31508000C6001EB820C01EB80043B46E64601EBC2052C
S31508000C704FEA0B0093ED000A401E81ED000A93ED42
S31508000C80010A01EB02118CED000A93ED020A0CEB46
S31508000C90021C85ED000A93ED030A05EB021584EDA7
S31508000CA0000A04EB021403F11003E3D10EEB8200F1
S31508000CB000EB820000EB8201ABF10100504307EB29
S31508000CC00B1701EB001118F0030C21D03B1FA1EB09
S31508000CD082011CF0010F06D093ED010A01EB820197
S31508000CE01B1D81ED000A009880B100BF93ED010A33
S31508000CF001EB820401EBC20184ED000A93ED020ABE
S31508000D00401E81ED000A03F10803EFD107EB8C07BB
S31508000D100AF101001FFA80FA701E0604360C99D1F2
S31508000D2002B00020BDE8F08F2DE9F05F05460020EF
S31508000D3092469B4688460646814640241BE028463E
S31508000D4041464746224600F053F853465A46C01ACB
S31508000D50914110D311461846224600F03AF82D1A4A
S31508000D6067EB01084F4622460120002100F031F8C2
S31508000D7017EB00094E41201EA4F10104DFDC4846AA
S31508000D8031462A464346BDE8F09F40EA01039B07E1
S31508000D9003D009E008C9121F08C0042AFAD203E0E2
S31508000DA011F8013B00F8013B521EF9D27047D2B246
S31508000DB001E000F8012B491EFBD270470022F6E736
S31508000DC010B513460A4604461946FFF7F0FF2046B3
S31508000DD010BD202A04DB203A00FA02F100207047F1
S31508000DE09140C2F1200320FA03F31943904070475B
S31508000DF0202A04DB203A21FA02F00021704721FA62
S31508000E0002F3D040C2F120029140084319467047C8
S31508000E10064C074D06E0E06840F0010394E8070039
S31508000E2098471034AC42F6D3FFF7B2F9F09B0008A6
S31508000E30109C000870B58C1810F8015B15F00703B4
S31508000E4001D110F8013B2A1106D110F8012B03E055
S31508000E5010F8016B01F8016B5B1EF9D12B0705D45D
S31508000E600023521E0DD401F8013BFAE710F8013BA6
S31508000E70CB1A921C03E013F8015B01F8015B521EC2
S31508000E80F9D5A142D8D3002070BD00000122102157
S31508000E90014801F067BC0000000002400022102152
S31508000EA0014801F05FBC0000000002400122114623
S31508000EB0014801F057BC000000040240002201214D
S31508000EC0014801F04FBC00000004024070B5054619
S31508000ED0FFF7E4FF922000F02DF90622654912205B
S31508000EE000F00AF9FFF7D2FF624CA4F11C066078FD
S31508000EF02178000200B2084300EE100AD6ED030A74
S31508000F00B8EEC00A60EE200A95ED080A60EE800A7F
S31508000F10C5ED000AE078A178000200B2084300EEA9
S31508000F20900A96ED031AF8EEE00A60EE810A60EE82
S31508000F30800AC5ED010A60792179000200B20843EA
S31508000F4000EE900A3081F8EEE00A60EE810A20EEA3
S31508000F50800A85ED020AFFF7B1FF08222146002024
S31508000F6000F0CAF8FFF7A2FF20780F285AD1F078C8
S31508000F70A1780028E0784FEA002000B240EA010094
S31508000F802BD000EE100AD5ED090AB8EEC01A96ED78
S31508000F90040A51EE000AC5ED030A607921790002B8
S31508000FA000B2084300EE900A95ED0A1AF8EEE00A38
S31508000FB010EE801A85ED041AE079A179000200B2D4
S31508000FC0084300EE900A308195ED0B1AF8EEE00A18
S31508000FD010EE801A85ED051A24E000EE100AF8EEE8
S31508000FE0C00A96ED040A60EE800AC5ED030A607928
S31508000FF02179000200B2084300EE900AF8EEE00AF2
S3150800100060EE800AC5ED040AE079A179000200B213
S31508001010084300EE900A3081F8EEE00A20EE800AD6
S3150800102085ED050AFFF73AFFA22000F083F80222B1
S315080010301049222000F060F8FFF728FF2078617831
S31508001040C00040EA51103081B0F5806F02DBA0F590
S3150800105000603081B6F90800B4EE001A00EE100AF6
S31508001060F8EEC00AB3EE070A00EE810A85ED070A14
S3150800107070BD0000A800002070B50D461649174C33
S3150800108008600020A07006F0DDF9A1780843A0707A
S3150800109006F06CFAA1780843A0701DB1104800F05C
S315080010A017F916E00E489FED0F0A80ED090A9FED25
S315080010B00E0A80ED0A0A80ED0B0A9FED0C0A80EDF8
S315080010C00C0A9FED0B0A80ED080A9FED0A0A80EDCF
S315080010D0060AA07870BD0000880000208C00002059
S315080010E0C8640020AC38223BB016CE393F161B41E7
S315080010F0C48B813F0000204270B514460D4640F06F
S31508001100800000F017F806E0552000F013F8641E7A
S3150800111005F8010BE4B2002CF6D170BD10B50C46EB
S3150800112040F0800000F006F8552000F003F8207023
S3150800113010BD000001B582B04FF47A7000900548E2
S31508001140012301AA02A9006801F080FF9DF80400A6
S315080011500EBD00008800002010B50C46FFF7EAFF18
S315080011602046BDE81040FFF7E5BFB6EE000AD2ED0F
S31508001170020AF0EE401A92ED031A40EEE01A90EDDC
S31508001180002AD2ED012AD0ED013A22EEA03A41EE2C
S31508001190411A21EE822AD2ED001A01EEC13A22EE58
S315080011A0811A01EEA01A03EE232AD0ED020AF0EE08
S315080011B0001A01EE202A62EE210AC1ED000A92ED1C
S315080011C0011AD2ED023A92ED002AD2ED030A61EE37
S315080011D0232A90ED003A90ED014A42EE202A62EE6B
S315080011E0832AB0EE403A01EE413A00EEE03A63EE69
S315080011F0A00A42EE410A43EE042A90ED021A40EE96
S31508001200812A62EEA10AC1ED010A92ED011AD2ED18
S31508001210032AD2ED020A92ED003A21EE222A60EE66
S31508001220A22AD0ED003A01EE410A03EE602A43EE07
S31508001230012A90ED013A00EEE00A22EE232AD0EDCB
S31508001240020A02EE832A00EE202A22EE210A81ED06
S31508001250020A7047FEE70000014800F01CBD0000C6
S31508001260246A0020014800F016BD00004C6A0020E0
S3150800127070B5144C0E250121C4E908150020C4E9EF
S31508001280060120606060A060E06060612061214620
S315080012900D4800F005FC0C4800F026FF02210A481C
S315080012A000F0EBFB656221460848656100F0F8FB33
S315080012B0064800F019FFBDE870400221034800F017
S315080012C0DCBB0000FC640020246A00204C6A002075
S315080012D02DE9F04F04462DED048B89B000200090CF
S315080012E0019000F0B1FAED4DDFF8B4B3DFF8B4932E
S315080012F085ED050A02AE0DF114084FF07C5A00BFC1
S3150800130000F0A2FAD5ED050A30EE600A10EE100AD2
S31508001310584512DD9FEDE40A84ED090A9FEDE30ABC
S3150800132084ED0A0A84ED0B0A9FEDE10A84ED0C0AA6
S315080013309FEDE00A84ED060A8BE19FEDDF0A00F0D7
S3150800134047FA9FEDDE0A002784ED0C0A84ED090AA8
S3150800135084ED0A0A84ED0B0AFBE000BFFFF79EFD49
S315080013609220FFF7E7FE062269461220FFF7C4FE21
S31508001370FFF78CFD9DF801009DF80010000200B2F1
S31508001380084300EE100AD5ED030AB8EEC00A60EE6F
S31508001390201AC4ED001A9DF803009DF802100002F9
S315080013A000B2084300EE100A95ED031AB8EEC00A1B
S315080013B060EE010AC4ED010A9DF805009DF80410C7
S315080013C0000200B2084300EE100AB8EEC00A20EE8A
S315080013D0011A21EEA10A84ED021A00EEA00A01EE16
S315080013E0010A05F0E5FFB0EE408A94ED0C0A30EEEE
S315080013F0080A84ED0C0AFFF761FD082269460020F9
S31508001400FFF77AFEFFF752FD9DF800000F2840D13E
S315080014109DF803009DF80210000200B2084300EE92
S31508001420100AD5ED040AB8EEC00A20EE200A84EDAB
S31508001430030A94ED091A31EE000A84ED090A9DF8AB
S3150800144005009DF80410000200B2084300EE100AD9
S31508001450B8EEC00A20EE200A84ED040A94ED0A1AB2
S3150800146031EE000A84ED0A0A9DF807009DF8061079
S31508001470000200B2084300EE100AB8EEC00A20EED9
S31508001480200A84ED050AD4ED0B0A30EE800A84EDB5
S315080014900B0A002F7ED0B4EEC98AF1EE10FA01DDF0
S315080014A0B0EE489AB4EEE88AF1EE10FA01D2F0EE00
S315080014B0488A00204FEA080204EB800191ED030AEE
S315080014C006EB8001D1ED000AB4EEE00AF1EE10FA5F
S315080014D001DD81ED000A02EB8001D1ED000AB4EED0
S315080014E0E00AF1EE10FA01D281ED000A401CC0B202
S315080014F00328E1D339EE680A0020424685ED060A3C
S315080015004FEA090106EB8003D3ED000A02EB8003DC
S3150800151093ED001A01EB8003401C70EEC10AC0B2BD
S315080015200328C3ED000AEDD310EE100A504514DC6B
S3150800153063480A68824210DC4A6882420DDCD9F8A0
S315080015400810814209DC9FED5F0A00F041F97F1C13
S31508001550BFB2E8888742FFF401AFE988D4ED0C0AE8
S3150800156000EE101A2F460020B8EE400A80EE801AC8
S3150800157084ED0C1A00EE101A04EB8002401CB8EE3B
S31508001580400AD2ED090AC0B2032880EE801A82ED1D
S31508001590091A00E06AE0EDD3FFF780FCA220FFF706
S315080015A0C9FD022269462220FFF7A6FDFFF76EFC59
S315080015B09DF800009DF80110C00040EA5110B0F5F2
S315080015C0806F01DBA0F5006000EE100AB4EE001A89
S315080015D0F8EEC00AB3EE070A00EE810A84ED060AA1
S315080015E0B888401CB880B86950453FF789AE94ED75
S315080015F00C0ADFED350A30EE600AB0EEC00A10EECE
S31508001600100A5045F1DC2E48D9F800104A468142A6
S31508001610EBDC51688142E8DCD9F808108142E4DC49
S3150800162094ED090A2948B0EEC00A10EE101A814254
S31508001630DBDC94ED0A0AB0EEC00A10EE101A8142FD
S31508001640D3DC94ED0B0AB0EEC00A10EE101A8142F4
S31508001650CBDC94ED0C0ADFED1E0A80EE801A84EDD1
S31508001660081A09B0BDEC048BBDE8F08FB0EE489AB5
S31508001670F0EE488A0020414604EB800292ED030A08
S3150800168006EB800282ED000A01EB8002401CC0B224
S3150800169082ED000A0328EFD32CE700008C00002017
S315080016A000002041BC640020AC38223BB016CE397D
S315080016B03F161B41000020420AD7A33B000000004A
S315080016C09A99193E6F12033ACDCC1C410AD7233C8E
S315080016D0C3F51C41014800F0BBBD0000E4740020BE
S315080016E0014800F0B5BD000084740020014800F0F0
S315080016F0AFBD000044750020014800F0A9BD0000F8
S315080017002474002001681823CAB2103AB2FBF3F217
S31508001710054B6FF30901032A9B5CC36500D9091DB4
S3150800172081650846704700006492000810B50146B6
S3150800173000208B698A6A4FF0C07453B1B3F5005F15
S3150800174015D072B1012A0CD0022A0AD0032A09D16F
S3150800175004E01AB1012A06D0022A03D1C96AC901CE
S3150800176000D5012010BDC96AA142FAD010BD002AD1
S31508001770F7D0012AF2D0022AF3D0032AF3D010BDFB
S3150800178030B50468256825F48025256004686360FB
S315080017908368402B036803D099600068C26030BD37
S315080017A09A600068C16030BD074808B54068009077
S315080017B0014606480269914202D2C168491CC160C5
S315080017C00099016108BD0000001000E0E800002053
S315080017D00A4948680A4AD2ED000A4A68121AF8EE17
S315080017E0601A01EE102AB8EE411A60EE211AB4EE1C
S315080017F0E11AF1EE10FAF0D370470000001000E08D
S31508001800E800002000B50E492DED028B81B049682D
S3150800181000910168009A511A00EE101A0949F8EE6B
S31508001820400A91ED000A0260B8EE400A80EE808A0E
S31508001830FFF7BAFF01B0B0EE480ABDEC028B00BD57
S31508001840001000E0E800002010B500F043F80C484E
S315080018509FED0C1A818890ED000A00EE901AC08858
S31508001860B8EE400AF8EE600A00EE810A00EE900A29
S315080018709FED051AF8EE600A00EE810A10BD000019
S31508001880180100206F12833ABD3786350D490A685C
S3150800189042F080720A600C4900224A600B6843F0E5
S315080018A001030B6009494FF47A734843B0FBF3F31D
S315080018B00749C1E90003054BB0FBF3F0C1E9020291
S315080018C070470000FCED00E0001000E040420F0009
S315080018D0E80000202DE9F843214840680090FFF70A
S315080018E063FF204F0024009EF8684FF0FF3125461D
S315080018F0E0FB0165C7E90E65D7F800802346424636
S3150800190030462946FFF710FAA0FB083CC7E906014E
S3150800191001FB08C100FB0411F61A65EB0105C7E9CE
S31508001920086507F130080023C8F80000D7F80490C6
S3150800193030464A462946FFF7F7F980B2A8F8040068
S3150800194000FB09F0301A65EB0405C7E90A052946C4
S315080019500023BA68FFF7E8F9A8F80600BDE8F88397
S31508001960001000E0E80000207047082000F0F6BDEF
S31508001970102000F0F3BD10B5202000F0EFFD402048
S3150800198000F0ECFDBDE81040802000F0E7BDB6EEA3
S31508001990000AD2ED020AF0EE401A92ED031A40EE62
S315080019A0E01A90ED002AD2ED012AD0ED013A22EE96
S315080019B0A03A41EE411A21EE822AD2ED001A01EE32
S315080019C0813A22EE811A01EEE01A03EE232AD0EDBF
S315080019D0020AF0EE001A01EE202A62EE210AC1ED93
S315080019E0000A92ED011AD2ED023A92ED002AD2EDE2
S315080019F0030A61EE232A90ED003A90ED014A42EE81
S31508001A00602A62EE832AB0EE403A01EE413A00EED1
S31508001A10E03A63EEA00A42EE010A43EE042A90ED8C
S31508001A20021A40EE812A62EEA10AC1ED010A92ED80
S31508001A30011AD2ED032AD2ED020A92ED003A21EEFE
S31508001A40222A60EEA22AD0ED003A01EE410A03EE00
S31508001A50202A43EE412A90ED013A00EEE00A22EEF2
S31508001A60232AD0ED020A02EE832A00EE202A22EE6D
S31508001A70210A81ED020A7047704790F82020012A52
S31508001A8007D0022A05D0416A41F48021416201202B
S31508001A907047006842690A434261002070470000A7
S31508001AA010B590F82020012A07D0022A05D0416AED
S31508001AB041F480214162012010BD3B48D0F8002244
S31508001AC042F00102C0F80022D0F8002222F47C522B
S31508001AD0C0F80022D0F800224B6A42EA0322C0F876
S31508001AE000220A7D02F01F0301229A40D0F81C3218
S31508001AF09343C0F81C32CB69B3B9D0F80C32934380
S31508001B00C0F80C328C894B6864F31F434C6900EBB0
S31508001B10C404C4F840320C890B6864F31F434C694B
S31508001B2000EBC404C4F84432CB69012B16D1D0F8B3
S31508001B300C321343C0F80C320C884B6864F31F430D
S31508001B404C6900EBC404C4F840320C89CB6864F3D2
S31508001B501F434C6900EBC404C4F844328B69002B5C
S31508001B60D0F804320ED01343C0F804320B69002BA8
S31508001B70D0F8143208D01343C0F81432096A012980
S31508001B8004D008E09343EFE79343F5E7D0F81C1237
S31508001B901143C0F81C12D0F8001221F00101C0F858
S31508001BA00012002010BD000000640040704730B5E8
S31508001BB090F82040012C05D0022C03D0416A41F44C
S31508001BC080215DE00468002955D02469A40754D013
S31508001BD04FF4D874056804EB01142D5915F0040563
S31508001BE0956005682D594ED0ED08556005682C5945
S31508001BF004F00204D4604FF4DA74056804EB0114A7
S31508001C002D5905F00F05156105682D59C5F30725EA
S31508001C10956105682C59240C54614FF4DC720468EC
S31508001C2002EB0112A4581C700468A458240A5C70BC
S31508001C300468A458240C9C700468A258120EDA7022
S31508001C404FF4DE72046802EB0112A4581C71046892
S31508001C50A458240A5C710468A458240C9C7104686E
S31508001C60A258120EDA71006881B1016941F02001AB
S31508001C700161002030BDE468A8E7416A41F400111B
S31508001C804162012030BD6D0D1560AFE7C16841F0B6
S31508001C902001C160EDE72DE9F05F054600680024E4
S31508001CA04669D0F804908768D0F80CB0D0F810A030
S31508001CB0D0F81880F10748D0F90714D001218160BF
S31508001CC0B80703D5284600F03CFA0CE0780702D599
S31508001CD04FF4006407E0380702D54FF4805402E059
S31508001CE0284600F02DFAF80516D529684FF48070B5
S31508001CF08860B80503D5284600F025FA0CE0780573
S31508001D0002D544F4005407E0380502D544F480446B
S31508001D1002E0284600F016FAF80316D529684FF4AB
S31508001D2080308860B80303D5284600F00EFA0CE028
S31508001D30780302D544F4004407E0380302D544F496
S31508001D40803402E0284600F0FFF9300707D55FEA3D
S31508001D50CB6004D52968102044F40074C860700765
S31508001D604FF0080707D55FEA0B7004D52868C760E7
S31508001D70284600F099F9B00706D52868C068800794
S31508001D8002D0284600F092F9700607D55FEACA60C5
S31508001D9004D52968102044F480640861B00607D584
S31508001DA05FEA0A7004D528680761284600F098F9A2
S31508001DB0F00606D528680069800702D0284600F094
S31508001DC090F9B00308D55FEAC96005D529681020DF
S31508001DD04860284600F086F9F00307D55FEA0970DF
S31508001DE004D528684760284600F0B0F9300446D57F
S31508001DF05FEA497040D5F00504D55FEAC87001D09E
S31508001E0044F00104B00504D55FEA887001D544F0B2
S31508001E100204700504D55FEA487001D544F004044D
S31508001E20300529D518F0700F26D008F07000402824
S31508001E3015D006DC102809D020280AD0302816D15B
S31508001E400AE050280ED0602811D10EE044F00804AC
S31508001E500DE044F010040AE044F0200407E044F0E2
S31508001E60400404E044F0800401E044F480742868E7
S31508001E70816921F070018161296804204860002C7D
S31508001E8005D0686A204368622846FFF78FFEBDE8DA
S31508001E90F09F70B5040003D094F8200010B104E058
S31508001EA0012070BD204600F081F82068016841F0E5
S31508001EB00101016000F05CFC0546052604E000F01F
S31508001EC057FC401B0A2811D820684068C007F6D07E
S31508001ED02068016821F00201016000F049FC05460E
S31508001EE00BE000F045FC401B0A2806D9606A40F45E
S31508001EF00030606284F82060D2E720684068800776
S31508001F00EFD4207E0128206801683DD021F08001A9
S31508001F100160607E01282068016838D021F0400100
S31508001F200160A07E01282068016833D021F02001D5
S31508001F300160E07E0128206801682ED041F010017A
S31508001F400160207F01282068016829D021F0080156
S31508001F500160607F01282068016824D021F004010F
S31508001F600160D4E902010843D4E904121143084385
S31508001F706168491E08432168C86100206062012023
S31508001F8084F82000002070BD41F08001C0E741F0D0
S31508001F904001C5E741F02001CAE721F01001CFE76B
S31508001FA041F00801D4E741F00401D9E7F0B587B05C
S31508001FB0044614216846FEF701FF364B3648DFF81B
S31508001FC0D0E01968D4F800C0334A03250226092749
S31508001FD010300024491CF44522D11960012907D183
S31508001FE0016841F000710160006800F0007005901A
S31508001FF0106840F0080010601068CDE9005600F03F
S315080020000800CDE9047069462448CDE9024500F088
S31508002010B1FA00220521142000F048FC142032E011
S31508002020DFF87CE0F44530D1D0F800C04CF0806C85
S31508002030C0F800C0D0F800C001290CF0806CCDF8BB
S3150800204014C0196007D1016841F000710160006889
S3150800205000F000700590106840F0020010601068EB
S3150800206002AB00F0020005906020CDE9000683E887
S31508002070B00069460B4800F07DFA00220521402091
S3150800208000F014FC402000F003FC07B0F0BD00008F
S31508002090006400405002002030380240000C024024
S315080020A00068004000040240704700001CB5044662
S315080020B06B46084A0021FFF77AFD0748844208D193
S315080020C0064800990160BDF8041081809DF8061045
S315080020D081711CBD246500204C6A00204202002044
S315080020E0704770477047000070B5044690F82000A6
S315080020F0012804D0606A40F40020606218E00220DB
S3150800210084F820002068016821F00101016000F0D0
S315080021102FFB05460EE000BF00F02AFB401B0A28ED
S3150800212008D9606A40F400306062052084F820000F
S31508002130012070BD20684068C007EDD1606270BD9F
S31508002140704770477047704770477047704710B5BB
S31508002150040002D0607910B106E0012010BD00200D
S315080021602071204600F004F801206071002010BD9F
S3150800217008B500680649884208D10648016841F44E
S3150800218080510160006800F48050009008BD00008E
S3150800219000300240303802402DE9F0410446876D90
S315080021A000F0E6FA064694F835000025022806D01F
S315080021B08020606584F834500120BDE8F0812068ED
S315080021C0016821F0160101602068416921F080014B
S315080021D04161206C08B9A06C20B12068016821F023
S315080021E0080101602068016821F0010101600CE026
S315080021F000F0BEFA801B052807D920206065032059
S3150800220084F8350084F83450D7E720680068C0079A
S31508002210EED194F85C103F208840B860012084F81D
S31508002220350084F834500020C7E790F835100229A5
S3150800223003D08021416501207047052180F83510BB
S315080022400068016821F00101016000207047000064
S315080022502DE9F84304464FF00009CDF8009063488D
S315080022604FF41651A56D0068B0FBF1F72E6894F887
S315080022705C10082000FA01F131420FD021680A6883
S3150800228052070BD50A6822F004020A6094F85C101B
S315080022908840A860606D40F00100606594F85C10A5
S315080022A04FF0010808FA01F0304208D02168496960
S315080022B0090604D5A860606D40F00200606594F8D0
S315080022C05C1004208840304208D0216809688907D4
S315080022D004D5A860606D40F00400606594F85C1051
S315080022E010208840304218D021680968090714D59B
S315080022F0A86020680168490304D50068000308D56A
S31508002300A16C07E00168C90503D4016821F008013A
S315080023100160216C09B12046884794F85C1020209A
S315080023208840304231D021680968C9062DD5A86091
S3150800233094F8350005282068016806D0490347D572
S31508002340006800031DD4616C1CE021F016010160D1
S315080023502068416921F080014161206C08B9A06CB0
S3150800236020B12068016821F00801016094F85C102A
S315080023703F208840A86084F8358084F83490216D21
S315080023801FE0E16B09B120468847606D00282BD015
S31508002390606DC00714D0052084F8350020680168F0
S315080023A021F0010101600098401C0090B84203D852
S315080023B020680068C007F6D184F8358084F8349020
S315080023C0E16C002910D001B02046BDE8F04308476B
S315080023D00168C905D5D4016821F01001016084F8A7
S315080023E0358084F83490CCE7BDE8F8836C02002089
S315080023F02DE9F041044600F0BBF906465CB102201F
S3150800240084F83500002584F834502068016821F0E6
S31508002410010101600DE00120BDE8F08100F0A8F996
S31508002420801B052805D920206065032084F835001F
S31508002430F2E720680068C007F0D1226811682048D2
S315080024400140D4E901031843D4E90336334318435A
S3150800245063691843A3691843E3691843236A184351
S315080024600843616A042903D1D4E90B1319430843C5
S31508002470106020684069666A20F0070130460E43FE
S31508002480012704280CD1A06A0643E06A40B1204619
S31508002490FFF74CF920B14020606584F83570BAE73B
S315080024A0206846612046FFF72DF994F85C203F2105
S315080024B091408160656584F835700020ACE70000BE
S315080024C03F8010F02DE9F0410446866D90F83400FF
S315080024D0002501280DD0012084F8340094F83570C1
S315080024E00020012F07D084F8340002252846BDE8CD
S315080024F0F0810220FBE7022784F8357060652046E4
S31508002500FFF73EF994F85C103F208840B0602068D9
S31508002510016841F016010160206C20B1206801684D
S3150800252041F0080101602068016841F0010101607D
S31508002530DCE7000070B5044600F01AF90546601C91
S3150800254002D004480078044400F012F9401BA04267
S31508002550FAD370BD0000002070470000044910B58A
S315080025600A68024202D00860FFF7F6FF10BD0000B5
S31508002570143C01402DE9F84FDFF8BCA100220125E3
S3150800258003264FF00F090AF1040BAAF1040E00BF47
S315080025900B6805FA02F42340A34270D10F7907F0BD
S315080025A00307012F01D0022F16D187684FEA420888
S315080025B006FA08FC27EA0C07D1F80CC00CFA08FC46
S315080025C04CEA070CC0F808C04768A7430C79C4F35F
S315080025D0001494403C4344600C79E443A4070AD0B1
S315080025E0C4684FEA420C06FA0CF7BC438F6807FA30
S315080025F00CF72743C7600C7904F00304022C12D1A8
S31508002600D40800EB840CDCF820405707FF0E09FAC3
S3150800261007F824EA0804D1F8108008FA07F848EA07
S315080026200408CCF8208004684FEA420C06FA0CF736
S31508002630BC430F7907F0030707FA0CF7274307602F
S315080026404C6814F4403F70D03C4C276847F48047E8
S315080026502760246822F0030704F480440094384C69
S3150800266007EB040CDCF8084897074FEA177809FACD
S3150800267008F7BC43334FB84202D1002724E054E0A0
S31508002680314FB84201D101271EE0304FB84201D17F
S31508002690022719E02E4FB84201D1032714E02D4F27
S315080026A0B84201D104270FE02B4FB84201D10527C4
S315080026B00AE02A4FB84201D1062705E0284FB8425A
S315080026C001D1072700E0082707FA08F72743CCF8BF
S315080026D00878DAF800405746D1F804C09C435FEA08
S315080026E0CC2C00D51C433C60DBF800405F46D1F893
S315080026F004C09C435FEA8C2C00D51C433C60DEF882
S3150800270000407746D1F804C09C435FEA8C3C00D56C
S315080027101C433C60084F083F3C68D1F804C09C4302
S315080027205FEACC3C00D51C433C60521C102AFFF4DF
S315080027302FAFBDE8F88F0000083C0140443802403E
S315080027400030014000000240000402400008024038
S31508002750000C02400010024000140240001802401B
S31508002760001C02400AB1816170470904FBE70000BA
S315080027700148806870470000000000200248816810
S315080027800278114481607047000000200B4810B59C
S31508002790016841F400710160016841F480610160DB
S315080027A0016841F480710160032000F09FF8002061
S315080027B000F006F800F050F8002010BD003C02407A
S315080027C030B50546204887B00024016841F001016C
S315080027D00160006806A900F00100009001A800F059
S315080027E031F90498B0B100F04DF9400017494FF09F
S315080027F08042B0FBF1F11648491E026040F2E7320A
S31508002800C0E90324C0E90114846100F085FD0400D1
S3150800281003D015E000F036F9E8E70D4800F0EAFDC8
S3150800282004000DD11C2000F033F8102D07D2002229
S3150800283029461C2000F03AF80648056000E0012405
S3150800284007B0204630BD00004038024040420F0025
S3150800285034720020040000200C4882B0016841F45C
S3150800286080410160006800F4804000900748001F1E
S31508002870016841F0805101600068002200F0805034
S3150800288000900F21901E02B000F010B844380240A4
S31508002890002809DB00F01F02012191404009800051
S315080028A000F1E020C0F8001170470000F0B40E4BAC
S315080028B01B680C46C3F30223C3F10705042D00D990
S315080028C00425191D072901D2002300E0DB1E012675
S315080028D006FA05F1491E214099409E40761E16408B
S315080028E03143F0BC04F0DCBA0CED00E0064900F018
S315080028F0070208684FF6FF03184040EA0220034A19
S3150800290010430860704700000CED00E00000FA056F
S315080029102DE9F0470E46050065D0DFF81481D8F892
S315080029200000F7B200F00700B04207D288F800703E
S31508002930D8F8000000F00700B04254D128683D4C92
S31508002940810712D5400703D5206840F4E05020607F
S315080029502878000703D5206840F460402060206886
S31508002960A96820F0F000084320602878C0072DD019
S31508002970304968680839012812D0022813D003287C
S3150800298011D00968890700292DDA216821F0030189
S3150800299001432160FFF7ECFE814641F2883A0EE0DA
S315080029A009688903EFE709688901ECE7FFF7E0FEA4
S315080029B0A0EB0901514502D90320BDE8F08720683C
S315080029C0696800F00C00B0EB810FEFD1D8F8001061
S315080029D0404601F00701B14207D90770006800F0C8
S315080029E00700B04201D00120E7E72878400705D55F
S315080029F02068E96820F4E05008432060287800073A
S31508002A0006D52068296920F4604040EAC1002060A4
S31508002A1000F058F82168084AC1F30311515CC84010
S31508002A200649086006480068FFF7CAFE0020C4E7A2
S31508002A30003C0240083802409C9300086C020020C3
S31508002A40040000200F2202600C4A136803F00303F7
S31508002A504360136803F0F0038360136803F4E053DC
S31508002A60C36012684FF4E05303EAD20202610448D5
S31508002A70006800F007000860704700000838024048
S31508002A80003C02400448054900680968044AC1F345
S31508002A908221515CC84070476C0200200838024009
S31508002AA0AC9300080448054900680968044AC1F35C
S31508002AB04231515CC84070476C0200200838024019
S31508002AC0AC930008154810B5006810F00C021448BD
S31508002AD013D01449042A0FD0082A0ED10F4C241FEC
S31508002AE02268236802F03F025B0207D52068C0F31C
S31508002AF08810A0FB010106E0084610BD2168C1F355
S31508002B008811A1FB00010023FEF70EF92168C1F325
S31508002B100141491C4900B0FBF1F010BD08380240DC
S31508002B200024F400001BB7002DE9F84F04006ED00E
S31508002B302078DFF84C93C007A9F104054AD009F1BB
S31508002B4004000168C1F38101012908D00068C0F3B7
S31508002B50810002280AD1D9F80000400206D5286863
S31508002B60800337D560680028E1D033E06068B0F5A7
S31508002B70803F10D0B0F5A02F286810D020F4803000
S31508002B802860286820F4802028606068A8B1FFF7CC
S31508002B90EFFD06460DE0286840F48030F4E740F47F
S31508002BA080202860F7E700BFFFF7E2FD801B642856
S31508002BB073D828688003F7D50CE0FFF7D9FD0646D9
S31508002BC005E000BFFFF7D4FD801B6428F0D828680D
S31508002BD08003F7D42078DFF8AC8280074FF0000A2C
S31508002BE03ED5A748001D016811F00C0F08D00068F3
S31508002BF0C0F3810002280BD1D9F80000400207D49F
S31508002C002868800716D5E068012800D112E033E16C
S31508002C10E068B8B10120C8F80000FFF7A9FD06462C
S31508002C2005E000BFFFF7A4FD801B0228C0D828686E
S31508002C308007F7D52868216920F0F80040EAC10026
S31508002C4028600DE0C8F800A0FFF792FD064604E0EC
S31508002C50FFF78EFD801B02281FD828688007F7D447
S31508002C602078000722D5864F87486169703771B189
S31508002C7001210160FFF77CFD064604E0FFF778FDB9
S31508002C80801B022809D838688007F7D50EE0C0F8F7
S31508002C9000A0FFF76DFD064605E082E0FFF768FD38
S31508002CA0801B02287DD838688007F7D4207840072B
S31508002CB068D5DFF8CCB100270BF13C0BDBF8000038
S31508002CC0C0000BD4DBF8001041F08051CBF800109F
S31508002CD0DBF80000012700F0805000906B4E30684A
S31508002CE0C00510D4306840F480703060FFF740FDAE
S31508002CF0009005E0FFF73CFD0099401A022850D8DD
S31508002D003068C005F6D55E4EA0686C3601280FD02F
S31508002D100528306810D020F001003060306820F0B7
S31508002D2004003060A068B8B1FFF722FD00900FE0FC
S31508002D30306840F00100F4E740F004003060F7E73F
S31508002D40FFF716FD0099411A41F28830814266D88C
S31508002D5030688007F4D50EE0FFF70AFD009007E01B
S31508002D60FFF706FD0099411A41F28830814256D88C
S31508002D7030688007F4D42FB1DBF8001021F08051B9
S31508002D80CBF80010A069C8B33D49091D0968C1F30D
S31508002D90810102294AD00228504607D0C8F86000A7
S31508002DA000E03CE0FFF7E4FC04463BE04746C8F891
S31508002DB06000FFF7DDFC064605E000BFFFF7D8FC1C
S31508002DC0801B02282BD828688001F7D4D4E907018C
S31508002DD00843A16A2E4A490802EB0141626A41EAA0
S31508002DE08211084394F82C1040EA0161C9F80010D2
S31508002DF001203866FFF7BCFC044606E03EE000BF4B
S31508002E00FFF7B6FC001B022809D828688001F7D509
S31508002E1034E000BFFFF7ACFC001B022802D90320F0
S31508002E20BDE8F88F28688001F4D427E00128F7D098
S31508002E30D9F80000E26900F4800191421CD1226AA7
S31508002E4000F03F01914217D147F6C071626A01400E
S31508002E50B1EB821F10D1A26A4FF0FF3300F4403164
S31508002E6003EB5202B1EB024F06D194F82C1000F096
S31508002E707060B0EB016F01D00120D1E70020CFE7E9
S31508002E800438024000004742800E47420070004066
S31508002E900000FFFF70B5040009D0606A002540B144
S31508002EA025616561A56294F8510040B10CE00120E6
S31508002EB070BD6068B0F5827FF4D0E561F2E784F80A
S31508002EC05050204600F044F8022084F8510020684B
S31508002ED0016821F040010160A088218900F4827010
S31508002EE001F404410843A18901F400610843217CE7
S31508002EF001F002010843217D01F001010843218BFD
S31508002F0001F400710843217F01F03801084394F861
S31508002F10201001F080010843218D01F40051084377
S31508002F2021680860A069042101EA104094F8241079
S31508002F3001F010010843216848602068C16921F43E
S31508002F400061C1616565012084F85100002070BDEB
S31508002F502DE9F04387B0064614216846FDF72EFF93
S31508002F6034493068884261D133480025016841F404
S31508002F7080510160006800F4805005902E4814388E
S31508002F80016841F002010160016801F00201059142
S31508002F90016841F0010101600068022400F00100A7
S31508002FA00590182001274FF003084FF005098DE812
S31508002FB0910369462148FFF7DDFA80208DE89103E1
S31508002FC069461F48FFF7D6FA1F4C1E484FF0C067E0
S31508002FD02060C4E901754FF48068C4E90358656147
S31508002FE07812A561C4E9075020466562FFF700FA22
S31508002FF008B1FEF741FDF464A663134C114860342A
S315080030001830E4E802074020A4E82101C00244F889
S315080030101459A561C4E907500B4865626030FFF78B
S31508003020E7F908B1FEF728FDB464A66307B0BDE862
S31508003030F08300000030014044380240000402409A
S315080030400000024040640240747100202DE9F84FE8
S31508003050044690F8500000270A9E1D4692468B4665
S315080030604FF0010901280ED0012084F85000FFF71F
S315080030707FFB804694F85100616801280CD0B1F5B1
S31508003080827F07D102E00220BDE8F88FA16809B95E
S31508003090042801D00227C2E0BBF1000F27D0BAF1FD
S315080030A0000F24D01DB394F85100042802D005203F
S315080030B084F8510000206065C4F838A0E587A58724
S315080030C0C4F830B0E586A586206460642068016887
S315080030D0490603D4016841F040010160E068B0F593
S315080030E0006F606805D0E8B3012D46D07FE0012760
S315080030F095E008B1012D39D1206B21680088C86098
S31508003100206B801C2063E08E401EE0862EE020683F
S31508003110816889070FD5E18E69B1B9F1010F0AD126
S31508003120216B0988C160206B801C2063E08E401EDD
S31508003130E0864FF0000920688168C9070CD0E18F46
S3150800314051B1C068A16B0880A06B801CA063E08F9A
S31508003150401EE0874FF00109FFF70AFBA0EB0800C5
S31508003160B04200E009E001D3701C50D1E08E00287F
S31508003170CDD1E08F0028CAD13FE0206B21680078C6
S315080031800873206B401C2063E08E401EE0862EE00C
S315080031902068816889070FD5E18E69B1B9F1010FF9
S315080031A00AD1216B09780173206B401C2063E08EDD
S315080031B0401EE0864FF0000920688168C9070CD0D8
S315080031C0E18F51B1C068A16B0870A06B401CA06369
S315080031D0E08F401EE0874FF00109FFF7C9FAA0EB20
S315080031E00800B04202D3701C01D010E07EB1E08E18
S315080031F00028CDD1E08F0028CAD142463146204664
S3150800320003F088F928B101272020606507E0032725
S3150800321005E0A06818B92068C16880680090012098
S3150800322084F85100002084F8500038462CE770478F
S31508003230704710B590F83C20012A22D0012280F868
S315080032403C20CA688C6822F4407222434C6822F4F7
S31508003250806222430C6822F4006222430C6922F43D
S31508003260805222434C6922F400522243C969002342
S3150800327022F480420A4301684A6480F83C30002000
S3150800328010BD022010BD000070B590F83C20012A40
S3150800329032D0012480F83C40022280F83D200368A1
S315080032A05A689D6822F070060A6832435A60134BC2
S315080032B002689A4214D0B2F1804F11D0104B9A424C
S315080032C00ED0104B9A420BD00F4B9A4208D00F4B98
S315080032D09A4205D00E4B9A4202D00E4B9A4204D11E
S315080032E0496825F080031943916080F83D40002124
S315080032F080F83C10084670BD022070BD00000140F1
S315080033000004004000080040000C00400004014092
S31508003310004001400018004010B5040003D094F89E
S315080033203D0010B107E0012010BD002084F83C00E4
S31508003330204600F01FF8022084F83D00211D206871
S3150800334003F0F6F9012084F8460084F83E0084F874
S315080033503F0084F8400084F8410084F8420084F86D
S31508003360430084F8440084F8450084F83D000020B2
S3150800337010BD000008B51B4A01681B4891420ED1D2
S31508003380016841F0080101600068002200F00800A9
S31508003390009005213220FFF789FA32201EE0134AF1
S315080033A091420AD11048001D016841F400310160BC
S315080033B0006800F40030009008BD0D4A9142FBD128
S315080033C0016841F4807101600068002200F4807091
S315080033D0009005212D20FFF769FA2D20BDE8084049
S315080033E0FFF756BA000C004040380240004401403E
S315080033F00020004090F83D10012901D001207047B7
S31508003400022180F83D100168CA6842F00102CA60CC
S3150800341000681149884214D0B0F1804F11D00F4985
S3150800342088420ED00E4988420BD00E49884208D0F1
S315080034300D49884205D00D49884202D00C49884278
S3150800344004D1816801F00701062903D0016841F01B
S31508003450010101600020704700000140000400409F
S3150800346000080040000C00400004014000400140F4
S315080034700018004070B5044690F83C000025012865
S3150800348017D0012684F83C60022084F83D002068A5
S31508003490826822F0770222F47F4282600868502808
S315080034A038D00DDC20284FD005DC90B3102811D178
S315080034B04AE0022070BD302846D040280AD13BE0B9
S315080034C060282FD070280DD0B0F5805F03D0B0F5F6
S315080034D0005F12D0012584F83D60002084F83C0086
S315080034E0284670BDCB68D1E90121206803F091F91F
S315080034F02068816841F0770109E0CB68D1E90121AC
S31508003500206803F086F92068816841F4804181606B
S31508003510E1E719E0CA684968206803F064FA5021AF
S31508003520206806E0CA684968206803F06DFA6021D9
S31508003530206803F078F9CEE7CA684968206803F07E
S3150800354052FA40212068F4E7226801461046F0E75F
S31508003550704770B50446006801694FF00005C94315
S31508003560890715D4C168C943890711D4E91E0161C1
S3150800357001202077206880698007204602D0FFF75F
S31508003580E7FF04E000F0DAF8204600F07FF9257737
S3150800359020680169C943490717D4C168C94349075F
S315080035A013D46FF004010161022020772068806936
S315080035B010F4407F204602D0FFF7CAFF04E000F06F
S315080035C0BDF8204600F062F9257720680169C943ED
S315080035D0090716D4C168C943090712D46FF0080150
S315080035E00161042020772068C0698007204602D040
S315080035F0FFF7AEFF04E000F0A1F8204600F046F918
S31508003600257720680169C943C90617D4C168C94323
S31508003610C90613D46FF010010161082020772068CD
S31508003620C06910F4407F204602D0FFF791FF04E0FE
S3150800363000F084F8204600F029F92577206801690A
S31508003640C943C90708D1C168C943C90704D1891E36
S315080036500161204600F080F920680169C94309061E
S3150800366009D4C168C943090605D46FF08001016110
S315080036702046FFF7DCFD20680169C943490609D4DD
S31508003680C168C943490605D46FF040010161204667
S3150800369000F069F920680169C94389060BD4C16835
S315080036A0C943890607D46FF0200101612046BDE8A9
S315080036B07040FFF7BDBD70BD30B587B00446142114
S315080036C06846FDF77BFB2468174D00221748022140
S315080036D00123AC4210D1046844F010040460006869
S315080036E000F0100005904FF428508DE80700694651
S315080036F00F48CDE9032312E00E4A944211D102681D
S3150800370042F020020260006800F020000590402088
S315080037108DE80B000320CDE9031069460648FEF73D
S3150800372029FF07B030BD00000000014030380240D4
S31508003730001002400044014000140240704770B572
S31508003740044690F83C0000260D4601280FD00120BB
S3150800375084F83C006AB1042A1DD0082A2FD00C2A06
S315080037603FD00126002084F83C00304670BD022078
S3150800377070BD206803F060F82068816941F008018F
S3150800378081612068816921F004018161206881696D
S315080037902A69114311E0206803F07EF820688169E0
S315080037A041F4006181612068816921F48061816149
S315080037B0206881692A6941EA02218161D2E7206885
S315080037C003F0A0F82068C16941F00801C1612068CA
S315080037D0C16921F00401C1612068C1692A691143E0
S315080037E011E0206803F0C2F82068C16941F400615D
S315080037F0C1612068C16921F48061C1612068C1691D
S315080038002A6941EA0221C161ACE710B5040003D078
S3150800381094F83D0010B107E0012010BD002084F89F
S315080038203C00204600F01EF8022084F83D00211DC9
S31508003830206802F07DFF012084F8460084F83E00E7
S3150800384084F83F0084F8400084F8410084F8420078
S3150800385084F8430084F8440084F8450084F83D0061
S31508003860002010BD08B500680649884208D10648F8
S31508003870016841F001010160006800F00100009054
S3150800388008BD0000000001404438024070470000AF
S3150800389010B50446022249B104290ED0082913D0CE
S315080038A094F84100012816D0012010BD94F83E0076
S315080038B00128F9D184F83E200FE094F83F0001284A
S315080038C0F2D184F83F2008E094F840000128EBD1B3
S315080038D084F8402001E084F841200122206802F0A3
S315080038E08BFF16492068164A884201D0904203D1B8
S315080038F0436C43F4004343642068884213D0B0F114
S31508003900804F10D00F4988420DD00F4988420AD0FF
S315080039100E49884207D0904205D00D49884202D008
S315080039200C49884204D1816801F00701062903D0B1
S31508003930016841F001010160002010BD000001404E
S31508003940000401400004004000080040000C00404C
S3150800395000400140001800400068B0F1804F01D1D6
S31508003960FEF70CBF70477047704710B504460068ED
S31508003970406994F83D10C0F3C010212911D180B1D7
S315080039802068143050E8001F21F0800140E800123A
S31508003990002AF5D1606B08B1FEF7FEFB204603F05E
S315080039A00DF92068406994F83E10C0F3801022296A
S315080039B011D180B12068143050E8001F21F0400171
S315080039C040E80012002AF5D1A06B08B1FEF7E4FB27
S315080039D0204603F0CCF8002010BD7047F8B5016802
S315080039E004460868CA684B6910F00F0F4FF00005C7
S315080039F059D003F0010602F49077374365D0C10722
S31508003A0005D0D10503D5216C41F001012164410798
S31508003A1005D5D90703D0216C41F00201216481073D
S31508003A2005D5D90703D0216C41F0040121640107AB
S31508003A3007D502F02001314303D0216C41F008017B
S31508003A402164216C00293AD0800604D5900602D557
S31508003A50204603F0C1F820684069216CC0F3801045
S31508003A60090700D460B3204603F081F8206840694E
S31508003A70400621D52068143050E8001F21F0400187
S31508003A8040E80012002AF5D1A06BA8B16C4901657F
S31508003A90A06BFEF7CAFB002811D0A06B016D01B020
S31508003AA0BDE8F040084783060FD593060DD5204696
S31508003AB0BDE8F84003F090B82046FFF78EFFF8BD42
S31508003AC02046FFF78AFF2564F8BD266B2023012EC2
S31508003AD079D1C60677D5D60675D5086848680090A0
S31508003AE04869400640D5A16B086840680004000C88
S31508003AF0EAD0A28D8242E7D9E085C869B0F5807F11
S31508003B002DD020680C3050E8001F21F4807140E861
S31508003B100012002AF5D12068143050E8001F21F061
S31508003B20010140E80012002AF5D12068143050E857
S31508003B30001F21F0400140E80012002AF5D184F860
S31508003B403E30256320680C3050E8001F21F0100134
S31508003B5040E80012002AF5D1A06BFEF71DFBA08DE8
S31508003B60E18D401A81B229E0A08DE18D401A81B21B
S31508003B70E08D0028A8D00029A6D020680C3050E88F
S31508003B80002F22F4907240E80026002EF5D1206816
S31508003B90143050E8002F22F0010240E80026002EDB
S31508003BA0F5D184F83E30256320680C3050E8002FA4
S31508003BB022F0100240E80023002BF5D12046FFF73B
S31508003BC0D3FEF8BDFFE705062BD5150629D594F8CB
S31508003BD03D002128F5D1A068B0F5805F01D12069A4
S31508003BE0B0B1206A411C2162216800784860E08CE7
S31508003BF0401E0004000CE084E3D12068C16821F06F
S31508003C008001C1602068C16841F04001C160D8E701
S31508003C10206A0088C0F308004860206A801C206279
S31508003C20E5E74006CDD55006CBD5CA68204622F032
S31508003C304002CA6084F83D3000F074F9C1E700001C
S31508003C402D6A000870B5040004D094F83D000025DC
S31508003C5010B106E0012070BD84F83C50204600F003
S31508003C6023F8242084F83D002068C16821F4005117
S31508003C70C160204603F010F82068016921F49041DC
S31508003C8001612068416921F02A0141612068C16803
S31508003C9041F40051C1602564202084F83D0084F871
S31508003CA03E00002070BD00002DE9F04786B00446AE
S31508003CB014216846FDF782F86348624B2268624918
S31508003CC014380226032700254FF0400A4FF480696E
S31508003CD09A4260D10A6842F010020A60096801F047
S31508003CE010010591016841F002010160016801F0C7
S31508003CF002010591016841F001010160006802AA0C
S31508003D0000F0010005908020CDE900064FF0070875
S31508003D1082E8A00169464D48FEF72CFC3002CDE941
S31508003D20000602AA694682E8A0014948FEF722FC75
S31508003D30494E48484FF00068C6E903597561B561B0
S31508003D40F5613562756286E801054F463046FEF72D
S31508003D504FFB08B1FDF790FE6663B4633E4E3D48DF
S31508003D60603630383060C6E90185C6E903577561A3
S31508003D70B561F561356230467562FEF739FB08B103
S31508003D80FDF77AFEA663002205212520B463FEF717
S31508003D908DFD252051E0314B9A4250D10A6842F0F8
S31508003DA020020A60096801F020010591016841F0C6
S31508003DB0400101600068029500F0400005904FF44C
S31508003DC08440CDE900060820CDE9037069462448F9
S31508003DD0FEF7D0FB204E1F48C036903830604FF0B3
S31508003DE02068C6E90185C6E903597561B561F561BB
S31508003DF035624F4630467562FEF7FAFA08B1FDF7A6
S31508003E003BFEA663B463174E1248C6E903577561AD
S31508003E10B561F56135621838756286E80105304680
S31508003E20FEF7E6FA08B1FDF727FE666300220521CC
S31508003E304720B463FEF73AFD4720FEF729FD06B092
S31508003E40BDE8F087001001404438024000040240F3
S31508003E5000000240B86402402474002000140140A7
S31508003E60001802404475002090F83E30202B0ED1F1
S31508003E7059B152B190F83C30012B08D0012380F893
S31508003E803C300023036302F08DBF012070470220F7
S31508003E90704770477047000070B5044690F83D00BB
S31508003EA0202836D191B38AB394F83C00012830D043
S31508003EB0012084F83C002162A284E284002525645E
S31508003EC0212084F83D00636B1348D863636B13485D
S31508003ED01864636B1248D864606B134605652668D8
S31508003EE0606B321DFEF7EEFA21686FF0400008603D
S31508003EF084F83C502068143050E8001F41F08001D7
S31508003F0040E80012002AF5D1002070BDFFE7012025
S31508003F10FBE70220F9E70000236B0008656B000841
S31508003F203D6A00087047704770B5044600203C4D4E
S31508003F302074A27B288861684243D4F8F400FCF711
S31508003F4024FFA17B288841436068FCF737FFA07BE4
S31508003F5010FB00F128884143D4F81801FCF72EFF1E
S31508003F60207BA17B10FB01F128884143D4F80C0182
S31508003F70FCF724FF00202BE0D4F8F41001EB8002B4
S31508003F8092ED000AB5EEC00AF1EE10FA1ED0227CB8
S31508003F9001EB820181ED000A227C616A8854A169DD
S31508003FA0227B01EB8001237C91ED000A6169095CA3
S31508003FB012FB03116FF0030202EB8101D4F80C2106
S31508003FC0114481ED000A217C491C2174401CC0B2B1
S31508003FD0A17B8142D0D8002010E0636AE2691B5CAD
S31508003FE002EB830292ED000A10FB0101D4F81821B6
S31508003FF0401C02EB8101C0B281ED000A217C81429E
S31508004000EBD8C8B224F8780F14F86C0C60802081BD
S315080040106181218361832084618424F8301C70BD0A
S315080040204A020020FEE70000F0B58D4C0F462DED44
S31508004030068B054687B01646D0ED040A94ED050AA8
S31508004040884830EEC00AB0EEC00A10EE101A814257
S3150800405019DC95ED050A94ED061A30EE410AB0EE24
S31508004060C00A10EE101A81420DDC95ED060A94ED91
S31508004070071A30EE410AB0EEC00A10EE101A814255
S3150800408001DC2878F0B39FED789A80EE890AFCF770
S31508004090F9F8F0EE400AF0EE609AD5ED050A80EEE2
S315080040A0890AFCF7EFF8D5ED060AF0EE401A80EE1D
S315080040B0890AB0EE61AAFCF7E5F8D5ED040AF0EE38
S315080040C040AA80EE890AFCF719F9F0EE400AB0EE2C
S315080040D0608AD5ED050A80EE890AFCF70FF9D5ED59
S315080040E0060AF0EE408A80EE890AFCF707F929EEFF
S315080040F0AA2A68EE280AB0EE401AB0EE420A00EE86
S31508004100810A00E02BE084ED080A2AEE080A6AEE26
S31508004110880A002084ED090A29EE810A00EEE80AD9
S3150800412084ED0A0A29EEA80A20EE010A0AEEC80A50
S3150800413084ED0B0A29EE8A0A84ED0C0A28EE410A58
S3150800414002EE680A84ED0D0A2AEE410A84ED0E0A8B
S315080041502AEE2A0AC4ED0F8A84ED100A2870002078
S315080041604FEA0D0107EB800292ED000A05EB80028B
S31508004170D2ED010A01EB8002401C20EE200AC0B2F3
S31508004180032882ED000AEDD39DED000AD4ED085A06
S315080041909DED011A94ED094A20EE252ADDED020A65
S315080041A0D4ED0A1A002004EE012A03A901EEA02A7A
S315080041B087ED002A94ED0B3AD4ED0C2A94ED0D2ADE
S315080041C060EE033A42EE813A42EE203AC7ED013AF2
S315080041D0D4ED0E3AD4ED0F4A94ED105A20EE230A88
S315080041E004EE810A05EE200A87ED020A06EB800234
S315080041F092ED000A01EB8002401CC0B282ED000A73
S315080042000328F3D39DED031ADDED040A9DED050A97
S3150800421061EE255A44EE205A41EE805A61EE031AA1
S3150800422021EE231A42EEA01A04EEA01AC6ED005A91
S3150800423042EE001A05EE001AC6ED011A86ED021ABC
S3150800424095ED040A84ED050A95ED050A84ED060A3E
S3150800425095ED060A84ED070A07B0BDEC068BF0BD9E
S31508004260280100206F12833AE12E654210B50446F4
S315080042702DED048BD0F8EC00D0ED009A90ED019A64
S31508004280D0ED028A29EEA90A90ED038A09EE090AF9
S3150800429008EEA80A08EE080A03F010FB5FF0000013
S315080042A0D4F8EC1001EB8001401CD1ED000AC0B235
S315080042B0042860EE800AC1ED000AF1D33E48D4F81E
S315080042C0001190ED6F0A60EE090AB6EE000A60EE7C
S315080042D0800AC1ED040AD0ED6F0AD4F8001160EE29
S315080042E0A80A60EE800AC1ED050AD0ED6F0AD4F877
S315080042F0001120EEA91AFEEE000A21EE201A81ED21
S315080043000A1A90ED6F1AD4F8001121EE081A21EE58
S31508004310001A81ED0B1A90ED6F1AD4F8001121EEF0
S31508004320081A21EE201A81ED101A90ED6F1AD4F8AA
S31508004330001121EE291A21EE201A81ED111A90EDAD
S315080043406F1AD4F8001121EE281A21EE000A81ED21
S31508004350160A90ED6F0AD4F8001120EE090A20EE2D
S31508004360200A81ED170AD4F8F810D0ED740A91EDF9
S315080043701C0A80EE201A81ED1C1AD4F8F810D0ED2C
S31508004380740A0E4891ED230A80EE201A9FED0C0A56
S3150800439081ED231AD4F8F8100A6F824201DD81ED07
S315080043A01C0AD4F8F810D1F88C20824201DD81ED80
S315080043B0230ABDEC048B10BD8866002000401C460D
S315080043C000401C4670B52C4C01252DED028B04F5DA
S315080043D0D8702570B7EE008A80EC030A00209FED9E
S315080043E0270A84ED730A84F83801C4E95000C4E941
S315080043F0520011EE900AB0F17E5F01DDF0EE481A28
S31508004400C4ED741A84ED642A032300220621201DB4
S3150800441000F00EFE1A4B01221146A3F10800FCF724
S315080044203BF854F8EC0F9FED170A902280ED008AAE
S3150800443054F86409184980ED010A606E80ED020A95
S31508004440606E80ED030A1048A0641048E0641048C6
S3150800445020651048606504F85A5C04F8595CE06FFA
S31508004460FCF793FC606F9022BDEC028B0B49BDE80C
S315080044707040FCF78ABC00008866002077CC2B3297
S315080044805068002000000000A14400086D420008A2
S31508004490D5440008AD4900089C920008B0010020E8
S315080044A010B50446902254F8F81F0848FCF76DFC2E
S315080044B048220748616AFCF768FC05486169482292
S315080044C0BDE810404830FCF760BC0000B001002091
S315080044D06868002070B50446B0EE000A54F8EC0F80
S315080044E02B4DD0ED000A60EE800AC5ED090AD0ED25
S315080044F0010A60EE800AC5ED0A0AD0ED020A60EEEE
S31508004500800AC5ED0B0AD0ED030A20EE800A85ED78
S315080045100C0A14F8DE0C14F8E01C10FB01F11D4817
S3150800452000884143206AFCF749FCD5ED0B1A206A3E
S31508004530B1EE612A80ED002A206AD5ED0C0AC0ED9D
S31508004540010A95ED090A206AB1EE401A80ED021AB1
S31508004550206A95ED0A1A80ED031A206A80ED061A7C
S31508004560206A80ED070A206AC0ED080A206AC0EDB5
S31508004570091A206A80ED0C0A206AB1EE410A80ED1C
S315080045800D0A206A80ED0E2A206AC0ED0F0A70BD5A
S315080045906C0100204A02002070B5F74C2DED088BFF
S315080045A0B0EE438AF0EE629AB0EE42AAF0EE61AA45
S315080045B02078B0EE419AB0EE60BAF0EE40BADFED80
S315080045C0EF8A58B9B0EE682AF7EE001A9FEDEC1A92
S315080045D0DFEDEC0AB2EE040AFFF7F4FE84ED6F8A0B
S315080045E094ED580AE84D90227BEEC00AE749C4EDDF
S315080045F05B0A94ED590A3BEE401A84ED5C1A94ED79
S315080046005A0A79EE401AB6EE000A60EE800AC4ED40
S315080046105D1A60EE880AC5ED000A61EE000A21EE11
S31508004620800A60EE880A20EE080AC5ED010A85EDC3
S31508004630020AD4F8040104F58274FCF7A6FB95ED8A
S31508004640000A2068B1EE402A80ED012A95ED011A8C
S315080046502068F1EE412AC0ED022AD5ED021A20683B
S31508004660F1EE610AC0ED030A206880ED060A2068AB
S31508004670C0ED081A2068C0ED092A206880ED0C1ADA
S315080046802068C0ED0D0A206880ED0F0A2068C0ED8D
S31508004690121A206880ED131A54F8440B80ED142A78
S315080046A074E85201084305D1C4ED5EAA84ED5FAAF9
S315080046B0C4ED609A94ED5E0AD4ED640A94ED6F1A1F
S315080046C020EE202A31EE200AC2EE001A21EE2A2A0E
S315080046D0C2EE002A31EEA22A84ED5E2AD4ED5F1AD4
S315080046E061EEA02AC2EE801A61EE0A2A21EE291A84
S315080046F082EE803A71EE831AC4ED5F1AD4ED602A11
S3150800470062EEA02AC2EE800AC1EE002A22EE020A52
S3150800471001EEA10A70EEA20AC4ED600A00EEA00A34
S3150800472003F0CCF885ED030A5FF0000004EB800186
S31508004730D1ED5E0AA16801EB800160EE800A401C9B
S31508004740C0B2C1ED000A0328F0D394ED5B0AD4ED9C
S315080047505C0A20EE000A00EEA00AD4ED5D0A00EE1F
S31508004760A00A03F0ABF8B7EE008A8949C8EE000A3A
S31508004770C4ED650A95ED031A10EE900A88EE010A53
S31508004780884284ED660A0BDA10EE100A81498842DF
S3150800479006DD10EE100A8049884201DA012000E0A1
S315080047A0002084F8390194ED6C0AD4ED6F0AD4F828
S315080047B0180120EE200A80ED000A94ED6C0AD4ED6B
S315080047C06F0AD4F8180120EE200A80ED070A94ED46
S315080047D06C0AD4ED6F0AD4F8180120EE200A80ED91
S315080047E00E0A94ED6C0AD4ED6F0AD4F8180120EE7F
S315080047F0200A80ED150A94ED6D0AD4ED6F0AD4F8F7
S31508004800180120EE200A80ED1C0A94ED6D0AD4EDFD
S315080048106F0AD4F8180120EE200A80ED230AD4F88E
S315080048201C0194ED6E0A80ED000AD4F81C0194ED83
S315080048306E0A80ED040AD4F81C0194ED6E0A80ED28
S31508004840080A201D00F0DEFE606890ED001A84ED6F
S31508004850541A90ED010A61EE012A84ED550AD0ED4D
S31508004860021AC4ED561A90ED032A40EE002A84ED8A
S31508004870572AD0ED040A21EE021AC4ED580AD0EDE3
S31508004880050AC4ED590A00EE211AC4ED5A8AF0EE5B
S31508004890008AF0EE480A52EEA80A21EE280A02F02B
S315080048A031FC9FED3E9AF0EE480A20EE090A84EDA7
S315080048B06A0A94ED541A94ED570A61EE011A40EE0D
S315080048C0001A51EEA80AD4ED551A21EE211AD4ED94
S315080048D0561A01EE801A21EE280A02F013FC20EE81
S315080048E0090A84ED690A94ED550AD4ED570A94ED40
S315080048F0561A20EE200AD4ED540A00EEC10AF8EE44
S31508004900000A20EE200A02F067FB20EE090A244975
S3150800491084ED680A94ED6A0AD4ED760A70EE600AA8
S3150800492010EE900A884203DDB4F8D401401E07E071
S3150800493010EE900A1B49884204D9B4F8D401401CE9
S31508004940A4F8D401B4F9D401DFED171A00EE900AE1
S31508004950B8EEE01AF0EE400A41EE210AC4ED6B0A01
S3150800496084ED760AF4E95201401C41F10001C4E9DC
S315080049700001BDEC088B70BD8866002000000000B1
S315080049808096184B6F12833A6C0100209C9200089F
S315080049909A99993ECDCC1441CDCC2441E12E65425D
S315080049A000003443000034C30000B4432DE9F84F37
S315080049B000F180010446783005460091FCF72AF993
S315080049C084F8C800B4F87800A4F8A800B4F85A0027
S315080049D0A4F8AA0004F1A80204F1580191468B46EE
S315080049E02846FBF7F5FF84F8C800B4F8A800A4F831
S315080049F0B000B4F88200A4F8B20004F1B002904600
S31508004A0048460099FBF7E4FF84F8C800B4F890001C
S31508004A10A4F8A000B4F89200A4F8A20004F1A00239
S31508004A20154604F190014046FBF7B2FC84F8C8002D
S31508004A3041462846B034FBF733FD2076E16BBF4884
S31508004A400126D1ED001AB0EE002AC0ED0D1AD1EDFF
S31508004A50010A0027C0ED0E0A91ED020AB84D80ED55
S31508004A600F0A91ED031A80ED101A60EE812A34F8C8
S31508004A70380C2081668141EEC02AE06F62EE822AF8
S31508004A80C0ED002A61EEA02A61EEA11AE06F40EEA1
S31508004A90012A40EEE01A22EE822A40EE401A80ED04
S31508004AA0012AE06FB4F1B00441EE011AC0ED021A12
S31508004AB0D4F82C0100EB870090ED000AB0EEC00A8E
S31508004AC002F0FEF905EB87007F1CFFB280ED610A54
S31508004AD0032FEDD3B4F84800A4F8C00004F1C002CF
S31508004AE004F1B801A4F8C26017468A4604F14800E2
S31508004AF0FCF70CF884F8C800B4F8C000A4F8A800BD
S31508004B0024F8AA6F4A4639464046FBF761FFA07764
S31508004B10E681E08A208251463846FCF77BF8A07782
S31508004B20884A49465046FBF753FFA07795ED730A26
S31508004B30B6EE001AD5ED720A20EE011AAA3CF4EE7A
S31508004B40C10AF1EE10FA01D285F83861F4EEC00A0E
S31508004B500020F1EE10FA35DD95F8381189B395F88D
S31508004B60391139B1D5E95021521C41F10001C5E985
S31508004B70502102E00021C5E95011D5E950234FF034
S31508004B80320C0021BCEB0202994102D285F83801A9
S31508004B9036E06D4D14F80C2F28884243D4E93701C6
S31508004BA07434FCF7F2F814F8740C10FB00F2288839
S31508004BB04243D4E91E01FCF7E8F804F8546CBDE852
S31508004BC0F88FFFE79FED611A20EE011AF4EEC10A8D
S31508004BD0F1EE10FA0DDD95F8381151B170EE600A54
S31508004BE09FED5B1A20EE010A80EE801A85ED671AA2
S31508004BF003E0B7EE000A85ED670A0021C5E9501102
S31508004C0084F82C00B4F85800A4F8A800B4F8820078
S31508004C10A4F8AA004A4658466C340099FBF7D8FE11
S31508004C2004F85C0FA4F13002934641464846C83C56
S31508004C30FBF7CEFE84F8C80000200DE0D4F81C115E
S31508004C40D5ED670A01EB8001401C91ED000AC0B260
S31508004C5020EE200A81ED000AB4F89810B4F89A20DC
S31508004C6051438142EADC04209FED3A0A002105EB14
S31508004C70800C00EB400300BF9CED5D1AD4F81C21A4
S31508004C8003EB0108C1EE000A02EB8802491C92ED0B
S31508004C90001AC9B2032960EE810AC2ED000AEBD3F5
S31508004CA0401CC0B20628E1D334F8980F5246208437
S31508004CB0668439465846FBF78BFE84F8300095F82B
S31508004CC03801983C50B39FED240ADFED240A0420EE
S31508004CD0D4F8BC1095ED6F1A01EB800121EE001A8D
S31508004CE0D1ED001AF4EEC11AF1EE10FA01DD81EDEC
S31508004CF0001AD4F8BC1095ED6F1A01EB800121EE6D
S31508004D00201AD1ED001AF4EEC11AF1EE10FA01D20A
S31508004D1081ED001A401CC0B20628D9D3D4F8BC00CD
S31508004D209FED0F0A04F1300280ED030A514604F1A3
S31508004D303800FBF72DFB84F8C80040E76C0100201B
S31508004D4088660020486800204A020020CDCCCC3D69
S31508004D506666663FDA0FC93F0AD7233C0AD723BCE3
S31508004D6000000000114810B590ED070A1048D0ED74
S31508004D70030A104801F070F90E4890ED0D0A02F08A
S31508004D808BFD00EE100A9FED0C1ADFED0C0AB8EE4B
S31508004D90C00A02F071FDBCEEC00ABDE8104010EE74
S31508004DA0100A002182B2064801F008BEC864002035
S31508004DB028010020406500200000804F0000000008
S31508004DC00C73002010B52348B7EE000A2DED028BB0
S31508004DD0012180ED010A80ED020A9FED1F8A80ED10
S31508004DE0030A80ED048A80ED058A80ED068A017043
S31508004DF0B0EE482AF7EE001A9FED181ADFED180AEA
S31508004E00B2EE040AFFF7DEFA00221146F0EE484A2F
S31508004E10B0EE484AF0EE483AB0EE483AF0EE482A84
S31508004E20B3EE042ADFED0F1AB0EE481ADFED0E0ACC
S31508004E309FED0E0A0E4801F035FB00210D48FEF7DE
S31508004E4027FD04489FED0C0A803880ED100ABDEC5A
S31508004E50028B10BD6C660020000000008096184B7F
S31508004E606F12833A00007A44000096430000FA4421
S31508004E70406500200C73002096430B3C70B56349CF
S31508004E802DED028B88B007C904AB83E8070060489C
S31508004E90FCF7B8FC5E4D5F4885ED010AD5ED020AC0
S31508004EA030EE800A85ED020AFCF710F859485A4C8C
S31508004EB090ED000A04F11C0284ED070A90ED010A40
S31508004EC0A2F10C0184ED080A90ED020A84ED090AA4
S31508004ED090ED030A84ED040A90ED040A84ED050AB0
S31508004EE090ED050A01F1700084ED060AFFF79CF8BB
S31508004EF0D4ED090A94ED070A02F004F99FED478AF2
S31508004F0020EE080ADFED460A80EE201A84ED1A1A0A
S31508004F10D4ED090A94ED080A02F0F4F820EE080A1E
S31508004F20DFED400A04F1100080EE201A84ED1B1A0A
S31508004F3095ED013A90EC060AFFF72EFB3A4E20460D
S31508004F404ECE80E84E00024600F144012F48243830
S31508004F50FCF70BF92D48224602F150011838FCF7E8
S31508004F6004F92A48224602F15C010C38FCF7FDF8E0
S31508004F702246694604A8FCF70AFD95ED010A0020B9
S31508004F804FEA0D0204EB800102EB8003D1ED070A1C
S31508004F9093ED001A401CC0B270EEC10A032820EE39
S31508004FA0802AD4ED100A30EE801AC2EE011A91ED6D
S31508004FB00A2A62EE200A80EE812A71EE820AC1ED83
S31508004FC00A0ADFD3144A02F13401A1F10C00FCF7F6
S31508004FD0CCF8164890ED6A0A84ED1E0A90ED690A27
S31508004FE084ED1D0A90ED680A84ED1C0A90ED6B0AA3
S31508004FF084ED1F0A287CC00701D1FFF7B3FE286994
S31508005000401C286108B0BDEC028B70BD9092000868
S3150800501028010020C8640020EC6500200000344305
S31508005020DB0F49C0DB0F4940D8670020886600209F
S315080050302DE9F047DFF8DC830D460421A8F80010B7
S315080050400821A8F802100573427383734FF000090C
S315080050501E46044680F810901746304602F090FC2B
S3150800506031466061FBF7AAFEB8F80000704302F00B
S3150800507087FCA061B8F800107143FBF79FFEB8F8EB
S315080050800000704302F07CFCE061B8F80010714340
S31508005090FBF794FEB8F80000684302F071FC206242
S315080050A0B8F800106943FBF789FE304602F068FC41
S315080050B031466062FBF782FEB8F80000684302F0EA
S315080050C05FFC2060B8F800106943FBF777FEB8F874
S315080050D00000704302F054FC6060B8F80010714399
S315080050E0FBF76CFEB8F80000784302F049FCA060B4
S315080050F0B8F800107943FBF761FEB8F8000068437A
S3150800510002F03EFCC4F8E800B8F800106943FBF763
S3150800511055FE217B012204F13000D4F8E830FBF774
S31508005120BBF9B8F80000684302F02AFCC4F8EC00A2
S31508005130B8F800106943FBF741FE217B012204F110
S315080051403800D4F8EC30FBF7A7F99FB1B8F800009F
S31508005150784302F015FCC4F8F000B8F8001079435B
S31508005160FBF72CFE617B012204F14000D4F8F030F5
S31508005170FBF792F9B8F80000704302F001FCC4F896
S31508005180F400B8F800107143FBF718FEA17B012262
S3150800519004F14800D4F8F430FBF77EF9B8F80000BB
S315080051A06843684302F0ECFBC4F8F800B8F800104E
S315080051B069436943FBF702FE217B04F150000A4666
S315080051C0D4F8F830FBF768F9B8F800006843684384
S315080051D002F0D6FBC4F8FC00B8F80010694369432E
S315080051E0FBF7ECFD217B04F158000A46D4F8FC30A5
S315080051F0FBF752F9B8F800006843684302F0C0FBB1
S31508005200C4F80001B8F8000088346843684302F01F
S31508005210B7FBE067B8F80010A06F69436943FBF76E
S31508005220CDFDB8F80010E06F69436943FBF7C6FD8A
S3150800523054F8783FA4F1A00014F8F41CA4F580747F
S315080052400A46FBF729F9217B04F168000A46D4F8D7
S315080052500431FBF721F9AFB1B8F800006843784389
S3150800526002F08EFBC4F80801B8F8001069437943C8
S31508005270FBF7A4FD627B217B04F17000D4F80831AA
S31508005280FBF70AF9B8F8000047467043684302F08E
S3150800529077FBC4F80C01388894346843704302F0ED
S315080052A06FFBE0673988A06F71436943FBF786FD9A
S315080052B03988E06F69437143FBF780FD14F8882C41
S315080052C014F8861CA4F11C00A36F943CFBF7E4F8C1
S315080052D0A27B217B04F18000D4F81031FBF7DCF8BF
S315080052E038886843684302F04BFBC4F814013988D0
S315080052F069436943FBF762FD217B04F188000A468E
S31508005300D4F81431FBF7C8F838887043704302F0B4
S3150800531037FBC4F81801398871437143FBF74EFD12
S31508005320A17B04F190000A46D4F81831FBF7B4F8CB
S3150800533038886843704302F023FBC4F81C01398897
S3150800534069437143FBF73AFDA27B217B04F1980080
S31508005350D4F81C31FBF7A0F8207B10FB00F0398845
S31508005360484302F00DFBC4F82001207B10FB00F037
S315080053703988484302F004FBC4F82401207B10FB5B
S3150800538000F03988484302F0FBFAC4F82801207B6C
S315080053903988484302F0F4FAC4F82C01207B39888E
S315080053A0484302F0EDFAC4F83001217B04F1A0006D
S315080053B00A46D4F82031FBF76FF8217B04F1A800E0
S315080053C00A46D4F82431FBF767F8217B04F1B000CC
S315080053D00A46D4F82831FBF75FF8217B012204F14D
S315080053E0B800D4F82C31FBF757F8217B012204F1D9
S315080053F0C000D4F83031FBF74FF804F8289F84F83A
S31508005400019084F8029084F8039084F80490BDE82B
S31508005410F08700004A02002070B50446C07B0F4D95
S3150800542018B12046FEF780FD0DE0A27B288861684A
S315080054304243D4F8F400FBF7A8FCA17B2888414333
S315080054406068FBF7BBFC627B2888A1684243D4F8F6
S31508005450F000BDE87040FBF798BC00004A02002047
S315080054602DE9F041044690F82C0000282BD1B4F819
S315080054709800A4F8A800B4F87A10A4F8AA10A4F81A
S31508005480B000B4F85A00A4F8B20004F1A80217460E
S3150800549004F1780104F19800FBF79AFA84F8C80039
S315080054A004F1B00204F1580116460D463846FBF7DA
S315080054B08FFA84F8C80004F1500231462846FBF7F3
S315080054C025FB84F8C800BDE8F0812DE9F0410446C3
S315080054D090F8290000282CD104F1680104F1600035
S315080054E00F460546FBF796FB84F8C80004F15802F8
S315080054F0164604F150012846FBF76AFA84F8C800F4
S31508005500B4F85800A4F8A800B4F86A00A4F8AA00E9
S3150800551004F1A802154639463046FBF759FA84F8CD
S31508005520C800324604F188012846FAF731FF84F8A4
S31508005530C800BDE8F0812DE9F047044690F82A0036
S3150800554000285CD104F1800104F1780089460546FB
S31508005550FBF760FB84F8C800B4F87800A4F8A80044
S31508005560B4F85A00A4F8AA0004F1A80204F15801F4
S3150800557090460F462846FBF72BFA84F8C800B4F87D
S31508005580A800A4F8B000B4F88200A4F8B20004F1A8
S31508005590B002154649464046FBF71AFA84F8C80091
S315080055A0B4F89000A4F8A000B4F89200A4F8A200F9
S315080055B004F1A002164604F190012846FAF7E8FE1F
S315080055C084F8C80029463046AA34FAF769FFA07756
S315080055D034F8520C24F8020C34F8280C2080424681
S315080055E049463846FBF7F4F904F81E0FA4F13002D1
S315080055F029464046C83CFBF7EBF984F8C800BDE8E5
S31508005600F087000070B50446FFF706FFD4F8CC1003
S3150800561009B120468847204600F068F8D4F8D0102B
S3150800562009B1204688472046FFF74FFFD4F8D41023
S3150800563009B120468847207C2B4DC0B9E07BB0B124
S31508005640227B28884243D4E93A01FBF79EFB207B5C
S3150800565010FB00F228884243D4E93E01FBF795FB8C
S31508005660D4F8E01009B12046884700202AE02046F1
S31508005670FFF761FFD4F8D81009B1204688472046BD
S3150800568000F06EF8D4F8DC1009B1204688472046A9
S31508005690FFF7E6FEE4E700BF10FB0101D4F8F820A7
S315080056A002EB8101226AD1ED000A02EB800292ED3B
S315080056B0000AF4EEC00AF1EE10FA01D281ED000AF2
S315080056C0401CC0B2217B8142E6D8CAB22888D4F8E9
S315080056D0E81042432068FBF758FBD4F8E41009B1F8
S315080056E020468847206870BD4A0200202DE9F0410F
S315080056F0044690F8280000282AD1627B04F130017C
S3150800570004F1600004F1380522B3227BA4F8B8201E
S31508005710012604F1B802A4F8BA601746FBF758F94F
S3150800572084F8C800207BA4F8C000A4F8C26004F17D
S31508005730C002164604F1400104F17000FBF748F96F
S3150800574004F8C80F2A4631463846FAF721FE207073
S31508005750BDE8F0812A46FBF73BF984F8C800F7E76D
S315080057602DE9F041044690F82B00002838D1B4F80A
S315080057707800A4F8B800012504F1B80204F138014C
S31508005780A4F8BA5090460F4604F17800FBF720F9C2
S3150800579084F8C800B4F84800A4F8C00004F1C002B0
S315080057A0A4F8C2501646414604F14800FBF7AEF984
S315080057B084F8C800B4F89800A4F8B800A4F8BA5059
S315080057C04246314604F19800FBF702F984F8C8000E
S315080057D004F1300241463846FAF7DAFD84F8C80083
S315080057E0BDE8F0810F4810B50D49016003214160FD
S315080057F000214FF410228160C0E903124FF4001211
S315080058004261017641768176C17601774177FCF768
S3150800581040FB002803D0BDE81040FCF72DB910BDA9
S3150800582000640040246A00200F4810B50D49016045
S315080058300321416000214FF410228160C0E9031260
S315080058404FF400124261017641768176C17601777E
S315080058504177FCF71EFB002803D0BDE81040FCF793
S315080058600BB910BD006800404C6A0020074910B506
S31508005870054808600846FCF76AFC002803D0BDE81E
S315080058801040FCF7F9B810BD003002405402002061
S315080058901D4808B5016841F48001016000680022CE
S315080058A000F48000009005213920FCF7FFFF39201D
S315080058B0FCF7EEFF002205213A20FCF7F7FF3A2015
S315080058C0FCF7E6FF002205213B20FCF7EFFF3B2013
S315080058D0FCF7DEFF002205214420FCF7E7FF442001
S315080058E0FCF7D6FF002205214520FCF7DFFF4520FF
S315080058F0FCF7CEFF002205214620FCF7D7FFBDE8BE
S3150800590008404620FCF7C4BF3038024010B59CB0AA
S315080059101C2216496846FBF738FA0021684602F049
S3150800592071F8134C11491C2220601C3107A8FBF79B
S315080059302CFA002107A802F065F80C4960601C22C1
S3150800594038310EA8FBF721FA00210EA802F05AF802
S315080059500649A0601C22543115A8FBF716FA002147
S3150800596015A802F04FF8E0601CB010BD2C93000893
S315080059705C0200202DE9F04F87B014216846FBF73A
S315080059801DFA78480025016841F0020101600168A6
S3150800599001F002010591016841F0400101600168CA
S315080059A001F040010591016841F0010101600168BB
S315080059B001F001010591016841F0080101600168E3
S315080059C001F008010591016841F0040101600168D0
S315080059D001F004010591016841F4807101600168D4
S315080059E001F480710591016841F080010160016848
S315080059F001F080010591016841F02001016001680C
S31508005A0001F020010591016841F01001016000686C
S31508005A10DFF854B100F010004FF4807405900022AE
S31508005A2021465846FCF79EFEDFF8409101224021A8
S31508005A304846FCF797FEDFF838814FF4E057002216
S31508005A4039464046FCF78EFEDFF828A101221021D0
S31508005A505046FCF787FE012241F201014648FCF751
S31508005A6081FE4FF440600226CDE900060320CDE909
S31508005A7002500720049069465846FCF77BFDC02073
S31508005A8000904FF48810CDE9010569463B48FCF7BC
S31508005A9071FD00940124CDE90145694658460395F0
S31508005AA0FCF768FD4020CDE90004029469464846A3
S31508005AB00394FCF75FFD0097CDE90145694640462A
S31508005AC00395FCF757FD08204FF40417CDE90007A6
S31508005AD0694602944846FCF74DFDCDE900456946FE
S31508005AE050460294FCF746FD1020CDE90004CDE9A6
S31508005AF0024669465046FCF73DFD3020CDE90007D1
S31508005B00694602945846FCF735FD2003CDE90004A2
S31508005B100294694618480394FCF72CFDCDE9024621
S31508005B200094694614480194FCF724FD00220521D7
S31508005B300920FCF7BBFE0920FCF7AAFE0022052176
S31508005B400A20FCF7B3FE0A20FCF7A2FE0022052174
S31508005B501720FCF7ABFE1720FCF79AFE07B0BDE846
S31508005B60F08F00003038024000080240001802405A
S31508005B70001C0240000002400004024000200240CF
S31508005B80104810B50E4901604FF48271416000213A
S31508005B9002228160C0E90312012242615202826137
S31508005BA01022C0E90721416281620A21C162FDF71C
S31508005BB071F9002803D0BDE81040FBF75DBF10BDA2
S31508005BC0003001401C71002010B588B01C216846C1
S31508005BD0FBF7F4F815481449002401605321C0E97D
S31508005BE0011440F2CF71C0E903148461FDF794FBF8
S31508005BF008B1FBF741FF0D48FDF707FE08B1FBF7B3
S31508005C003BFF6020CDE9000402940022694607485C
S31508005C100494FDF794FD08B1FBF72EFF0348FDF742
S31508005C204BFD08B010BD0000004401400C73002075
S31508005C300B4810B50949016053214160002140F223
S31508005C40CF72C0E9021201618161FDF765FB002888
S31508005C5003D0BDE81040FBF70FBF10BD0020004081
S31508005C605473002010B592B000240F941C21684686
S31508005C701094FBF7A3F8202107A8FBF79FF82848FC
S31508005C8026490160A721C0E9011440F2CF71C0E995
S31508005C90031444618461FDF7B8FD08B1FBF7ECFE17
S31508005CA00F940FA91E481094FDF7EEFA08B1FBF7FA
S31508005CB0E3FE6020CDE9000402940394049405945D
S31508005CC00022694616480694FDF739FD08B1FBF728
S31508005CD0D3FE042269461248FDF731FD08B1FBF7E9
S31508005CE0CBFE082269460E48FDF729FD08B1FBF7E9
S31508005CF0C3FE0794089409944FF400500A94CDE91A
S31508005D000B4007A906480E94FDF793FA08B1FBF76E
S31508005D10B3FE0348FDF7D0FC12B010BD00000140E9
S31508005D207C72002010B586B00024174800940194B0
S31508005D3002940394049413490594016040F2E731F0
S31508005D40C0E9011440F27751C0E903148461FDF7F4
S31508005D50E3FA08B1FBF790FE4FF4805000906946CD
S31508005D600948FDF787FB08B1FBF786FE049404A9EA
S31508005D7005480594FDF788FA002801D0FBF77CFE54
S31508005D8006B010BD000C0040C472002010B5114CBE
S31508005D900F480C2120604FF4E13060600020A060BD
S31508005DA0E060C4E90401A061E0612046FDF74AFF0E
S31508005DB008B1FBF761FE2068C16841F01001C160B7
S31508005DC0BDE810400F2204490248FEF74DB800000E
S31508005DD0001001409C7300204202002010B50E4CB2
S31508005DE00C480C2120604FF4E13060600020A06070
S31508005DF0E060C4E90401A061E0612046FDF722FFE6
S31508005E0008B1FBF739FE2068C16841F01001C1608E
S31508005E1010BD000000140140E0730020FEE7704743
S31508005E2070B50446D0F8060090ED011A784880ED62
S31508005E30031A0020042217E0D4F8061002EB8003A8
S31508005E40CD1801EB8001D5ED001A71EEC11AC1ED2E
S31508005E50001AD4F80A100B4401EB8001D3ED001A9E
S31508005E60401CC1ED001A80B22188491E8142E3DC3C
S31508005E702188D4F806006FF0070202EB810202447B
S31508005E8092ED001A6FF0030202EB810131EE000A6F
S31508005E90084480ED000A2188D4F80A0002EB810143
S31508005EA00844C0ED000AD4F802002188884202D2CC
S31508005EB0401CC4F80200102104F11A00FAF77EFF0C
S31508005EC02088D4F80210431A99B23BE0D4F8062089
S31508005ED0D4F81A5002EB810200EE905A92ED000AAD
S31508005EE040EE000A10EE905AC4F81A50D4F81E5024
S31508005EF0D2ED000A00EE105A30EE800A10EE105A63
S31508005F00C4F81E50D2ED000AD4F80A20D4F822505C
S31508005F1002EB810200EE105A92ED001A491C89B272
S31508005F2000EE810A10EE105AC4F82250D2ED000A8B
S31508005F30D4F8262000EE102A30EE800A10EE102A39
S31508005F40C4F826208842C1D800EE100AD4F82210D8
S31508005F50D4F82620B8EE400A00EE901AD4F81E109F
S31508005F6001EE102A60EE800A00EE101AD4F81A2004
S31508005F7040EE410A00EE100A01EE102AB8EE400A79
S31508005F8021EE001A00EE101A002100EE401A80EEEB
S31508005F90810A10EE102AC4F80E20C4F8161099B219
S31508005FA024E000BFD4F8063000EE902A03EB810304
S31508005FB093ED001AD4F8123000EE103AD4F80A30ED
S31508005FC000EE810A03EB8103491CD3ED000AD4F8DD
S31508005FD0163089B230EE600AF0EEC00A00EE103ACA
S31508005FE030EE800A10EE103AC4F816308842D9D836
S31508005FF000EE100A54F8161FB8EE401A00EE901A72
S3150800600080EE810A10EE100A00EE102A206070BD9C
S31508006010D400002070B50446002524F8021B8E0023
S315080060202560304602F0ECF86060304602F0E8F889
S31508006030A060E560256160683146FAF7BFFEA06892
S315080060403146A41EFAF7BAFE04F11A00BDE87040FC
S315080060501021FAF7B3BE000070B504462DED028B89
S31508006060B0EE608A90F89800F0EE408A000649D5AE
S31508006070606B00EE100A206C00EE900A9FEDFE1A87
S3150800608060EE810AB4EEE00AF1EE10FA3AD320681F
S31508006090FA4A00EE100AB0EEC00A10EE101A914243
S315080060A030DB216900EE100A00EE901AF44930EE52
S315080060B0600AF0EEC00A00EE100AB0EEC01A80EED2
S315080060C0810A10EE100A88420ADD54F8990F6168B1
S315080060D0401C44F8040B41F1000144F89D1904E002
S315080060E00021C4F89910C4F89D10D4F89920D4F862
S315080060F09D104FF4FA7300209A1A884102D20120A3
S3150800610084F8A10004F18C00FBF77CFB10EE100A62
S3150800611018EE101AC4F8900018EE900A08EE101A35
S31508006120206108EE900A216038EE680A10EE100A1F
S31508006130A061D4F8A21009B120468847A06900EEEC
S31508006140100AB5EEC00AF1EE10FA00EE100A01DCEC
S31508006150B1EE400AA16C00EE901AB4EEE00AF1EE38
S3150800616010FA78DDD4F89420616804F16203E2B38A
S3150800617000EE101A116800EE901A70EE200A00EE72
S31508006180100A20EE800A10EE101A6162A16800EE6D
S31508006190101A516800EE901AD4F8901070EE200A82
S315080061A000EE100A60EE800A00EE101A20EE800A51
S315080061B010EE105A2563B4F86050022D4CD900EE43
S315080061C0900A00EE101A1846FFF72AFEE06800EE5D
S315080061D0900AD4F89400806801EE100A70EE810ADD
S315080061E020EE200A10EE100A4DE0FFE700EE901AA6
S315080061F000EE100A20EE800A10EE101A00EE100AC1
S315080062006162A16800EE901AD4F8901060EE800AD8
S3150800621000EE101A20EE800A10EE102A2263B4F857
S315080062206020022A0AD900EE900A00EE101A1846D3
S31508006230FFF7F6FDE06800EE900AD1E700EE100AD7
S31508006240E06900EE900AE06870EE600A00EE100A57
S3150800625020EE801A11E016E1E368926800EE103A23
S3150800626000EE902A30EE201A00EE100AE06900EEE1
S31508006270900A30EE600A21EE001A00EE101AC1EEFE
S31508006280000A10EE900AE062D4F8A61009B120467A
S31508006290884794F89810480721D5D4F89400B6EEA4
S315080062A0000AE8B3A268406800EE902A01EE100AD8
S315080062B0A06970EE811A00EE900AE06901EE100AF4
S315080062C070EE810A20EE800A61EE800AD4F890000A
S315080062D000EE100A20EE800A10EE100A20638806E7
S315080062E002D5204601F0C5F994F89800800702D532
S315080062F0204601F017FA94F89820500627D5E06A48
S31508006300E16D00EE900AD4F8900000EE100A60EEF7
S31508006310801A00EE901A00EE100A30EE800A00E0AD
S315080063203AE081EE801AE36B00EE101A00EE903A1E
S3150800633060EE801A00EE101A00EE900A30EE200A7F
S31508006340C1EE800A31EE200A10EE100AE062D0078C
S3150800635002D0204601F043FAA06A00EE100A206B2C
S3150800636000EE900A30EE200A10EE100AA062626A69
S3150800637000EE100A00EE902AE06A70EE800A00EE3F
S31508006380100A30EE800A10EE100A606394F898102E
S31508006390C90611D4606B34E0A06900EE900AE06982
S315080063A001EE100AA06870EE810A60EE800A00EE1F
S315080063B0100A60EE800A89E700EE100AD4F8900009
S315080063C0A16D00EE900AA36B60EE201A00EE901AFB
S315080063D000EE100A30EE800A00EE903A81EE801A3E
S315080063E000EE101A60EE801A00EE101A00EE900AFF
S315080063F030EE200AC1EE800A31EE200A10EE100AAD
S31508006400606300EE900A206C00EE100AF4EEC00AF3
S31508006410F1EE10FA00DD6063616B00EE100A00EE23
S31508006420901AB1EE400AF4EEC00AF1EE10FA06D25E
S3150800643000EE100AB1EE400A10EE101A616300EE83
S31508006440102A00EE900AB4EEE00AF1EE10FA00DD2A
S315080064506062616A00EE100A00EE901AB1EE400A18
S31508006460F4EEC00AF1EE10FA0DD200EE100AB1EE03
S31508006470400A10EE100A05E06F12833A17B7D138B2
S315080064803333733F606220696061606BA063E16AC1
S31508006490E163A169E161216B216200EE100ABDEC9E
S315080064A0028B70BD70B5044611EE100A0025A06473
S315080064B010EE900A1646606410EE100A206411EE7B
S315080064C0900A2560606012EE100AA06012EE900A2B
S315080064D0E06013EE100A2563206513EE900A6065E6
S315080064E014EE100AA06514EE900AE065A4F8601090
S315080064F004F16200FFF78EFDC4F88C5084F89860AA
S315080065000021C4F89910C4F89D1084F8A150656359
S3150800651070BD000038B504461248134B0068B0FB3E
S31508006520F3F04FF47A73584300906068B0F5827FB1
S315080065300DD10B46009200228021204600F016F865
S3150800654070B1606D40F020006065032038BD00988A
S3150800655030B1401E009020688068C0430006F6D51A
S31508006560002038BD6C02002000366E012DE9F84384
S315080065701E46914688460446089DFCF7F9F8401BD6
S31508006580351AFCF7F5F8074625480068C0F3CB30FE
S31508006590684338E0701C37D0FCF7EAF8C01BA842FD
S315080065A003D215B1009860B32CE02068416821F049
S315080065B0E00141606068B0F5827F0BD1A068B0F554
S315080065C0004F02D0B0F5806F04D12068016821F031
S315080065D040010160A06AB0F5005F09D12068016832
S315080065E021F4005101602068016841F400510160FE
S315080065F0012084F85100002084F850000320BDE8EB
S31508006600F8830025401E00902068816838EA01005A
S3150800661004D000214945BDD10020F0E70121F9E762
S315080066206C020020FEF7CEFBFEF728FC012001F0E5
S31508006630DDF9F9E710B5502080F31188BFF34F8FC5
S31508006640BFF36F8F02F05CFC18B104494FF080501D
S315080066500860002080F3118810BD000004ED00E0FA
S3150800666030B593B030216846FAF7A8FB14210CA878
S31508006670FAF7A4FB19480025016841F0805101602A
S31508006680006800F0805011901548016841F4804177
S3150800669001600068022400F48040119001200090F7
S315080066A0000401908001CDE9064006200890A82044
S315080066B0CDE9090407200B906846FCF735FA0CA9C2
S315080066C00F2081E831004FF4A0500F90E00210909F
S315080066D005210CA8FCF71CF913B030BD4038024060
S315080066E0007000400548016841F4700101600349E3
S315080066F04FF00060803908607047000088ED00E0C0
S315080067000148FCF726BF00003472002010B501F0DE
S31508006710FBFD01F015FEBDE810400148FCF719BF66
S31508006720C47200200148FCF714BF0000547300200F
S31508006730F0B50268254C264D264E274F274B4FF0BD
S31508006740804CA04209D0604507D0A84205D0B04287
S3150800675003D0B84201D0984204D122F0700E4A689C
S3150800676042EA0E02A0421BD0604519D0A84217D0B3
S31508006770B04215D0B84213D0984211D0184DA8424D
S315080067800ED0184DA8420BD0174DA84208D0174D69
S31508006790A84205D0164DA84202D0164DA84203D1EC
S315080067A022F44075CA682A434D6922F080022A43BA
S315080067B002608A68C2620A688262A04201D0984270
S315080067C001D10969016301214161F0BD0000014061
S315080067D00004004000080040000C0040000401408E
S315080067E000400140004401400048014000180040B4
S315080067F0001C00400020004010B501F01F030121D5
S31508006800046A99408C430462016A9A401143016202
S3150800681010BD10B5846842EA032224F47F440A4373
S315080068202243826010BD826822F070020A4342F059
S315080068300701816070470000F0B5026A22F0010284
S315080068400262036A42688469124E24F073050C6872
S315080068502C4323F002058B682B430D4DA84201D02B
S31508006860B04205D123F00807CB683B4323F0040365
S31508006870A84201D0B04205D14D6922F440721543B1
S315080068808A692A4342608461496841630362F0BDAC
S315080068900000014000040140F0B5026A22F010022F
S315080068A00262026A436884690D6824F4E64444EA8D
S315080068B005248D6822F0200242EA05120F4D104E7B
S315080068C0A84201D0B04206D1CF6822F0800242EA3F
S315080068D0071222F04002A84201D0B04207D14D6902
S315080068E023F4406343EA85038D6943EA85034360DD
S315080068F08461496881630262F0BD000000000140BE
S3150800690000040140F0B5026A22F480720262026A4B
S315080069104368C46922F4007224F073050C68124EA9
S315080069202C438D6842EA05220E4DA84201D0B0429A
S3150800693006D1CF6822F4006242EA072222F4806276
S31508006940A84201D0B04207D14D6923F4405343EA27
S3150800695005138D6943EA05134360C4614968C16339
S315080069600262F0BD000001400004014030B5026A31
S3150800697022F480520262046A4268C3690D6823F4ED
S31508006980E64343EA05238D6824F4005444EA0534B3
S31508006990084DA84202D0084DA84204D14D6922F4F8
S315080069A0804242EA85124260C36149680164046212
S315080069B030BD000000000140000401400068C36AC1
S315080069C0934201D2C26A92B239B1042907D0082982
S315080069D007D00C2900D1026470474263704782636E
S315080069E07047C263704710B5036A046A24F001044D
S315080069F00462846924F0F00444EA021423F00A02CB
S31508006A000A438461026210BD10B5036A23F01003BD
S31508006A1003628369046A23F4704343EA023224F06A
S31508006A20A00343EA01118261016210BD10B5806BB3
S31508006A300021C185C184FCF7D0FF10BD70B5846BF9
S31508006A402068406994F83D10C0F3C010002521293C
S31508006A5004D118B1E584204600F0B0F820684069F2
S31508006A6094F83E10C0F38010222904D118B1E585A8
S31508006A70204600F07CF8206C40F010002064204688
S31508006A80FCF7ABFF70BD10B50146806B0968096855
S31508006A90C9052FD40021C18501680C3151E8002FA2
S31508006AA022F4807241E80023002BF5D101681431E5
S31508006AB051E8002F22F0010241E80023002BF5D10E
S31508006AC00168143151E8002F22F0400241E8002302
S31508006AD0002BF5D1202180F83E10016B012909D140
S31508006AE001680C3151E8002F22F0100241E800231A
S31508006AF0002BF5D1016B012902D0FDF7CAF910BDAB
S31508006B00818DFCF731FF10BD10B5806B016B012933
S31508006B1002D0FDF7BFF910BD818D4908FCF724FFA7
S31508006B2010BD10B50146806B09680968C90516D4F9
S31508006B300021C1840168143151E8002F22F0800237
S31508006B4041E80023002BF5D101680C3151E8002FEC
S31508006B5042F0400241E80023002BF5D110BDFDF7B5
S31508006B60E1F910BD10B5806BFDF7DDF910BD0168C0
S31508006B700C3151E8002F22F4907241E80023002BD3
S31508006B80F5D10168143151E8002F22F0010241E8DD
S31508006B900023002BF5D1016B012909D101680C31BD
S31508006BA051E8002F22F0100241E80023002BF5D10E
S31508006BB0202180F83E1000210163704701680C31DE
S31508006BC051E8002F22F0C00241E80023002BF5D13E
S31508006BD0202180F83D10704708B590F83E1022290C
S31508006BE001D0022008BD82684FF480539A4201D131
S31508006BF0016921B1816A9A421BD04AB10AE002684A
S31508006C00816A5268C2F308020A80816A891C08E010
S31508006C10026972B10268526802F07F020A70816ADC
S31508006C20491C8162C18D491E0904090CC18503D01E
S31508006C3019E002685268F1E70168CA6822F0200282
S31508006C40CA600168CA6822F48072CA6001684A6923
S31508006C5022F001024A61202180F83E10016B0129C9
S31508006C6003D0FDF716F9002008BD0021016301686D
S31508006C700C3151E8002F22F0100241E80023002BC6
S31508006C80F5D101680A68D20602D50A6849680091F2
S31508006C90818DFCF769FEE6E770B504460068016970
S31508006CA0E26821F44051114301612169A068E26953
S31508006CB008436169114308432168CA6849F20C63AD
S31508006CC09A430243CA6020684169A26921F4407167
S31508006CD01143416131492068884202D030498842CF
S31508006CE002D1FBF7DFFE01E0FBF7CCFEE2690023E9
S31508006CF0192164253226B2F5004F626828D0A0FB18
S31508006D000101930F9200FAF70FF80146B0FBF5F070
S31508006D106FF01802504301EB800006EB0010B0FB41
S31508006D20F5F000F0F002B1FBF5F002EB0012B1FB52
S31508006D30F5F06FF01803584301EB800006EB0010DE
S31508006D40B0FBF5F000F00F0021681044886070BDB4
S31508006D50A0FB010192185B41F9F7E6FF0146B0FB7B
S31508006D60F5F00201B1FBF5F06FF01803584301EB9B
S31508006D70800006EBC000B0FBF5F000F0F80002EB6F
S31508006D804002B1FBF5F0584301EB800006EBC0006A
S31508006D90B0FBF5F000F00700D6E700000010014050
S31508006DA00014014038B581628285002513460446E1
S31508006DB00564222084F83E00A26B1C48D063A26BAF
S31508006DC01B481064A26B1B48D064A06B0A46056575
S31508006DD02168A06B091DFBF775FB206801684068F0
S31508006DE0009084F83C50206948B120680C3050E87F
S31508006DF0001F41F4807140E80012002AF5D120688E
S31508006E00143050E8001F41F0010140E80012002A42
S31508006E10F5D12068143050E8001F41F0400140E8E1
S31508006E200012002AF5D1002038BD0000876A000844
S31508006E30096B00083D6A00080A4810B50068006832
S31508006E40C043C00609D40748FCF78FFD0722064948
S31508006E500448FDF709F801F057FABDE81040014863
S31508006E60FCF7BCBD9C730020420200200148FCF7D9
S31508006E70B5BD0000E0730020FEE74100080218BF18
S31508006E8004200A0E18BF40F001004FF07F4232EA94
S31508006E90010108BF40F00200012808BF052070471D
S31508006EA00907090E002804DB00F1E02080F8001429
S31508006EB0704700F00F0000F1E02080F8141D7047BD
S31508006EC010B510EE104A4FF01A402DED028B00EB6C
S31508006ED04400B0F1C85F4AD84FF0FC40B0EB440F0D
S31508006EE022D2B0EEC00AF7EE000A30EEC00AF6EE7D
S31508006EF0000A20EE208A18EE100A01F079FA00EE50
S31508006F00100A14F0004F1DBF9FED281ADFED280A5E
S31508006F10B1EE400A9FED271A08BFF0EE410AF8EED7
S31508006F20001A20EE210A05E020EE008A9FED221ABB
S31508006F30DFED220ADFED221A9FED222A70EEC00A43
S31508006F4020EE080A08EE212ADFED1F1A48EE021A7B
S31508006F509FED1E2A08EE212ADFED1D1A48EE021AB9
S31508006F60BDEC028B40EE610A30EE810A10BD4FF08F
S31508006F70CC40B0EB440F82BF9FED160ABDEC028BE6
S31508006F8010BD4FF07F40B0EB440F05D2BDEC028B2D
S31508006F90BDE8104000F029BA012000F04DFABDEC1A
S31508006FA0028BBDE8104000F027BA000000004940F7
S31508006FB022AA7D3A000000000000C93F22AAFD3936
S31508006FC024FE1C3DC78AD83C1E67383D1B93993D55
S31508006FD0AFAA2A3EDB0FC93F10B54FF00E402DED84
S31508006FE0028BB0EE408A18EE104A00EB4400B0F16E
S31508006FF0506F4AD84FF0FC40B0EB440F22D2B0EEA7
S31508007000C80AF7EE000A30EEC00AF6EE000A60EE8D
S31508007010208A18EE900A01F0EBF901EE100A14F036
S31508007020004F1DBFDFED2D0A9FED2D0AB1EE411A67
S31508007030DFED2C0A08BF9FED2C0AF8EE001A21EEA8
S31508007040218A05E0DFED290A68EE088AB0EE600AB3
S315080070509FED271ADFED271A30EE080A48EE811A47
S315080070609FED251A08EEA11ADFED241A48EE811ABB
S315080070709FED231A08EEA11A68EE281ABDEC028BBA
S3150800708001EE810A30EE200A10BD4FF0E440B0EB65
S31508007090440F0CD918EE100AFFF7EFFE042808BFB4
S315080070A000F0B2F9B0EE480ABDEC028B10BD4FF005
S315080070B07F40B0EB440F07D2B0EE480ABDEC028B16
S315080070C0BDE8104000F091B9012000F0B5F9BDEC1B
S315080070D0028BBDE8104000F08FB900000000C9BF60
S315080070E022AAFDB90000C93F22AAFD390000000006
S315080070F024FE1C3DC78AD83C1E67383D1B93993D24
S31508007100AFAA2A3E70B54FF068422DED048BF0EE1B
S31508007110408A18EE900AB0EE608A18EE101A02EB52
S315080071204003B3F1654F3CBF02EB4102B2F1654F34
S315080071307DD200BFC0F3C753C1F3C7529A1A1B2AA0
S3150800714009DD10F0004F14BF9FED830A9FED830AF7
S31508007150BDEC048B70BD12F11A0F36DA11F0004F30
S3150800716009D010F0004F0CBF9FED7D0A9FED7D0AF8
S31508007170BDEC048B70BD88EE889A19EE100AFFF7ED
S315080071807CFE042808BF00F03FF918EE900AFFF7C6
S3150800719074FE054618EE100AFFF76FFE044619EE50
S315080071A0100AFFF76AFE042D18BF052D08D1042C16
S315080071B018BF052C04D1002804BF022000F03CF9B2
S315080071C0B0EE490ABDEC048B70BD4200B2EB410F2C
S315080071D03AD910F0004F19BFDFED630A9FED630A35
S315080071E0DFED630A9FED630AB0EE481A0A46B1EE70
S315080071F0688A80F00041F0EE418A10460A1A520069
S31508007200B2F1807F34D2484010F0004FDFED5A1AB1
S315080072109FED5A2A1DBFBEEE001A70EEE10A30EE47
S31508007220420AB6EE001A08BF70EEA10A00E040E076
S3150800723008BF30EE020AB0EE682A01EE482A08EEC8
S31508007240818AC2EE081A15E011F0004F04BF9FEDBF
S315080072504C0AF0EE400AD1D010F0004F19BFDFED0E
S31508007260490A9FED490ADFED490A9FED490AC5E734
S31508007270C8EE881A21EEA11A9FED462ADFED462AA6
S3150800728041EE022A9FED452A01EE222ADFED442A25
S3150800729041EE022A9FED432ABDEC048B01EE222A19
S315080072A021EE811A01EE020A30EE210A30EE200A9A
S315080072B070BD4FF07F42B2EB400F28BFB2EB410FD3
S315080072C009D2F0EE480AB0EE680ABDEC048BBDE8B8
S315080072D0704000F08DB840EA01035B0008BF41F03A
S315080072E0FF410BD0B2EB400F08BFB2EB410F08D1FC
S315080072F020F0804008EE900A21F0804108EE101A2E
S3150800730018E7B2EB400F12BF5FEA410340F0FF40B7
S3150800731001F000413FF40EAFB2EB410F12BF5FEA36
S31508007320400200F0004041F0FF413FF403AF4A003D
S3150800733092EA40033FF5FEAE002AACBF9FED1A0A5B
S315080073409FED1A0A68EE808A28EE008A18EE900ADF
S3150800735018EE101AEEE60000DB0FC9BFDB0FC93FB7
S31508007360DB0F4940DB0F49C00000C9BF22AAFDB99F
S315080073700000C93F22AAFD390060ED3EC30ACE3798
S3150800738000000000000049C022AA7DBA000049405A
S3150800739022AA7D3A2DAD65BD8FB8D53D0FB511BE74
S315080073A061C84C3EA8AAAABE0000804F0000802FE4
S315080073B010B52DED028BB1EEC08A18EE100A20F03A
S315080073C00040C0F1FF40C00F0AD010EE100A20F0AE
S315080073D00040C0F1FF40C00F04BF012000F02CF8A8
S315080073E0B0EE480ABDEC028B10BD30EE000A7047BD
S315080073F030EE200A70470000DFED020A80EEA00A90
S3150800740070470000000000009FED020A20EE000A07
S31508007410704700000000001002E008C8121F08C1EB
S31508007420002AFAD170477047002001E001C1121FF7
S31508007430002AFBD170470000014908607047000028
S315080074407802002070B5F9F729FD8020F9F772FE59
S315080074505520F9F76FFE5520F9F76CFE424C20705F
S31508007460F9F714FD0120FBF765F8F9F717FD8020F9
S31508007470F9F760FE5520F9F75DFE5520F9F75AFE33
S315080074802070F9F703FD0120FBF754F8F9F706FD1C
S31508007490B6217E20F9F760FEF9F7F8FC5020FBF7D5
S315080074A049F8F9F7FBFC8020F9F744FE5520F9F76F
S315080074B041FE5520F9F73EFE2070F9F7E7FC01205A
S315080074C0FBF738F8F9F7EAFC8020F9F733FE552080
S315080074D0F9F730FE5520F9F72DFE2070F9F7D6FC9E
S315080074E00120FBF727F820781E2801D0FF2070BD61
S315080074F01D4D002060702435F9F7D0FC607800EB4C
S3150800750040004119285C4978F9F726FEF9F7BEFCD0
S315080075100120FBF70FF8F9F7C1FC607800EB400093
S31508007520285C40F08000F9F705FE5520F9F702FEC1
S315080075305520F9F7FFFD2070F9F7A8FC0120FAF7A6
S31508007540F9FF6078237800EB400129444A789A428B
S3150800755003D08978A2781143A170401CC0B260702C
S315080075600628C9D3002070BD8C00002070B5F9F735
S31508007570A5FC3C490020F9F7D1FDF9F797FC012055
S31508007580FAF7D8FFF9F79AFC36490020F9F7C6FD4D
S31508007590F9F78CFC0120FAF7CDFFF9F78FFCB62135
S315080075A01420F9F7D9FDF9F781FC5020FAF7C2FF44
S315080075B0F9F784FC2B490020F9F7B0FDF9F776FCBA
S315080075C00120FAF7B7FFF9F779FC26490020F9F701
S315080075D0A5FDF9F76BFC0120FAF7ACFF214C2078E2
S315080075E00F2801D0FF2070BD1E4D00206070363573
S315080075F0F9F764FC607800EB40004119285C49788B
S31508007600F9F7AAFDF9F752FC0120FAF793FFF9F703
S3150800761055FC6078134900EB4000285CF9F77EFDBD
S31508007620F9F744FC0120FAF785FF6078227800EB29
S3150800763040012944497891420BD0401EC0B20949FD
S31508007640607000EB400024310844A1788078084334
S31508007650A0706078401CC0B260700628C8D30020AD
S3150800766070BD00008C00002010B5012000F0BEF9A6
S31508007670FBE78169826A00EE101A00EE902A20EE76
S31508007680200AB5EEC00AF1EE10FA4ADD00EE101A2D
S31508007690B5EEC00AF1EE10FA00EE101A01DCB1EEF2
S315080076A0400A436D00EE903AB4EEE00AF1EE10FAA5
S315080076B037D9026D00EE903A00EE102A70EE200AD5
S315080076C000EE101AB5EEC00AF1EE10FA00EE101A26
S315080076D001DCB1EE400AF4EEC00AF1EE10FA1EDB48
S315080076E000EE101A00EE902AB5EEC00AF1EE10FA76
S315080076F000EE101A01DCB1EE400A016B70EEC00A0A
S3150800770000EE103A30EE801A00EE102AC1EE000A9A
S3150800771000EE101A20EE800A10EE101A00E0002182
S315080077200163704770B50446D0F8945000F16202C0
S31508007730B0F860300169D0F89000D5B1022B36D97F
S3150800774000EE101AF1EE400A00EE100A1046FEF797
S3150800775067FBE06800EE900AD4F89400806801EEB2
S31508007760100A70EE810A00BF20EE200A10EE100AF9
S315080077701BE0022B0CD900EE101AF1EE400A00EEBF
S31508007780100A1046FEF74CFBE06800EE900AEBE79D
S31508007790626900EE101A00EE902AE16870EEC00ADF
S315080077A000EE101A20EE801A12E0E06270BDE26860
S315080077B000EE102AAA6800EE902A626930EE201AB6
S315080077C000EE902A00EE101A30EEC00A21EE001ADA
S315080077D000EE100AC1EE000A10EE900AE5E7026B09
S315080077E0816A00EE902A00EE101A426A70EE200AAC
S315080077F001EE102A00EE101AC26A31EE001A00EEE7
S31508007800102A31EE000AB5EEC00AF1EE10FA01DCD4
S31508007810B1EE400A026C01EE102A0022B4EEC10A4B
S31508007820F1EE10FA0CDD836900EE101A01EE103A3B
S3150800783021EE000AB5EEC00AF1EE10FA00DD026389
S31508007840416C00EE101AB4EEE00AF1EE10FA01D21D
S315080078500263816200EE101AB1EE400AB4EEE00A45
S31508007860F1EE10FA07DD00EE101A0263B1EE400AD7
S3150800787010EE101A81627047B4EEE00AF1EE10FAC3
S3150800788002D2B0EE600A7047B4EEC10AF1EE10FA01
S31508007890F9DDB0EE410A7047FDEEC00A10EE900A17
S315080078A000EE900AF8EEE00A30EE600A10EE101AC2
S315080078B0B1F17C5F00DD401C7047000010EE100A35
S315080078C0F6EE000A074960EE200AA1EB600000EE1A
S315080078D0100A20EE801AF7EE080A41EE400A20EE5A
S315080078E0800A7047865A375F10B5012000F07EF887
S315080078F0FBE70000FAF74AFFFEF7B2FEFEF73AF892
S31508007900FDF7C6FFFEF73CF9FEF75EF9FDF76AFFDD
S31508007910FDF78AFFFEF7A6F9FEF78AF9FEF736FAAB
S31508007920FEF75CFAFDF7A2FFFEF7FCF9A820F9F7C7
S31508007930ADFF01210C48F9F79FFB0028F9D10B4C44
S31508007940012291022046FAF70DFF0122D1022046B4
S31508007950FAF708FF0648FBF74DFDF9F789FCFDF72E
S31508007960D5FF00F04AF8FEE71C710020001C024013
S31508007970C472002001460020842900D0C81C704724
S31508007980F0B50B30154D20F007010024144A0FE01E
S3150800799003688B420BD38B4205D95E1A4318476896
S315080079A0C3E9006700E04368136002C004E0021DF3
S315080079B010680028ECD12046002802D1286808B1B2
S315080079C00020F0BD064A07481060074A121A22F03E
S315080079D00702C0E9002401202860D7E774020020C6
S315080079E070020020AC750020A895002010B500B9DB
S315080079F0012000F055FE002010BD10B500F0B8FEBD
S31508007A00002010BD7FB50D4604464169B0F908004F
S31508007A1081B1A16971B1FFF7ADFFD4E905128DE80F
S31508007A200700D4E900102B46226901F02AFA0390D0
S31508007A3004B070BDFFF79EFF03A9CDE90001208AB7
S31508007A402B4682B2D4E9001001F0EEF9012801D0E4
S31508007A500020EDE70398EBE72DE9F0411A4C0F46B5
S31508007A600546E6682168002081F852002068001D56
S31508007A7000F0E2FC38B9206890F82C100120884004
S31508007A80216981432161681C07D137B12168BDE8A6
S31508007A90F0410E48091D00F01FBD20683544B54267
S31508007AA04560216805D2A06BBDE8F041091D00F0CC
S31508007AB0FBBC606B091D00F0F7FCA06A854200D28A
S31508007AC0A562BDE8F0810000380000209863002018
S31508007AD02DE9F041054600F00BFD2E4CA068401C30
S31508007AE0A06020682C4F10B1606940B32DE0256076
S31508007AF0A068012829D1002606EB860007EB80003E
S31508007B0000F0C4FC761C072EF6D323488C3000F010
S31508007B10BDFC2148A03000F0B9FC1F48B43000F085
S31508007B20B5FC1D48C83000F0B1FC1B48DC3000F03D
S31508007B30ADFC19488C3060631430A06305E02068FA
S31508007B40E96AC06A884200D82560606A401C60629B
S31508007B50E96A0120226988401043206101EB81000F
S31508007B6007EB8000291D00F0B7FC00F0E1FC606916
S31508007B7000280CD02068E96AC06A884207D20749FB
S31508007B804FF080500860BFF34F8FBFF36F8FBDE88B
S31508007B90F081000038000020BC62002004ED00E0FF
S31508007BA038B500F0A5FC104C2068C8B90F4800F09D
S31508007BB06DFC0E48143000F069FC0C48E060143087
S31508007BC020610A4B0020E83B009003F1480210218F
S31508007BD00A2000F0C1FE206010B105A100F02AFDC0
S31508007BE0BDE8384000F0A4BC74000020946400206E
S31508007BF0546D72510000000030B4026C0B46002A26
S31508007C000BD0C1681144C1608468A14201D30168E0
S31508007C10C16030BC1846F9F7B8B830BC70472DE9D2
S31508007C20F041856B174604460026026C82B1C7B13F
S31508007C30E068F9F7AAF8E168206C091AE160226899
S31508007C40914202D2A168081AE060022F16D017E006
S31508007C502068A8B9A06801F0B9F906460020A06016
S31508007C600EE06068F9F791F8216C60680844606076
S31508007C70A168884204D32068606001E005B16D1EE2
S31508007C806D1CA5633046BDE8F08110B5044690F832
S31508007C90510058B101280CD002280FD0502080F38B
S31508007CA01188BFF34F8FBFF36F8FFEE7206B00F08D
S31508007CB053FC2046BDE8104000F04EBC10BD000045
S31508007CC010484FF4C041420706D0C01D0D4920F0A8
S31508007CD00700411AC1F5C0410B4A00230144C2E915
S31508007CE000030839183A21F0070111604B600B6050
S31508007CF00B1AC0E9001393604FF0004053605061BF
S31508007D00704700007C02002024000020144E154C09
S31508007D10A6F1C8074FF08058DFF84C9012E000BF74
S31508007D2000F0E6FBF068C568281D00F085FBA06832
S31508007D30401EA0606068401E606000F0F9FB28469F
S31508007D40FFF7A3FF60680028EAD138680128F9D947
S31508007D50C9F80080BFF34F8FBFF36F8FF2E70000BB
S31508007D60846300203800002004ED00E003460098F4
S31508007D7029B10260C0E90F31012100F021BE00607F
S31508007D80F8E700002DE9F05F8846DDE90B94154613
S31508007D90834691009A460A9EA522206BF9F707F8B2
S31508007DA06FF00301206B01EB8501084420F00707FB
S31508007DB0780707D0502080F31188BFF34F8FBFF3A1
S31508007DC06F8FFEE70025B8F1000F0FD05FF00000B7
S31508007DD0221818F8001082F8341018F8001011B19B
S31508007DE0401C1028F4D384F8435001E084F834503A
S31508007DF0072E00D30626E662C4E91165201D00F0A9
S31508007E0050FB04F1180000F04CFB2461C6F1070092
S31508007E106462A061E56484F8505084F85250524672
S31508007E205946384600F05AFA2060B9F1000F01D0D9
S31508007E30C9F80040BDE8F09F30B5114900E0114689
S31508007E400A688242FBD34B685C18844203D14068B7
S31508007E5018444860084643681C18944209D1084CDF
S31508007E60183C2468A24209D052681A4442600A683B
S31508007E7012680260814200D0086030BD0460F9E7EC
S31508007E802400002070B5002441600B4D006191422A
S31508007E9006D8D11A8269914206D2011D286907E0DF
S31508007EA09A4203D2994201D3012403E0011DE868EE
S31508007EB000F0FAFA204670BD7400002010B504469A
S31508007EC000F016FBA06B28B15FF0000400F030FB51
S31508007ED0204610BD0124F9E730B589B03C4D6EE067
S31508007EE00498002806DADDE90601059A9047049801
S31508007EF0002864DB069C606910B1201D00F09CFA1E
S31508007F0003A800F0D7F8024604980A2857D2DFE8F3
S31508007F1000F00505052D334A05052D3394F8240090
S31508007F2040F0010084F824000599A069059B0144E6
S31508007F302046FFF7A7FF68B3216A2046884794F8CA
S31508007F40240040073BD5002000900598A16900232E
S31508007F5042181946204601F051F9D8B9502080F345
S31508007F601188BFF34F8FBFF36F8FFEE714F8240F06
S31508007F7020F00100207022E094F8240040F001006F
S31508007F8084F824000598A06128B181181346204674
S31508007F90FFF778FF13E0502080F31188BFF34F8F67
S31508007FA0BFF36F8FFEE794F82400810703D42046B9
S31508007FB000F0D2FA03E020F0010084F82400002241
S31508007FC004A9286800F050FE002889D109B030BD00
S31508007FD0740000202DE9FC410F46054600F00CFC14
S31508007FE001A800F067F80446019818B101F074F882
S31508007FF0BDE8FC81254EAFB130690068D0B30027D3
S31508008000291B3A46306800F029FB01F065F800287C
S31508008010EED11F494FF080500860BFF34F8FBFF372
S315080080206F8FE5E7A542EBD801F056F8F0682746CA
S31508008030C068C468201D00F0FFF994F824004107C1
S3150800804019D5A0692B4641193A462046FFF71AFF6B
S31508008050A8B100200346014600902A46204601F0B2
S31508008060CDF860B9502080F31188BFF34F8FBFF366
S315080080706F8FFEE707E020F0010084F82400216AEC
S3150800808020468847B4E70127BAE7000074000020B5
S3150800809004ED00E00648416B096829B1416BC968DF
S315080080A0C9684968816270474FF0FF31FAE70000F6
S315080080B03800002070B5054600F01CFF064E044641
S315080080C0B068844203D200F009F8012000E00020DD
S315080080D028602046B46070BD74000020F8B5194DBC
S315080080E020E0C068C4680668201D00F0A5F9216A6A
S315080080F02046884794F82400400713D5A0693044E1
S31508008100B04206D924616060211DE86800F0CCF908
S3150800811008E000200346014600903246204601F05A
S315080081206DF838B1E86801680029DAD12969C5E926
S315080081300310F8BD502080F31188BFF34F8FBFF3AB
S315080081406F8FFEE77400002008484068401C4FF017
S31508008150500080F3118804D0BFF34F8FBFF36F8FA1
S31508008160FEE7BFF34F8FBFF36F8FFEE72C000020AB
S31508008170074CE068016841B1C0680021D0F80000EA
S31508008180FFF728FFFFF7A8FEF3E701210020F7E72E
S31508008190740000202DE9F041044600F0A9F994F98D
S315080081A0455004F1240609E0606A48B1304600F0FB
S315080081B059FF08B100F0A2FA6D1E6DB2002DF3DC6E
S315080081C04FF0FF3684F8456000F0B2F900F090F9F8
S315080081D094F9445004F1100709E0206948B138467B
S315080081E000F040FF08B100F089FA6D1E6DB2002D4F
S315080081F0F3DC84F84460BDE8F04100F099B900006A
S315080082002DE9F0410546002700F0F6FA324E3068AF
S3150800821008B9FFF755FD706905424ED1C5B3083553
S3150800822068070ED005F00700C0F108000544680786
S3150800823007D0502080F31188BFF34F8FBFF36F8F9D
S31508008240FEE72DB37068854237D8234818300146B3
S315080082500C6801E020460C466168A94202D22168F2
S315080082600029F7D131688C4227D007682168016058
S3150800827060680837411B10290FD96019420708D0D2
S31508008280502080F31188BFF34F8FBFF36F8FFEE73F
S3150800829013E041606560FFF7CFFD61687068401ABA
S315080082A07060B268904200D2B060706901430020E5
S315080082B0C4E90001F068401CF06000F00DFF780783
S315080082C007D0502080F31188BFF34F8FBFF36F8F0D
S315080082D0FEE73846BDE8F0810C00002010B5031F04
S315080082E04FF080741C601B1F21F001011960191FD3
S315080082F0044B0B6014390A60091F6FF002024438F8
S315080083000A6010BD498100080C480178A5290AD1E0
S315080083104279801E012A417806D0002A03D1012914
S3150800832001D10021417070470029FCD1017819B1AB
S31508008330002101700121F5E70121FAE74202002038
S315080083402448A521DFED260A00F8011B22499FEDE6
S31508008350251A91ED1D0ABDEEC00A10EE102A0280FC
S3150800836091ED1C0ABDEEC00A10EE102A428091ED6E
S315080083701F0ABDEEC00A10EE101A8180174931F99E
S31508008380012F00EE102AB8EEC00A30EE600AF6EEAB
S31508008390000A20EE200ABDEEC00A10EE102AC2809E
S315080083A0B1F9021000EE101AB8EEC00A30EE410A12
S315080083B020EE200ABDEEC00A10EE101A01810A4905
S315080083C0097881725A21C1720D2202490748FBF7C2
S315080083D063BD0000156A0020EC65002042020020FB
S315080083E000A0FA4400900045400200209C7300203B
S315080083F010B500EE100A2DED028BB1EEC08A18EE0C
S31508008400100A20F00040C0F1FF40C00F0AD010EE5D
S31508008410100A20F00040C0F1FF40C00F04BF012041
S31508008420FFF70AF818EE100ABDEC028B10BD10B55E
S315080084300120FFF7DBFAFBE7D0E9013201699A6010
S31508008440D0E901235A604A68824201D182684A60AB
S31508008450002202610868401E08600868704700002C
S31508008460034B036003F154000860802010607047D6
S31508008470746A0020044B036003F1540008604FF44B
S315080084808070106070470000C86C002000F1080179
S315080084904FF0FF32C0E90112C1600161002101609D
S315080084A0704700210161704730B50B685A1C02D02D
S315080084B000F1080202E0026904E0224654682568D1
S315080084C09D42FAD953684B6099608A605160086189
S315080084D00168491C016030BD42684A6093688B6038
S315080084E093685960916008610168491C016070478A
S315080084F0502080F31188BFF34F8FBFF36F8F0A495F
S315080085004868401C486001280CD10848006810F0EB
S31508008510FF0F07D0502080F31188BFF34F8FBFF3AA
S315080085206F8FFEE7704700002C00002004ED00E086
S315080085300849486828B1401E486001D180F311886F
S315080085407047502080F31188BFF34F8FBFF36F8FAA
S31508008550FEE700002C00002070B500282AD0164D32
S31508008560A0F1080460686969084207D1502080F3C1
S315080085701188BFF34F8FBFF36F8FFEE722683AB1BA
S31508008580502080F31188BFF34F8FBFF36F8FFEE73C
S315080085908843606000F030F960686968084468607C
S315080085A02046FFF749FC2869401C2861BDE8704051
S315080085B000F092BD70BD00000C0000204FF0E020D6
S315080085C000210161816105494FF47A720968B1FB9E
S315080085D0F2F1491E41610721016170476C020020D2
S315080085E010B5F7F739FE114910280ED300F1E0202F
S315080085F090F8F0030A78904207D2502080F3118849
S31508008600BFF34F8FBFF36F8FFEE70948006889688D
S3150800861000F4E060884207D9502080F31188BFF340
S315080086204F8FBFF36F8FFEE710BD00002C000020B0
S315080086300CED00E010B5084B002200BF53F832409D
S315080086401CB1521C082AF9D310BD43F8321003EBAB
S31508008650C201486010BD00007C62002070B5154656
S315080086600E460446FFF744FF94F944100020491CBF
S3150800867001D184F8440094F94510491C01D184F8C5
S315080086804500FFF755FFA06B28B92A46314604F185
S31508008690240000F051F82046BDE87040FFF77ABD87
S315080086A010B5020014D00F48006B38B1502080F383
S315080086B01188BFF34F8FBFF36F8FFEE700F09CF86A
S315080086C000211046FFF7C8F900F006FD002807D17B
S315080086D005494FF080500860BFF34F8FBFF36F8F87
S315080086E010BD00003800002004ED00E002490A6AC7
S315080086F00260C968416070473800002001490120BE
S31508008700C86170473800002010B50C4650B10949B9
S3150800871009681831FFF7C8FE2046BDE81040012158
S31508008720FFF79AB9502080F31188BFF34F8FBFF334
S315080087306F8FFEE73800002070B514460D4668B105
S315080087400A4909681831FFF7C7FE0CB14FF0FF3523
S3150800875021462846BDE87040FFF77EB9502080F3D1
S315080087601188BFF34F8FBFF36F8FFEE738000020E5
S3150800877030B587B00024039405AA04A903A8049475
S31508008780FFF76EFEDDE903010094CDE90110002331
S3150800879015A11748059A00F074FB164D0028E862E3
S315080087A01FD000F0FBFC012809D0401C19D150202D
S315080087B080F31188BFF34F8FBFF36F8FFEE750200A
S315080087C080F31188BFF34F8FBFF36F8F4FF0FF30E1
S315080087D0A86201206861EC6007B0BDE8304000F08F
S315080087E041B807B030BD000049444C4500000000C0
S315080087F00D7D0008380000200248016B491C016302
S3150800880070470000380000201448016B11B101219F
S31508008810C16170470021C1610169B1FA81F1C1F1F5
S315080088201F0101EB81020E4951F822306BB101EBB1
S31508008830820101F108034A6852684A609A4201D1E6
S3150800884052684A60D16801607047502080F31188E9
S31508008850BFF34F8FBFF36F8FFEE70000380000208D
S31508008860BC6200201CB537480168374A914207D1D7
S31508008870502080F31188BFF34F8FBFF36F8FFEE749
S3150800888000683149491E884207D1502080F3118873
S31508008890BFF34F8FBFF36F8FFEE72C49087801901F
S315080088A0FF20087008788DF800009DF800009DF8F4
S315080088B0002000F0F000904207D0502080F3118885
S315080088C0BFF34F8FBFF36F8FFEE79DF80000204C74
S315080088D000F0500020700720A06005E09DF80020F9
S315080088E052008DF80020401E9DF800201206F5D48F
S315080088F0A060032807D0502080F31188BFF34F8F5C
S31508008900BFF36F8FFEE74FF44070A06001980870C0
S315080089100C482030016841F470010160016841F09B
S3150800892070410160FFF74AFE00206060F7F75CFCC3
S315080089300848016841F040410160F7F741FC002012
S315080089401CBD000000ED00E071C20F4100E400E02C
S315080089502C00002034EF00E038B5049D18B153B15F
S31508008960CAB181B120E0502080F31188BFF34F8F40
S31508008970BFF36F8FFEE7502080F31188BFF34F8F48
S31508008980BFF36F8FFEE7502080F31188BFF34F8F38
S31508008990BFF36F8FFEE739B1502080F31188BFF31C
S315080089A04F8FBFF36F8FFEE748241C46012384F8D8
S315080089B046302B460094FFF7D9F9204638BD00000B
S315080089C070B50D46040025D0FFF792FDD4E90F20B7
S315080089D0216802FB0011A1600021A1632168616082
S315080089E00A46D4E90F01401E00FB0121E160214639
S315080089F04FF0FF3001F8440F487004F110008DB1B4
S31508008A00FFF744FD04F12400FFF740FDFFF790FD52
S31508008A10012070BD502080F31188BFF34F8FBFF33C
S31508008A206F8FFEE721690029F0D000F01BFB0028B4
S31508008A30ECD004494FF080500860BFF34F8FBFF366
S31508008A406F8FE3E704ED00E02DE9FF4782B01D468E
S31508008A508A464FF00008040003D0BAF1000F08D088
S31508008A6011E0502080F31188BFF34F8FBFF36F8F4B
S31508008A70FEE7206C38B1502080F31188BFF34F8F82
S31508008A80BFF36F8FFEE7022D0AD1E06B012807D0EE
S31508008A90502080F31188BFF34F8FBFF36F8FFEE727
S31508008AA000F01AFA3F4F4FF000094FF0805648B9C8
S31508008AB0049838B1502080F31188BFF34F8FBFF365
S31508008AC06F8FFEE7FFF714FDA06BE16B884207D3B3
S31508008AD0022D05D00498D0B1B8F1000F1AD01EE0C7
S31508008AE02A4651462046FFF79AF8616A19B104F1F9
S31508008AF0240000F0B7FA20B13E60BFF34F8FBFF3F2
S31508008B006F8FFFF715FD012006B0BDE8F087FFF768
S31508008B100FFD22E06846FFF7E9FD4FF00108FFF771
S31508008B2007FDFFF769FEFFF7E3FC94F94400401CD4
S31508008B3001D184F8449094F94500401C01D184F889
S31508008B404590FFF7F5FC04A9684600F029F930B10D
S31508008B502046FFF71FFB00F0BFFA0020D4E7FFF717
S31508008B60C7FCA06BE16B884213D1FFF7E1FC04F167
S31508008B7010000499FFF7C8FD2046FFF70BFB00F02D
S31508008B80ABFA00289ED13E60BFF34F8FBFF36F8FBD
S31508008B9098E7FFF7CDFC2046FFF7FCFA00F09CFAB1
S31508008BA090E7000004ED00E02DE9F0471F469046E7
S31508008BB08946040003D0B9F1000F08D011E050200F
S31508008BC080F31188BFF34F8FBFF36F8FFEE7206CDA
S31508008BD038B1502080F31188BFF34F8FBFF36F8FE2
S31508008BE0FEE7022F0AD1E06B012807D0502080F358
S31508008BF01188BFF34F8FBFF36F8FFEE7FFF7F0FCC7
S31508008C005020EFF3118680F31188BFF34F8FBFF31F
S31508008C106F8FA06BE16B884206D3022F04D0002029
S31508008C2086F31188BDE8F08794F94550A06B3A465B
S31508008C3049462046FEF7F3FF681C04D06D1C84F8ED
S31508008C4045500120ECE7606A0028FAD004F12400B8
S31508008C5000F008FA0028F4D0B8F1000FF1D001218D
S31508008C60C8F80010EDE700002DE9F747002683B0A5
S31508008C708A46040003D0BAF1000F08D011E050204C
S31508008C8080F31188BFF34F8FBFF36F8FFEE7206C19
S31508008C9038B1502080F31188BFF34F8FBFF36F8F21
S31508008CA0FEE700F019F9DFF8F4804FF000094FF0FD
S31508008CB0805748B9059838B1502080F31188BFF31A
S31508008CC04F8FBFF36F8FFEE7FFF712FCA56BC5B199
S31508008CD051462046FEF790FF6D1EA563206950B1E8
S31508008CE004F1100000F0BEF928B1C8F80070BFF30F
S31508008CF04F8FBFF36F8FFFF71BFC012006B0BDE84F
S31508008D00F087059808B11EB106E0FFF711FC27E0C9
S31508008D106846FFF7EBFC0126FFF70AFCFFF76CFD38
S31508008D20FFF7E6FB94F94400401C01D184F844900F
S31508008D3094F94500401C01D184F84590FFF7F8FBEB
S31508008D4005A9684600F02CF8002820460AD0FFF747
S31508008D5021FA00F0C1F92046FFF7B0F80028B3D091
S31508008D600020CBE7FFF7AAF890B104F12400059993
S31508008D70FFF7CAFC2046FFF70DFA00F0ADF9002808
S31508008D80A2D1C8F80070BFF34F8FBFF36F8F9BE770
S31508008D902046FFF7FFF900F09FF995E704ED00E09C
S31508008DA02DE9F0410C4605000FD0B4B1FFF7A0FB42
S31508008DB01C4BDA686E681868911B002790F85200F9
S31508008DC098B1186880F852701AE0502080F311881C
S31508008DD0BFF34F8FBFF36F8FFEE7502080F31188E4
S31508008DE0BFF34F8FBFF36F8FFEE72068B0F1FF3FE9
S31508008DF008D0D5F800C01B6A9C4509D0964207D80A
S31508008E00012400E00024FFF793FB2046BDE8F0812B
S31508008E10884205D9401A20602846FFF767FCF1E723
S31508008E202760EDE7380000202DE9FF5F8346DDE97E
S31508008E300E87994616468A469000FFF7E1F905001F
S31508008E401CD05420FFF7DCF9040014D00020256359
S31508008E5084F85100CDE90240CDE900874B463246F9
S31508008E6051465846FEF78EFF2046FEF731FE012092
S31508008E7004B0BDE8F09F2846FFF76EFB4FF0FF30C1
S31508008E80F6E7F0B585B0DDE90B640A9DA6B1DCB15D
S31508008E90542700972663022684F85160002604AFFB
S31508008EA0CDE90246CDE90057FEF76CFF2046FEF7EE
S31508008EB00FFE049805B0F0BD502080F31188BFF36B
S31508008EC04F8FBFF36F8FFEE7502080F31188BFF3F3
S31508008ED04F8FBFF36F8FFEE70548416919B1006BE5
S31508008EE018B1002070470120704702207047000023
S31508008EF0380000200148C06870470000380000208C
S31508008F002DE9F0412F4C0026206B28B1A069401CA2
S31508008F10A0613046BDE8F081E5686D1CE56013D1B7
S31508008F20606B006838B1502080F31188BFF34F8F0B
S31508008F30BFF36F8FFEE7606BA16B6163A063206A66
S31508008F40401C2062FFF7A6F8A06ADFF87C808542FD
S31508008F5009D3606B0068A0B1606BC068C7687868A1
S31508008F60854211D2A0622068C06A00EB800158F8D9
S31508008F702100012800D90126E0690028C9D0012668
S31508008F80C7E74FF0FF30EDE7381DFFF755FAB86A27
S31508008F9018B107F11800FFF74FFAF96A012022699C
S31508008FA088401043206101EB810108EB8100391DDF
S31508008FB0FFF792FAF86A2168C96A8842C9D3012676
S31508008FC0C7E7000038000020BC62002070B5040026
S31508008FD04FF0000140D0214D2868844207D0502028
S31508008FE080F31188BFF34F8FBFF36F8FFEE7A06C36
S31508008FF038B1401EA064636CE26A9A422CD040B134
S315080090002AE0502080F31188BFF34F8FBFF36F8F8C
S31508009010FEE7201DFFF710FA114A012150B9E06A50
S3150800902000EB800352F8233023B92B6901FA00F0CC
S3150800903083432B61606CE062C0F10700A061E06ABF
S315080090402B6981401943296100EB800002EB8000FF
S31508009050211DFFF741FA0121084670BD380000209E
S31508009060BC6200202DE9F041C068C468ACB104F1C7
S3150800907018000746FFF7E0F9154D286B0126A0B141
S3150800908039461448FFF728FAE06A2968C96A884207
S315080090901CD90120EE61BDE8F081502080F31188CB
S315080090A0BFF34F8FBFF36F8FFEE7201DFFF7C4F99D
S315080090B0E16A2A6906FA01F01043286101EB81008A
S315080090C00449B43901EB8000211DDBE70020E2E703
S315080090D038000020706300202DE9F0472C4D00244D
S315080090E02746286B38B1FFF703FA286B401E28631A
S315080090F0286B40B146E0502080F31188BFF34F8FAC
S31508009100BFF36F8FFEE7A968224E0120D1B3A6F1FF
S31508009110B40980463068E8B1F068C46804F11800FC
S31508009120FFF78AF9201DFFF787F9E06A2A6908FA26
S3150800913000F11143296100EB800109EB8100211D33
S31508009140FFF7CAF9E06A2968C96A8842E2D3C5F80E
S315080091501C80DFE70CB1FEF79DFFAC6944B14646BB
S31508009160FFF7CEFE00B1EE61641EF9D10020A861BA
S31508009170E86938B10849012738070860BFF34F8FF7
S31508009180BFF36F8FFFF7D4F93846BDE8F0870000C4
S31508009190380000207063002004ED00E010B586B0AA
S315080091A0FEF7FEFC114C2068B8B10020039004902D
S315080091B005AA04A903A8FFF75DF9DDE90321022042
S315080091C08DE8070000230AA10B48059AFFF759FE08
S315080091D0606010B106B0012010BD502080F31188E0
S315080091E0BFF34F8FBFF36F8FFEE7000074000020B8
S315080091F0546D722053766300718100082DE9FF4192
S315080092001E46134602000A9D4FF0000016D0144C65
S315080092102768002F0FD0CDE900130292062917DA26
S31508009220FFF75AFE02284FF000030FD000226946C6
S315080092302068FFF709FC04B0BDE8F081502080F3F0
S315080092401188BFF34F8FBFF36F8FFEE72A46EEE70D
S315080092500023324669463846FFF7A6FCEBE70000CE
S315080092607400002000061016000610160000803F45
S315080092700000000000000000000000000000803F21
S315080092800000000000000000000000000000803F11
S315080092900000000000000000C3F51C410000803FEC
S315080092A000000000000000000000000000000000B0
S315080092B000000000000000000000803F00000000E1
S315080092C00000000000000000000000000000000090
S315080092D0000000000000803F0000000000000000C1
S315080092E00000000000000000000000000000000070
S315080092F00000803F000000000000000000000000A1
S315080093000000000000000000000000000000803F90
S31508009310000000000000000000000000000000003F
S3150800932000000000000000000000803FB89B000815
S315080093302566000800000000000000000004000088
S315080093400000000000000000D09B000869760008B5
S31508009350FDFF000000000000000200000000000001
S3150800936000000000C09B00082F840008FDFF0000D5
S3150800937000000000000100000000000000000000DE
S31508009380E09B0008E9780008FDFF000000000000E7
S3150800939000010000000000000000000000000000BE
S315080093A00000000001020304060708090000000087
S315080093B00102030400000000920E493CB10AC93CB0
S315080093C02BC3163D2EFB483D752B7B3D04A9963DC8
S315080093D080B6AF3D36BDC83D2FBCE13D73B2FA3D00
S315080093E087CF093E8340163EB5AB223EA2102F3EDC
S315080093F0CF6E3B3EC2C5473E0115543E135C603EE8
S315080094007F9A6C3ECCCF783EC07D823E938E883E56
S31508009410229A8E3E32A0943E86A09A3EE59AA03EB7
S31508009420128FA63ED47CAC3EEF63B23E2A44B83EC9
S31508009430491DBE3E15EFC33E53B9C93ECA7BCF3E52
S315080094404136D53E80E8DA3E4F92E03E7533E63E39
S31508009450BBCBEB3EEA5AF13ECBE0F63E275DFC3E3F
S31508009460E4E7003F3D9C033F824B063F9BF5083FE0
S315080094706B9A0B3FDA390E3FCDD3103F2A68133F5C
S31508009480D9F6153FC07F183FC6021B3FD17F1D3F47
S31508009490CBF61F3F9967223F25D2243F5636273FF2
S315080094A01594293F4AEB2B3FDE3B2E3FBB85303FC9
S315080094B0C9C8323FF304353F233A373F4268393F3C
S315080094C03B8F3B3FF9AE3D3F67C73F3F70D8413FB3
S315080094D001E2433F03E4453F65DE473F12D1493F7A
S315080094E0F8BB4B3F029F4D3F207A4F3F3D4D513FC2
S315080094F04918533F31DB543FE595563F5348583F8B
S315080095006AF2593F1A945B3F532D5D3F05BE5E3F95
S315080095102146603F97C5613F5A3C633F59AA643F5D
S31508009520880F663FD86B673F3CBF683FA7096A3F0D
S315080095300C4B6B3F5E836C3F93B26D3F9ED86E3F7C
S3150800954073F56F3F0809713F5213723F4714733F13
S31508009550DD0B743F0BFA743FC6DE753F07BA763FDC
S31508009560C58B773FF853783F9812793F9DC7793F67
S3150800957002737A3FBE147B3FCDAC7B3F283B7C3FD2
S31508009580C9BF7C3FAC3A7D3FCCAB7D3F23137E3FC2
S31508009590B0707E3F6DC47E3F580E7F3F6D4E7F3F55
S315080095A0AB847F3F0FB17F3F97D37F3F43EC7F3F2D
S315080095B011FB7F3F0000803F11FB7F3F43EC7F3F5D
S315080095C097D37F3F0FB17F3FAB847F3F6D4E7F3F81
S315080095D0580E7F3F6DC47E3FB0707E3F23137E3F9B
S315080095E0CCAB7D3FAC3A7D3FC9BF7C3F283B7C3F37
S315080095F0CDAC7B3FBE147B3F02737A3F9DC7793F54
S315080096009812793FF853783FC58B773F07BA763F6C
S31508009610C6DE753F0BFA743FDD0B743F4714733F84
S315080096205213723F0809713F73F56F3F9ED86E3F1C
S3150800963093B26D3F5E836C3F0C4B6B3FA7096A3F45
S315080096403CBF683FD86B673F880F663F59AA643F9F
S315080096505A3C633F97C5613F2146603F05BE5E3F62
S31508009660532D5D3F1A945B3F6AF2593F5348583F62
S31508009670E595563F31DB543F4918533F3D4D513F21
S31508009680207A4F3F029F4D3FF8BB4B3F12D1493FCF
S3150800969065DE473F03E4453F01E2433F70D8413F5B
S315080096A067C73F3FF9AE3D3F3B8F3B3F4268393F77
S315080096B0233A373FF304353FC9C8323FBB85303FAD
S315080096C0DE3B2E3F4AEB2B3F1594293F5636273F64
S315080096D025D2243F9967223FCBF61F3FD17F1D3FF6
S315080096E0C6021B3FC07F183FD9F6153F2A68133FAD
S315080096F0CDD3103FDA390E3F6B9A0B3F9BF5083FE7
S31508009700824B063F3D9C033FE4E7003F275DFC3E56
S31508009710CBE0F63EEA5AF13EBBCBEB3E7533E63E6E
S315080097204F92E03E80E8DA3E4136D53ECA7BCF3ED0
S3150800973053B9C93E15EFC33E491DBE3E2A44B83E3D
S31508009740EF63B23ED47CAC3E128FA63EE59AA03EAD
S3150800975086A09A3E32A0943E229A8E3E938E883EEA
S31508009760C07D823ECCCF783E7F9A6C3E135C603ECD
S315080097700115543EC2C5473ECF6E3B3EA2102F3E52
S31508009780B5AB223E8340163E87CF093E73B2FA3DFB
S315080097902FBCE13D36BDC83D80B6AF3D04A9963D18
S315080097A0752B7B3D2EFB483D2BC3163DB10AC93CA4
S315080097B0920E493C00000000920E49BCB10AC9BC91
S315080097C02BC316BD2EFB48BD752B7BBD04A996BDC4
S315080097D080B6AFBD36BDC8BD2FBCE1BD73B2FABDFC
S315080097E087CF09BE834016BEB5AB22BEA2102FBED8
S315080097F0CF6E3BBEC2C547BE011554BE135C60BEE4
S315080098007F9A6CBECCCF78BEC07D82BE938E88BE52
S31508009810229A8EBE32A094BE86A09ABEE59AA0BEB3
S31508009820128FA6BED47CACBEEF63B2BE2A44B8BEC5
S31508009830491DBEBE15EFC3BE53B9C9BECA7BCFBE4E
S315080098404136D5BE80E8DABE4F92E0BE7533E6BE35
S31508009850BBCBEBBEEA5AF1BECBE0F6BE275DFCBE3B
S31508009860E4E700BF3D9C03BF824B06BF9BF508BFDC
S315080098706B9A0BBFDA390EBFCDD310BF2A6813BF58
S31508009880D9F615BFC07F18BFC6021BBFD17F1DBF43
S31508009890CBF61FBF996722BF25D224BF563627BFEE
S315080098A0159429BF4AEB2BBFDE3B2EBFBB8530BFC5
S315080098B0C9C832BFF30435BF233A37BF426839BF38
S315080098C03B8F3BBFF9AE3DBF67C73FBF70D841BFAF
S315080098D001E243BF03E445BF65DE47BF12D149BF76
S315080098E0F8BB4BBF029F4DBF207A4FBF3D4D51BFBE
S315080098F0491853BF31DB54BFE59556BF534858BF87
S315080099006AF259BF1A945BBF532D5DBF05BE5EBF91
S31508009910214660BF97C561BF5A3C63BF59AA64BF59
S31508009920880F66BFD86B67BF3CBF68BFA7096ABF09
S315080099300C4B6BBF5E836CBF93B26DBF9ED86EBF78
S3150800994073F56FBF080971BF521372BF471473BF0F
S31508009950DD0B74BF0BFA74BFC6DE75BF07BA76BFD8
S31508009960C58B77BFF85378BF981279BF9DC779BF63
S3150800997002737ABFBE147BBFCDAC7BBF283B7CBFCE
S31508009980C9BF7CBFAC3A7DBFCCAB7DBF23137EBFBE
S31508009990B0707EBF6DC47EBF580E7FBF6D4E7FBF51
S315080099A0AB847FBF0FB17FBF97D37FBF43EC7FBF29
S315080099B011FB7FBF000080BF11FB7FBF43EC7FBF59
S315080099C097D37FBF0FB17FBFAB847FBF6D4E7FBF7D
S315080099D0580E7FBF6DC47EBFB0707EBF23137EBF97
S315080099E0CCAB7DBFAC3A7DBFC9BF7CBF283B7CBF33
S315080099F0CDAC7BBFBE147BBF02737ABF9DC779BF50
S31508009A00981279BFF85378BFC58B77BF07BA76BF68
S31508009A10C6DE75BF0BFA74BFDD0B74BF471473BF80
S31508009A20521372BF080971BF73F56FBF9ED86EBF18
S31508009A3093B26DBF5E836CBF0C4B6BBFA7096ABF41
S31508009A403CBF68BFD86B67BF880F66BF59AA64BF9B
S31508009A505A3C63BF97C561BF214660BF05BE5EBF5E
S31508009A60532D5DBF1A945BBF6AF259BF534858BF5E
S31508009A70E59556BF31DB54BF491853BF3D4D51BF1D
S31508009A80207A4FBF029F4DBFF8BB4BBF12D149BFCB
S31508009A9065DE47BF03E445BF01E243BF70D841BF57
S31508009AA067C73FBFF9AE3DBF3B8F3BBF426839BF73
S31508009AB0233A37BFF30435BFC9C832BFBB8530BFA9
S31508009AC0DE3B2EBF4AEB2BBF159429BF563627BF60
S31508009AD025D224BF996722BFCBF61FBFD17F1DBFF2
S31508009AE0C6021BBFC07F18BFD9F615BF2A6813BFA9
S31508009AF0CDD310BFDA390EBF6B9A0BBF9BF508BFE3
S31508009B00824B06BF3D9C03BFE4E700BF275DFCBE52
S31508009B10CBE0F6BEEA5AF1BEBBCBEBBE7533E6BE6A
S31508009B204F92E0BE80E8DABE4136D5BECA7BCFBECC
S31508009B3053B9C9BE15EFC3BE491DBEBE2A44B8BE39
S31508009B40EF63B2BED47CACBE128FA6BEE59AA0BEA9
S31508009B5086A09ABE32A094BE229A8EBE938E88BEE6
S31508009B60C07D82BECCCF78BE7F9A6CBE135C60BEC9
S31508009B70011554BEC2C547BECF6E3BBEA2102FBE4E
S31508009B80B5AB22BE834016BE87CF09BE73B2FABDF7
S31508009B902FBCE1BD36BDC8BD80B6AFBD04A996BD14
S31508009BA0752B7BBD2EFB48BD2BC316BDB10AC9BCA0
S31508009BB0920E49BC00000080494E535461736B00F5
S31508009BC0746F5F67696D62616C5F7461736B0000C7
S31508009BD0636C61737369735F7461736B0000000073
S31508009BE06A75635F7379735F7461736B0000000055
S31508009BF0109C0008000000207C020000340E0008BB
S31508009C00709C00087C0200202CB300002874000811
S31508009C103201022B101AAA01015B198F4370170033
S31508009C2009103333EB3A58A08B3A157D04017C10A2
S31508009C300F0240AB034101055308065804070F16E7
S31508009C400810810911160A15800B1605620C1801F1
S31508009C500D0379204208081250C347CDCCCC3D04E9
S31508009C6009531C110B1AC8421C022CF0D324F40009
S7050800018968
