:020000040800F2
:10000000B03300204D020008695200082D4B000853
:1000100065520008890500080DA1000800000000D5
:100020000000000000000000000000003190000807
:100030000D09000800000000B16C0008999000084C
:1000400067020008670200086702000867020008EC
:1000500067020008670200086702000867020008DC
:1000600067020008670200086702000867020008CC
:1000700067020008210600086702000867020008FE
:100080003106000841060008670200086702000800
:100090008D05000867020008670200086702000873
:1000A000B5910008D5910008C591000867020008C5
:1000B000E59100086702000867020008670200086F
:1000C000670200086702000867020008670200086C
:1000D0006702000889A00008FDA000086702000868
:1000E000670200086702000867020008670200084C
:1000F000670200086702000867020008670200083C
:10010000670200086702000867020008670200082B
:1001100045980008670200086702000867020008A7
:10012000670200086702000851060008670200081D
:1001300067020008670200086702000867020008FB
:100140009D050008670200086702000867020008B2
:1001500067020008670200086702000867020008DB
:1001600067020008670200086702000867020008CB
:10017000670200086702000867020008000000002C
:100180006702000867020008E99800086702000893
:10019000670200086702000867020008670200089B
:1001A00000000000000000006702000800F002F8F4
:1001B00000F03CF80AA090E8000C82448344AAF1C5
:1001C0000107DA4501D100F031F8AFF2090EBAE8C3
:1001D0000F0013F0010F18BFFB1A43F0010318477B
:1001E0006CE400008CE40000103A24BF78C878C1A9
:1001F000FAD8520724BF30C830C144BF04680C602D
:10020000704700000023002400250026103A28BF74
:1002100078C1FBD8520728BF30C148BF0B60704778
:100220001FB50EF034F91FBD10B510BD00F071F907
:100230001146FFF7F5FF0AF0F1FF00F08FF903B464
:10024000FFF7F2FF03BC00F097F900000948804770
:1002500009480047FEE7FEE7FEE7FEE7FEE7FEE7A8
:10026000FEE7FEE7FEE7FEE704480549054A064BC0
:1002700070470000A1910008AD010008B02D0020DA
:10028000B0330020B02F0020B02F002053EA020C22
:1002900000F069802DE9F04B4FF00006002B1FBFE6
:1002A000B3FA83F503FA05F424FA05F65E4012BFAB
:1002B0001643B2FA82F502FA05F4C5F120051EBF15
:1002C00022FA05FC44EA0C04203556EA044C4FEAB5
:1002D000144418BF641C4FF000084FF0000990420E
:1002E00071EB030C39D3002919BFB1FA81F701FA78
:1002F00007F6B0FA80F700FA07F6C7F120071EBF2D
:1003000020FA07FC46EA0C062037B6FBF4FCA7EB04
:100310000507103F07F01F0BCBF120062CFA06F65D
:100320000CFA0BFB44BFB3460026202FA4BF5E4649
:100330004FF0000B5BEA060C08BF4FF0010B19EB06
:100340000B0948EB0608ABFB027C06FB02CC0BFB5F
:1003500003CCC01B71EB0C01C1E70B4602464146C2
:100360004846BDE8F08B13B5084318BF4FF0FF3087
:100370000146AFF30080BDE81C407047032A40F2FD
:10038000308010F0030C00F0158011F8013BBCF137
:10039000020F624498BF11F801CB00F8013B38BF4F
:1003A00011F8013BA2F1040298BF00F801CB38BF5D
:1003B00000F8013B11F0030300F07980083AC0F027
:1003C000088051F8043B083A51F804CBA0E8081023
:1003D000F5E7121D5CBF51F8043B40F8043BAFF356
:1003E0000080D20724BF11F8013B11F801CB48BFB0
:1003F00011F8012B24BF00F8013B00F801CB48BFE6
:1004000000F8012B704702F0FF0343EA032242EA9F
:10041000024200F024B84FF000020429C0F012801C
:1004200010F0030C00F01B80CCF1040CBCF1020FA7
:1004300018BF00F8012BA8BF20F8022BA1EB0C017C
:1004400000F00DB85FEAC17C24BF00F8012B00F872
:10045000012B48BF00F8012B70474FF0000200B598
:10046000134694469646203922BFA0E80C50A0E8D7
:100470000C50B1F12001BFF4F7AF090728BFA0E885
:100480000C5048BF0CC05DF804EB890028BF40F851
:10049000042B08BF704748BF20F8022B11F0804F93
:1004A00018BF00F8012B704770477047704710B5B0
:1004B000203AC0F00B80B1E81850A0E81850B1E81D
:1004C0001850A0E81850203ABFF4F5AF5FEA027C5C
:1004D00024BFB1E81850A0E8185044BF18C918C08C
:1004E000BDE810405FEA827C24BF51F8043B40F82D
:1004F000043B08BF7047D20728BF31F8023B48BF12
:1005000011F8012B28BF20F8023B48BF00F8012B4F
:100510007047754600F02CF8AE4605006946534614
:1005200020F00700854618B020B5FFF79DFEBDE816
:1005300020404FF000064FF000074FF000084FF04A
:10054000000BAC46ACE8C009ACE8C009ACE8C00997
:10055000ACE8C00921F007018D46704710B504468C
:10056000AFF300802046BDE81040FFF768BE0000F2
:10057000004870475800002001491820ABBEFEE734
:100580002600020070470000FFE7FEE780B540F656
:100590009C50C2F2000000F085FD80BD80B540F6A1
:1005A000C450C2F2000000F07DFD80BD80B586B071
:1005B00040F2B801C2F2000102910E20039048629D
:1005C000486101220A6200208861CA6108604860AF
:1005D0008860C8604861086140F69C50C2F2000023
:1005E000019000F091FB019801F0C0F901980221FF
:1005F000049100F0A7FA029903984862486140F616
:10060000C450C2F20000059000F07EFB059801F096
:10061000ADF90499059800F095FA06B080BD000088
:1006200080B540F6F450C2F2000001F0D9FA80BD66
:1006300080B540F6B460C2F2000001F0D1FA80BD8E
:1006400080B540F61470C2F2000001F0C9FA80BD16
:1006500080B540F65460C2F2000001F0C1FA80BDDE
:1006600082B001900198007810384AF6AB21CAF6A2
:10067000AA21A0FB01100009009000994EF21C6015
:10068000C0F60000405C0199C8650098042807D3B3
:10069000FFE701990868042262F30900886506E013
:1006A0000199086840F2FF3290438865FFE701989E
:1006B000806D02B07047000086B0059000208DF874
:1006C00013000598806A03900598806910BBFFE7C6
:1006D0000398029003281BD80299DFE801F0020D6D
:1006E0000218059890F82F00C00720B1FFE70120FD
:1006F0008DF81300FFE70CE00598C06AB0F1C07FE9
:1007000004D1FFE701208DF81300FFE701E000E0CE
:10071000FFE745E005988069B0F5005F25D1FFE768
:100720000398019003281ED80199DFE801F0020622
:10073000021101208DF8130016E0059890F82F00A3
:10074000C00720B1FFE701208DF81300FFE70BE0A1
:100750000598C06AB0F1C07F04D1FFE701208DF891
:100760001300FFE700E0FFE719E00398009003287B
:1007700004D3FFE70098032804D00EE001208DF891
:1007800013000BE0059890F82F00C00720B1FFE799
:1007900001208DF81300FFE700E0FFE7FFE7FFE728
:1007A0009DF8130006B0704784B003900291019247
:1007B000009303980168086820F48020086000987E
:1007C00003990968486003988068402809D1FFE7C9
:1007D0000198039909688860029803990968C860BC
:1007E00008E00298039909688860019803990968EC
:1007F000C860FFE704B0704781B041F20400CEF258
:10080000000000680090009840F2EC01C2F2000184
:100810000968884208D2FFE740F2F001C2F2000105
:10082000086801300860FFE7009840F2EC01C2F26E
:100830000001086001B0704780B584B0039041F2B8
:100840000400CEF200000068029002980399096843
:10085000401A00EE100AB8EE400A40F2E000C2F280
:10086000000090ED001AB8EE411A80EE010A8DEDFD
:10087000010A029803990860FFF7BEFF9DED010A87
:1008800004B080BD81B000904EF6FC51CEF2000164
:10089000086840F08070086041F20401CEF2000167
:1008A0000020086041F20002CEF20002116841F01F
:1008B00001011160009944F24022C0F20F024A4344
:1008C00040F2E001C2F200010A600A6844F6D35324
:1008D000C1F26203A2FB0332920940F2E403C2F2C6
:1008E00000031A6009684DF68362C4F21B32A1FB53
:1008F0000221890C40F2E802C2F20002116040F2CB
:10090000F001C2F20001086001B0704770470000BA
:1009100081B0EFF3108072B60090FFE7FEE70000B1
:1009200080B582B001908DED000A01981830FFF774
:1009300083FF019910EE100AC8619DED000A01992C
:10094000C868CB690A6A01EE103A20EE010A03EE8C
:10095000102A33EE012A80EE020A01EE100A21EE7F
:10096000031A81EE021A30EE010A10EE100AC86076
:100970000198008E032810DBFFE7019A02F1320094
:10098000D168D26900EE102A00EE901A04F0A4FC9F
:10099000019910EE100A486211E00199CB680A69CA
:1009A000C86900EE103A01EE102A30EE410A01EE5D
:1009B000100A80EE010A10EE100A4862FFE7019863
:1009C000B0F85C00032810DBFFE7019901F15E003D
:1009D000CA69496A00EE102A00EE901A04F07CFC05
:1009E000019910EE100A886211E00199C8694B6AFA
:1009F000CA6A00EE103A01EE102A30EE410A01EE0A
:100A0000100A80EE010A10EE100A8862FFE70199D1
:100A1000D1F800C04A688868CB6800EE10CA02EEC0
:100A2000103A01EE102A4A6A03EE102A21EE031A48
:100A300020EE020A30EE011A00EE100A886A02EE79
:100A4000100A20EE020A30EE010A10EE100AC1F878
:100A500088000198D0F88810D0F88C0000EE101AA9
:100A600001EE100AF1EE410A09F030FC019910EE96
:100A7000100AC1F888000199C86808610199486A9C
:100A8000C8620198D0F8880000EE100A02B080BD5C
:100A900080B586B005908DED040A0391CDED020A74
:100AA000ADF80620ADF8043004980599C1F88C0023
:100AB000039880B1FFE7059868B1FFE703980068E5
:100AC0000599086003984068059948600398806814
:100AD000059988600AE0059900200860059948603A
:100AE000059988600599C1F88C00FFE7029805997F
:100AF0000862BDF8060005990886BDF8040005994E
:100B0000A1F85C00BDF80600032807DBFFE70598A5
:100B10003230BDF8061004F041FDFFE7BDF80400D7
:100B2000032807DBFFE705985E30BDF8041004F0EA
:100B300035FDFFE70599002088610599C1F8880017
:100B400006B080BD84B002900191029890F8200018
:100B50008DF803009DF80300012805D0FFE79DF8FC
:100B6000030002280AD1FFE7019A02980168486948
:100B70001043486100208DF80F0008E00299486A90
:100B800040F48020486201208DF80F00FFE79DF8B7
:100B90000F0004B07047000088B0069005910492E1
:100BA0000393069890F820008DF8070006980068D7
:100BB000806800900598806808B9FFE700E0FFE7CB
:100BC0009DF80700012806D0FFE79DF807000228DE
:100BD00040F08D80FFE79DF80300400700280CD40B
:100BE000FFE79DF803000007002806D4FFE79DF803
:100BF0000300C006002871D5FFE70098C0F301602C
:100C000002900298032809D3FFE70699486A40F446
:100C10000000486201208DF81F0071E00299012058
:100C20008840039908600598806868B9FFE70598CF
:100C30000168C06840EA415006990968029A01EBD0
:100C40000211C1F880010EE005994A688868C968F8
:100C500040EAC200084306990968029A01EB0211B2
:100C6000C1F88001FFE70598006906990968029AB2
:100C700001EB0211C1F884010598007D01280CD117
:100C8000FFE706980068029900EB0111D1F8840192
:100C900040F48070C1F88401FFE704984068069929
:100CA0000968029A01EB0211C1F88C0104980068EE
:100CB00006990968029A01EB0211C1F888010698A9
:100CC0000068029900EB0111D1F8800140F00100A9
:100CD000C1F8800100208DF81F0011E00699486AD4
:100CE00040F40010486201208DF81F0008E00699CA
:100CF000486A40F48020486201208DF81F00FFE719
:100D00009DF81F0008B0704786B0049003910498C6
:100D100000680190049890F820008DF803009DF879
:100D20000300012806D0FFE79DF80300022840F0E9
:100D3000B080FFE746F20040C4F200000190019944
:100D4000D1F8000240F00100C1F800020199D1F889
:100D5000000220F47C50C1F800020398426A019915
:100D6000D1F8000240EA0220C1F80002039840696D
:100D700000F01F01012088400290029A0199D1F8E9
:100D80001C029043C1F81C020398C069F0B9FFE748
:100D9000029A0199D1F80C029043C1F80C02039A0F
:100DA0009088D168526940EA0140019901EBC20183
:100DB000C1F84002039A10889168526940EA0140E4
:100DC000019901EBC201C1F84402FFE70398C06931
:100DD00001281ED1FFE7029A0199D1F80C021043B5
:100DE000C1F80C02039A90881168526940EA0140E8
:100DF000019901EBC201C1F84002039A9089916800
:100E0000526940EA0140019901EBC201C1F8440274
:100E1000FFE70398806940B9FFE7029A0199D1F88A
:100E200004029043C1F8040207E0029A0199D1F844
:100E300004021043C1F80402FFE70398006940B9B7
:100E4000FFE7029A0199D1F814029043C1F8140205
:100E500007E0029A0199D1F814021043C1F8140274
:100E6000FFE70398006A012808D1FFE7029A019979
:100E7000D1F81C021043C1F81C02FFE70199D1F818
:100E8000000220F00100C1F8000200208DF81700D8
:100E900008E00499486A40F48020486201208DF8F7
:100EA0001700FFE79DF8170006B0704781B000906B
:100EB00001B0704786B004900391029201930498A8
:100EC00090F820008DF803009DF80300012806D05B
:100ED000FFE79DF80300022840F0D780FFE7039862
:100EE00080B9FFE704980068C068800748B9FFE749
:100EF0000499486A40F40010486201208DF81700F8
:100F0000CCE00FE0049800680069800748B9FFE76B
:100F10000499486A40F40010486201208DF81700D7
:100F2000BCE0FFE704980068039900EB0110D0F8DB
:100F3000B00100F00400029988600298806858B9F6
:100F4000FFE704980068039900EB0110D0F8B001A6
:100F5000400D029908600AE004980068039900EBCC
:100F60000110D0F8B001C00802994860FFE704986A
:100F70000068039900EB0110D0F8B00100F0020006
:100F80000299C86004980068039900EB0110D0F83A
:100F9000B40100F00F0002990861049800680399F9
:100FA00000EB0110D0F8B40180B2000A0299886108
:100FB00004980068039900EB0110D0F8B401000C0C
:100FC0000299486104980068039900EB0110D0F879
:100FD000B8010199087004980068039900EB0110AA
:100FE000D0F8B801000A0199487004980068039984
:100FF00000EB0110D0F8B801000C0199887004983A
:101000000068039900EB0110D0F8B801000E0199B7
:10101000C87004980068039900EB0110D0F8BC0177
:101020000199087104980068039900EB0110D0F849
:10103000BC01000A0199487104980068039900EB0B
:101040000110D0F8BC01000C019988710498006867
:10105000039900EB0110D0F8BC01000E0199C87192
:10106000039838B9FFE704980168C86840F0200089
:10107000C86006E004980168086940F02000086133
:10108000FFE700208DF8170008E00499486A40F453
:101090008020486201208DF81700FFE79DF81700B7
:1010A00006B0704780B58AB0099000200890099872
:1010B00000684069079009980068406806900998A0
:1010C00000688068059009980068C06804900998D5
:1010D00000680069039009980068806902909DF893
:1010E0001C00C007002800F09480FFE79DF8140062
:1010F000C00758B3FFE709980168012088609DF890
:1011000014008007002804D5FFE7099800F078FC58
:101110001BE09DF814004007002805D5FFE708985C
:1011200040F4006008900FE09DF8140000070028CC
:1011300005D5FFE7089840F48050089003E009982F
:1011400000F05AFCFFE7FFE7FFE7FFE79DF8150017
:10115000C00760B3FFE7099801684FF480708860AA
:101160009DF815008007002804D5FFE7099800F0D6
:101170004FFC1BE09DF815004007002805D5FFE750
:10118000089840F4005008900FE09DF81500000703
:10119000002805D5FFE7089840F48040089003E058
:1011A000099800F031FCFFE7FFE7FFE7FFE79DF854
:1011B0001600C00760B3FFE7099801684FF480305C
:1011C00088609DF816008007002804D5FFE709987D
:1011D00000F026FC1BE09DF816004007002805D50E
:1011E000FFE7089840F4004008900FE09DF81600D3
:1011F0000007002805D5FFE7089840F480300890E4
:1012000003E0099800F008FCFFE7FFE7FFE7FFE7CE
:10121000FFE79DF81C000007002810D5FFE79DF8A8
:101220001000C006002809D5FFE7089840F40070B8
:101230000890099801681020C860FFE7FFE79DF853
:101240001C00400700280FD5FFE79DF8100000079D
:10125000002808D5FFE7099801680820C8600998A8
:1012600000F0CCFAFFE7FFE79DF81C00800700289C
:101270000BD5FFE709980068C068800720B1FFE739
:10128000099800F0BFFAFFE7FFE79DF81C00400651
:10129000002810D5FFE79DF80C00C006002809D5EE
:1012A000FFE7089840F480600890099801681020D2
:1012B0000861FFE7FFE79DF81C00800600280FD5B6
:1012C000FFE79DF80C000007002808D5FFE7099804
:1012D000016808200861099800F03CFBFFE7FFE780
:1012E0009DF81C00C00600280BD5FFE70998006890
:1012F0000069800720B1FFE7099800F02FFBFFE7A6
:10130000FFE79DF81E00800700280FD5FFE79DF836
:101310001800C006002808D5FFE7099801681020CA
:101320004860099800F01EFBFFE7FFE79DF81E00EC
:10133000C00778B1FFE79DF818000007002808D51E
:10134000FFE70998016808204860099800F06CFBE5
:10135000FFE7FFE79DF81D000006002840F18D80A3
:10136000FFE79DF818004007002840F18180FFE763
:101370009DF81D00C00750B1FFE79DF80800C007A9
:1013800028B1FFE7089840F001000890FFE79DF8BA
:101390001D00800700280BD5FFE79DF80800800797
:1013A000002805D5FFE7089840F002000890FFE705
:1013B0009DF81D00400700280BD5FFE79DF80800A9
:1013C0004007002805D5FFE7089840F00400089082
:1013D000FFE79DF81D000007002848D5FFE79DF8AE
:1013E000080010F0700F42D0FFE7029800F0700084
:1013F00001460191102814D0FFE70198202815D04C
:10140000FFE70198302816D0FFE70198402817D051
:10141000FFE70198502818D0FFE70198602819D0FD
:101420001DE0089840F00800089019E0089840F086
:101430001000089014E0089840F0200008900FE099
:10144000089840F0400008900AE0089840F08000BA
:10145000089005E0089840F48070089000E0FFE7ED
:1014600009980168886920F070008861FFE7FFE74C
:101470000998016804204860FFE7089848B1FFE731
:10148000089A0999486A104348620998FFF70EFDC7
:10149000FFE70AB080BD000080B584B002900298DA
:1014A00020B9FFE701208DF80F00E0E0029890F8E6
:1014B000200020B9FFE7029800F0DEF8FFE702986D
:1014C0000168086840F00100086001F05BF80190D5
:1014D000FFE7029800684068C007A8B9FFE701F07D
:1014E00051F80199401A0B280DD3FFE70299486A79
:1014F00040F4003048620299052081F82000012064
:101500008DF80F00B3E0E4E702980168086820F066
:101510000200086001F036F80190FFE702980068C9
:1015200040688007002815D5FFE701F02BF80199E6
:10153000401A0B280DD3FFE70299486A40F40030A7
:1015400048620299052081F8200001208DF80F00E3
:101550008DE0E3E70298007E012807D1FFE70298BB
:101560000168086840F08000086006E002980168A1
:10157000086820F080000860FFE70298407E01289C
:1015800007D1FFE702980168086840F04000086052
:1015900006E002980168086820F040000860FFE754
:1015A0000298807E012807D1FFE702980168086849
:1015B00040F02000086006E002980168086820F00A
:1015C00020000860FFE70298C07E012807D1FFE7EE
:1015D00002980168086820F01000086006E0029890
:1015E0000168086840F010000860FFE70298007F7B
:1015F000012807D1FFE702980168086840F0080059
:10160000086006E002980168086820F00800086099
:10161000FFE70298407F012807D1FFE702980168A1
:10162000086840F00400086006E002980168086855
:1016300020F004000860FFE7029B19685A68986868
:10164000D3F80CC040EA0C00D3F810C040EA0C00FC
:101650005B691843013A1043C8610299002048624F
:10166000029A012182F820108DF80F00FFE79DF803
:101670000F0004B080BD000080B590B00F90002036
:101680000E900D900C900B900A900F98006846F207
:101690000041C4F20001884249D1FFE740F26840AE
:1016A000C2F200000168013101600068012812D116
:1016B000FFE7FFE70020099043F64000C4F2020074
:1016C000016841F000710160006800F0007009904D
:1016D0000998FFE7FFE7FFE70020089043F6300096
:1016E000C4F20200016841F008010160006800F0E6
:1016F000080008900898FFE703200A9002210B9148
:10170000002103910C910D9009200E9040F60040AD
:10171000C4F202000AA900F00DFD039A14200490FF
:10172000052101F00BF8049800F0FEFF64E00F982B
:10173000006846F60001C4F2000188425BD1FFE771
:10174000FFE70020079043F64000C4F20200016862
:1017500041F080610160006800F0806007900798A8
:10176000FFE740F26840C2F2000001680131016009
:101770000068012812D1FFE7FFE70020069043F63A
:101780004000C4F20200016841F00071016000688D
:1017900000F0007006900698FFE7FFE7FFE70020E3
:1017A000059043F63000C4F20200016841F00201E6
:1017B0000160006800F0020005900598FFE76020D6
:1017C0000A9002200B90002001900C9003200D90B5
:1017D00009200E9040F20040C4F202000AA900F075
:1017E000A9FC019A40200290052100F0A7FF029871
:1017F00000F09AFFFFE7FFE710B080BD81B00090D6
:1018000001B0704780B584B00390039840F67C52D5
:10181000C2F2000241F2B633C2F200030021FFF728
:1018200049FB039840F69C51C2F2000188424AD11C
:10183000FFE740F67C50C2F200000068A0F20120F1
:101840000146029107283DD80299DFE801F0303BBC
:101850003B3B040F1A2540F60840C2F2000041F25B
:10186000B631C2F2000106F03DFF2BE040F6281031
:10187000C2F2000041F2B631C2F2000106F0C6FE2B
:1018800020E040F69820C2F2000041F2B631C2F2E8
:10189000000106F0BBFE15E040F6C040C2F20000B9
:1018A00041F2B631C2F2000108F048FC0AE040F211
:1018B0009050C2F2000041F2B631C2F2000106F0CF
:1018C000A5FEFFE7FFE7039840F6C451C2F200010E
:1018D00088423DD1FFE740F67C50C2F2000000682C
:1018E000A0F2012001460191032830D80199DFE8D8
:1018F00001F0020D182340F24860C2F2000041F2EC
:10190000B631C2F2000106F0EDFE20E040F20070B8
:10191000C2F2000041F2B631C2F2000106F0E2FE6E
:1019200015E040F2B870C2F2000041F2B631C2F2E6
:10193000000106F0D7FE0AE040F67000C2F2000097
:1019400041F2B631C2F2000106F0CCFEFFE7FFE73C
:1019500004B080BD81B0009001B0704781B00090AC
:1019600001B0704781B0009001B0704780B584B07D
:101970000290029890F8200001282FD1FFE70299E9
:10198000022081F8200002980168086820F0010018
:10199000086000F0F7FD0190FFE7029800684068DA
:1019A000C007A8B1FFE700F0EDFD0199401A0B2830
:1019B0000DD3FFE70299486A40F40030486202996B
:1019C000052081F8200001208DF80F000FE0E4E7EA
:1019D0000299002048628DF80F0008E00299486AD9
:1019E00040F40020486201208DF80F00FFE79DF8C9
:1019F0000F0004B080BD000081B0009001B07047BE
:101A000081B0009001B0704781B0009001B0704784
:101A100081B0009001B0704781B0009001B0704774
:101A200081B0009001B0704781B0009001B0704764
:101A300080B582B00090009820B9FFE701208DF8B2
:101A4000070011E00098407938B9FFE700990020BD
:101A50000871009800F00CF8FFE700990120487128
:101A600000208DF80700FFE79DF8070002B080BD59
:101A700082B001900198006843F20001C4F20201B3
:101A8000884212D1FFE7FFE70020009043F63000C4
:101A9000C4F20200016841F480510160006800F462
:101AA000805000900098FFE7FFE702B07047000009
:101AB00080B584B002900298806D019000F062FDC4
:101AC0000090029890F8350002280DD0FFE70299A7
:101AD00080204865FFE70299002081F83400FFE785
:101AE00001208DF80F0055E002980168086820F089
:101AF0001600086002980168486920F0800048617B
:101B00000298006C20B9FFE70298806C38B1FFE7BB
:101B100002980168086820F008000860FFE7029852
:101B20000168086820F001000860FFE7029800687B
:101B30000068C007C8B1FFE700F024FD0099401A13
:101B4000062811D3FFE70299202048650299032057
:101B500081F83500FFE70299002081F83400FFE7A3
:101B600003208DF80F0015E0E0E70298C16D3F20DB
:101B70008840019988600299012081F83500FFE7CB
:101B80000299002081F83400FFE7FFE700208DF87C
:101B90000F00FFE79DF80F0004B080BD82B00090F9
:101BA000009890F83500022807D0FFE700998020C0
:101BB000486501208DF807000EE00099052081F8A6
:101BC000350000980168086820F001000860FFE710
:101BD00000208DF80700FFE79DF8070002B070476E
:101BE00080B586B005900020039040F22800C2F234
:101BF0000000006848F2B511C1F64E31A0FB01109B
:101C0000800A02900598806D019001980068049008
:101C100004980599C96DC840000700281AD5FFE748
:101C20000598006800684007002812D5FFE705986E
:101C30000168086820F0040008600598C16D08205C
:101C40008840019988600599486D40F00100486519
:101C5000FFE7FFE704980599C96DC840C007A0B128
:101C6000FFE7059800684069000600280CD5FFE7EB
:101C70000598C16D01208840019988600599486DDB
:101C800040F002004865FFE7FFE704980599C96D39
:101C9000C8404007002814D5FFE705980068006891
:101CA000800700280CD5FFE70598C16D0420884007
:101CB000019988600599486D40F004004865FFE788
:101CC000FFE704980599C96DC840C006002847D5AC
:101CD000FFE7059800680068000700283FD5FFE788
:101CE0000598C16D102088400199886005980068AA
:101CF0000068400300281AD5FFE7059800680068CF
:101D00000003002809D4FFE70598006C20B1FFE725
:101D10000598016C8847FFE708E00598806C20B1C2
:101D2000FFE70598816C8847FFE7FFE716E0059815
:101D300000680068C005002807D4FFE7059801681F
:101D4000086820F008000860FFE70598006C20B1E3
:101D5000FFE70598016C8847FFE7FFE7FFE7FFE72C
:101D600004980599C96DC8408006002840F18D800F
:101D7000FFE7059800680068C006002840F18480ED
:101D8000FFE70598C16D202088400199886005987B
:101D900090F83500052834D1FFE7059801680868F8
:101DA00020F01600086005980168486920F080005E
:101DB00048610598006C20B9FFE70598806C38B140
:101DC000FFE705980168086820F008000860FFE751
:101DD0000598C16D3F2088400199886005990120D0
:101DE00081F83500FFE70599002081F83400FFE70E
:101DF0000598006D20B1FFE70598016D8847FFE762
:101E00007BE0059800680068400300281AD5FFE7CA
:101E10000598006800680003002809D4FFE70598CA
:101E2000406C20B1FFE70598416C8847FFE708E068
:101E30000598C06B20B1FFE70598C16B8847FFE7A5
:101E4000FFE720E0059800680068C005002811D46D
:101E5000FFE705980168086820F010000860059900
:101E6000012081F83500FFE70599002081F8340052
:101E7000FFE7FFE70598C06B20B1FFE70598C16B4E
:101E80008847FFE7FFE7FFE7FFE70598406DA0B34E
:101E9000FFE70598406DC00730B3FFE705990520BF
:101EA00081F8350005980168086820F00100086095
:101EB000FFE70398013003900299884201D9FFE7B8
:101EC00007E0FFE7059800680068C0070028F0D128
:101ED000FFE70599012081F83500FFE7059900200B
:101EE00081F83400FFE7FFE70598C06C20B1FFE7F9
:101EF0000598C16C8847FFE7FFE706B080BD00008A
:101F000080B586B004900020039000F03BFB029067
:101F1000049820B9FFE701208DF81700A3E004988A
:101F2000406A08B1FFE7FFE70499022081F8350015
:101F3000FFE70499002081F83400FFE70498016866
:101F4000086820F001000860FFE704980068006856
:101F5000C00790B1FFE700F015FB0299401A062870
:101F60000AD3FFE70499202048650499032081F8EB
:101F700035008DF8170076E0E7E704980068006800
:101F80000390039848F23F01CFF2100108400390FC
:101F9000049900914868D1F808C0CB680A6940EA02
:101FA0000C00184310434A6910438A691043CA69F8
:101FB0001043096A01430398084303900498406A58
:101FC000042808D1FFE70499C86A096B0143039804
:101FD00008430390FFE70398049909680860049890
:101FE000006840690390039820F00700039004986C
:101FF000416A0398084303900498406A04281AD160
:10200000FFE70498816A0398084303900498C06A24
:1020100080B1FFE70498FEF74FFB50B1FFE704994A
:10202000402048650499012081F835008DF817009B
:1020300019E0FFE7FFE703980499096848610498ED
:10204000FEF70EFB01900498C16D3F208840019976
:102050008860049900204865049A012182F83510AF
:102060008DF81700FFE79DF8170006B080BD00004F
:1020700080B588B0069005910492039300208DF8F6
:102080000B000698806D0190FFE7069890F83400E9
:10209000012804D1FFE702208DF81F0045E00699D2
:1020A000012081F83400FFE7FFE7069890F835003B
:1020B00001282BD1FFE70699022081F83500069907
:1020C0000020486506980599049A039BFEF76CFB6F
:1020D0000698C16D3F208840019988600698016884
:1020E000086840F0160008600698006C38B1FFE7F9
:1020F00006980168086840F008000860FFE7069845
:102100000168086840F00100086009E0FFE70699EF
:10211000002081F83400FFE702208DF80B00FFE774
:102120009DF80B008DF81F00FFE79DF81F0008B019
:1021300080BD000090B00F900E9100200C900B908D
:102140000A900D90FFE70D980F2800F2E881FFE755
:102150000D99012088400C900E9800680C99084059
:102160000B900B980C99884240F0D481FFE70E98B1
:10217000406800F00300012807D0FFE70E98406890
:1021800000F0030002282FD1FFE70F9880680A9023
:102190000D984100032000FA01F10A9888430A9043
:1021A0000E98C0680D99490000FA01F10A98084399
:1021B0000A900A980F9988600F9840680A900D99C4
:1021C000012000FA01F10A9888430A900E984068AD
:1021D000C0F300100D9900FA01F10A9808430A9023
:1021E0000A980F994860FFE70E98406800F00300D6
:1021F000032818D0FFE70F98C0680A900D98410097
:10220000032000FA01F10A9888430A900E9880682A
:102210000D99490000FA01F10A9808430A900A98BA
:102220000F99C860FFE70E98406800F0030002288D
:1022300026D1FFE70F980D996FF0030202EA5101D2
:102240000844006A0A900D9800F0070081000F20F2
:1022500000FA01F10A9888430A900E9800690D99D6
:1022600001F00701890000FA01F10A9808430A9079
:102270000A980F990D9B02EA530211440862FFE786
:102280000F9800680A900D984100032000FA01F1B0
:102290000A9888430A900E98406800F003000D9950
:1022A000490000FA01F10A9808430A900A980F9928
:1022B00008600E9880798007002800F02A81FFE7E7
:1022C000FFE70020099043F64400C4F202000168D1
:1022D00041F480410160006800F480400990099851
:1022E000FFE70D9820F0030043F60801C4F2010156
:1022F00040580A900D9800F0030081000F2000FA6A
:1023000001F10A9888430A900F980021C4F2020153
:10231000884203D1FFE7002008907AE00F9840F24E
:102320000041C4F20201884203D1FFE70120079077
:102330006CE00F9840F60001C4F20201884203D11C
:10234000FFE7022006905EE00F9840F60041C4F2DD
:102350000201884203D1FFE70320059050E00F9867
:1023600041F20001C4F20201884203D1FFE70420D8
:10237000049042E00F9841F20041C4F20201884209
:1023800003D1FFE70520039034E00F9841F60001E8
:10239000C4F20201884203D1FFE70620029026E042
:1023A0000F9841F60041C4F20201884203D1FFE7D1
:1023B0000720019018E00F9842F20001C4F20201D8
:1023C000884203D1FFE7082000900AE00F9942F20B
:1023D0000042C4F202020A20914208BF0920009084
:1023E000FFE700980190FFE701980290FFE702984D
:1023F0000390FFE703980490FFE704980590FFE738
:1024000005980690FFE706980790FFE70798089061
:10241000FFE70898C0B20D9901F00301890000FAA6
:1024200001F10A9808430A900A980D9921F00301D6
:1024300043F60802C4F20102885043F60840C4F291
:10244000010000680A900B990A9888430A900E9838
:102450008079C006002805D5FFE70B990A98084344
:102460000A90FFE70A9843F60841C4F201010860A8
:1024700043F60C40C4F2010000680A900B990A98D8
:1024800088430A900E9880798006002805D5FFE7DA
:102490000B990A9808430A90FFE70A9843F60C4103
:1024A000C4F20101086043F60440C4F20100006870
:1024B0000A900B990A9888430A900E9880798007B1
:1024C000002805D5FFE70B990A9808430A90FFE713
:1024D0000A9843F60441C4F20101086043F6004043
:1024E000C4F2010000680A900B990A9888430A9088
:1024F0000E988079C00728B1FFE70B990A98084326
:102500000A90FFE70A9843F60041C4F2010108600F
:10251000FFE7FFE7FFE70D9801300D9013E610B0DD
:102520007047000082B00190ADF802100198006978
:10253000BDF80210084204D0FFE701208DF8010029
:1025400003E000208DF80100FFE79DF8010002B0D4
:102550007047000082B00190ADF802108DF80120A4
:102560009DF8010028B1FFE7BDF8020001998861DC
:1025700005E0BDF80200000401998861FFE702B0A0
:102580007047000042F2D050C2F20000006870476D
:1025900040F24800C2F20000027842F2D051C2F28A
:1025A00000010868104408607047000080B543F6D9
:1025B0000041C4F20201086840F400700860086835
:1025C00040F480600860086840F480700860032070
:1025D00000F0CEF80F2000F005F800F079F80020A8
:1025E00080BD000080B58CB00B900020049003905B
:1025F000FFE70020009043F64000C4F202000168AB
:1026000041F001010160006800F0010000900098B5
:10261000FFE706A802A900F045FA0998049004987B
:1026200020B9FFE700F06EFA059004E000F06AFAC6
:1026300040000590FFE705984DF68361C4F21B3119
:10264000A0FB01014FF0FF3000EB9140039041F2FD
:102650005400C2F200004FF08041016040F2E731C7
:10266000C16003994160002101618160816100F0D6
:1026700049FE8DF807009DF8070028BBFFE741F2EF
:102680005400C2F2000000F0FFFE8DF807009DF834
:102690000700C0B9FFE71C2000F046F80B980F2890
:1026A0000CD8FFE70B991C20002200F047F80B988C
:1026B00040F24C01C2F20001086003E001208DF8F5
:1026C0000700FFE7FFE7FFE79DF807000CB080BDBC
:1026D00080B582B0FFE70020019043F64400C4F2C9
:1026E0000200016841F480410160006800F480400C
:1026F00001900198FFE7FFE70020009043F64000BB
:10270000C4F20200016841F080510160006800F0ED
:10271000805000900098FFE76FF001000F21002229
:1027200000F00CF802B080BD80B582B08DF80700D3
:102730009DF9070007F06AFD02B080BD80B586B044
:102740008DF81700049103920020029007F076FDA7
:1027500002909DF91700019002980499039A02F0E3
:1027600085FD0146019807F071FD06B080BD0000AF
:1027700080B582B00190019807F08AFD02B080BD5B
:1027800080B584B000200290FFE70020019043F65E
:102790004000C4F20200016841F08051016000680D
:1027A00000F0805001900198FFE74021C4F20E2113
:1027B00001200860FFF7E6FE0290FFE747F2040001
:1027C000C4F20000006800F48030B0F5803F0DD006
:1027D000FFE7FFF7D7FE0299401AB0F57A7F04D9D8
:1027E000FFE703208DF80F0025E0E7E74421C4F25E
:1027F0000E2101200860FFF7C5FE0290FFE747F2B7
:102800000400C4F20000006800F40030B0F5003F9E
:102810000DD0FFE7FFF7B6FE0299401AB0F57A7FB8
:1028200004D9FFE703208DF80F0004E0E7E700205C
:102830008DF80F00FFE79DF80F0004B080BD000089
:1028400080B584B002900191029820B9FFE7012081
:102850008DF80F0021E1019843F60041C4F2020116
:10286000096801F00F01884212D9FFE7019943F688
:102870000040C4F202000170006800F00F000199EE
:10288000884204D0FFE701208DF80F0005E1FFE743
:1028900002980078800700282AD5FFE70298007880
:1028A0004007002809D5FFE743F60801C4F20201FA
:1028B000086840F4E0500860FFE7029800780007DD
:1028C000002809D5FFE743F60801C4F202010868B1
:1028D00040F460400860FFE743F60801C4F20201DB
:1028E000086820F0F000029A926810430860FFE741
:1028F00002980078C00700286ED0FFE70298406871
:10290000012811D1FFE743F60000C4F2020000687D
:1029100000F400310020B0EB514F04D1FFE701205B
:102920008DF80F00B9E02CE002984068022805D02D
:10293000FFE702984068032811D1FFE743F6000043
:10294000C4F20200006800F000710020B0EB516F8B
:1029500004D1FFE701208DF80F009EE010E043F660
:102960000000C4F20200006800F002010020B0EB99
:10297000510F04D1FFE701208DF80F008DE0FFE734
:10298000FFE743F60801C4F20201086820F00300E3
:10299000029A526810430860FFF7F4FD0090FFE7C9
:1029A00043F60800C4F20200006800F00C0002992F
:1029B0004968B0EB810F0ED0FFE7FFF7E3FD009908
:1029C000401A41F28931884204D3FFE703208DF891
:1029D0000F0062E0E4E7FFE7019843F60041C4F22C
:1029E0000201096801F00F01884212D2FFE7019944
:1029F00043F60040C4F202000170006800F00F00CE
:102A00000199884204D0FFE701208DF80F0044E0CF
:102A1000FFE702980078400700280CD5FFE743F64F
:102A20000801C4F20201086820F4E050029AD2685A
:102A300010430860FFE702980078000700280DD5D2
:102A4000FFE743F60801C4F20201086820F4604081
:102A5000029A126940EAC2000860FFE700F076F8C7
:102A600043F60801C4F202010968C9B20A094EF22C
:102A70000461C0F60001895CC84040F22801C2F23E
:102A80000001086040F24C00C2F200000068FFF74D
:102A9000A9FD00208DF80F00FFE79DF80F0004B09E
:102AA00080BD000082B00190009101990F20086064
:102AB00043F60800C4F20200016801F00301019A24
:102AC0005160016801F0F001019A9160016801F420
:102AD000E051019AD160006800F46040C00801999B
:102AE000086143F60040C4F20200006800F00F00E5
:102AF0000099086002B0704740F22800C2F200005E
:102B00000068704780B5FFF7F7FF43F60801C4F28D
:102B100002010968C1F382224EF21461C0F600017D
:102B2000895CC84080BD000080B5FFF7E5FF43F633
:102B30000801C4F20201096889B24A0B4EF214611D
:102B4000C0F60001895CC84080BD000080B586B039
:102B50000020059004900390029043F60800C4F210
:102B60000200006800F00C000146019140B1FFE74F
:102B7000019804280AD0FFE7019808280CD04FE0FC
:102B800042F20040C0F2F40002904FE041F6003003
:102B9000C0F2B700029049E043F60400C4F202001C
:102BA000016801F03F01059100684002002813D53B
:102BB000FFE743F60400C4F202000068C0F3881087
:102BC00041F60031C0F2B701A0FB0101059A0023D4
:102BD000FDF75CFB049012E043F60400C4F202002F
:102BE0000068C0F3881042F20041C0F2F401A0FB7B
:102BF0000101059A0023FDF749FB0490FFE743F626
:102C00000400C4F20200006800F44031022000EB2E
:102C1000D130039004980399B0FBF1F0029005E0E5
:102C200042F20040C0F2F4000290FFE7029806B0C2
:102C300080BD000080B586B00490049820B9FFE7FD
:102C400001208DF8170050E304980078C007002891
:102C500000F0A580FFE743F60800C4F20200006818
:102C600000F00C00042813D0FFE743F60800C4F27C
:102C70000200006800F00C0008281ED1FFE743F6B0
:102C80000400C4F2020000684002002815D5FFE7E6
:102C900043F60000C4F20200006800F40031002096
:102CA000B0EB514F08D0FFE70498406820B9FFE728
:102CB00001208DF8170018E370E0FFE704984068E2
:102CC000B0F5803F09D1FFE743F60001C4F20201ED
:102CD000086840F48030086020E004984068B0F54F
:102CE000A02F0DD1FFE743F60001C4F202010868EE
:102CF00040F480200860086840F4803008600CE0F0
:102D000043F60001C4F20201086820F48030086034
:102D1000086820F480200860FFE7FFE7FFE70498D9
:102D20004068E8B1FFE7FFF72DFC0390FFE743F6AB
:102D30000000C4F20200006800F400310020B0EB93
:102D4000514F0CD1FFE7FFF71DFC0399401A65288E
:102D500004D3FFE703208DF81700C6E2E7E71CE085
:102D6000FFF710FC0390FFE743F60000C4F20200F7
:102D7000006800F400310020B0EB514F0CD0FFE7A9
:102D8000FFF700FC0399401A652804D3FFE70320EE
:102D90008DF81700A9E2E7E7FFE7FFE7FFE70498F0
:102DA00000788007002840F19680FFE743F608008E
:102DB000C4F20200006810F00C0F13D0FFE743F6D6
:102DC0000800C4F20200006800F00C0008282CD1B2
:102DD000FFE743F60400C4F2020000684002002846
:102DE00023D4FFE743F60000C4F20200006800F0BD
:102DF00002010020B0EB510F09D0FFE70498C06832
:102E0000012804D0FFE701208DF817006DE243F69A
:102E10000001C4F20201086820F0F800049A126967
:102E200040EAC2000860FFE754E00498C06870B34D
:102E3000FFE70021C4F2472101200860FFF7A2FB51
:102E40000390FFE743F60000C4F20200006800F0C0
:102E500002010020B0EB510F0CD1FFE7FFF792FB0E
:102E60000399401A032804D3FFE703208DF81700C5
:102E70003BE2E7E743F60001C4F20201086820F0F4
:102E8000F800049A126940EAC200086021E00021BB
:102E9000C4F2472100200860FFF774FB0390FFE7AE
:102EA00043F60000C4F20200006800F002010020B6
:102EB000B0EB510F0CD0FFE7FFF764FB0399401A0A
:102EC000032804D3FFE703208DF817000DE2E7E79E
:102ED000FFE7FFE7FFE704980078000700284BD5DD
:102EE000FFE70498406918B3FFE740F68061C4F239
:102EF000472101200860FFF745FB0390FFE743F6F9
:102F00007400C4F20200006800F002010020B0EB7F
:102F1000510F0CD1FFE7FFF735FB0399401A032847
:102F200004D3FFE703208DF81700DEE1E7E722E096
:102F300040F68061C4F2472100200860FFF722FBC1
:102F40000390FFE743F67400C4F20200006800F04B
:102F500002010020B0EB510F0CD0FFE7FFF712FB8E
:102F60000399401A032804D3FFE703208DF81700C4
:102F7000BBE1E7E7FFE7FFE7049800784007002898
:102F800040F1CE80FFE700208DF8070043F64000B7
:102F9000C4F202000068C000002815D4FFE7FFE774
:102FA0000020009043F64000C4F20200016841F0A6
:102FB00080510160006800F0805000900098FFE7A9
:102FC00001208DF80700FFE747F20000C4F200007F
:102FD0000068C005002822D4FFE747F20001C4F2D0
:102FE0000001086840F480700860FFF7CBFA039096
:102FF000FFE747F20000C4F200000068C0050028A7
:103000000CD4FFE7FFF7BEFA0399401A032804D354
:10301000FFE703208DF8170067E1EAE7FFE7FFE726
:1030200004988068012809D1FFE743F67001C4F2D3
:103030000201086840F0010008601FE00498806801
:1030400005280DD1FFE743F67001C4F202010868BC
:1030500040F004000860086840F0010008600CE0DF
:1030600043F67001C4F20201086820F00100086014
:10307000086820F004000860FFE7FFE7FFE7049816
:103080008068F8B1FFE7FFF77DFA0390FFE743F6AA
:103090007000C4F20200006800F002010020B0EBF2
:1030A000510F0ED1FFE7FFF76DFA0399401A41F275
:1030B0008931884204D3FFE703208DF8170014E11B
:1030C000E5E71EE0FFF75EFA0390FFE743F67000C6
:1030D000C4F20200006800F002010020B0EB510FC2
:1030E0000ED0FFE7FFF74EFA0399401A41F28931FB
:1030F000884204D3FFE703208DF81700F5E0E5E7E9
:10310000FFE79DF80700012809D1FFE743F64001DA
:10311000C4F20201086820F080500860FFE7FFE772
:1031200004988069002800F0DC80FFE743F608007F
:10313000C4F20200006800F00C00082800F085804E
:10314000FFE70498806902285CD1FFE76021C4F2A0
:10315000472100200860FFF715FA0390FFE743F6C8
:103160000000C4F20200006800F000710020B0EB23
:10317000516F0CD0FFE7FFF705FA0399401A0328B7
:1031800004D3FFE703208DF81700AEE0E7E70499CA
:10319000C869D1F820C04B6A8A6A40EA0C0040EA4C
:1031A0008310D2034FF6FF739A43A2F58032104387
:1031B000C96A40EA016043F60401C4F202010860F2
:1031C0006021C4F2472101200860FFF7DBF903907A
:1031D000FFE743F60000C4F20200006800F000714F
:1031E0000020B0EB516F0CD1FFE7FFF7CBF903994B
:1031F000401A032804D3FFE703208DF8170074E07A
:10320000E7E721E06021C4F2472100200860FFF7D2
:10321000B9F90390FFE743F60000C4F2020000682A
:1032200000F000710020B0EB516F0CD0FFE7FFF70A
:10323000A9F90399401A032804D3FFE703208DF866
:10324000170052E0E7E7FFE74AE0049880690128A9
:1032500004D1FFE701208DF8170046E043F6040093
:10326000C4F202000068029004988069012831D0FD
:10327000FFE7029800F480000499C969884229D1C7
:10328000FFE7029800F03F000499096A884221D1C3
:10329000FFE7029847F6C07108400499496AB0EB0D
:1032A000811F17D1FFE7029800F440300499896A22
:1032B000C9034FF6FF729143A1F58031884209D1CD
:1032C000FFE7029800F070600499C96AB0EB016FE3
:1032D00004D0FFE701208DF8170006E0FFE7FFE7C5
:1032E000FFE700208DF81700FFE79DF8170006B0F4
:1032F00080BD000081B0009001B0704781B00090A7
:1033000001B0704780B582B00090009820B9FFE707
:1033100001208DF807003FE0009890F83D0040B98B
:10332000FFE70099002081F83C00009800F038F891
:10333000FFE70099022081F83D00009951F8040B45
:1033400005F058FF0099012081F84600FFE7009939
:10335000012081F83E00009981F83F00009981F832
:103360004000009981F84100FFE7FFE70099012044
:1033700081F84200009981F84300009981F84400E7
:10338000009981F84500FFE70099012081F83D0090
:1033900000208DF80700FFE79DF8070002B080BD10
:1033A00080B588B007900798006844F20001C4F225
:1033B000010188421BD1FFE7FFE70020069043F69A
:1033C0004400C4F20200016841F4803101600068E9
:1033D00000F4803006900698FFE71820039005213E
:1033E0000022FFF7ABF90398FFF79EF949E0079831
:1033F000006844F20041C4F2010188421BD1FFE79A
:10340000FFE70020059043F64400C4F20200016883
:1034100041F400310160006800F400300590059827
:10342000FFE71920029005210022FFF787F9029893
:10343000FFF77AF924E00798006844F60001C4F227
:10344000010188421BD1FFE7FFE70020049043F60B
:103450004400C4F20200016841F480210160006868
:1034600000F4802004900498FFE71A2001900521C1
:103470000022FFF763F90198FFF756F9FFE7FFE72E
:10348000FFE708B080BD000083B00190019890F87C
:103490003D00012804D0FFE701208DF80B006AE011
:1034A0000199022081F83D0001980168C86840F048
:1034B0000100C860019800680021C4F2010188423F
:1034C0003CD0FFE701980068B0F1804F36D0FFE7AD
:1034D0000198006840F20041C4F2000188422DD0FA
:1034E000FFE70198006840F60001C4F2000188423D
:1034F00024D0FFE70198006840F60041C4F20001C3
:1035000088421BD0FFE70198006840F20041C4F2F6
:103510000101884212D0FFE70198006844F20001DF
:10352000C4F20101884209D0FFE70198006841F622
:103530000001C4F20001884212D1FFE7019800683F
:10354000806800F0070000900098062807D0FFE789
:1035500001980168086840F001000860FFE706E094
:1035600001980168086840F001000860FFE700204A
:103570008DF80B00FFE79DF80B0003B070470000CB
:1035800080B586B00490039100208DF80B00FFE712
:10359000049890F83C00012804D1FFE702208DF840
:1035A0001700ABE00499012081F83C00FFE7FFE73A
:1035B0000499022081F83D00049800688068019019
:1035C000019820F077000190019820F47F4001904D
:1035D00001980499096888600398006800900028A1
:1035E00072D0FFE7009810286ED0FFE700982028DF
:1035F0006AD0FFE70098302866D0FFE7009840289F
:1036000055D0FFE70098502837D0FFE70098602892
:1036100040D0FFE7009870280BD0FFE70098B0F586
:10362000805F05D0FFE70098B0F5005F16D052E04C
:1036300055E004980068039B5A689968DB6805F0B8
:10364000C3FE0498006880680190019840F07700FC
:103650000190019804990968886040E00498006826
:10366000039B5A689968DB6805F0AEFE0498016810
:10367000886840F48040886031E004980068039ACC
:103680005168D26806F08CF804980068502105F063
:10369000B5FE24E004980068039A5168D26806F0E9
:1036A000A7F804980068602105F0A8FE17E00498C8
:1036B0000068039A5168D26806F072F804980068AE
:1036C000402105F09BFE0AE0049800680399096810
:1036D00005F094FE03E001208DF80B00FFE704994C
:1036E000012081F83D00FFE70499002081F83C00AB
:1036F000FFE79DF80B008DF81700FFE79DF8170016
:1037000006B080BD81B0009001B0704780B582B036
:10371000019001980068006900F002010020B0EB00
:10372000510F28D0FFE701980068C06800F002013F
:103730000020B0EB510F1DD0FFE7019801686FF03A
:1037400002000861019901200877019800688069EA
:10375000800720B1FFE70198FFF7D4FF06E001984A
:1037600000F04AF9019800F05BFAFFE701990020A8
:103770000877FFE7FFE701980068006900F004019F
:103780000020B0EB910F29D0FFE701980068C068D6
:1037900000F004010020B0EB910F1ED0FFE701986C
:1037A00001686FF004000861019902200877019810
:1037B0000068806910F4407F04D0FFE70198FFF7AC
:1037C000A1FF06E0019800F017F9019800F028FA2F
:1037D000FFE7019900200877FFE7FFE701980068FD
:1037E000006900F008010020B0EBD10F28D0FFE7FE
:1037F00001980068C06800F008010020B0EBD10F0C
:103800001DD0FFE7019801686FF008000861019979
:103810000420087701980068C069800720B1FFE79D
:103820000198FFF76FFF06E0019800F0E5F80198B6
:1038300000F0F6F9FFE7019900200877FFE7FFE7BE
:1038400001980068006900F010010020B0EB111F22
:1038500029D0FFE701980068C06800F0100100203F
:10386000B0EB111F1ED0FFE7019801686FF0100048
:10387000086101990820087701980068C06910F470
:10388000407F04D0FFE70198FFF73CFF06E0019876
:1038900000F0B2F8019800F0C3F9FFE701990020A9
:1038A0000877FFE7FFE7019800680069C00780B16B
:1038B000FFE701980068C068C00748B1FFE70198BA
:1038C00001686FF001000861019800F093FAFFE7CA
:1038D000FFE7019800680069C1B20020B0EBD11F7A
:1038E00013D0FFE701980068C068C1B20020B0EBB8
:1038F000D11F09D0FFE7019801686FF080000861CF
:103900000198FFF7F7FCFFE7FFE7019800680069FF
:1039100000F040010020B0EB911F14D0FFE70198A8
:103920000068C06800F040010020B0EB911F09D092
:10393000FFE7019801686FF040000861019800F00E
:1039400081FBFFE7FFE701980068006900F02001B4
:103950000020B0EB511F14D0FFE701980068C06849
:1039600000F020010020B0EB511F09D0FFE70198C3
:1039700001686FF0200008610198FFF7BFFCFFE7C6
:10398000FFE702B080BD000080B588B0079000203E
:10399000069005900490039002900798006841F605
:1039A0000001C4F20001884223D1FFE7FFE70020B5
:1039B000019043F63000C4F20200016841F00201B8
:1039C0000160006800F0020001900198FFE74FF4E9
:1039D00040400290022003900020049005900920AE
:1039E000069040F20040C4F2020002A9FEF7A2FBDA
:1039F000FFE708B080BD000081B0009001B07047C3
:103A000080B586B004900391029200208DF80700E3
:103A1000FFE7049890F83C00012804D1FFE702205A
:103A20008DF8170089E00499012081F83C00FFE738
:103A3000FFE7029800900C2800F270800099DFE800
:103A400001F0076D6D6D206D6D6D3A6D6D6D5300FC
:103A500004980068039905F0E7FC049801688869F8
:103A600040F00800886104980168886920F004002B
:103A70008861039802690498016888691043886125
:103A800050E004980068039905F044FD049801682B
:103A9000886940F40060886104980168886920F4AE
:103AA000806088610398026904980168886940EA27
:103AB0000220886136E004980068039905F0A4FDAF
:103AC00004980168C86940F00800C861049801685A
:103AD000C86920F00400C86103980269049801686D
:103AE000C8691043C8611DE004980068039905F097
:103AF00005FE04980168C86940F40060C861049834
:103B00000168C86920F48060C8610398026904985C
:103B10000168C86940EA0220C86103E001208DF80D
:103B20000700FFE7FFE70499002081F83C00FFE76A
:103B30009DF807008DF81700FFE79DF8170006B005
:103B400080BD000080B582B00090009820B9FFE7EA
:103B500001208DF807003FE0009890F83D0040B943
:103B6000FFE70099002081F83C00009800F038F849
:103B7000FFE70099022081F83D00009951F8040BFD
:103B800005F038FB0099012081F84600FFE7009915
:103B9000012081F83E00009981F83F00009981F8EA
:103BA0004000009981F84100FFE7FFE700990120FC
:103BB00081F84200009981F84300009981F844009F
:103BC000009981F84500FFE70099012081F83D0048
:103BD00000208DF80700FFE79DF8070002B080BDC8
:103BE00082B001900198006841F60001C4F2000122
:103BF000884212D1FFE7FFE70020009043F6400023
:103C0000C4F20200016841F040010160006800F068
:103C1000400000900098FFE7FFE702B07047000007
:103C200081B0009001B0704780B58CB00A900991C6
:103C3000099828B9FFE70A9890F83E0007901CE021
:103C40000998042805D1FFE70A9890F83F000690EC
:103C500010E00998082805D1FFE70A9890F840007D
:103C6000059004E00A9890F841000590FFE7059858
:103C70000690FFE706980790FFE70798012804D011
:103C8000FFE701208DF82F00AFE0099828B9FFE782
:103C90000A99022081F83E001EE00998042806D106
:103CA000FFE70A99022081F83F00049012E009988A
:103CB000082806D1FFE70A99022081F84000039006
:103CC00005E00A99022081F841000390FFE703987C
:103CD0000490FFE70498FFE70A9800680999012219
:103CE000019205F055FB01980A9909680022C4F277
:103CF0000102914202900CD0FFE70A9800684FF64B
:103D00000041CBF6FE710844B0FA80F04009029001
:103D1000FFE70298C00738B1FFE70A980168486CCE
:103D200040F400404864FFE70A9800680021C4F2AC
:103D3000010188423CD0FFE70A980068B0F1804F4B
:103D400036D0FFE70A98006840F20041C4F2000153
:103D500088422DD0FFE70A98006840F60001C4F2BF
:103D60000001884224D0FFE70A98006840F600412D
:103D7000C4F2000188421BD0FFE70A98006840F2B5
:103D80000041C4F20101884212D0FFE70A9800689E
:103D900044F20001C4F20101884209D0FFE70A9809
:103DA000006841F60001C4F20001884212D1FFE729
:103DB0000A980068806800F00700089008980628B4
:103DC00007D0FFE70A980168086840F00100086022
:103DD000FFE706E00A980168086840F00100086003
:103DE000FFE700208DF82F00FFE79DF82F000CB0B3
:103DF00080BD000080B588B0079007980068B0F1DA
:103E0000804F03D1FFE7FEF7C3FBFFE70798006889
:103E100044F60001C4F2010188420ED1FFE705F02B
:103E200049F841F22810C2F2000040F29D41C2F26E
:103E30000001092200F0EAFDFFE70798006844F25C
:103E40000041C4F20101884240F0C780FFE740F220
:103E50004860C2F2000090ED220A40F20813C2F25C
:103E600000030393D3F88800D3F81811D3F8A821DE
:103E7000D3F8383201EE102A30EE010ABDEEC00A46
:103E800010EE102A40F2007CC2F2000C9CED220AD7
:103E900001EE103A30EE010ABDEEC00A10EE103A03
:103EA00040F2B87CC2F2000C9CED220A01EE100A2E
:103EB00030EE010ABDEEC00A10EE100A40F6700C9A
:103EC000C2F2000C9CED220A01EE101A30EE010A3B
:103ED000BDEEC00A10EE10CA6946C1F804C0086001
:103EE00040F6C450C2F200004FF4007102F012FF1D
:103EF00040F2A840C2F20000069090F8242040F65C
:103F00000040C4F2020004900821FEF723FB03984E
:103F100040F60841C2F2000191ED220AD0F8C80231
:103F200001EE100A30EE010ABDEEC00A10EE102AB2
:103F300040F62810C2F2000090ED220ABDEEC00A41
:103F400010EE103A40F69820C2F2000090ED220ADE
:103F5000BDEEC00A10EE100A40F6C041C2F20001E8
:103F600091ED220ABDEEC00A10EE10CA6946C1F8F2
:103F700004C0086040F69C50C2F2000040F2FF11FD
:103F800002F0C8FE04984FF40061FEF7CBFA014638
:103F9000049840F26C42C2F20002059211704FF494
:103FA0008041FEF7BFFA059A0146049851704021FE
:103FB000FEF7B8FA059A0146069891700121D17072
:103FC000B0F8462041F20C01C2F200010B685A63BE
:103FD000B0F8440009688863FFE70798006844F276
:103FE0000001C4F2010188422AD1FFE740F698504F
:103FF000C2F20000017801310170007806281EDB52
:10400000FFE740F29050C2F2000090ED220ABDEEB0
:10401000C00A10EE102A6846002302934360036032
:1040200040F69C50C2F200004FF4007102F072FEA4
:10403000029840F69851C2F200010870FFE7FFE7CE
:1040400008B080BD81B0009001B0704782B001908F
:10405000ADF8021002B0704780B584B00390002024
:104060000290039800684069C0B2C00902900398AA
:1040700090F83D00212823D1FFE7029800B3FFE725
:10408000FFE7FFE70398006850E8050F20F0800085
:104090000190FFE701990398026842E805100028A3
:1040A000F0D1FFE7FFE70398406B28B1FFE70398E3
:1040B000406BFDF7FDFCFFE7039805F0A3FDFFE76C
:1040C000039800684069C0F380100290039890F84C
:1040D0003E00222823D1FFE7029800B3FFE7FFE765
:1040E000FFE70398006850E8050F20F040000090BB
:1040F000FFE700990398026842E805100028F0D114
:10410000FFE7FFE70398806B28B1FFE70398806B18
:10411000FDF7CEFCFFE7039805F016FDFFE7002052
:1041200004B080BD81B0009001B0704780B592B0FE
:104130001190119800680068109011980068C0688C
:104140000F901198006840690E9000200D900C901F
:10415000109800F00F000D900D9888B9FFE79DF8BA
:104160004000800600280AD5FFE79DF83C00800645
:10417000002804D5FFE7119805F060FDE3E1FFE7B3
:104180000D98002800F0C280FFE79DF83800C007B6
:1041900038B9FFE7BDF83C0010F4907F00F0B6801E
:1041A000FFE79DF84000C00758B1FFE79DF83D00CC
:1041B000C00730B1FFE71199086C40F001000864B6
:1041C000FFE79DF84000400700280BD5FFE79DF86A
:1041D0003800C00730B1FFE71199086C40F00200C9
:1041E0000864FFE79DF84000800700280BD5FFE733
:1041F0009DF83800C00730B1FFE71199086C40F016
:1042000004000864FFE79DF840000007002811D56E
:10421000FFE79DF83C008006002805D4FFE79DF8E5
:104220003800C00730B1FFE71199086C40F0080072
:104230000864FFE71198006C002866D0FFE79DF83E
:104240004000800600280AD5FFE79DF83C00800664
:10425000002804D5FFE7119805F0F0FCFFE711985E
:1042600000684069C0F380100C901198006C000742
:10427000002804D4FFE70C9800283ED0FFE71198EF
:1042800005F062FC119800684069400600282FD5AF
:10429000FFE7FFE7FFE71198006850E8050F20F0FF
:1042A00040000B90FFE70B991198026842E8051057
:1042B0000028F0D1FFE7FFE71198806B98B1FFE786
:1042C0001198816B49F6F900C0F600000865119855
:1042D000806BFDF763FC28B1FFE71198806B016DDF
:1042E0008847FFE703E01198FFF71CFFFFE703E0B3
:1042F0001198FFF717FFFFE706E01198FFF712FF8D
:10430000119900200864FFE7FFE71CE11198006B9A
:10431000012840F0F880FFE79DF84000C006002823
:1043200040F1F180FFE79DF83C00C006002840F115
:10433000EA80FFE7FFE700200A9011980068006814
:104340000A901198006840680A900A98FFE711984F
:1043500000684069400600287ED5FFE71198806B11
:1043600000684068ADF82600BDF82600002872D02D
:10437000FFE7BDF826001199898D88426BDAFFE7C7
:10438000BDF826001199C8851198806BC069B0F5F9
:10439000807F58D0FFE7FFE7FFE71198006850E8FB
:1043A000030F20F480700890FFE7089911980268C5
:1043B00042E803100028F0D1FFE7FFE7FFE7FFE73F
:1043C0001198006850E8050F20F001000790FFE702
:1043D00007991198026842E805100028F0D1FFE71C
:1043E000FFE7FFE7FFE71198006850E8050F20F0AE
:1043F00040000690FFE706991198026842E8051010
:104400000028F0D1FFE7FFE71199202081F83E0056
:10441000119900200863FFE7FFE71198006850E852
:10442000030F20F010000590FFE70599119802682E
:1044300042E803100028F0D1FFE7FFE71198806BF6
:10444000FDF736FBFFE71198818DC28D891A89B27D
:10445000FFF7FCFDFFE776E01199888DC98D401AC2
:10446000ADF812001198C08D00284BD0FFE7BDF8C1
:104470001200002846D0FFE7FFE7FFE71198006829
:1044800050E8030F20F490700390FFE70399119810
:10449000026842E803100028F0D1FFE7FFE7FFE7DA
:1044A000FFE71198006850E8050F20F00100029026
:1044B000FFE702991198026842E805100028F0D140
:1044C000FFE7FFE71199202081F83E0011990020B5
:1044D0000863FFE7FFE71198006850E8030F20F03A
:1044E00010000190FFE701991198026842E803105B
:1044F0000028F0D1FFE7FFE71198BDF81210FFF791
:10450000A5FDFFE71FE09DF84000000600280AD542
:10451000FFE79DF83C000006002804D5FFE711984E
:1045200005F068FD0FE09DF84000400600280AD520
:10453000FFE79DF83C004006002804D5FFE71198EE
:1045400005F04CFBFFE712B080BD000080B582B0E3
:104550000090009820B9FFE701208DF807003EE0A9
:104560000098806908B1FFE700E0FFE7009890F845
:104570003D0040B9FFE70099002081F83C00009819
:1045800000F032F8FFE70099242081F83D00009800
:104590000168C86820F40050C860009805F000FC6D
:1045A00000980168086920F490400861009801684B
:1045B000486920F02A00486100980168C86840F402
:1045C0000050C860009900200864009A202182F8F9
:1045D0003D10009A82F83E108DF80700FFE79DF825
:1045E000070002B080BD000080B59AB0199000208D
:1045F000189017901690159014901998006844F62A
:104600000041C4F20001884265D1FFE7FFE70020C6
:10461000139043F64000C4F20200016841F4002107
:104620000160006800F4002013901398FFE7FFE793
:104630000020129043F63000C4F20200016841F0FD
:1046400001010160006800F0010012901298FFE77C
:10465000032014900221159100210A9116911790C0
:10466000082018900020C4F2020014A9FDF762FD92
:104670000A9940F6F450C2F200000B9046F2400254
:10468000C4F2020202604FF0006242608160C160C9
:104690004FF48062026141618161C16101624162E6
:1046A000FDF72EFC18B1FFE7FCF732F9FFE7FFE753
:1046B000199840F6F451C2F2000181631998886399
:1046C000FFE73420099005210022FEF737F809980A
:1046D000FEF72AF854E11998006847F60001C4F281
:1046E000000188423FD1FFE7FFE70020119043F629
:1046F0004000C4F20200016841F08041016000689E
:1047000000F0804011901198FFE7FFE70020109023
:1047100043F63000C4F20200016841F0100101606C
:10472000006800F0100010901098FFE74FF4C07080
:1047300014900220159000200790169003201790E7
:104740000820189041F20000C4F2020014A9FDF7FD
:10475000F1FC079A522008900521FDF7EFFF089819
:10476000FDF7E2FF0BE11998006841F20001C4F285
:104770000101884267D1FFE7FFE700200F9043F671
:104780004400C4F20200016841F0100101600068B9
:1047900000F010000F900F98FFE7FFE700200E9049
:1047A00043F63000C4F20200016841F001010160EB
:1047B000006800F001000E900E98FFE74FF4C06013
:1047C0001490022015900020059016900320179059
:1047D000072018900020C4F2020014A9FDF7AAFCDB
:1047E000059940F65460C2F20000069046F240423D
:1047F000C4F2020202604FF0006242608160C16058
:104800004FF48062026141618161C1610162416274
:10481000FDF776FB18B1FFE7FCF77AF8FFE7FFE753
:10482000199840F65461C2F20001816319988863B7
:10483000FFE72520049005210022FDF77FFF049863
:10484000FDF772FF9AE01998006844F20041C4F243
:104850000001884240F09180FFE7FFE700200D90C3
:1048600043F64000C4F20200016841F400310160E7
:10487000006800F400300D900D98FFE7FFE700207E
:104880000C9043F63000C4F20200016841F00101CF
:104890000160006800F001000C900C98FFE70C200C
:1048A000149002201590002002901690032017907B
:1048B000072018900020C4F2020014A9FDF73AFC6A
:1048C000029940F61470C2F20000039046F2A00272
:1048D000C4F2020202604FF0006242604022826035
:1048E000C1604FF48062026141618161C161016216
:1048F0004162FDF705FB18B1FFE7FCF709F8FFE798
:10490000FFE7199840F61471C2F20001416319984B
:104910008863FFE740F6B460C2F20000019046F2FF
:104920008801C4F2020101604FF000614160002182
:104930008160C1604FF48062026141618161C16147
:1049400001624162FDF7DCFA18B1FFE7FBF7E0FF17
:10495000FFE7FFE7199840F6B461C2F200018163F6
:1049600019988863FFE72620009005210022FDF7B3
:10497000E5FE0098FDF7D8FEFFE7FFE7FFE7FFE75A
:104980001AB080BD80B584B002900191ADF80220CC
:10499000029890F83E00202828D1FFE7019820B126
:1049A000FFE7BDF8020020B9FFE701208DF80F00F6
:1049B00020E0FFE7029890F83C00012804D1FFE7CF
:1049C00002208DF80F0015E00299012081F83C00CB
:1049D000FFE7FFE702990020086302980199BDF8FC
:1049E000022005F07BFA8DF80F0003E002208DF81D
:1049F0000F00FFE79DF80F0004B080BD81B000906C
:104A000001B0704781B0009001B0704780B586B0AA
:104A100004900391ADF80A20049890F83D002028F6
:104A200074D1FFE7039820B1FFE7BDF80A0020B971
:104A3000FFE701208DF817006CE0FFE7049890F87D
:104A40003C00012804D1FFE702208DF8170061E047
:104A50000499012081F83C00FFE7FFE703980499DF
:104A60000862BDF80A0004998884BDF80A00049918
:104A7000C884049900200864049A212182F83D101A
:104A800004994A6B49F6B521C0F60001D163049937
:104A90004A6B49F63131C0F60001116404994A6B42
:104AA00049F61911C0F60001D1640499496B0865F3
:104AB00003A8019004980268406B019909680432C8
:104AC000BDF80A30FDF7D4FA049801686FF0400091
:104AD0000860FFE70499002081F83C00FFE7FFE74A
:104AE000FFE70498006850E8050F40F08000009050
:104AF000FFE700990498026842E805100028F0D109
:104B0000FFE7FFE700208DF8170003E002208DF893
:104B10001700FFE79DF8170006B080BD81B0009038
:104B200001B0704781B0009001B07047FFE7FEE729
:104B300080B584B003908DED020ACDED010A039893
:104B40003030FBF779FE039880ED0B0A9DED020AE9
:104B50009DED011A30EE410A039880ED1E0A03987C
:104B600090ED181A90ED1E0A20EE010A80ED1F0A42
:104B7000039890ED0B2A90ED1A1A90ED1D3A90EDE6
:104B80001E0A30EE430A80EE020A20EE010ABDEE54
:104B9000C00A80ED210A039890ED192A90ED1E0AB3
:104BA00090ED201A20EE020A30EE010A80ED200A74
:104BB000039890ED200A90ED211AB8EEC11A30EE5C
:104BC000010A80ED200A0398C16E00EE101AB8EEBB
:104BD000C00A494201EE101AF8EEC10A90ED201AFF
:104BE00003F0E0FC039880ED200A0399886F486782
:104BF000039890ED1F0A90ED201A30EE010A80ED27
:104C0000220A0398016F00EE101AB8EEC00A49425A
:104C100001EE101AF8EEC10A90ED221A03F0C2FC60
:104C2000039880ED220A04B080BD000080B582B0F8
:104C300040F69C50C2F20000019046F20041C4F2DE
:104C4000000101600521416000218160C1604FF4D5
:104C5000A02202614FF48012426101760122427665
:104C60008176C17601774177FCF716FC18B1FFE732
:104C7000FBF74EFEFFE702B080BD000080B582B0BA
:104C800040F6C450C2F20000019046F60001C4F2A2
:104C9000000101600521416000218160C1604FF485
:104CA000A02202614FF48012426101760122427615
:104CB0008176C17601774177FCF7EEFB18B1FFE70B
:104CC000FBF726FEFFE702B080BD000080B540F68E
:104CD000EC50C2F2000043F20001C4F20201016094
:104CE000FCF7A6FE18B1FFE7FBF712FEFFE780BD59
:104CF00080B588B0FFE70020079043F63000C4F28B
:104D00000200016841F480010160006800F4800045
:104D100007900798FFE7FFE70020069043F6300072
:104D2000C4F20200016841F400110160006800F45F
:104D3000001006900698FFE70D20009005210391D2
:104D400000220492FDF7FAFC0098FDF7EDFC0399B0
:104D5000049A10200190FDF7F1FC0198FDF7E4FCA6
:104D60000399049A11200290FDF7E8FC0298FDF7E0
:104D7000DBFC0399049A3A200590FDF7DFFC0598C7
:104D8000FDF7D2FC08B080BDB0B590B04EF2D04077
:104D9000C0F60000016842688368D0F80CC0D0F803
:104DA00010E044690E94CDF834E0CDF830C00B9398
:104DB0000A92099180690F9009A80021019106F0DB
:104DC000DFFA019941F26432C2F2000210604EF241
:104DD000B440C0F6000002684368D0F808C0D0F8BC
:104DE0000CE00469456907950694CDF814E0CDF808
:104DF00010C0039302928069089002A806F0C0FADE
:104E000040F67471C2F20001086010B0B0BD00003D
:104E100080B596B0002015901490139012901190C8
:104E2000FFE70020109043F63000C4F20200016852
:104E300041F080010160006800F08000109010983F
:104E4000FFE7FFE700200F9043F63000C4F20200B6
:104E5000016841F001010160006800F001000F905D
:104E60000F98FFE7FFE700200E9043F63000C4F2F2
:104E70000200016841F010010160006800F01000BC
:104E80000E900E98FFE7FFE700200D9043F63000EC
:104E9000C4F20200016841F002010160006800F004
:104EA00002000D900D98FFE7FFE700200C9043F6FD
:104EB0003000C4F20200016841F00801016000689E
:104EC00000F008000C900C98FFE7FFE700200B9023
:104ED00043F63000C4F20200016841F004010160B1
:104EE000006800F004000B900B98FFE740F60040CC
:104EF000C4F2020002904BF20C4101910022089290
:104F0000FDF728FB089A40F60000C4F20200049066
:104F10004FF400610391FDF71DFB089A40F2004039
:104F2000C4F2020006904FF440710591FDF712FBA8
:104F3000089A41F20000C4F2020009900121079191
:104F4000FDF708FB019B0298079A089911931292AA
:104F50001391149111A90A91FDF7ECF80298089A9F
:104F60000A9944F65003119312921392FDF7E2F856
:104F7000DDF80CC00498079B089A0A99CDF844C044
:104F8000129313921492FDF7D5F8DDF814C0069829
:104F9000079B089A0A99CDF844C012931392149271
:104FA000FDF7C8F8079B089A09980A99119312937C
:104FB00013921492FDF7BEF816B080BD80B540F68E
:104FC0007C70C2F2000044F20041C4F201010160B1
:104FD00040F2833141600021816040F24B42C26067
:104FE00001618161FEF78EF918B1FFE7FBF790FCD4
:104FF000FFE780BD80B540F6C470C2F2000044F601
:105000000001C4F20101016040F2833141600021DE
:10501000816040F2E732C26001618161FEF772F99E
:1050200018B1FFE7FBF774FCFFE780BD80B588B0DF
:10503000002100910791069105910491039102913D
:10504000019141F20C00C2F2000041F60002C4F2EC
:105050000002026059224260816040F2CF72C26059
:1050600001618161FEF76EFD18B1FFE7FBF750FCAF
:10507000FFE760200190002202920392059241F224
:105080000C00C2F2000001A9FEF7BAFC18B1FFE75C
:10509000FBF73EFCFFE741F20C00C2F2000001A961
:1050A0000422FEF7ADFC18B1FFE7FBF731FCFFE788
:1050B00041F20C00C2F20000FEF766FC08B080BDB1
:1050C00080B584B00021039102910191009141F2D9
:1050D0009C00C2F2000044F20002C4F2010202602D
:1050E00040F283324260816040F25722C260016127
:1050F0008161FEF707F918B1FFE7FBF709FCFFE74D
:105100004FF48050009041F29C00C2F200006946CA
:10511000FEF736FA18B1FFE7FBF7FAFBFFE704B03A
:1051200080BD000080B582B041F26C10C2F2000078
:10513000019044F60041C4F2000101604FF4E131F6
:10514000416000218160C16001610C224261816186
:10515000C161FFF7FBF918B1FFE7FBF7D9FBFFE7E8
:1051600041F26C10C2F200000168C86840F0100003
:10517000C86002B080BD000080B582B041F2B010BE
:10518000C2F20000019047F60001C4F20001016084
:105190004FF4E131416000218160C16001610C2266
:1051A00042618161C161FFF7D1F918B1FFE7FBF7F7
:1051B000AFFBFFE702B080BD80B582B041F2E400F2
:1051C000C2F20000019041F20001C4F2010101604D
:1051D00048F2A061C0F20101416000218160C1601C
:1051E00001610C2242618161C161FFF7AFF918B121
:1051F000FFE7FBF78DFBFFE741F2E400C2F200009E
:105200000168C86840F01000C86002B080BD0000AE
:1052100080B582B041F22810C2F20000019044F241
:105220000041C4F2000101604FF4E131416000210E
:105230008160C16001610C2242618161C161FFF73F
:1052400085F918B1FFE7FBF763FBFFE741F2281090
:10525000C2F200000168C86840F01000C86002B0E7
:1052600080BD0000FFE7FEE7FFE7FEE788B007909C
:1052700006910592079800F0070004900498C0F189
:105280000700052803D3FFE70420019004E00498F9
:10529000C0F107000190FFE70198039004980430E3
:1052A000062803D8FFE70020009003E004980338A5
:1052B0000090FFE70098029006980399012202FAF5
:1052C00001F101390840029B984005999A40013A42
:1052D0001140084308B0704786B003A90091014609
:1052E0000098059180ED010AC0ED000A0598D0F8FC
:1052F0000600406840F27041C2F2000108600020E0
:10530000ADF80A00FFE7BDF80A00059909880139E0
:10531000884224DAFFE70598D0F80600BDF80A10A5
:1053200000EB810090ED010A40F27041C2F20001F1
:1053300091ED001A30EE410A80ED000A0598D0F890
:105340000A10BDF80A2001EB8200406841F82200F3
:10535000FFE7BDF80A000130ADF80A00D3E7009975
:10536000059AD2F80600128800EB820010ED020ABE
:1053700091ED011A30EE010A00ED010A0398059A39
:10538000D2F80A10128801EB820141F8040C059949
:10539000D1F802000988884207D2FFE70599D1F8C1
:1053A00002000130C1F80200FFE705990020C1F8B2
:1053B0002600C1F82200C1F81E00C1F81A000599A4
:1053C0000888D1F80210401AADF80800FFE7BDF8D0
:1053D00008000599098888425DDAFFE70599BDF85C
:1053E0000830D1F80620D1F81A0002EB830292EDC2
:1053F000000A01EE100A20EE000A30EE010A10EE5B
:10540000100AC1F81A000599BDF80830D1F8062035
:10541000D1F81E0002EB830292ED001A00EE100A92
:1054200030EE010A10EE100AC1F81E000599BDF811
:105430000830D1F806C0D1F80A20D1F822000CEBD0
:10544000830C9CED000A02EB830292ED002A01EE30
:10545000100A20EE020A30EE010A10EE100AC1F81E
:1054600022000599BDF80830D1F80A20D1F82600AD
:1054700002EB830292ED001A00EE100A30EE010AF0
:1054800010EE100AC1F82600FFE7BDF80800013051
:10549000ADF808009BE705990A4652F81A0F5368C1
:1054A000D2F808C0D26802EE10CAB1F800C000EE0F
:1054B00010CAB8EEC03A01EE103A00EE102A21EE02
:1054C000000A22EE032A30EE420A02EE100A21EE12
:1054D000011A22EE032A31EE421A80EE010A10EE82
:1054E000100AC1F80E0005990020C1F816000599B0
:1054F0000888D1F80210401AADF80600FFE7BDF8A1
:10550000060005990988884230DAFFE70599D1F845
:1055100006C0D1F80A00D1F80E20D1F8123000EE02
:10552000102ABDF806200CEB820C9CED002A01EE3F
:10553000103A20EE020A30EE010A00EB820090EDF4
:10554000001A30EE410AB0EEC01AD1F8160000EE93
:10555000100A30EE010A10EE100AC1F81600FFE73B
:10556000BDF806000130ADF80600C8E705990888C7
:1055700000EE100AB8EEC01AD1F8160000EE100ABC
:1055800080EE010A10EE100AC1F816000598D0F856
:105590000E0000EE100A06B07047000080B584B01F
:1055A0000390ADF80A10BDF80A000399088003992A
:1055B00000200190C1F80200BDF80A00800006F04A
:1055C00073FE0399C1F80600BDF80A00800006F0DA
:1055D0006BFE01460198039AC2F80A100399C1F8BC
:1055E0000E000399C1F812000398D0F80600BDF828
:1055F0000A108900FAF70FFF0398D0F80A00BDF8E7
:105600000A108900FAF707FF01980399C1F82600EC
:10561000C1F82200C1F81E00C1F81A0004B080BD14
:1056200080B588B08DED060ACDED050A8DED041A22
:105630004CF6CD40C3F64C7003904CF6CD40C3F60B
:105640004C6002909DED060A02F09EFF8DED010A6E
:105650009DED050A02F098FFB0EE401A9DED010A9B
:1056600030EE410A02F090FF9DED041AB4EE410ABB
:10567000F1EE10FA11DBFFE79DED050A9DED061A2C
:105680009FED122A21EE021A9FED0E2A20EE020A49
:1056900030EE010A8DED070A10E09DED050A9DED43
:1056A000061A9FED082A21EE021A9FED072A20EE26
:1056B000020A30EE010A8DED070AFFE79DED070AA9
:1056C00008B080BDCDCC4C3FCDCC4C3ECCCC4C3E7C
:1056D00083B002900191029890F83E0000F00F0014
:1056E000012877D1FFE701990020C86001998860FF
:1056F000019908610199486101998861019948F609
:105700000060CCF68F000862019940F2EE20A1F80B
:105710004400019940F20E60A1F84600019890F80B
:105720002400012804D1FFE701990020C8610CE0A2
:10573000019890F8240038B9FFE701994CF2000075
:10574000C4F22340C861FFE7FFE701990020009001
:1057500081F84000019988620199C8620199486303
:1057600001998863019908630199C86340F2744103
:10577000C2F20001087040F27541C2F200010870E7
:1057800040F27641C2F20001087040F27741C2F265
:1057900000010870029A92F8441001F0DF0182F8CB
:1057A0004410029A92F8441001F0BF0182F84410AC
:1057B000029A92F8451001F0FB0182F84510029A16
:1057C00092F8451001F0F70182F84510019981F82F
:1057D0004800FFE703B0704782B001900091019844
:1057E00090F844004009C007002800F07F82FFE7DE
:1057F000019890F84500C008C007002840F0768264
:10580000FFE740F27540C2F200000078002841D165
:10581000FFE700990020C860009947F60040C4F6F1
:1058200012000861009944F20000C4F29C70886084
:10583000009940F60040CCF6F800086240F248605B
:10584000C2F20000406943F26861C0F2020188427E
:105850001FDBFFE740F20070C2F2000040694CF627
:105860009811CFF6FD71884213DCFFE740F608403F
:10587000C2F20000406942F2F841C0F201018842E0
:1058800007DBFFE740F27541C2F20001012008701A
:10589000FFE7FFE740F27540C2F200000078012800
:1058A0004FD1FFE7009946F20050C4F681004861ED
:1058B000009947F60040C4F69200886100994CF2C6
:1058C0000000C4F22340C86100994FF44870A1F869
:1058D000440040F6C040C2F20000406941F6235146
:1058E00088422DDBFFE740F6C040C2F2000040696D
:1058F00041F68751884223DCFFE740F67850C2F238
:10590000000090ED000A9FEDD91AB4EE410AF1EEC5
:1059100010FA15DDFFE740F27840C2F2000090ED8A
:10592000000A9FEDD31AB4EE410AF1EE10FA07DA3D
:10593000FFE740F27541C2F2000102200870FFE764
:10594000FFE740F27540C2F200000078022852D111
:10595000FFE7019890F83E100120B0EB111F4AD1EB
:10596000FFE7009890F84900022844D0FFE700992B
:105970004DF20010C4F6EC00C860009942F20040FD
:10598000C4F6F400086140F67000C2F200004069FD
:1059900044F26031C0F2070188422BDBFFE740F29E
:1059A000B870C2F2000040694BF6A041CFF6F87122
:1059B00088421FDCFFE740F24860C2F20000406905
:1059C00048F69851C0F20701884213DBFFE740F226
:1059D0000070C2F20000406943F6A461CFF6FF7187
:1059E000884207DCFFE740F27541C2F20001032064
:1059F0000870FFE7FFE740F27540C2F20000007850
:105A0000032839D1FFE7009900204861009945F249
:105A10000000C4F22650C861009945F20000C4F2AB
:105A2000C360886040F67850C2F2000090ED000A32
:105A30009FEDAF1AB4EE410AF1EE10FA1BDAFFE760
:105A400040F6C040C2F20000406942F2F94188428B
:105A500011DBFFE740F60840C2F20000406947F260
:105A60003051884207DCFFE740F27541C2F2000185
:105A700004200870FFE7FFE740F27540C2F2000023
:105A80000078042844D1FFE7009942F20020C4F6D0
:105A9000A100C860009941F20040C4F6CD00086141
:105AA00040F67000C2F20000406943F22001C0F2EB
:105AB000050188422BDCFFE740F2B870C2F200001B
:105AC00040694CF6E071CFF6FA7188421FDBFFE7C0
:105AD00040F24860C2F20000406948F2E071C0F252
:105AE0000601884213DCFFE740F20070C2F20000BA
:105AF000406947F62001CFF6F971884207DBFFE7DE
:105B000040F27541C2F2000105200870FFE7FFE78F
:105B100040F27540C2F20000007805281CD1FFE772
:105B2000009946F20050C4F68100486140F6785072
:105B3000C2F2000090ED000A9FED6E1AB4EE410A29
:105B4000F1EE10FA07DDFFE740F27541C2F2000105
:105B500006200870FFE7FFE740F27540C2F2000040
:105B60000078062823D1FFE7019890F83C0000F068
:105B70000F0001281BD1FFE700990020886040F644
:105B80000840C2F20000406942F6E06188420DDC44
:105B9000FFE740F27541C2F200010720087000994A
:105BA00091F84900013081F84900FFE7FFE740F232
:105BB0007540C2F200000078072839D1FFE700994C
:105BC00000204861009A4CF20001C4F22341D161E7
:105BD0000099886140F6C040C2F20000406941F679
:105BE0008751884223DCFFE740F67850C2F200007C
:105BF00090ED000A9FED3E1AB4EE410AF1EE10FA64
:105C000015DAFFE740F27840C2F2000090ED000A9A
:105C10009FED391AB4EE410AF1EE10FA07DDFFE705
:105C200040F27541C2F2000108200870FFE7FFE76B
:105C300040F27540C2F200000078082855D1FFE715
:105C400000990020C8600099886000990861009957
:105C500040F22620A1F8440040F67000C2F2000095
:105C6000406942F2107188423EDC03E000426F4816
:105C700000B888C840F2B870C2F2000040694DF622
:105C8000F001CFF6FF7188422EDBFFE740F248605B
:105C9000C2F20000406942F21071884224DCFFE742
:105CA00040F20070C2F2000040694DF6F001CFF6FC
:105CB000FF71884218DBFFE740F60840C2F200009F
:105CC000406942F2107188420EDCFFE740F27541F4
:105CD000C2F2000100200870019991F8440000F020
:105CE000DF0081F84400FFE7FFE7FFE702B07047FD
:105CF00000401C460006794800401CC682B0019056
:105D00000091019890F844004009C007002800F075
:105D1000A582FFE7019890F84500C008C007002859
:105D200000F09C82FFE740F27740C2F2000000786A
:105D300008BBFFE700990020C86000994BF60020DF
:105D4000CCF245700861009940F60040CCF6F800AE
:105D5000086240F60840C2F2000040694AF6C87185
:105D6000884207DBFFE740F27741C2F200010120E1
:105D70000870FFE7FFE740F27740C2F200000078CA
:105D800001284ED1FFE7009946F20050C4F6810089
:105D90004861009947F60040C4F692008861009976
:105DA00042F20000CCF2BB40C86100994FF4487049
:105DB000A1F8440040F6C040C2F20000406941F240
:105DC000BB4188422CDBFFE740F6C040C2F2000036
:105DD0004069B0F5A95F23DAFFE740F67850C2F2D8
:105DE000000090ED000A9FEDD31AB4EE410AF1EEE7
:105DF00010FA15DDFFE740F27840C2F2000090EDA6
:105E0000000A9FEDCD1AB4EE410AF1EE10FA07DA5E
:105E1000FFE740F27741C2F2000102200870FFE77D
:105E2000FFE740F27740C2F20000007802281BD161
:105E3000FFE7019890F83E100120B0EB111F13D13D
:105E4000FFE7009890F8490002280DD0FFE700997D
:105E500040F60030CCF61010086240F27741C2F2F2
:105E6000000103200870FFE740F27740C2F2000013
:105E70000078032865D1FFE7009900204861009968
:105E80004AF60000C4F6DE00C860009942F2004005
:105E9000C4F6F4008860009945F20000CCF2C360BB
:105EA000086140F67850C2F2000090ED000A9FEDC4
:105EB000A31AB4EE410AF1EE10FA41DAFFE740F618
:105EC0007000C2F2000040694AF23831C0F20601A7
:105ED000884235DBFFE740F2B870C2F2000040694B
:105EE00045F6C841CFF6F971884229DCFFE740F258
:105EF0004860C2F20000406948F69851C0F20701BC
:105F000088421DDBFFE740F20070C2F200004069EA
:105F100047F26821CFF6F871884211DCFFE740F6BE
:105F20000840C2F20000406947F23051884207DC65
:105F3000FFE740F27741C2F2000104200870FFE75A
:105F4000FFE740F27740C2F200000078042818D141
:105F5000FFE7009945F20000C4F22650C86140F600
:105F6000C040C2F20000406942F2F941884207DBBA
:105F7000FFE740F27741C2F2000105200870FFE719
:105F8000FFE740F27740C2F20000007805285DD1BB
:105F9000FFE7009946F20050C4F68100486100997D
:105FA00042F20020C4F6A100C860009941F200400E
:105FB000C4F6CD00886000994FF44870A1F8440001
:105FC00040F67850C2F2000090ED000A9FEDA41A4E
:105FD000B4EE410AF1EE10FA37DDFFE740F670004B
:105FE000C2F20000406943F22001C0F2050188427C
:105FF0002BDCFFE740F2B870C2F2000040694CF6BB
:10600000E071CFF6FA7188421FDBFFE740F248608B
:10601000C2F20000406948F2E071C0F20601884215
:1060200013DCFFE740F20070C2F20000406947F65F
:106030002001CFF6F971884207DBFFE740F2774194
:10604000C2F2000106200870FFE7FFE740F2774048
:10605000C2F200000078062864D1FFE7019890F8AA
:106060003C0000F00F0001285CD1FFE7009949F6E1
:106070000040C4F6E000C860009942F20040C4F657
:10608000F4008860009900200861009940F2262001
:10609000A1F8440040F67000C2F2000040694DF6DD
:1060A000D051C0F2060188423BDBFFE740F2B870F6
:1060B000C2F20000406942F23021CFF6F971884205
:1060C0002FDCFFE740F24860C2F20000406947F66B
:1060D0001021C0F20701884223DBFFE740F2007085
:1060E000C2F20000406948F2F051CFF6F8718842E0
:1060F00017DCFFE740F60840C2F20000406942F2B8
:10610000107188420DDCFFE740F27741C2F20001D6
:1061100007200870009991F84900013081F8490082
:10612000FFE7FFE740F27740C2F20000007807285F
:106130003FD105E00006794800B888C800401C46F9
:10614000009900204861009A4CF20001C4F22341FA
:10615000D1610099886140F6C040C2F200004069F8
:1061600041F68751884223DCFFE740F67850C2F2BF
:10617000000090ED000A9FED3B1AB4EE410AF1EEEB
:1061800010FA15DAFFE740F27840C2F2000090ED15
:10619000000A9FED351AB4EE410AF1EE10FA07DD60
:1061A000FFE740F27741C2F2000108200870FFE7E4
:1061B000FFE740F27740C2F20000007808284CD197
:1061C000FFE700990020C860009988600099086185
:1061D00040F67000C2F20000406942F2107188423D
:1061E0003ADCFFE740F2B870C2F2000040694DF6B9
:1061F000F001CFF6FF7188422EDBFFE740F24860E6
:10620000C2F20000406942F21071884224DCFFE7CC
:1062100040F20070C2F2000040694DF6F001CFF686
:10622000FF71884218DBFFE740F60840C2F2000029
:10623000406942F2107188420EDCFFE740F277417C
:10624000C2F2000100200870019991F8440000F0AA
:10625000DF0081F84400FFE7FFE7FFE702B0704787
:106260000006794800401C4600401CC680B584B03A
:1062700003900291039890F83D100120B0EB111F9C
:1062800075D1FFE702990020019081F8480040F69F
:106290002810C2F2000003F03BFF40F69820C2F243
:1062A000000003F035FF40F60840C2F2000003F0A2
:1062B0002FFF40F24860C2F2000003F029FF40F2D5
:1062C0000070C2F2000003F023FF40F2B870C2F287
:1062D000000003F01DFF40F67000C2F2000003F062
:1062E00017FF40F29050C2F2000003F011FF019836
:1062F0000299C86002998860029908610299486110
:10630000029988610299C861029981F82400029972
:106310000862029A40F2EE21A2F84410029A40F27A
:106320000E61A2F84610029981F840000299886235
:106330000299C862029948630299886302990863C6
:106340000299C86340F27441C2F20001087040F241
:106350007541C2F20001087040F27641C2F20001BC
:10636000087040F27741C2F200010870FFE704B004
:1063700080BD000082B001900091019890F8440027
:106380008009C007002800F09282FFE7019890F88A
:106390004500C008C007002800F08982FFE740F2EE
:1063A0007440C2F200000078002841D1FFE7009954
:1063B0004DF20010C4F6EC00C86000994BF60020C6
:1063C000CCF245700861009942F20000CCF64B0017
:1063D0000862009940F22620A1F8440040F67000BF
:1063E000C2F20000406944F26031C0F20701884205
:1063F0001DDBFFE740F2B870C2F2000040694BF6C7
:10640000A041CFF6F871884211DCFFE740F6084062
:10641000C2F2000040694AF6C871884207DBFFE714
:1064200040F27441C2F2000101200870FFE7FFE76B
:1064300040F27440C2F200000078012835D1FFE735
:10644000009949F2A030C4F614104861009942F254
:106450000000CCF2BB40C86140F6C040C2F2000070
:10646000406941F2BB4188421EDBFFE740F6C04075
:10647000C2F200004069B0F5A95F15DAFFE740F607
:106480007850C2F2000090ED000A9FEDD81AB4EEE9
:10649000410AF1EE10FA07DDFFE740F27441C2F263
:1064A000000102200870FFE7FFE740F27440C2F2EB
:1064B0000000007802281BD1FFE7019890F83E10F9
:1064C0000120B0EB111F13D1FFE7009890F84900AD
:1064D00002280DD0FFE7009940F60030CCF61010EE
:1064E000086240F27441C2F2000103200870FFE725
:1064F00040F27440C2F200000078032847D1FFE761
:1065000000990020486100994EF60000C4F6FD0095
:106510008860009945F20000CCF2C360086140F643
:106520007850C2F2000090ED000A9FEDB11AB4EE6F
:10653000410AF1EE10FA29DAFFE740F24860C2F2B0
:10654000000040694DF6B831C0F2070188421DDBFA
:10655000FFE740F20070C2F20000406942F2484199
:10656000CFF6F871884211DCFFE740F60840C2F22E
:106570000000406947F23051884207DCFFE740F2F3
:106580007441C2F2000104200870FFE7FFE740F207
:106590007440C2F200000078042822D1FFE700997D
:1065A00045F20000C4F22650C86140F6C040C2F275
:1065B0000000406942F2F941884211DBFFE740F6F2
:1065C000C040C2F20000406942F25D51884207DCDF
:1065D000FFE740F27441C2F2000105200870FFE7B6
:1065E000FFE740F27440C2F20000007805285DD158
:1065F000FFE7009946F20050C4F681004861009917
:1066000042F20020C4F6A100C860009941F20040A7
:10661000C4F6CD00886000994FF44870A1F844009A
:1066200040F67850C2F2000090ED000A9FEDA21AE9
:10663000B4EE410AF1EE10FA37DDFFE740F67000E4
:10664000C2F20000406943F22001C0F20501884215
:106650002BDCFFE740F2B870C2F2000040694CF654
:10666000E071CFF6FA7188421FDBFFE740F2486025
:10667000C2F20000406948F2E071C0F206018842AF
:1066800013DCFFE740F20070C2F20000406947F6F9
:106690002001CFF6F971884207DBFFE740F2744131
:1066A000C2F2000106200870FFE7FFE740F27440E5
:1066B000C2F200000078062864D1FFE7019890F844
:1066C0003C0000F00F0001285CD1FFE7009949F67B
:1066D0000040C4F6E000C86000994DF20060C4F6C6
:1066E00003108860009900200861009940F226207C
:1066F000A1F8440040F67000C2F2000040694DF677
:10670000D051C0F2060188423BDBFFE740F2B8708F
:10671000C2F20000406942F23021CFF6F97188429E
:106720002FDCFFE740F24860C2F20000406941F20E
:106730005061C0F20801884223DBFFE740F200709D
:10674000C2F2000040694EF6B011CFF6F7718842F0
:1067500017DCFFE740F60840C2F20000406942F251
:10676000107188420DDCFFE740F27441C2F2000173
:1067700007200870009991F84900013081F849001C
:10678000FFE7FFE740F27440C2F2000000780728FC
:1067900038D1FFE700990020486100994CF20000D1
:1067A000C4F22340C86140F6C040C2F20000406914
:1067B00041F62351884224DBFFE740F6C040C2F295
:1067C0000000406941F6875188421ADCFFE740F635
:1067D0007850C2F2000090ED000A9FED361AB4EE38
:1067E000410AF1EE10FA0CDA04E000BF80431149CF
:1067F00000401C4640F27441C2F2000108200870BB
:10680000FFE7FFE740F27440C2F20000007808287A
:106810004CD1FFE700990020C8600099886000997A
:10682000086140F67000C2F20000406941F2883110
:1068300088423ADCFFE740F2B870C2F200004069DB
:106840004EF67841CFF6FF7188422EDBFFE740F22B
:106850004860C2F20000406941F28831884224DC7D
:10686000FFE740F20070C2F2000040694EF6784146
:10687000CFF6FF71884218DBFFE740F60840C2F20E
:106880000000406941F2883188420EDCFFE740F2A7
:106890007441C2F2000100200870019991F844008F
:1068A00000F0BF0081F84400FFE7FFE7FFE702B018
:1068B000704700BF00401C460006794882B0019036
:1068C0000091019890F845008008C007002800F06A
:1068D000E281FFE7019890F84500C008C007002852
:1068E00000F0D981FFE7009890F8240001283ED1FC
:1068F000FFE740F27640C2F200000078B8BBFFE745
:1069000000994CF60060C4F60210C860009942F28B
:106910000000C4F2CB608860009946F20000CCF21F
:10692000EA600861009947F20000CCF61410086292
:10693000009942F20000CCF2BB40C861009940F2DD
:106940002620A1F84400009946F20050C4F68100C8
:106950004861019991F8450000F0FB0081F845007D
:1069600040F27641C2F2000106200870FFE740F2D3
:106970007640C2F20000007800285FD1FFE700995E
:106980004CF60060C4F60210C860009940F2002086
:10699000C4F6D0008860009946F20000CCF2EA60AC
:1069A0000861009947F20000CCF6141008620099C3
:1069B0004FF44870A1F8440040F67000C2F20000A5
:1069C000406940F68061C0F20801884235DBFFE78C
:1069D00040F2B870C2F2000040694FF28011CFF669
:1069E000F771884229DCFFE740F24860C2F20000FC
:1069F000406946F2D001C0F2060188421DDBFFE784
:106A000040F20070C2F20000406949F63071CFF6E2
:106A1000F971884211DCFFE740F60840C2F200003D
:106A2000406945F2F051884207DBFFE740F27641CA
:106A3000C2F2000101200870FFE7FFE740F2764054
:106A4000C2F200000078012822D1FFE7009945F248
:106A50000000C4F22650C86140F6C040C2F20000F7
:106A6000406942F2F941884211DBFFE740F6C0403D
:106A7000C2F20000406942F25D51884207DCFFE744
:106A800040F27641C2F2000102200870FFE7FFE702
:106A900040F27640C2F200000078022838D1FFE7C9
:106AA000009949F2A030C4F614104861009942F2EE
:106AB0000000C4F24B70886040F67850C2F20000CB
:106AC00090ED000A9FED751AB4EE410AF1EE10FA4E
:106AD0001DDDFFE740F24860C2F2000040694DF65C
:106AE000C021884213DCFFE740F20070C2F20000D0
:106AF000406942F24051CFF6FF71884207DBFFE761
:106B000040F27641C2F2000103200870FFE7FFE780
:106B100040F27640C2F200000078032845D1FFE73A
:106B2000019890F83E100120B0EB111F3DD1FFE716
:106B300000994BF60020C4F6DB0088600099002025
:106B4000486140F24860C2F2000040694BF2C06107
:106B5000C0F20601884227DBFFE740F20070C2F274
:106B60000000406944F64011CFF6F97188421BDC01
:106B7000FFE740F67850C2F2000090ED000A9FED6A
:106B8000481AB4EE410AF1EE10FA0DDAFFE740F2CE
:106B90007641C2F2000104200870009991F8490082
:106BA000013881F84900FFE7FFE740F27640C2F282
:106BB00000000078042826D1FFE7009942F2000087
:106BC000CCF2BB40C861009940F22620A1F84400F5
:106BD00040F6C040C2F20000406941F2BB41884229
:106BE00010DBFFE740F6C040C2F200004069B0F59C
:106BF000A95F07DAFFE740F27641C2F20001052003
:106C00000870FFE7FFE740F27640C2F2000000782C
:106C100005283FD1FFE7009946F20050C4F68100F5
:106C20004861009942F20000C4F2CB60886040F6EF
:106C30007850C2F2000090ED000A9FED1A1AB4EEEF
:106C4000410AF1EE10FA24DDFFE740F24860C2F29B
:106C5000000040694DF6A86188421ADCFFE740F267
:106C60000070C2F20000406942F25811CFF6FF7185
:106C700088420EDBFFE740F27641C2F200010620B7
:106C80000870019991F8450000F0FB0081F845007B
:106C9000FFE7FFE7FFE702B0704700BF80431149FD
:106CA00000401C460006794800000000000000007B
:106CB000EFF30980BFF36F8F154B1A681EF0100FAA
:106CC00008BF20ED108A20E9F04F10602DE909007F
:106CD0004FF0500080F31188BFF34F8FBFF36F8FD9
:106CE00005F066FF4FF0000080F31188BDE8090051
:106CF00019680868B0E8F04F1EF0100F08BFB0EC3C
:106D0000108A80F30988BFF36F8F704700BF00BF00
:106D1000C012002010B58EB08C468646119810998E
:106D2000CDF834E0ADF832C0ADF83020ADF82E30FB
:106D3000ADF82C10ADF82A0008200890002006902D
:106D40000790BDF9320004909DF831008DF80800DD
:106D50009DF830008DF809009DF82F008DF80A008D
:106D60009DF82E008DF80B009DF82D008DF80C007D
:106D70009DF82C008DF80D009DF82B008DF80E006D
:106D80009DF82A008DF80F000D9840F69C51C2F234
:106D9000000188420AD1FFE740F69C50C2F2000091
:106DA00004A902AA01ABF9F7F7FE12E00D9840F62C
:106DB000C451C2F2000188420AD1FFE740F6C45034
:106DC000C2F2000004A902AA01ABF9F7E5FEFFE751
:106DD000FFE70EB010BD000080B5B6B0359034911D
:106DE0003599087B497B01EB410108440438014691
:106DF0003391082800F2AB823399DFE811F00900E3
:106E0000420262010701A3022A02AE0072021102CD
:106E10003499002081F848003598B0F9080000EE58
:106E2000100AB8EEC00A10EE100A07F08FFA41EC13
:106E3000100B8DED200B34982590C06807F086FA72
:106E40009DED200B41EC110B8DED221B9FEDF01BF6
:106E500053EC112B51EC100B07F08CF89DED220B2D
:106E600041EC110B51EC110B53EC102B06F0DAFF37
:106E700041EC100B51EC100B06F0A2FF2599C860F5
:106E80003598B0F9040000EE100AB8EEC00A10EE12
:106E9000100A07F05BFA41EC100B8DED260B3498CD
:106EA0002B90806807F052FA9DED260B41EC110BF8
:106EB0008DED281B51EC100B9FEDD70B53EC102BD5
:106EC0002F932E9207F056F89DED280B41EC110BF5
:106ED00051EC110B53EC102B06F0A4FF41EC100BFE
:106EE00051EC100B06F06CFF2B9988603598B0F9C7
:106EF000020000EE100AB8EEC00A10EE100A07F009
:106F000025FA41EC100B8DED2C0B34983290006972
:106F100007F01CFA9DED2C0B2E9A2F9B41EC110BC8
:106F20008DED301B51EC100B07F024F89DED300B6C
:106F300041EC110B51EC110B53EC102B06F072FFCE
:106F400041EC100B51EC100B06F03AFF329908613E
:106F50003499012081F82400F9E13499002081F866
:106F600048003598B0F9040000EE100AB8EEC01AD7
:106F7000349890ED050A30EE010A80ED050A359847
:106F8000B0F9020000EE100AB8EEC01A349890ED85
:106F9000060A30EE010A80ED060A3598B0F90600BF
:106FA00000EE100AB8EEC00A10EE100A07F0CEF993
:106FB00041EC100B8DED1A0B34981F90C06907F04F
:106FC000C5F99DED1A0B41EC110B8DED1C1B9FEDCE
:106FD000E61B53EC112B51EC100B06F0CBFF9DED93
:106FE0001C0B41EC110B53EC112B51EC100B06F068
:106FF00019FF41EC100B51EC100B06F0E1FE1F994C
:10700000C8613499012081F82400A0E1349900205E
:10701000199081F848003598B0F9040000EE100A84
:10702000B8EEC01A349890ED060A30EE010A80EDF1
:10703000060A3598B0F9020000EE100AB8EEC01A40
:10704000349890ED050A30EE010A80ED050A359876
:10705000B0F9060000EE100AB8EEC00A10EE100AF1
:1070600007F074F941EC100B8DED140B3498189067
:10707000C06907F06BF99DED140B41EC110B8DED20
:10708000161B9FEDB91B53EC112B51EC100B06F0A6
:1070900071FF9DED160B41EC110B53EC112B51ECD4
:1070A000100B06F0BFFE41EC100B51EC100B06F07C
:1070B00087FE189A01461998D161349981F8240005
:1070C00045E134990020139081F848003598B0F9D3
:1070D000080000EE100AB8EEC00A10EE100A07F021
:1070E00035F941EC100B8DED000B34980590C0681C
:1070F00007F02CF99DED000B41EC110B8DED021BFF
:107100009FED951B53EC112B51EC100B06F032FF49
:107110009DED020B41EC110B51EC110B53EC102BBC
:1071200006F080FE41EC100B51EC100B06F048FE0F
:107130000599C8603598B0F9040000EE100AB8EE61
:10714000C00A10EE100A07F001F941EC100B8DEDAA
:10715000060B34980B90806807F0F8F89DED060B4D
:1071600041EC110B8DED081B51EC100B9FED7C0BCE
:1071700053EC102B0F930E9206F0FCFE9DED080BC6
:1071800041EC110B51EC110B53EC102B06F04AFEA5
:1071900041EC100B51EC100B06F012FE0B998860BD
:1071A0003598B0F9020000EE100AB8EEC00A10EEF1
:1071B000100A07F0CBF841EC100B8DED0C0B349856
:1071C0001290006907F0C2F89DED0C0B0E9A0F9B10
:1071D00041EC110B8DED101B51EC100B06F0CAFEAB
:1071E0009DED100B41EC110B51EC110B53EC102BDE
:1071F00006F018FE41EC100B51EC100B06F0E0FD10
:10720000129A014613981161349981F824009EE086
:107210009A9999999999D93F9A9999999999E93F00
:107220003499002081F8480035988088800034998E
:107230000880359840884000349948803598B0F9E6
:107240000600C008349988803499012081F8240010
:107250007DE03499002081F84800359989888900BB
:10726000349A1180359949884900349A518035996A
:10727000B1F90610C908349A9180349981F8240034
:1072800065E03499002081F848003599B1F904107F
:107290004AF6AB22C2F6AA2251FB02F101EBD171F0
:1072A000349B99713599B1F9081051FB02F101EB4A
:1072B000D171349BD9713599B1F9061051FB02F1A6
:1072C00001EBD17100EE101AB8EEC01A349991EDAD
:1072D000080A30EE010A81ED080A349981F8240089
:1072E00035E03499002081F848003598B0F9040061
:1072F0004AF6AB21C2F6AA2150FB01F000EBD07098
:10730000349A90713598B0F9080050FB01F000EB09
:10731000D070349AD0713598B0F9060050FB01F066
:1073200000EBD07000EE100AB8EEC01A349890ED61
:10733000080A30EE010A80ED080A3499012081F82C
:10734000240004E03598349903F0A6FCFFE736B03A
:1073500080BD00BF00BF00BF9A9999999999D93F04
:107360009A9999999999E93F39B4C876BE9F8ABF8D
:1073700080B58EB00D900D9906A81322F8F7FEFF88
:107380000798C0F3013040F24451C2F20001087383
:107390000798C0F38130487306986FF3DF20A0F59B
:1073A000806048800698C0F3CA20A0F5806088807D
:1073B0000698079A800D40EA82206FF3DF20A0F53F
:1073C0008060C8800798C0F34A00A0F580600881FB
:1073D0000A986FF3DF20A0F580604881BDF818009F
:1073E000400558B9FFE740F24451C2F200010020C5
:1073F00048808880C88008814881FFE7099840F369
:10740000C011C0B240EA012040F24452C2F2000270
:10741000059292F8362000F0A1FE059A014692F8F6
:10742000340000F00F0040EA011082F8340009989F
:1074300040F3C031C0F3072040EA012092F8352024
:1074400000F08CFE0599024691F8340002F00F021C
:1074500000F0F000104481F83400DDF8260000F060
:10746000010091F840200021009100F077FE009982
:10747000059A034692F8380003F00F0300F0F0007D
:10748000184482F838000998C0F3804092F84220EE
:1074900000F064FE0099059A034692F8390003F063
:1074A0000F0300F0F000184482F839000998C0F387
:1074B000404092F8412000F051FE0099059A0346A1
:1074C00092F8380000F00F0040EA031082F838000C
:1074D0000998C0F3C04092F8432000F03FFE0246F6
:1074E000059890F8391001F00F0141EA021180F877
:1074F000391090ED040A8DED010A0798C117000CB0
:1075000040EA014006F050FF9DED010A00EE900AAE
:107510009FEDD71A8DED041AFEF782F8059880EDDD
:10752000040A90ED070A8DED020A089840F3C03175
:10753000C0EA014006F038FF9DED020A9DED041AF5
:1075400000EE900AFEF76CF8059880ED070A90EDC2
:107550000A0A8DED030A0898C117000C40EA0140A1
:1075600006F022FF9DED030A9DED041A00EE900A3D
:10757000FEF756F8059880ED0A0A90ED040AB7EE7A
:10758000001AB4EE410AF1EE10FA08DDFFE740F20E
:107590004451C2F200014FF07E500861FFE740F213
:1075A0004450C2F2000090ED040ABFEE001AB4EE9F
:1075B000410AF1EE10FA09DAFFE740F24451C2F253
:1075C00000010020CBF680700861FFE740F24450D4
:1075D000C2F2000090ED040ABFEE001AB4EE410AB8
:1075E000F1EE10FA15DDFFE740F24450C2F2000060
:1075F00090ED040AB7EE001AB4EE410AF1EE10FA6B
:1076000007DAFFE740F24451C2F2000100200861AE
:10761000FFE740F24450C2F2000090ED070AB7EED7
:10762000001AB4EE410AF1EE10FA08DDFFE740F26D
:107630004451C2F200014FF07E50C861FFE740F2B2
:107640004450C2F2000090ED070ABFEE001AB4EEFB
:10765000410AF1EE10FA09DAFFE740F24451C2F2B2
:1076600000010020CBF68070C861FFE740F2445073
:10767000C2F2000090ED070ABFEE001AB4EE410A14
:10768000F1EE10FA15DDFFE740F24450C2F20000BF
:1076900090ED070AB7EE001AB4EE410AF1EE10FAC7
:1076A00007DAFFE740F24451C2F200010020C8614E
:1076B000FFE740F24450C2F2000090ED0A0AB7EE34
:1076C000001AB4EE410AF1EE10FA08DDFFE740F2CD
:1076D0004451C2F200014FF07E508862FFE740F251
:1076E0004450C2F2000090ED0A0ABFEE001AB4EE58
:1076F000410AF1EE10FA09DAFFE740F24451C2F212
:1077000000010020CBF680708862FFE740F2445011
:10771000C2F2000090ED0A0ABFEE001AB4EE410A70
:10772000F1EE10FA15DDFFE740F24450C2F200001E
:1077300090ED0A0AB7EE001AB4EE410AF1EE10FA23
:1077400007DAFFE740F24451C2F2000100208862EC
:10775000FFE70998C0F3005240F24450C2F2000023
:1077600090F83A1001F0F001114480F83A1090F8C6
:107770003A0000F00F0001281BD1FFE740F28440DF
:10778000C2F200000078A0B9FFE740F24452C2F212
:10779000000292F84410012020EA010301F0FE01EA
:1077A000194482F8441040F28441C2F2000108708A
:1077B00018E040F24450C2F2000090F83A0000078E
:1077C00078B9FFE740F28440C2F200000078012857
:1077D00007D1FFE740F28441C2F2000100200870A7
:1077E000FFE7FFE70998C0F3405240F24450C2F26D
:1077F000000090F83A1001F00F0141EA021180F800
:107800003A1090F83A100120B0EB111F1CD1FFE79D
:1078100040F27E40C2F200000078A8B9FFE740F2D3
:107820004452C2F2000292F84410012020EA5103AF
:1078300001F0FD0141EA430182F8441040F27E412B
:10784000C2F2000108701DE040F24450C2F2000094
:1078500090F83A100020B0EB111F12D1FFE740F270
:107860007E40C2F20000007801280AD102E000BF89
:107870000000FA4340F27E41C2F20001002008708D
:10788000FFE7FFE70998C0F3805240F24450C2F28C
:10789000000090F83B1001F0F001114480F83B101B
:1078A00090F83B0000F00F0001281CD1FFE740F2E8
:1078B0008240C2F200000078A8B9FFE740F24452CB
:1078C000C2F2000292F84410012020EA910301F074
:1078D000FB0141EA830182F8441040F28241C2F286
:1078E0000001087018E040F24450C2F2000090F825
:1078F0003B00000778B9FFE740F28240C2F2000087
:107900000078012807D1FFE740F28241C2F200016E
:1079100000200870FFE7FFE70998C0F3C05240F26B
:107920004450C2F2000090F83B1001F00F0141EA10
:10793000021180F83B1090F83B100120B0EB111FB2
:107940001CD1FFE740F27F40C2F200000078A8B9E6
:10795000FFE740F24452C2F2000292F844100120C4
:1079600020EAD10301F0F70141EAC30182F8441093
:1079700040F27F41C2F2000108701AE040F2445028
:10798000C2F2000090F83B100020B0EB111F0FD1A5
:10799000FFE740F27F40C2F200000078012807D1E3
:1079A000FFE740F27F41C2F2000100200870FFE7CC
:1079B000FFE79DF8270000F0010240F24450C2F2B8
:1079C000000090F83C1001F0F001114480F83C10E8
:1079D00090F83C0000F00F0001281CD1FFE740F2B6
:1079E0008340C2F200000078A8B9FFE740F2445299
:1079F000C2F2000292F84410012020EA111301F0B3
:107A0000EF0141EA031182F8441040F28341C2F2CF
:107A10000001087018E040F24450C2F2000090F8F3
:107A20003C00000778B9FFE740F28340C2F2000053
:107A30000078012807D1FFE740F28341C2F200013C
:107A400000200870FFE7FFE70998C0F3406240F2AA
:107A50004450C2F2000090F83C1001F00F0141EADE
:107A6000021180F83C1090F83C100120B0EB111F7F
:107A70001CD1FFE740F28040C2F200000078A8B9B4
:107A8000FFE740F24452C2F2000292F84410012093
:107A900020EA511301F0DF0141EA431182F844105A
:107AA00040F28041C2F2000108701AE040F24450F6
:107AB000C2F2000090F83C100020B0EB111F0FD173
:107AC000FFE740F28040C2F200000078012807D1B1
:107AD000FFE740F28041C2F2000100200870FFE79A
:107AE000FFE70998C0F3C06240F24450C2F20000C0
:107AF00090F83D1001F00F0141EA021180F83D10AD
:107B000090F83D100120B0EB111F1CD1FFE740F2AF
:107B10008740C2F200000078A8B9FFE740F2445263
:107B2000C2F2000292F84410012080EAD11301F061
:107B30007F0141EAC31182F8441040F28741C2F24A
:107B4000000108701AE040F24450C2F2000090F8C0
:107B50003D100020B0EB111F0FD1FFE740F287402E
:107B6000C2F200000078012807D1FFE740F2874108
:107B7000C2F2000100200870FFE7FFE70998C0F398
:107B8000806240F24450C2F2000090F83D1001F0D3
:107B9000F001114480F83D1090F83D0000F00F0016
:107BA00001281CD1FFE740F28140C2F200000078BA
:107BB000A8B9FFE740F24452C2F2000292F8441022
:107BC000012020EA911301F0BF0141EA831182F8FC
:107BD000441040F28141C2F20001087018E040F206
:107BE0004450C2F2000090F83D00000778B9FFE76A
:107BF00040F28140C2F200000078012807D1FFE77F
:107C000040F28141C2F2000100200870FFE7FFE767
:107C10000998C0F3007240F24450C2F2000090F89C
:107C20003E1001F0F001114480F83E1090F83E0043
:107C300000F00F0001281BD1FFE740F28640C2F29E
:107C400000000078A0B9FFE740F24452C2F20002FF
:107C500092F84510012020EA010301F0FE011944C9
:107C600082F8451040F28641C2F20001087018E027
:107C700040F24450C2F2000090F83E00000778B98C
:107C8000FFE740F28640C2F200000078012807D1E9
:107C9000FFE740F28641C2F2000100200870FFE7D2
:107CA000FFE70998C0F3407240F24450C2F200006E
:107CB00090F83E1001F00F0141EA021180F83E10E9
:107CC00090F83E100120B0EB111F1CD1FFE740F2ED
:107CD0007D40C2F200000078A8B9FFE740F24452AC
:107CE000C2F2000292F84510012020EA510301F08F
:107CF000FD0141EA430182F8451040F27D41C2F2A4
:107D0000000108701AE040F24450C2F2000090F8FE
:107D10003E100020B0EB111F0FD1FFE740F27D4075
:107D2000C2F200000078012807D1FFE740F27D4150
:107D3000C2F2000100200870FFE7FFE70998C0F3D6
:107D4000807240F24450C2F2000090F83F1001F0FF
:107D5000F001114480F83F1090F83F0000F00F0050
:107D600001281CD1FFE740F28540C2F200000078F4
:107D7000A8B9FFE740F24452C2F2000292F845105F
:107D8000012020EA910301F0FB0141EA830182F81E
:107D9000451040F28541C2F20001087018E040F23F
:107DA0004450C2F2000090F83F00000778B9FFE7A6
:107DB00040F28540C2F200000078012807D1FFE7B9
:107DC00040F28541C2F2000100200870FFE7FFE7A2
:107DD0000999102000EAD16240F24450C2F200003A
:107DE00090F83F1001F00F01114480F83F1090F817
:107DF0003F100120B0EB111F1CD1FFE740F27C4087
:107E0000C2F200000078A8B9FFE740F24452C2F283
:107E1000000292F84510012020EAD10301F0F70199
:107E200041EAC30182F8451040F27C41C2F20001F0
:107E300008701AE040F24450C2F2000090F83F107F
:107E40000020B0EB111F0FD1FFE740F27C40C2F2DF
:107E500000000078012807D1FFE740F27C41C2F220
:107E6000000100200870FFE7FFE740F24450C2F233
:107E7000000090F84510C1F3C00140F2A842C2F2E0
:107E8000000282F848109DF8252090F8341002F086
:107E90000F0201F0F001114480F8341090F8340022
:107EA00000F00F00012819D1FFE740F28840C2F22C
:107EB0000000007890B9FFE740F24451C2F200019F
:107EC00091F83500B0FA80F0400981F8350040F2B1
:107ED0008841C2F200010120087018E040F24450CD
:107EE000C2F2000090F83400000778B9FFE740F2D2
:107EF0008840C2F200000078012807D1FFE740F275
:107F00008841C2F2000100200870FFE7FFE79DF8FA
:107F1000242040F24450C2F2000090F8341001F0E6
:107F20000F0141EA021180F8341090F8341001205A
:107F3000B0EB111F19D1FFE740F28940C2F20000F7
:107F4000007890B9FFE740F24451C2F2000191F885
:107F50003600B0FA80F0400981F8360040F28941DD
:107F6000C2F20001012008701AE040F24450C2F24F
:107F7000000090F834100020B0EB111F0FD1FFE784
:107F800040F28940C2F200000078012807D1FFE7E3
:107F900040F28941C2F2000100200870FFE7FFE7CC
:107FA0000EB080BD80B582B040F29040C2F20000B9
:107FB000C078C0B3FFE740F29040C2F20000007901
:107FC00088B3FFE740F29040C2F20000407950B31E
:107FD000FFE740F29040C2F20000807918B3FFE75B
:107FE00040F29040C2F20000C079E0B1FFE740F2F9
:107FF0009040C2F20000007AA8B1FFE740F2904042
:10800000C2F20000407A70B1FFE740F29040C2F245
:108010000000807A38B1FFE740F29040C2F20000E1
:10802000007B20B9FFE700208DF8070044E0FAF755
:10803000A9FA41F28731884204D8FFE700208DF881
:10804000070039E040F24860C2F2000000F074F826
:1080500040F20070C2F2000000F06EF840F2B8701A
:10806000C2F2000000F068F840F67000C2F20000B2
:1080700000F062F840F60840C2F2000000F05CF840
:1080800040F6C040C2F2000000F056F840F628105A
:10809000C2F2000000F050F840F69820C2F2000052
:1080A00000F04AF840F29050C2F2000000F044F8AC
:1080B00001208DF80700FFE79DF8070002B080BDA2
:1080C00080B582B00190ADF80210ADF800200198A3
:1080D000B0F90C0000EE100AB8EEC00A00F054FA35
:1080E000BDF8000001EE100AB8EEC11AB4EE410A64
:1080F000F1EE10FA1EDAFFE70198B0F90E0000EE7B
:10810000100AB8EEC00A00F03FFABDF8020001EE16
:10811000100AB8EEC11AB4EE410AF1EE10FA08DD09
:10812000FFE7019800F008F80199488B0130488377
:10813000FFE7FFE702B080BD81B00090009900200A
:1081400048650099C1F88000009890ED050AB8EEE6
:10815000C00A80ED090A01B07047000086B00391A3
:1081600002908DF807200298039980F001000843DF
:1081700090B9FFE79DF80700142809DCFFE79DF898
:10818000070001308DF8070001208DF8170009E085
:1081900002208DF8170005E000208DF807008DF80B
:1081A0001700FFE79DF8170006B0704780B586B04E
:1081B0008DF817000491FAF7E5F903909DF8170080
:1081C00040F22401C2F2000191F90010884224D04B
:1081D000FFE700200290FFE70298022815DCFFE786
:1081E000029A40F21800C2F2000050F8220040F259
:1081F0001201C2F2000131F812100122FAF7AAF9B5
:10820000FFE7029801300290E6E79DF8170040F280
:108210002401C2F200010870FFE7039840F28C418C
:10822000C2F200010968401A0499884210D9FFE798
:1082300040F28A41C2F200010878B0FA80F04009A9
:108240000870039840F28C41C2F200010860FFE719
:1082500000200190FFE70198022827DCFFE79DF846
:10826000170000EB400140F20000C2F20000084499
:108270000199405CA8B1FFE7019A40F21800C2F2F0
:10828000000050F8220040F21201C2F2000131F861
:10829000121040F28A42C2F200021278FAF75AF93A
:1082A000FFE7FFE7019801300190D4E706B080BDF9
:1082B00080B582B040F29040C2F2000000780146E2
:1082C000019120B1FFE70198012805D0F2E00320D9
:1082D0006421FFF76BFFEDE040F29040C2F2000036
:1082E000807801284DD1FFE740F29040C2F20000B3
:1082F000C078012845D1FFE740F29040C2F200006B
:10830000407901283DD1FFE740F29040C2F20000E1
:108310000079012835D1FFE740F29040C2F2000019
:10832000807901282DD1FFE740F29040C2F2000091
:10833000C079012825D1FFE740F29040C2F2000049
:10834000007A01281DD1FFE740F29040C2F2000000
:10835000407A012815D1FFE740F29040C2F20000B8
:10836000807A01280DD1FFE740F29040C2F2000070
:10837000007B012805D1FFE70520C821FFF716FF84
:10838000FFE740F29040C2F200008078002844D11C
:10839000FFE740F29040C2F20000C078C0B3FFE7B0
:1083A00040F29040C2F20000407988B3FFE740F20B
:1083B0009040C2F20000007950B3FFE740F29040D5
:1083C000C2F20000807918B3FFE740F29040C2F299
:1083D0000000C079E0B1FFE740F29040C2F2000037
:1083E000007AA8B1FFE740F29040C2F20000407A64
:1083F00070B1FFE740F29040C2F20000807A38B1DD
:10840000FFE740F29040C2F20000007B28B9FFE78E
:1084100004203221FFF7CAFEFFE740F29040C2F28B
:1084200000008078012844D1FFE740F29040C2F27A
:108430000000C078C0B3FFE740F29040C2F20000F5
:10844000407988B3FFE740F29040C2F20000007923
:1084500050B3FFE740F29040C2F20000807918B3B9
:10846000FFE740F29040C2F20000C079E0B1FFE7C0
:1084700040F29040C2F20000007AA8B1FFE740F25B
:108480009040C2F20000407A70B1FFE740F29040A5
:10849000C2F20000807A38B1FFE740F29040C2F2A9
:1084A0000000007B28B9FFE705203221FFF77EFEA0
:1084B000FFE7FFE702B080BD82B040F29040C2F219
:1084C000000000780146009120B1FFE700980128E4
:1084D00004D044E000208DF8070048E040F2A840B6
:1084E000C2F2000090F8480001280DD1FFE740F2E9
:1084F000A840C2F20000028840F29D41C2F2000191
:108500000A8040884880FFE740F2A840C2F200009D
:1085100090F8480070B9FFE740F2A840C2F20000AE
:10852000428840F29D41C2F200010A800088404228
:108530004880FFE740F2A840C2F20000828840F283
:108540009D41C2F200018A8082798A71C079C87126
:1085500040F29040C2F200008078087203E00020F0
:108560008DF8070003E000208DF80700FFE79DF875
:10857000070002B07047000040F29041C2F20001D3
:10858000012008707047000082B08DED010A01984B
:108590000090009820F0004000909DED000A02B08D
:1085A0007047000085B08DED040ACDED030A8DED16
:1085B000021A9DED020A9DED041AB4EE410AF1EE95
:1085C00010FA05DDFFE79DED040A8DED010A18E0C4
:1085D0009DED020A9DED031AB4EE410AF1EE10FA88
:1085E00005DAFFE79DED030A8DED000A04E09DED3D
:1085F000020A8DED000AFFE79DED000A8DED010AEC
:10860000FFE79DED010A05B07047000082B00190C0
:10861000009101990889C88000980178407840EA63
:108620000120019908810199888948810098817801
:10863000C07840EA01200199888100980179407949
:1086400040EA01200199C8810198B0F90610B0F9FB
:108650000800401A10F57A6F05DAFFE70199C88B18
:108660000130C8830FE00198B0F90610B0F9080096
:10867000401AB0F57A6F05DDFFE70199C88B013824
:10868000C883FFE7FFE70198B0F91E2047F6F460C2
:10869000002182420846C8BF012048F20C13CFF6E1
:1086A000FF739A42B8BF0121084368B1FFE70199FF
:1086B0000020C8830198B0F9081000EE101AB8EE37
:1086C000C00A80ED090AFFE70199B1F90800B1F984
:1086D0001E2000EB4230486101990F20087102B062
:1086E0007047000082B00190009101990889C8800C
:1086F00000980178407840EA0120019908810199A9
:108700008889488100988178C07840EA01200199E1
:10871000888100980179407940EA01200199C88157
:1087200000988079019908740198B0F90610B0F9A1
:108730000800401A10F57A6F05DAFFE70199C88B37
:108740000130C8830FE00198B0F90610B0F90800B5
:10875000401AB0F57A6F05DDFFE70199C88B013843
:10876000C883FFE7FFE70198B0F91E2047F6F460E1
:10877000002182420846C8BF012048F20C13CFF600
:10878000FF739A42B8BF0121084368B1FFE701991E
:108790000020C8830198B0F9081000EE101AB8EE56
:1087A000C00A80ED090AFFE701990F2008710199BD
:1087B000B1F90800B1F91E2000EB4230486102B067
:1087C0007047000086B004908DF80F10029201935C
:1087D0009DF80F0001460091002842D0FFE7009865
:1087E000012860D1FFE70198006804994863019867
:1087F000406804998863019880680499C863019867
:1088000090ED030A0498BDEEC00A80ED100A0198AD
:1088100090ED040A0498BDEEC00A80ED110A02989A
:1088200000680499086602984068049948660298AE
:10883000806804998866029890ED030A0498BDEE5A
:10884000C00A80ED1B0A029890ED040A0498BDEE60
:10885000C00A80ED1C0A0499012008708DF81700E9
:1088600025E0029800680499086602984068049917
:1088700048660298806804998866029890ED030A19
:108880000498BDEEC00A80ED1B0A029890ED040A20
:108890000498BDEEC00A80ED1C0A049901200870FE
:1088A0008DF8170003E000208DF81700FFE79DF812
:1088B000170006B07047000080B5E2B000200890B5
:1088C000619060905F905E905D905C9040F20810C7
:1088D000C2F2000007909FEDF30A8DED040A5FA934
:1088E000F6EE000ACDED050A022306931A46F8F7C4
:1088F000CFF807989DED040ADDED050A069B903040
:108900005CA91A46F8F7C4F84EF2145CC0F6000CE5
:10891000DCF80000DCF80410DCF80820DCF80C308F
:10892000DCF810C0CDF86CC15A9359925891579009
:108930004EF28C5CC0F6000CDCF80000DCF8041091
:10894000DCF80820DCF80C30DCF810C0CDF858C199
:10895000559354925391529040F2B870C2F2000075
:108960000121099152AA009257AB0193FFF72AFF08
:10897000009A019B099940F67000C2F20000FFF7CF
:1089800021FF9DED040ADDED050A069B0899079875
:10899000519150914F914E914D914C9100F59070A5
:1089A0004FA91A46F8F774F807989DED040ADDED13
:1089B000050A069B00F5D8704CA91A46F8F768F826
:1089C00009994EF2005EC0F6000EDEF80000DEF8F7
:1089D0000420DEF80830DEF80CC0DEF810E0CDF838
:1089E0002CE1CDF828C14993489247904EF2645E3D
:1089F000C0F6000EDEF80000DEF80420DEF80830D5
:108A0000DEF80CC0DEF810E0CDF818E1CDF814C1A6
:108A100044934392429040F24860C2F2000042AA5E
:108A2000029247AB0393FFF7CDFE029A039B09998D
:108A300040F20070C2F20000FFF7C4FE9DED040A90
:108A4000DDED050A069B08990798419140913F91F9
:108A500000F510703FA91A46F8F71AF809994EF276
:108A6000B45EC0F6000EDEF80000DEF80420DEF88A
:108A70000830DEF80CC0DEF810E0CDF8F8E0CDF8F4
:108A8000F4C03C933B923A904EF2DC5EC0F6000E8E
:108A9000DEF80000DEF80420DEF80830DEF80CC056
:108AA000DEF810E0CDF8E4E0CDF8E0C03793369280
:108AB000359040F60840C2F2000035AA3AABFFF705
:108AC00081FE9DED040ADDED050A069B08990798D5
:108AD00034913391329100F5347032A91A46F7F788
:108AE000D7FF09994EF2C85EC0F6000EDEF800000E
:108AF000DEF80420DEF80830DEF80CC0DEF810E006
:108B0000CDF8C4E0CDF8C0C02F932E922D904EF238
:108B1000F05EC0F6000EDEF80000DEF80420DEF89D
:108B20000830DEF80CC0DEF810E0CDF8B0E0CDF88B
:108B3000ACC02A932992289040F6C040C2F20000AF
:108B400028AA2DABFFF73EFE089B4EF2285EC0F62A
:108B5000000EDEF80000DEF80410DEF80820DEF873
:108B60000CC0DEF810E0CDF89CE0CDF898C025925E
:108B7000249123904EF23C5EC0F6000EDEF8000019
:108B8000DEF80410DEF80820DEF80CC0DEF810E095
:108B9000CDF888E0CDF884C020921F911E904EF24F
:108BA000A05EC0F6000EDEF80000DEF80410DEF86D
:108BB0000820DEF80CC0DEF810E0CDF874E0CDF847
:108BC00070C01B921A9119904EF2785EC0F6000E9A
:108BD000DEF80000DEF80410DEF80820DEF80CC035
:108BE000DEF810E0CDF860E0CDF85CC0169215918B
:108BF000149040F6E010C2F2000023AA1946FFF7D5
:108C0000E1FD089B40F65030C2F200001EAA194652
:108C1000FFF7D8FD089B40F69820C2F2000019AA81
:108C20001946FFF7CFFD089B40F62810C2F200005E
:108C300014AA1946FFF7C6FD09994EF2EC4EC0F68C
:108C4000000EDEF80000DEF80420DEF80830DEF862
:108C50000CC0DEF810E0CDF84CE0CDF848C0119320
:108C600010920F904EF2505EC0F6000EDEF800003B
:108C7000DEF80420DEF80830DEF80CC0DEF810E084
:108C8000CDF838E0CDF834C00C930B920A9040F246
:108C90009050C2F200000AAA0FABFFF793FD0998AB
:108CA00062B080BD00007A4580B582B00190019825
:108CB0003030F7F7C1FD019880ED0B0A019890ED77
:108CC000051A90ED090AB8EEC11A30EE410A80ED9E
:108CD000130A019890ED0D1A90ED130A20EE010A87
:108CE00080ED140A019890ED0B2A90ED0F1A90ED8B
:108CF000123A90ED130A30EE430A80EE020A20EE9B
:108D0000010ABDEEC00A80ED160A019890ED0E2A08
:108D100090ED130A90ED151A20EE020A30EE010ACA
:108D200080ED150A019890ED150A90ED161AB8EE2F
:108D3000C11A30EE010A80ED150A0198016C00EEAF
:108D4000101AB8EEC00A494201EE101AF8EEC10A34
:108D500090ED151AFFF726FC019880ED150A019990
:108D6000C86C8864019890ED140A90ED151A30EEE5
:108D7000010A80ED170A0198416C00EE101AB8EE56
:108D8000C00A494201EE101AF8EEC10A90ED171A16
:108D9000FFF708FC019880ED170A019890ED170A7B
:108DA000B0F90C1001EE101AB8EEC11A30EE410AFB
:108DB00080ED1E0A019890ED181A90ED1E0A20EE23
:108DC000010A80ED1F0A019890ED0B2A90ED1A1A06
:108DD00090ED1D3A90ED1E0A30EE430A80EE020A35
:108DE00020EE010ABDEEC00A80ED210A019890ED47
:108DF000192A90ED1E0A90ED201A20EE020A30EE9C
:108E0000010A80ED200A019890ED200A90ED211AC8
:108E1000B8EEC11A30EE010A80ED200A0198C16E49
:108E200000EE101AB8EEC00A494201EE101AF8EE30
:108E3000C10A90ED201AFFF7B5FB019880ED200ADA
:108E40000199886F4867019890ED1F0A90ED201AEC
:108E500030EE010A80ED220A0198016F00EE101A2F
:108E6000B8EEC00A494201EE101AF8EEC10A90EDC0
:108E7000221AFFF797FB019880ED220A02B080BD0D
:108E800082B000900099087901380871009890F933
:108E90000400042806DCFFE70099002008718DF823
:108EA000070003E001208DF80700FFE79DF80700A9
:108EB00002B0704780B500F007F8FFF75DFBFFF7E1
:108EC000F7F9FFF7F9FA80BD80B582B040F28C5017
:108ED000C2F20000007804280DDCFFE740F28C515C
:108EE000C2F200010320087040F29041C2F200017A
:108EF0000020887006E040F29041C2F2000101209B
:108F00008870FFE740F28C51C2F200010878013806
:108F1000087040F24050C2F20000007804280DDCD6
:108F2000FFE740F24051C2F200010320087040F216
:108F30009041C2F200010020C87206E040F2904168
:108F4000C2F200010120C872FFE740F24051C2F2B4
:108F5000000108780138087040F24860C2F2000051
:108F6000FFF78EFF40F29041C2F200010191C870FC
:108F700040F20070C2F20000FFF782FF0199087111
:108F800040F2B870C2F20000FFF77AFF0199487111
:108F900040F67000C2F20000FFF772FF019988717D
:108FA00040F60840C2F20000FFF76AFF0199C8715D
:108FB00040F6C040C2F20000FFF762FF019908725C
:108FC00040F62810C2F20000FFF75AFF01994872DC
:108FD00040F69820C2F20000FFF752FF0199887214
:108FE00040F29050C2F20000FFF74AFF0199087367
:108FF00002B080BD80B582B040F29040C2F2000065
:1090000081788DF806100078012808D1FFE79DF8D7
:10901000060001F085F901208DF8070003E000202B
:109020008DF80700FFE79DF8070002B080BD000043
:10903000074B19680868B0E8F04F80F30988BFF360
:109040006F8F4FF0000080F31188704700BF00BFA2
:10905000C012002080B582B00190FFE7FFF7CAFF81
:10906000012002F073F9F9E780B582B00190FFE7C3
:1090700040F2F400C2F20000FEF77AF940F24450E8
:10908000C2F2000040F2A841C2F20001FDF7A4FEC6
:10909000012002F05BF9EBE780B582B04FF05000A1
:1090A00080F31188BFF36F8FBFF34F8F009004F0F0
:1090B0005FFB40B1FFE74EF60451CEF200014FF0E6
:1090C00080500860FFE700200190019880F311882C
:1090D00002B080BD80B594B008A83021F7F7BDF983
:1090E000002007900690059004900390FFE7002071
:1090F000029043F64000C4F20200016841F0805142
:109100000160006800F0805002900298FFE7FFE7DE
:109110000020019047F20000C4F20000016841F411
:1091200040410160006800F4404001900198FFE771
:10913000012008904FF48030099002200E904FF4E7
:1091400080010F9106211091B421119112900420F9
:10915000139008A8F9F76EFD18B1FFE7F7F7D8FBF1
:10916000FFE7F9F70DFB18B1FFE7F7F7D1FBFFE7D2
:109170000F20039002200490002005904FF4A0508F
:1091800006904FF48050079003A80521F9F758FB8B
:1091900018B1FFE7F7F7BCFBFFE714B080BD000094
:1091A0004EF68851CEF20001086840F47000086065
:1091B0007047000080B541F29C00C2F20000FAF74F
:1091C000A5FA80BD80B540F6C470C2F20000FAF77F
:1091D0009DFA80BD80B540F67C70C2F20000FAF7BF
:1091E00095FA80BD80B541F25400C2F20000FAF752
:1091F0008DFA80BD83B002900191029800680090C2
:1092000002980021C4F20101884225D0FFE70298AC
:10921000B0F1804F20D0FFE7029840F20041C4F245
:109220000001884218D0FFE7029840F60001C4F21E
:109230000001884210D0FFE7029840F60041C4F2D6
:109240000001884208D0FFE7029840F20041C4F2D2
:10925000010188420AD1FFE7009820F070000090D9
:1092600001984168009808430090FFE702980021A8
:10927000C4F20101884255D0FFE70298B0F1804F57
:1092800050D0FFE7029840F20041C4F2000188424A
:1092900048D0FFE7029840F60001C4F2000188427E
:1092A00040D0FFE7029840F60041C4F20001884236
:1092B00038D0FFE7029840F20041C4F20101884231
:1092C00030D0FFE7029844F20001C4F20101884265
:1092D00028D0FFE7029844F20041C4F2010188421D
:1092E00020D0FFE7029844F60001C4F20101884251
:1092F00018D0FFE7029841F60001C4F2000188424D
:1093000010D0FFE7029841F60041C4F20001884204
:1093100008D0FFE7029842F20001C4F2000188423F
:109320000AD1FFE7009820F4407000900198C168CE
:10933000009808430090FFE7009820F08000019912
:109340004969084300900098029908600198806874
:109350000299C86201980068029988620298002107
:10936000C4F20101884208D0FFE7029840F20041B0
:10937000C4F20101884205D1FFE701980069029912
:109380000863FFE702990120486103B070470000BD
:1093900084B0039002910192029800F01F01012015
:1093A00088400090009A0399086A904308620198E7
:1093B000029901F01F0100FA01F20399086A1043B3
:1093C000086204B07047000085B0049003910292D7
:1093D0000193049880680090009820F47F400090EA
:1093E00003980299019A41EA022101430098084337
:1093F000009000980499886005B0704783B002908F
:109400000191029880680090009820F07000009010
:1094100001980099084340F00700009000980299D5
:10942000886003B07047000085B0049003910499F0
:10943000086A20F0010008620498006A019004980C
:1094400040680090049880690290029820F07000B3
:109450000290029820F0030002900398016802989D
:1094600008430290019820F002000190039881685F
:1094700001980843019004980021C4F20101884238
:1094800008D0FFE7049840F20041C4F2010188428D
:109490000ED1FFE7019820F0080001900398C16801
:1094A000019808430190019820F004000190FFE723
:1094B00004980021C4F20101884208D0FFE7049813
:1094C00040F20041C4F20101884213D1FFE7009845
:1094D00020F480700090009820F4007000900398B1
:1094E00041690098084300900398816900980843F7
:1094F0000090FFE7009804994860029804998861F9
:10950000039840680499486301980499086205B07B
:109510007047000085B0049003910499086A20F018
:10952000100008620498006A019004984068009056
:10953000049880690290029820F4E040029002981A
:1095400020F44070029003980168029840EA0120DC
:109550000290019820F02000019003988168019802
:1095600040EA0110019004980021C4F201018842F0
:1095700008D0FFE7049840F20041C4F2010188429C
:109580000FD1FFE7019820F0800001900398C16897
:10959000019840EA01100190019820F040000190EC
:1095A000FFE704980021C4F20101884208D0FFE7D8
:1095B000049840F20041C4F20101884215D1FFE74E
:1095C000009820F480600090009820F400600090E3
:1095D00003984169009840EA8100009003988169EE
:1095E000009840EA81000090FFE7009804994860E5
:1095F00002980499886103984068049988630198E7
:109600000499086205B0704785B0049003910499ED
:10961000086A20F4807008620498006A0190049837
:10962000406800900498C0690290029820F0700091
:109630000290029820F003000290039801680298BB
:1096400008430290019820F400700190039881680B
:10965000019840EA0120019004980021C4F2010120
:10966000884208D0FFE7049840F20041C4F20101AB
:1096700088420FD1FFE7019820F400600190039821
:10968000C168019840EA01200190019820F48060AF
:109690000190FFE704980021C4F20101884208D03C
:1096A000FFE7049840F20041C4F20101884215D15D
:1096B000FFE7009820F480500090009820F40050BC
:1096C000009003984169009840EA011000900398C7
:1096D0008169009840EA01100090FFE70098049922
:1096E000486002980499C861039840680499C86367
:1096F00001980499086205B07047000085B0049095
:1097000003910499086A20F4805008620498006A62
:1097100001900498406800900498C06902900298F3
:1097200020F4E0400290029820F4407002900398E8
:109730000168029840EA01200290019820F400504C
:10974000019003988168019840EA013001900498E3
:109750000021C4F20101884208D0FFE7049840F2DA
:109760000041C4F2010188420BD1FFE7009820F4C8
:109770008040009003984169009840EA8110009071
:10978000FFE700980499486002980499C86103981B
:1097900040680499086401980499086205B070470C
:1097A00085B00490039102920498006A0090049995
:1097B000086A20F00100086204988069019001980D
:1097C00020F0F00001900299019840EA0110019008
:1097D000009820F00A000090039900980843009038
:1097E00001980499886100980499086205B070474F
:1097F00085B00490039102920499086A20F0100049
:1098000008620498806901900498006A00900198A9
:1098100020F4704001900299019840EA01300190D3
:10982000009820F0A00000900399009840EA0110F1
:10983000009001980499886100980499086205B025
:109840007047000080B584B041F26C10C2F2000095
:109850000068006800F010010120B0EB111F40D13A
:10986000FFE7FFE70020039041F26C10C2F2000016
:109870000168096803910068406803900398FFE756
:1098800041F26C10C2F200000190FAF7E5FB01987A
:1098900041F28F31C2F2000102912722FBF772F8E8
:1098A0000298B0F8050040F20231884212D1FFE779
:1098B00041F26830C2F2000041F28F31C2F2000181
:1098C0002722F6F75BFD40F24051C2F200013C2036
:1098D0000870FFE741F26C10C2F20000FAF726FCB4
:1098E000FFE704B080BD000080B541F2B010C2F2C5
:1098F0000000FAF71BFC80BD80B582B00190019892
:10990000806B009000990020C8850099C884009859
:10991000FAF708FC02B080BD80B584B00390002047
:1099200002900398806B0190019800684069C0B272
:10993000C0090290019890F83D0021280AD1FFE764
:10994000029838B1FFE701990020C884019800F01F
:1099500059F9FFE7019800684069C0F38010029050
:10996000019890F83E0022280AD1FFE7029838B10A
:10997000FFE701990020C885019800F0E5F8FFE7AE
:109980000199086C40F0100008640198FAF7CAFBCE
:1099900004B080BD80B586B005900598806B0490BA
:1099A000059800680068C00500285AD4FFE70499AC
:1099B0000020C885FFE7FFE70498006850E8030F20
:1099C00020F480700390FFE703990498026842E84E
:1099D00003100028F0D1FFE7FFE7FFE7FFE7049857
:1099E000006850E8050F20F001000290FFE702999F
:1099F0000498026842E805100028F0D1FFE7FFE76D
:109A0000FFE7FFE70498006850E8050F20F04000EA
:109A10000190FFE701990498026842E805100028C8
:109A2000F0D1FFE7FFE70499202081F83E00049879
:109A3000006B012814D1FFE7FFE7FFE704980068F7
:109A400050E8030F20F010000090FFE70099049801
:109A5000026842E803100028F0D1FFE7FFE7FFE7C4
:109A6000FFE70498006B012805D1FFE70498818D7A
:109A7000FAF7ECFA03E00498FAF7C0FFFFE706B044
:109A800080BD000080B582B001900198806B00908D
:109A90000098006B012806D1FFE70098818D4908E6
:109AA000FAF7D4FA03E00098FAF7ACFFFFE702B048
:109AB00080BD000080B584B003900398806B029055
:109AC000039800680068C00500282AD4FFE70299BF
:109AD0000020C884FFE7FFE70298006850E8050F00
:109AE00020F080000190FFE701990298026842E8A7
:109AF00005100028F0D1FFE7FFE7FFE7FFE7029836
:109B0000006850E8030F40F040000090FFE7009924
:109B10000298026842E803100028F0D1FFE7FFE74F
:109B200003E00298FAF7FAFFFFE704B080BD0000F7
:109B300080B582B001900198806B00900098FAF790
:109B4000F1FF02B080BD000084B00390FFE7FFE7A3
:109B50000398006850E8030F20F490700290FFE72C
:109B600002990398026842E803100028F0D1FFE749
:109B7000FFE7FFE7FFE70398006850E8050F20F0D4
:109B800001000190FFE701990398026842E805107F
:109B90000028F0D1FFE7FFE70398006B012814D1FC
:109BA000FFE7FFE7FFE70398006850E8030F20F0A6
:109BB00010000090FFE700990398026842E8031044
:109BC0000028F0D1FFE7FFE7FFE70399202081F8A5
:109BD0003E0003990020086304B0704780B582B04E
:109BE000019001980168C86820F04000C8600199A0
:109BF000202081F83D000198FAF790FF002002B084
:109C000080BD000082B00190FFE7FFE70198006887
:109C100050E8030F20F0C0000090FFE70099019882
:109C2000026842E803100028F0D1FFE7FFE701993E
:109C3000202081F83D0002B07047000080B586B05A
:109C40000490049890F83E00222840F0A180FFE79D
:109C500004988068B0F5805F15D1FFE7049800692B
:109C600088B9FFE7002003900498806A0290049866
:109C7000006840686FF35F20029908800499886A41
:109C80000230886225E00498806A039000200290E8
:109C900004988068B0F5805F08D0FFE7049880687A
:109CA00050B9FFE70498006930B9FFE704980068ED
:109CB00040680399087007E004980068406800F065
:109CC0007F0003990870FFE70499886A0130886271
:109CD000FFE70499C88D0138C8850004002853D1D6
:109CE000FFE704980168C86820F02000C860049865
:109CF0000168C86820F48070C860049801684869E9
:109D000020F0010048610499202081F83E00049869
:109D1000006B012830D1FFE7049900200863FFE7BA
:109D2000FFE70498006850E8030F20F0100001904E
:109D3000FFE701990498026842E803100028F0D177
:109D4000FFE7FFE7049800680068C00600280ED50A
:109D5000FFE7FFE70020009004980068006800908B
:109D600004980068406800900098FFE7FFE70498B7
:109D7000818DFAF76BF903E00498FAF73FFEFFE7ED
:109D800000208DF8170007E000208DF8170003E091
:109D900002208DF81700FFE79DF8170006B080BD80
:109DA00080B586B0059005980068006920F44050A1
:109DB000059A1168D26810430861059988680B6993
:109DC0004A69C9691843104308430490059800681C
:109DD000C06849F20C6188430499084305990968F1
:109DE000C86005980068406920F44070059A1168C1
:109DF0009269104348610598006841F20001C4F27D
:109E00000101884209D0FFE70598006841F200414E
:109E1000C4F20101884204D1FFE7F8F785FE039000
:109E200003E0F8F76FFE0390FFE70598C069B0F50F
:109E3000004F29D1FFE703981921A0FB0101059AE2
:109E40001368029353685A00DB0FF6F71FFA029962
:109E5000864648F21F53C5F2EB13AEFB03204209BE
:109E600010014FF0640C02FB1CEC322202EBCC021E
:109E7000A2FB0332F82303EA521300EB4300C2F3C0
:109E800042121044886026E003981921A0FB0101CA
:109E9000059A1368019353689A009B0FF6F7F6F939
:109EA0000199844648F21F52C5F2EB12ACFB023016
:109EB0004309642003FB10CC322000EB0C10A0FB04
:109EC0000202F02000EA521000EB0310C2F343122A
:109ED00010448860FFE706B080BD000080B588B000
:109EE00007900691ADF81620069807998862BDF88C
:109EF000160007998885079900200864079A22218F
:109F000082F83E1007998A6B49F69511C0F6000158
:109F1000D16307998A6B49F68521C0F60001116467
:109F200007998A6B49F61911C0F60001D1640799A7
:109F3000896B086506A8049007980168806B043156
:109F4000049A1268BDF81630F8F792F8FFE700207F
:109F500003900798006800680390079800684068BD
:109F600003900398FFE7FFE70799002081F83C0082
:109F7000FFE707980069A0B1FFE7FFE7FFE7079851
:109F8000006850E8030F40F480700290FFE70299E8
:109F90000798026842E803100028F0D1FFE7FFE7C6
:109FA000FFE7FFE7FFE70798006850E8050F40F07C
:109FB00001000190FFE701990798026842E8051047
:109FC0000028F0D1FFE7FFE7FFE7FFE70798006809
:109FD00050E8050F40F040000090FFE70099079817
:109FE000026842E805100028F0D1FFE7FFE70020F3
:109FF00008B080BD83B00190019890F83D00212801
:10A000003AD1FFE701988068B0F5805F13D1FFE790
:10A010000198006978B9FFE70198006A00900098FC
:10A0200000886FF35F200199096848600199086A08
:10A030000230086208E0019A106A411C116200783F
:10A04000019909684860FFE70199C88C0138C88404
:10A05000000468B9FFE701980168C86820F0800033
:10A06000C86001980168C86840F04000C860FFE718
:10A0700000208DF80B0003E002208DF80B00FFE7B5
:10A080009DF80B0003B0704780B582B041F2E40048
:10A09000C2F200000068006800F010010120B0EB7F
:10A0A000111F28D1FFE7FFE70020019041F2E400F3
:10A0B000C2F20000016809680191006840680190DF
:10A0C0000198FFE741F2E400C2F200000090F9F7C6
:10A0D000C3FF009840F2F401C2F200011322FAF724
:10A0E00051FC0098FAF722F840F28C51C2F20001BC
:10A0F0001E200870FFE702B080BD000080B541F26D
:10A100002810C2F20000FAF711F880BDFFE7FEE761
:10A1100081B000900099002048650099C1F8800046
:10A120000099C8830098B0F9081000EE101AB8EE34
:10A13000C00A80ED090A01B07047000082B00190AA
:10A14000009101990889C88000980178407840EA18
:10A1500001200199088101998889488100988178B6
:10A16000C07840EA012001998881009801794079FE
:10A1700040EA01200199C88100988079019908740A
:10A180000198B0F9080040F65331884204DCFFE73B
:10A1900001990120C883FFE70198B0F90800B0F5E4
:10A1A0007A6F04DDFFE701990020C883FFE701987B
:10A1B000B0F91E2047F6F460002182420846C8BF6D
:10A1C000012048F20C13CFF6FF739A42B8BF012169
:10A1D000084368B1FFE701990020C8830198B0F9EE
:10A1E000081000EE101AB8EEC00A80ED090AFFE769
:10A1F00001990F2008710199B1F90800B1F91E20E9
:10A2000000EB4230486102B07047000081B08DF829
:10A2100003009DF9030000280ED4FFE79DF9031009
:10A2200001F01F02012090404A094EF20011CEF2C7
:10A23000000141F82200FFE701B070474EF60C50D4
:10A24000CEF200000068C0F30220704782B08DF8A3
:10A25000070000919DF9070000280AD4FFE7009845
:10A2600000019DF907104EF20042CEF20002885420
:10A270000BE0009800019DF8071001F00F014EF669
:10A280001452CEF200028854FFE702B0704700007B
:10A2900083B00290029800F0070000904EF60C5137
:10A2A000CEF200010868019001984FF6FF021040BD
:10A2B00001900198009A40EA02200022C0F2FA526E
:10A2C000104301900198086003B0704784B08DED91
:10A2D000020ACDED010A8DED001A9DED020A9DEDF9
:10A2E000011AB4EE410AF1EE10FA03DAFFE7019821
:10A2F00003900FE09DED020A9DED001AB4EE410AB5
:10A30000F1EE10FA03DDFFE70098039002E00298F7
:10A310000390FFE79DED030A04B0704700000000C2
:10A320002DE9F04391B08DF8420040F67970C2F209
:10A330000000007801280CD0FFE7FEF7BDFA40F6D8
:10A340007971C2F20001087000208DF8430000F01E
:10A350009BBC40F67870C2F20000007801280CD057
:10A36000FFE7FDF71FFE40F67871C2F200010870AA
:10A3700000208DF8430000F087BC40F2A840C2F2F4
:10A38000000090F84800012840F0C680FFE740F246
:10A390006C40C2F200000078012833D1FFE740F2A0
:10A3A0006C40C2F20000407860BBFFE740F2A8407A
:10A3B000C2F2000090ED030A40F2F440C2F2000045
:10A3C00090ED031AB4EE410AF1EE10FA19DAFFE744
:10A3D00040F2F440C2F20000C26840F2A841C2F26A
:10A3E0000001CA60C06AC86240F2B870C2F20000E0
:10A3F000FFF78EFE40F67000C2F20000FFF788FE05
:10A40000FFE7FFE740F26C40C2F20000C078F0B90D
:10A41000FFE740F2A840C2F2000090ED040A40F2CB
:10A42000F440C2F2000090ED041AB4EE410AF1EEDD
:10A4300010FA0BDAFFE740F2F440C2F200000069C4
:10A4400040F2A841C2F200010861FFE7FFE740F2D5
:10A450006C40C2F200008078012824D1FFE740F26E
:10A46000A840C2F2000090ED040A40F2F440C2F2AB
:10A47000000090ED041AB4EE410AF1EE10FA11DD7D
:10A48000FFE740F2F440C2F20000006940F2A84148
:10A49000C2F20001086140F60840C2F20000FFF776
:10A4A00037FEFFE7FFE740F26C40C2F200000078A1
:10A4B000A8B9FFE740F26C40C2F2000040780128E2
:10A4C0000DD1FFE740F2A840C2F20000C26840F29E
:10A4D000F441C2F20001CA60C06AC862FFE740F2FC
:10A4E0006C40C2F20000C078012814D1FFE740F2AE
:10A4F0006C40C2F20000807868B9FFE740F2A840E3
:10A50000C2F20000026940F2F441C2F200010A61A5
:10A51000006B0863FFE7FFE740F2A840C2F20000CB
:10A5200090F84800002840F0C680FFE740F26C40F9
:10A53000C2F200000078012833D1FFE740F26C40FE
:10A54000C2F20000407860BBFFE740F2A840C2F2D0
:10A55000000090ED030A40F2F440C2F2000090EDDA
:10A56000031AB4EE410AF1EE10FA19DAFFE740F2ED
:10A57000F440C2F20000C26840F2A841C2F20001F9
:10A58000CA60C06AC86240F2B870C2F20000FFF749
:10A59000BFFD40F67000C2F20000FFF7B9FDFFE713
:10A5A000FFE740F26C40C2F20000C078F0B9FFE76C
:10A5B00040F2A840C2F2000090ED020A40F2F440DE
:10A5C000C2F2000090ED021AB4EE410AF1EE10FA68
:10A5D0000BDDFFE740F2F440C2F20000806840F279
:10A5E000A841C2F200018860FFE7FFE740F26C403B
:10A5F000C2F200008078012824D1FFE740F2A84091
:10A60000C2F2000090ED020A40F2F440C2F20000F3
:10A6100090ED021AB4EE410AF1EE10FA11DAFFE7FA
:10A6200040F2F440C2F20000806840F2A841C2F259
:10A630000001886040F60840C2F20000FFF768FDA4
:10A64000FFE7FFE740F26C40C2F200000078A8B9D3
:10A65000FFE740F26C40C2F20000407801280DD1C3
:10A66000FFE740F2A840C2F20000C26840F2F441A5
:10A67000C2F20001CA60C06AC862FFE740F26C40E3
:10A68000C2F20000C078012814D1FFE740F26C400C
:10A69000C2F20000807868B9FFE740F2A840C2F239
:10A6A0000000826840F2F441C2F200018A60806AD0
:10A6B0008862FFE7FFE740F2A840C2F2000090F88E
:10A6C000480001282DD1FFE740F2A840C2F2000067
:10A6D00090ED020A90ED0A1A30EE010A40F248614C
:10A6E000C2F2000181ED090A90ED020A90ED0A1A0A
:10A6F000B1EE400A30EE410A40F20071C2F20001B0
:10A7000081ED090A90ED040A90ED0C1AB1EE400AB1
:10A7100030EE410A40F60840C2F2000080ED090A1E
:10A72000FFE740F2A840C2F2000090F8480058BB92
:10A73000FFE740F2A840C2F2000090ED040A90ED5D
:10A740000C1A30EE010A40F24861C2F2000181EDBC
:10A75000090A90ED040A90ED0C1AB1EE400A30EEB1
:10A76000410A40F20071C2F2000181ED090A90ED48
:10A77000020A90ED0A1A30EE010A40F60840C2F2D1
:10A78000000080ED090AFFE740F2A840C2F2000095
:10A790000F9090ED030AB1EE400A40F2B871C2F298
:10A7A000000181ED090AC16840F67002C2F20002A0
:10A7B000516290ED071A90ED0F0A9FEDF32A20EEFB
:10A7C000020A30EE010A9FEDF11A30EE010A40F65E
:10A7D000C041C2F2000181ED090A90ED051A90ED29
:10A7E0000D0A9FEDEB2A20EE020A30EE410A40F6F8
:10A7F000E011C2F2000181ED090A90ED061A90ED18
:10A800000E0A20EE020A30EE010A40F65031C2F282
:10A81000000181ED090A006A03F098FD41EC100B7C
:10A820009FEDDD1B53EC112B51EC100B03F0A2FB41
:10A8300041EC100B51EC100B03F0C2FA40F29051B6
:10A84000C2F2000148629DF84200002840F09F805B
:10A85000FFE740F24868C2F200084FF00009CDF867
:10A860003890C8F84090C8F86C9040F20077C2F277
:10A870000007C7F84090C7F86C9040F2B876C2F273
:10A880000006C6F84090C6F86C9040F67005C2F21B
:10A890000005C5F84090C5F86C9040F60844C2F237
:10A8A0000004C4F84090C4F86C9040F6C04EC2F268
:10A8B000000ECEF84090CEF86C9040F6E01CC2F24C
:10A8C000000CCCF86C9040F65031C2F20001C1F897
:10A8D0006C9040F62812C2F20002C2F86C9040F66A
:10A8E0009823C2F20003C3F86C9040F29050C2F279
:10A8F0000000C0F84090C0F86C9098ED050AB8EEE2
:10A90000C00A88ED090A97ED050AB8EEC00A87ED7E
:10A91000090A96ED050AB8EEC00A86ED090A95ED1A
:10A92000050AB8EEC00A85ED090A94ED050AB8EEED
:10A93000C00A84ED090A9EED050AB8EEC00A8EED44
:10A94000090A92ED050AB8EEC00A82ED090A93EDF4
:10A95000050AB8EEC00A83ED090AD2F814E05C6972
:10A96000A64400EE10EAB8EEC00A8CED090A52695E
:10A970005B69D21A00EE102AB8EEC00A81ED090A0E
:10A9800090ED050AB8EEC00A80ED090AFFE740F233
:10A99000B870C2F2000007904FF4FA5103910A22F6
:10A9A0000592FDF78DFB0399059A40F67000C2F2FF
:10A9B00000000890FDF784FB059A40F24860C2F25F
:10A9C0000000099040F6C4110491FDF779FB049949
:10A9D000059A40F20070C2F200000A90FDF770FB89
:10A9E000059A40F60840C2F200000B904FF47A61DD
:10A9F000FDF766FB059A40F6C040C2F200000C90DD
:10AA000046F2A811FDF75CFB0499059A40F29050BC
:10AA1000C2F200000D90FDF753FB079890ED090A74
:10AA200040F20810C2F200000690F5F779FF069890
:10AA3000089991ED090A9030F5F772FF0698099987
:10AA400091ED090A00F59070F5F76AFF06980A99EA
:10AA500091ED090A00F5D870F5F762FF06980B9999
:10AA600091ED090A00F51070F5F75AFF06980C9958
:10AA700091ED090A00F53470F5F752FF0798FEF7DB
:10AA800013F90898FEF710F90998FEF70DF90A98DE
:10AA9000FEF70AF90B98FEF707F90C98FEF704F990
:10AAA0000D98FEF701F940F62810C2F20000416946
:10AAB00040F69822C2F200025369194400EE101ABF
:10AAC000B8EEC00A40F27841C2F2000181ED000AFE
:10AAD00041695269891A00EE101AB8EEC00A40F6B0
:10AAE0007851C2F2000181ED000AB0F90C0000EECD
:10AAF000100AB8EEC00AFDF747FDB2EE041AB4EE34
:10AB0000410AF1EE10FA2ADAFFE740F62810C2F205
:10AB10000000B0F90E0000EE100AB8EEC00AFDF712
:10AB200033FD9FED5C1AB4EE410AF1EE10FA15DD2B
:10AB3000FFE740F27840C2F20000006840F6E01102
:10AB4000C2F20001486240F67850C2F2000000688C
:10AB500040F65031C2F200014862FFE7FFE740F6DD
:10AB60009820C2F20000B0F90C0000EE100AB8EE16
:10AB7000C00AFDF709FDB2EE041AB4EE410AF1EE87
:10AB800010FA37DA0CE000BF000038420030D6453A
:10AB90000050D04500BF00BF9A9999999999E93F13
:10ABA00040F69820C2F20000B0F90E0000EE100A44
:10ABB000B8EEC00AFDF7E8FC9FED361AB4EE410A84
:10ABC000F1EE10FA15DDFFE740F27840C2F2000026
:10ABD000006840F6E011C2F20001486240F6785089
:10ABE000C2F20000006840F65031C2F20001486233
:10ABF000FFE7FFE740F6E010C2F20000019090EDA1
:10AC0000090A40F27841C2F20001D1ED000AF9F7D9
:10AC10008FFF40F65030C2F20000029090ED090A1A
:10AC200040F67851C2F20001D1ED000AF9F780FF39
:10AC30000199029891ED220A90ED221A30EE010A54
:10AC400040F62810C2F20000B0F90C1001EE101A04
:10AC5000F8EEC10AF9F76CFF0199029891ED220A0A
:10AC600090ED221A30EE410A40F69820C2F2000020
:10AC7000B0F90C1001EE101AF8EEC10AF9F758FFFE
:10AC800001208DF84300FFE79DF8430011B0BDE8B7
:10AC9000F08300BF00803B4580B588B007900691E7
:10ACA000079890F8381001F00F00A0EB11108DF804
:10ACB0001700079890F8391001F00F00C0EB111041
:10ACC0008DF81600079890ED040ABDEEC00A10EE4C
:10ACD000100AADF81400079890F83B1001F00F002F
:10ACE000A0EB11108DF81300079890F83D1090F824
:10ACF0003E0000F00F00C0EB11108DF81200079815
:10AD000090F83B1001F00F00A0EB11108DF811002E
:10AD1000079890F8381001F00F00A0EB11108DF893
:10AD20001000079890F8391001F00F00C0EB1110D7
:10AD30008DF80F00079890ED0A0ABDEEC00A10EEDC
:10AD4000100A8DF80E00079890F83D1090F83E001C
:10AD500000F00F00C0EB11108DF80D00079890ED7A
:10AD6000040ABDEEC00A10EE100A8DF80C00079818
:10AD700090ED0A0ABDEEC00A10EE100A8DF80B0025
:10AD8000079890F84500C008C00750B1FFE7069942
:10AD90004FF44870A1F846000699012081F8480058
:10ADA00017E0069940F20E60A1F8460006990020CF
:10ADB00081F8480040F27540C2F200000078012896
:10ADC00006DBFFE7069940F21450A1F84600FFE7C2
:10ADD000FFE740F27440C2F200000078002818DC5F
:10ADE000FFE740F27540C2F200000078002810DC56
:10ADF000FFE740F27640C2F200000078002808DC4D
:10AE0000FFE740F27740C2F200000078012814DB2F
:10AE1000FFE740F23001C2F2000140F23E3008800C
:10AE200040F23201C2F200016420088040F22E019B
:10AE3000C2F200013220087014E040F23001C2F288
:10AE4000000140F6D630088040F23201C2F2000123
:10AE500040F23E30088040F22E01C2F20001C820CC
:10AE60000870FFE7079890F83A100020B0EB111F28
:10AE70003DD1FFE7079890F83A0000F00F00012855
:10AE800001D1FFE732E040F23000C2F2000000885A
:10AE90009DF9171048430699088040F23200C2F22B
:10AEA000000000889DF9161048430699488040F23A
:10AEB0002E00C2F200000078BDF814104843069935
:10AEC000888040F22C00C2F2000000889DF8131028
:10AED00048430699C87140F23400C2F2000000886D
:10AEE0009DF81210484306998871FFE7FFE707981D
:10AEF00090F83A100120B0EB111F11D1FFE707982D
:10AF000090F83A0000F00F00012809D1FFE70798F8
:10AF10000699FBF7ABF907980699FAF7D9FBFFE713
:10AF2000079890F83A100120B0EB111F40F0A7806D
:10AF3000FFE7079890F83A0000F00F00012801D1D0
:10AF4000FFE790E040F23C00C2F2000000889DF96B
:10AF50001110484300EE100AB8EEC01A069890EDA2
:10AF6000030A30EE010A80ED030A40F23800C2F213
:10AF7000000000889DF91010484300EE100AB8EE5A
:10AF8000C01A069890ED020A30EE010A80ED020A1E
:10AF900040F27540C2F200000078022814D1FFE7A9
:10AFA00040F23A00C2F2000000889DF910104843B8
:10AFB00000EE100AB8EEC01A069890ED020A30EEC4
:10AFC000010A80ED020AFFE740F24200C2F20000EF
:10AFD00000889DF90F10484300EE100AB8EEC01A21
:10AFE000069890ED040A30EE010A80ED040A40F262
:10AFF0003E00C2F2000000889DF90E10484300EEAA
:10B00000100AB8EEC01A069890ED050A30EE010A53
:10B0100080ED050A40F24000C2F2000000889DF970
:10B020000D10484300EE100AB8EEC01A069890EDD5
:10B03000060A30EE010A80ED060A40F24400C2F230
:10B04000000090ED001A9DF90C0000EE100AB8EE19
:10B05000C02A069890ED070A21EE021A30EE410A46
:10B0600080ED070AFFE706990020088006994880CE
:10B07000069988800699C87106998871FFE740F2A1
:10B080009040C2F20000C07A012844D1FFE741F2AB
:10B090006831C2F2000140F20230A1F80500002040
:10B0A000C8BBFFE706980021C16306984163069874
:10B0B000816341F26830C2F20000D0F81B2000EE3C
:10B0C000102A41F2C432C2F2000292ED001A30EEB0
:10B0D000410A41F2C033C2F2000383ED000A93ED4E
:10B0E000001A069B93ED0A0A9FED4B2A21EE021AE5
:10B0F00030EE010A83ED0A0A069BD962D0F81B10D4
:10B100001160C07F012805D1FFE70799002081F871
:10B110003600FFE7FFE740F29040C2F20000C07A3D
:10B12000A8BBFFE741F26830C2F2000001900021A5
:10B13000C0F80710C0F80B10C0F80F10C0F81310BB
:10B14000C0F81B10D0F80F10069AD163D0F8071082
:10B1500081F00041069A5163D0F80B10069A916372
:10B16000D0F81B1001EE101A069991ED0A0A30EE84
:10B17000010A81ED0A0AD0F8130001EE100A0698C0
:10B1800090ED0C0A30EE010A80ED0C0AFFE70798FB
:10B1900090F83A0000F00F0001281BD1FFE7079854
:10B1A00090F83A100120B0EB111F01D1FFE710E039
:10B1B00007980699FBF782FB07980699FAF70CFBAC
:10B1C00007980699FAF79AFD07980699FBF7D2F8BF
:10B1D000FFE7FFE7079890F83600069981F824000A
:10B1E000079890F834000007A0B1FFE79DF90B0025
:10B1F00040F23601C2F200010988484300EE100A0D
:10B20000B8EEC01A069890ED080A30EE010A80EDFB
:10B21000080AFFE708B080BD0000C8C280B586B04C
:10B22000002004900590F7F7C1F9FDF753FFF9F7F7
:10B23000EFFDF9F75DFDF9F7BFFFF9F7F7FCF9F757
:10B240001DFDF9F7E5FFF9F741FDF9F7D3FEF9F731
:10B2500037FFF9F7B3FEF9F765FFF9F7E7FEF9F7FE
:10B260008BFFA820F5F70EFBF5F7A0F941F29C0043
:10B27000C2F20000F8F708F940F67C70C2F2000054
:10B28000F8F702F940F6C470C2F20000F8F7FCF8D3
:10B29000049941F20C00C2F200000090F8F7C4FCDF
:10B2A000009804210391F8F7BFFC40F60040C4F277
:10B2B000020002904FF4806101220192F7F74AF9EF
:10B2C0000298049A4FF48051F7F744F9019A0298D2
:10B2D0004FF40051F7F73EF90298049A4FF40041F9
:10B2E000F7F738F9019A40F60000C4F202004FF473
:10B2F0000061F7F72FF902980399049AF7F72AF9F2
:10B3000040F2A841C2F2000140F2EE20A1F8440050
:10B3100040F20E60A1F84600F9F736FD00F02AF879
:10B32000FFE7FEE782B0ADF8060000200090BDF90F
:10B330000600842807D0FFE7BDF9060000990844FD
:10B3400003300090FFE7009802B0704780B584B0EA
:10B35000039003980290029818B1FFE702980190B9
:10B3600002E001200190FFE7019801F00BFB0020B3
:10B3700004B080BD80B501F0A3FB002080BD0000BB
:10B38000B0B590B00E900D910E98406938B3FFE7BC
:10B390000E98806918B3FFE70E980168089141681C
:10B3A0000B91016909910D990A91B0F90800FFF715
:10B3B000B9FF0899099A0A9B84460B98DDF838E092
:10B3C000DEF81440DEF81850EE46CEF80850CEF8FD
:10B3D0000440CEF800C002F03DF90C9020E00E9839
:10B3E0000168049141680791018A05910D990691C0
:10B3F000B0F90800FFF796FF0499059A069B84466A
:10B400000798EE460CACCEF80440CEF800C002F02F
:10B41000D1F8012803D0FFE700200F9003E0FFE7F9
:10B420000C980F90FFE70F9810B0B0BD80B584B0B6
:10B430000390029142F64010C2F2000000680090B2
:10B4400041F2C020C2F200000068043001F052F85E
:10B4500088B9FFE741F2C020C2F200000068C16A6B
:10B46000012000FA01F242F2E451C2F20001086840
:10B470009043086000E0FFE70398013080B9FFE7E0
:10B48000029868B1FFE741F2C020C2F200000068F4
:10B49000011D42F61810C2F2000001F0D1F83DE0A3
:10B4A0000098039908440190019841F2C021C2F22A
:10B4B0000001096848600198009988420ED2FFE7B0
:10B4C00041F2D020C2F20000006841F2C021C2F275
:10B4D00000010968043101F07DF81EE041F2C82046
:10B4E000C2F20000006841F2C021C2F20001096806
:10B4F000043101F06FF8019842F6A401C2F2000194
:10B500000968884207D2FFE7019842F6A401C2F217
:10B510000001086000E0FFE7FFE7FFE704B080BD3F
:10B5200080B582B0019001F0B3F842F2D451C2F27A
:10B53000000108680130086041F2C020C2F200003A
:10B54000006898B9FFE7019841F2C021C2F20001FA
:10B55000086042F2D450C2F200000068012803D112
:10B56000FFE700F0F1FA00E0FFE71CE042F60C1004
:10B57000C2F200000068A0B9FFE741F2C020C2F2A9
:10B5800000000068C06A0199C96A884207D8FFE7CD
:10B59000019841F2C021C2F20001086000E0FFE71B
:10B5A00000E0FFE7FFE742F2E050C2F2000001686E
:10B5B000013101600068019948640198C16A012065
:10B5C00000FA01F242F2E451C2F2000108681043AD
:10B5D00008600199C86A00EB800241F2D820C2F2EB
:10B5E000000000EB8200043101F02AF801F07CF841
:10B5F00042F60C10C2F200000068C8B1FFE741F249
:10B60000C020C2F200000068C06A0199C96A88427D
:10B610000CD2FFE74EF60451CEF200014FF08050FD
:10B620000860BFF34F8FBFF36F8F00E0FFE700E0CC
:10B63000FFE702B080BD000080B584B001F028F8BB
:10B6400042F64410C2F200000068002840D1FFE733
:10B6500042F2E850C2F20000029000F09BFF42F27A
:10B66000FC50C2F20000039000F094FF029903988E
:10B6700041F2C422C2F20002116041F2D421C2F2AE
:10B680000001086069460020086041F2F412C2F22D
:10B69000000241F26C23C2F200030A200C2101F0E7
:10B6A00093FB014642F64410C2F2000001600068BC
:10B6B00060B1FFE742F64410C2F2000000684EF2AB
:10B6C0003D61C0F6000101F001F900E0FFE700E094
:10B6D000FFE701F009F804B080BD000080B582B03A
:10B6E000FFE742F2D850C2F20000006808B3FFE75B
:10B6F00000F0CEFF42F62C10C2F20000C068C06815
:10B7000001900198043000F0F5FE42F2D451C2F2EB
:10B71000000108680138086042F2D851C2F2000105
:10B7200008680138086000F0DFFF019800F08CF82D
:10B73000D7E702B080BD000080B582B001900091D3
:10B740000198006CB8B1FFE70199C8680A6C104411
:10B75000C86001988168C068884204D3FFE70199F6
:10B760000868C86000E0FFE70098019AD168126C91
:10B77000F4F704FEFFE702B080BD000080B586B09C
:10B78000059004910392002002900598806B01902F
:10B790000598006C78B9FFE70598006848B9FFE79D
:10B7A0000598806802F0C0F8029005990020886032
:10B7B00000E0FFE741E00398B8B9FFE7059A049974
:10B7C0005068126CF4F7DAFD059948680A6C104469
:10B7D0004860059948688968884204D3FFE705995D
:10B7E0000868486000E0FFE726E0059A0499D06801
:10B7F000126CF4F7C3FD0599C8680A6C801AC8601A
:10B8000005980168C068884206D2FFE705998868F4
:10B810000A6C801AC86000E0FFE70398022809D18B
:10B82000FFE7019820B1FFE701980138019000E09F
:10B83000FFE700E0FFE7FFE7FFE701980130059928
:10B840008863029806B080BD80B582B000900098F1
:10B8500090F8590040B9FFE70098006B00F06AFFCC
:10B86000009800F067FF1CE0009890F8590001284C
:10B8700004D1FFE7009800F05DFF11E0009890F818
:10B88000590002280BD0FFE74FF0500080F31188D9
:10B89000BFF36F8FBFF34F8F0190FFE7FEE7FFE726
:10B8A000FFE702B080BD000082B0019041F2C420E9
:10B8B000C2F2000000680068B0FA80F04009019907
:10B8C00008600198006848B9FFE741F2C420C2F25D
:10B8D00000000068C0680068009002E0002000904E
:10B8E000FFE7009802B0704784B04FF4905000908A
:10B8F00041F2C830C2F2000001909DF804004007F8
:10B9000088B1FFE7019807300190019820F0070007
:10B910000190019A41F2C831C2F200010098891ADF
:10B9200008440090FFE701980290029942F6101037
:10B93000C2F200000160002141600298009A1044A8
:10B940000190019808380190019820F007000190BB
:10B95000019A41F2CC20C2F20000026002685160FC
:10B9600002681160029903910199039A891A516042
:10B970000068039908600398406842F6A001C2F28B
:10B98000000108600398406842F23C61C2F2000185
:10B99000086042F21061C2F200014FF000400860FE
:10B9A00004B0704780B582B00190FFE7FFF796FEC4
:10B9B00041F2D820C2F20000006802280CD3FFE751
:10B9C0004EF60451CEF200014FF080500860BFF3F4
:10B9D0004F8FBFF36F8F00E0FFE7E7E780B584B0DC
:10B9E000DDF818C00390029101928DF8033002989F
:10B9F00018B9FFE70698006003E00198069908600F
:10BA0000FFE703980699C8630298069908640698A8
:10BA1000012101F061FA9DF80300069981F84C00BC
:10BA200004B080BD80B588B0DDF834C0DDF830C02A
:10BA3000DDF82CC0DDF828C0069005910492039330
:10BA40000C98006B04998900A522F4F7DCFC0C9893
:10BA5000006B049900EB810004380290029820F0FA
:10BA6000070002909DF80800400758B1FFE74FF02B
:10BA7000500080F31188BFF36F8FBFF34F8F079093
:10BA8000FFE7FEE70598F8B1FFE700200190FFE728
:10BA900001980F2813D8FFE70598019A805C0C994C
:10BAA000114481F8340005980199405C08B9FFE71A
:10BAB00005E0FFE7FFE7019801300190E8E70C9906
:10BAC000002081F8430004E00C99002081F8340044
:10BAD000FFE70A98072803D3FFE706200A9000E053
:10BAE000FFE70A980C99C8620A980C99C8640C99E7
:10BAF0000020009008650C98043000F063FD0C985D
:10BB0000183000F05FFD00980C9909610A99C1F1A5
:10BB100007010C9A91610C9949620C9948650C993E
:10BB200081F8580002980699039A00F0B3FC0C992A
:10BB300008600B9820B1FFE70C980B99086000E0B3
:10BB4000FFE708B080BD000080B584B000200390FE
:10BB5000FFE70398062810D8FFE7039800EB800161
:10BB600041F2D820C2F2000000EB810000F012FD8B
:10BB7000FFE7039801300390EBE742F21460C2F252
:10BB80000000019000F006FD42F22860C2F20000C1
:10BB9000029000F0FFFC42F6B800C2F2000000F094
:10BBA000F9FC42F62C10C2F2000000F0F3FC42F661
:10BBB0001810C2F2000000F0EDFC0199029841F269
:10BBC000C822C2F20002116041F2D021C2F200018B
:10BBD000086004B080BD000083B0029042F61010EF
:10BBE000C2F200000190FFE70198006802998842C4
:10BBF00005D2FFE7FFE7019800680190F4E701989C
:10BC0000009000980199496808440299884209D136
:10BC1000FFE702984268019948681044486001981B
:10BC2000029000E0FFE702980090009802994968AE
:10BC3000084401990968884220D1FFE7019800680B
:10BC400041F2CC21C2F20001096888420DD0FFE721
:10BC50000198006842680299486810444860019859
:10BC6000006800680299086007E041F2CC20C2F247
:10BC70000000006802990860FFE704E0019800688E
:10BC800002990860FFE701980299884204D0FFE713
:10BC900002980199086000E0FFE703B070470000D8
:10BCA00080B586B005900491039202930020019024
:10BCB00004980599486005980061049803998842A2
:10BCC00016D8FFE703980299401A059989698842B6
:10BCD00003D3FFE70120019009E041F2D420C2F232
:10BCE000000000680599043100F074FCFFE717E0DC
:10BCF00003980299884208D2FFE704980299884283
:10BD000003D3FFE70120019009E041F2C420C2F211
:10BD1000000000680599043100F05CFCFFE7FFE7D4
:10BD2000019806B080BD000080B582B0019000F09F
:10BD3000AFFC0198806B18B9FFE70120009002E08A
:10BD400000200090FFE700F0CFFC009802B080BD1B
:10BD500080B582B0019000F09BFC0198806B019946
:10BD6000C96B884203D1FFE70120009002E0002068
:10BD70000090FFE700F0B8FC009802B080BD000022
:10BD800008480068006880F308884FF0000080F3DE
:10BD9000148862B661B6BFF34F8FBFF36F8F00DFB9
:10BDA00000BF000008ED00E080B586B0049003916C
:10BDB00041F2C420C2F200000068C068C06801906F
:10BDC0000198043000F096FB019890F82800400795
:10BDD000002823D5FFE70198049B81691944039A41
:10BDE000FFF75EFFC0B1FFE70198049A69460023A0
:10BDF0000B60194601F08CFF0290029858B9FFE7DA
:10BE00004FF0500080F31188BFF36F8FBFF34F8F57
:10BE10000590FFE7FEE700E0FFE707E0019991F8F2
:10BE2000280000F0FE0081F82800FFE70198016A71
:10BE3000884706B080BD000080B58CB0FFE742F6B1
:10BE40004410C2F20000006807A9002201F05EFA67
:10BE5000002800F09B80FFE70798002800F19580FC
:10BE6000FFE7099806900698406928B1FFE7069811
:10BE7000043000F03FFB00E0FFE705A800F0FAF80F
:10BE8000039007980290092800F27D800299DFE86C
:10BE900001F00505053D456605053D45069991F806
:10BEA000280040F0010081F828000698089B81696D
:10BEB0001944039AFFF7F4FE30B3FFE70698016ACE
:10BEC0008847069890F82800400700281AD5FFE711
:10BED0000698089982690A44694600230B6019464E
:10BEE00001F016FF0490049858B9FFE74FF0500096
:10BEF00080F31188BFF36F8FBFF34F8F0B90FFE775
:10BF0000FEE700E0FFE700E0FFE73DE0069991F87B
:10BF1000280000F0FE0081F8280035E0069991F82D
:10BF2000280040F0010081F82800089806998861EF
:10BF30000698806958B9FFE74FF0500080F31188E8
:10BF4000BFF36F8FBFF34F8F0A90FFE7FEE70698AE
:10BF5000039B816919441A46FFF7A2FE14E0069874
:10BF600090F828008007002804D4FFE7069800F026
:10BF7000E1FB07E0069991F8280000F0FE0081F847
:10BF80002800FFE700E0FFE7FFE758E70CB080BDBF
:10BF900080B584B00390029100F002FE684600F084
:10BFA00069F801900098D8BBFFE7029860B9FFE7F5
:10BFB00003980199884207D8FFE701F0A3FD039891
:10BFC0000199FFF7F1FE2AE0029858B1FFE741F22C
:10BFD000D420C2F2000000680068B0FA80F0400986
:10BFE0000290FFE742F64410C2F200000068039995
:10BFF000019A891A029A00F093FC01F083FD60B95E
:10C00000FFE74EF60451CEF200014FF08050086079
:10C01000BFF34F8FBFF36F8F00E0FFE7FFE702E052
:10C0200001F070FDFFE704B080BD000081B041F277
:10C03000C820C2F200000068006840B9FFE742F67D
:10C04000A401C2F200014FF0FF3008600FE041F29E
:10C05000C820C2F200000068C068C0680090009864
:10C06000406842F6A401C2F200010860FFE701B097
:10C070007047000080B582B0019001F06FFB009026
:10C08000009841F2BC21C2F200010968884206D240
:10C09000FFE700F011F801990120086003E0019921
:10C0A00000200860FFE7009841F2BC21C2F20001C5
:10C0B0000860009802B080BD80B588B0FFE741F20B
:10C0C000C420C2F200000068006800284ED0FFE7DC
:10C0D00041F2C420C2F200000168C96809680691F3
:10C0E0000068C068C06803900398043000F002FA4A
:10C0F0000398016A8847039890F8280040070028B1
:10C1000032D5FFE706980399896908440590059898
:10C11000069988420FD9FFE705980399486003986C
:10C12000006141F2C420C2F20000006803990431AA
:10C1300000F050FA17E00398069A694600230B6056
:10C14000194601F0E5FD0290029858B9FFE74FF05B
:10C15000500080F31188BFF36F8FBFF34F8F0790AC
:10C16000FFE7FEE7FFE700E0FFE7A8E741F2C422B0
:10C17000C2F200021068049041F2D421C2F2000120
:10C18000086810600498086008B080BD83B0002083
:10C19000009040F25000C2F200000068013058B137
:10C1A000FFE74FF0500080F31188BFF36F8FBFF3AC
:10C1B0004F8F0290FFE7FEE74FF0500080F31188A9
:10C1C000BFF36F8FBFF34F8F0190FFE7009808B95F
:10C1D000FFE7FBE703B0704780B584B00390FFE74B
:10C1E00001A8FFF761FB029002980199FFF7D0FECA
:10C1F000FFF722FEF4E7000080B582B0019000F066
:10C2000047FA019890F845008DF80300FFE79DF983
:10C210000300012816DBFFE70198406A58B1FFE7E9
:10C220000198243001F00CFC18B1FFE700F0F4FB9A
:10C2300000E0FFE700E005E09DF8030001388DF81D
:10C240000300E4E70199FF2081F8450000F04CFA73
:10C2500000F01EFA019890F844008DF80200FFE704
:10C260009DF90200012816DBFFE70198006980B103
:10C27000FFE70198103001F0E3FB18B1FFE700F091
:10C28000CBFB00E0FFE79DF8020001388DF80200CB
:10C2900000E000E0E4E70199FF2081F8440000F0AD
:10C2A00023FA02B080BD000080B58AB0069000205D
:10C2B000029000F075FC41F2CC20C2F20000006850
:10C2C00018B9FFE7FFF710FB00E0FFE7069842F21E
:10C2D0001061C2F200010968084240F0C580FFE722
:10C2E000069800B3FFE70698083006909DF81800FE
:10C2F0004007B0B1FFE7069820F00700083006902D
:10C300009DF81800400758B1FFE74FF0500080F348
:10C310001188BFF36F8FBFF34F8F0990FFE7FEE7E0
:10C3200000E0FFE700E0FFE70698002800F09A80B1
:10C33000FFE7069842F23C61C2F2000109688842B8
:10C3400000F29080FFE742F61010C2F20000049065
:10C3500000680590FFE705984168069A0020914221
:10C36000019007D2FFE705980068002818BF012058
:10C370000190FFE70198C00730B1FFE705980490EE
:10C38000059800680590E6E7059841F2CC21C2F2D5
:10C3900000010968884263D0FFE70498006808300C
:10C3A000029005980068049908600598406806990D
:10C3B000401A112821D3FFE70598069908440390F5
:10C3C0009DF80C00400758B1FFE74FF0500080F394
:10C3D0001188BFF36F8FBFF34F8F0890FFE7FEE721
:10C3E000059840680699401A03994860069805998F
:10C3F00048600398FFF7F0FB00E0FFE7059842680C
:10C4000042F23C60C2F200000168891A01600068D3
:10C4100042F6A001C2F20001096888420BD2FFE790
:10C4200042F23C60C2F20000006842F6A001C2F293
:10C430000001086000E0FFE742F21060C2F2000075
:10C440000268059948681043486005990020086013
:10C4500042F6AC01C2F2000108680130086000E059
:10C46000FFE700E0FFE700E0FFE701F04BFB9DF88E
:10C470000800400758B1FFE74FF0500080F31188E3
:10C48000BFF36F8FBFF34F8F0790FFE7FEE7029870
:10C490000AB080BD83B002900191009202980438E6
:10C4A000029002994FF08070086002980438029060
:10C4B000019820F001000299086002980438029067
:10C4C00002994CF28D10C0F60000086002981438F2
:10C4D000029000980299086002980438029002992C
:10C4E0006FF002000860029820380290029803B0B2
:10C4F0007047000082B00190019800690090019897
:10C500004168806888600199486889684860009837
:10C5100040680199884205D1FFE701988068009939
:10C52000486000E0FFE70199002008610099086871
:10C53000013808600098006802B0704783B002902C
:10C5400001910092029942F64400C2F20000086094
:10C55000019942F24060C2F2000008600099802018
:10C56000086003B07047000083B002900191009210
:10C57000029942F64C50C2F200000860019942F65E
:10C580004810C2F20000086000994FF48070086003
:10C5900003B0704781B00090009901F10800486035
:10C5A00000994FF0FF308860009901F10800C860E1
:10C5B000009901F10800086100990020086001B0AD
:10C5C0007047000081B0009000990020086101B020
:10C5D0007047000084B003900291029800680090B8
:10C5E0000098013020B9FFE703980069019010E03E
:10C5F000039808300190FFE70198406800680099AF
:10C60000884205D8FFE7FFE7019840680190F3E70B
:10C61000FFE7019840680299486002984168886085
:10C6200001980299886002980199486003980299DC
:10C630000861039908680130086004B07047000081
:10C6400083B002900191029840680090009801998F
:10C65000486000988068019988600198009989680D
:10C6600048600198009988600298019908610299D0
:10C6700008680130086003B070470000DFF80C0064
:10C68000016841F4700101607047000088ED00E02E
:10C6900082B04FF0500080F31188BFF36F8FBFF36B
:10C6A0004F8F019040F25000C2F20000016801314A
:10C6B00001600068012814D1FFE74EF60450CEF265
:10C6C00000000068000658B1FFE74FF0500080F30B
:10C6D0001188BFF36F8FBFF34F8F0090FFE7FEE726
:10C6E000FFE702B07047000082B040F25000C2F293
:10C6F0000000006858B9FFE74FF0500080F3118840
:10C70000BFF36F8FBFF34F8F0090FFE7FEE740F25C
:10C710005000C2F20000016801390160006830B9C0
:10C72000FFE700200190019880F31188FFE702B035
:10C730007047000080B586B003900398029003987C
:10C7400000285CD0FFE70298083802900298019018
:10C750000198406842F21061C2F200010968084283
:10C760000BD1FFE74FF0500080F31188BFF36F8FBC
:10C77000BFF34F8F0590FFE7FEE70198006858B1BF
:10C78000FFE74FF0500080F31188BFF36F8FBFF3C6
:10C790004F8F0490FFE7FEE70198406842F2106176
:10C7A000C2F200010968084227D0FFE7019800683B
:10C7B00008BBFFE742F21060C2F200000268019974
:10C7C00048689043486000F0EBF90198426842F2F3
:10C7D0003C61C2F200010868104408600198FFF74C
:10C7E000FBF942F6B001C2F20001086801300860AE
:10C7F00001F088F900E0FFE700E0FFE7FFE706B09F
:10C8000080BD00004EF21001CEF200010020086051
:10C810004EF21802CEF20002106040F22800C2F27E
:10C820000000006844F6D352C1F26202A0FB02028B
:10C830004FF0FF3000EB92104EF21402CEF20002E5
:10C84000106007200860704784B0EFF30580019006
:10C85000019810281ED3FFE701984EF2F031CEF276
:10C860000001405C8DF803009DF8030042F2C851BE
:10C87000C2F20001097888420BDAFFE74FF050005E
:10C8800080F31188BFF36F8FBFF34F8F0390FFE7E3
:10C89000FEE7FFE74EF60C50CEF20000006800F411
:10C8A000E06042F2CC51C2F20001096888420BD923
:10C8B000FFE74FF0500080F31188BFF36F8FBFF395
:10C8C0004F8F0290FFE7FEE704B0704783B00290FD
:10C8D000019100200090FFE7009807281DD8FFE78E
:10C8E000009942F6CC00C2F2000050F8310070B955
:10C8F000FFE70198009A42F6CC01C2F2000141F82C
:10C9000032000298009A01EBC201486005E0FFE79F
:10C91000FFE7009801300090DEE703B070470000A9
:10C9200080B584B003900291019203980090FFF7C4
:10C93000AFFE009890F94400013028B9FFE7009954
:10C94000002081F84400FFE7009890F9450001308D
:10C9500028B9FFE70099002081F84500FFE7FFF7BD
:10C96000C3FE0098806B38B9FFE700982430029925
:10C97000019A00F07BF800E0FFE70098FFF73CFC2D
:10C9800004B080BD80B584B0029000200190029870
:10C99000E0B1FFE742F2DC50C2F20000006858B19B
:10C9A000FFE74FF0500080F31188BFF36F8FBFF3A4
:10C9B0004F8F0390FFE7FEE700F0F2F802980021A6
:10C9C000FEF734FD01F09EF8019000E0FFE70198CA
:10C9D00060B9FFE74EF60451CEF200014FF08050EF
:10C9E0000860BFF34F8FBFF36F8F00E0FFE704B025
:10C9F00080BD000081B0009042F6A800C2F20000A5
:10CA000000680099086042F64010C2F20000006819
:10CA10000099486001B0704742F6A851C2F2000187
:10CA2000012008607047000080B584B00290019139
:10CA3000029858B9FFE74FF0500080F31188BFF318
:10CA40006F8FBFF34F8F0390FFE7FEE7029841F22D
:10CA5000C021C2F2000109681831FFF7BBFD01983F
:10CA60000121FEF7E3FC04B080BD000080B584B076
:10CA7000029001910092029858B9FFE74FF05000E0
:10CA800080F31188BFF36F8FBFF34F8F0390FFE7E1
:10CA9000FEE7029841F2C021C2F200010968183194
:10CAA000FFF7CEFD009820B1FFE74FF0FF30019077
:10CAB000FFE701980099FEF7B9FC04B080BD0000C3
:10CAC00080B58AB0002003900690059006A805A9BD
:10CAD00004AAFFF733FD039B049A0599DDF818C0FB
:10CAE0006846C0F808C0416003604BF6A510C0F668
:10CAF00000004EF23861C0F6000100F0ABFD0146C7
:10CB000042F64000C2F200000160006818B1FFE781
:10CB10000120079002E000200790FFE70798012816
:10CB200004D1FFE701F0AAF8079000E0FFE70798BB
:10CB3000012823D1FFE74FF0500080F31188BFF3A5
:10CB40006F8FBFF34F8F099042F6A401C2F200012C
:10CB50004FF0FF30086042F60C11C2F200010120D4
:10CB6000086042F64011C2F200010020086000F0A7
:10CB70007FF808B1FFE700E0FFE70FE0079801301A
:10CB800058B9FFE74FF0500080F31188BFF36F8F63
:10CB9000BFF34F8F0890FFE7FEE7FFE70AB080BDC5
:10CBA00042F2DC51C2F200010868013008607047AF
:10CBB00085B042F2DC50C2F20000006838B1FFE7F5
:10CBC00042F6A851C2F20001012008604DE042F691
:10CBD000A851C2F200010020086042F2E450C2F203
:10CBE0000000006804900498B0FA80F08DF80F00FF
:10CBF0009DF80F00C0F11F000190019800EB80012B
:10CC000041F2D820C2F2000050F8210058B9FFE7E5
:10CC10004FF0500080F31188BFF36F8FBFF34F8F39
:10CC20000290FFE7FEE7019800EB800141F2D82077
:10CC3000C2F2000000EB8100009000994868406853
:10CC40004860009948680831884205D1FFE700999B
:10CC5000486840684860FFE700984068C06841F253
:10CC6000C021C2F200010860FFE705B07047000074
:10CC700080B588B04EF60050CEF2000000684CF24D
:10CC80007121C4F20F1188420BD1FFE74FF0500021
:10CC900080F31188BFF36F8FBFF34F8F0790FFE7CB
:10CCA000FEE74EF60050CEF2000000684CF2702114
:10CCB000C4F20F1188420BD1FFE74FF0500080F310
:10CCC0001188BFF36F8FBFF34F8F0690FFE7FEE72A
:10CCD0004EF20040CEF20000039001780491FF2153
:10CCE000017000788DF80B009DF80B0000F05000EB
:10CCF00042F2C851C2F20001087042F2CC51C2F2B5
:10CD0000000107200860FFE79DF80B0000060028DF
:10CD10000DD5FFE742F2CC51C2F20001086801389C
:10CD200008609DF80B0040008DF80B00ECE742F224
:10CD3000CC50C2F20000006803280BD0FFE74FF090
:10CD4000500080F31188BFF36F8FBFF34F8F0590B2
:10CD5000FFE7FEE742F2CC51C2F200010868000290
:10CD60000860086800F4E060086004984EF2004132
:10CD7000CEF2000108704EF62051CEF20001086894
:10CD800040F470000860086840F070400860FFF7E9
:10CD900039FD40F25001C2F200010020019008600C
:10CDA000FFF76CFC4EF63471CEF20001086840F0DB
:10CDB00040400860FEF7E4FFFFF7FAFEFFF7E6F9F0
:10CDC000019808B080BD000080B590B084461298EC
:10CDD000CDF828C00991089207938DF81B000A9896
:10CDE00058B9FFE74FF0500080F31188BFF36F8F01
:10CDF000BFF34F8F0F90FFE7FEE7079858B9FFE7A3
:10CE00004FF0500080F31188BFF36F8FBFF34F8F47
:10CE10000E90FFE7FEE708990020039031B1FFE78D
:10CE20000998B0FA80F040090390FFE70398C00723
:10CE300058B1FFE74FF0500080F31188BFF36F8FB8
:10CE4000BFF34F8F0D90FFE7FEE708990020029097
:10CE500031B9FFE70998002818BF01200290FFE7C9
:10CE60000298C00758B1FFE74FF0500080F31188D7
:10CE7000BFF36F8FBFF34F8F0C90FFE7FEE750209B
:10CE80000490049850280BD0FFE74FF0500080F337
:10CE90001188BFF36F8FBFF34F8F0B90FFE7FEE753
:10CEA000049807980590059888B1FFE70599012037
:10CEB00081F846000A980999089A9DF81B30DDF818
:10CEC00014C0EE46CEF800C0FEF788FD00E0FFE794
:10CED000059810B080BD000080B584B0029001912B
:10CEE00002980090009858B9FFE74FF0500080F387
:10CEF0001188BFF36F8FBFF34F8F0390FFE7FEE7FB
:10CF0000FFF7C6FB00990B68C86B0A6C00FB023088
:10CF1000886000990020886300990868486000993B
:10CF20000B68C86B0A6C013800FB0230C8600099BE
:10CF3000FF2081F84400009981F845000198D0B99C
:10CF4000FFE700980069A0B1FFE70098103000F0FB
:10CF500077FD60B1FFE74EF60451CEF200014FF0CD
:10CF600080500860BFF34F8FBFF36F8F00E0FFE783
:10CF700000E0FFE708E000981030FFF70BFB009897
:10CF80002430FFF707FBFFE7FFF7AEFB012004B0FB
:10CF900080BD000080B592B00C900B910A9209936D
:10CFA000002008900C980490049858B9FFE74FF0BF
:10CFB000500080F31188BFF36F8FBFF34F8F119034
:10CFC000FFE7FEE70B990020039039B9FFE70498CB
:10CFD000006C002818BF01200390FFE70398C007EA
:10CFE00058B1FFE74FF0500080F31188BFF36F8F07
:10CFF000BFF34F8F1090FFE7FEE709990020022949
:10D00000029007D1FFE70498C06B013818BF0120D8
:10D010000290FFE70298C00758B1FFE74FF05000B9
:10D0200080F31188BFF36F8FBFF34F8F0F90FFE72F
:10D03000FEE700F077FB01460020019031B9FFE7E1
:10D040000A98002818BF01200190FFE70198C00747
:10D0500058B1FFE74FF0500080F31188BFF36F8F96
:10D06000BFF34F8F0E90FFE7FEE7FFE7FFF710FBE0
:10D070000498806B0499C96B884204D3FFE7099830
:10D08000022834D1FFE704980B99099AFEF776FB42
:10D0900007900498406AA0B1FFE70498243000F09C
:10D0A000CFFC60B1FFE74EF60451CEF200014FF025
:10D0B00080500860BFF34F8FBFF36F8F00E0FFE732
:10D0C00010E0079860B1FFE74EF60451CEF2000180
:10D0D0004FF080500860BFF34F8FBFF36F8F00E0B9
:10D0E000FFE7FFE7FFF700FB01200D9065E00A98DE
:10D0F00028B9FFE7FFF7F8FA00200D905DE00898E7
:10D1000030B9FFE705A8FFF775FC0120089000E0A3
:10D11000FFE7FFE7FFE7FFF7E7FAFFF741FDFFF75C
:10D12000B7FA049890F94400013028B9FFE7049950
:10D13000002081F84400FFE7049890F94500013091
:10D1400028B9FFE70499002081F84500FFE7FFF7C1
:10D15000CBFA05A80AA900F0C7F928BBFFE7049895
:10D16000FEF7F6FDC8B1FFE7049810300A99FFF703
:10D170005BFC0498FFF740F800F0C4FC60B9FFE7DF
:10D180004EF60451CEF200014FF080500860BFF31C
:10D190004F8FBFF36F8FFFE705E00498FFF72CF880
:10D1A00000F0B0FCFFE707E00498FFF725F800F077
:10D1B000A9FC00200D9000E058E70D9812B080BD4A
:10D1C00080B592B00B900A91099208930B98059044
:10D1D000059858B9FFE74FF0500080F31188BFF36E
:10D1E0006F8FBFF34F8F0E90FFE7FEE70A99002085
:10D1F000029039B9FFE70598006C002818BF01209C
:10D200000290FFE70298C00758B1FFE74FF05000C7
:10D2100080F31188BFF36F8FBFF34F8F0D90FFE73F
:10D22000FEE7089900200229019007D1FFE7059841
:10D23000C06B013818BF01200190FFE70198C007BB
:10D2400058B1FFE74FF0500080F31188BFF36F8FA4
:10D25000BFF34F8F0C90FFE7FEE7FFF7F5FAEFF310
:10D2600011814FF0500080F31188BFF36F8FBFF32F
:10D270004F8F10910F90109806900598806B05992C
:10D28000C96B884204D3FFE70898022833D1FFE72F
:10D29000059890F845008DF813000598806B039071
:10D2A00005980A99089AFEF769FA9DF9130001306A
:10D2B000B8B9FFE70598406A88B1FFE705982430C0
:10D2C00000F0BEFB48B1FFE7099820B1FFE70999DC
:10D2D0000120086000E0FFE700E0FFE700E0FFE773
:10D2E00006E09DF813000130059981F84500FFE73D
:10D2F0000120079002E000200790FFE706981190B8
:10D30000119880F31188079812B080BD80B58EB057
:10D3100009900891079200200690099803900398BD
:10D3200058B9FFE74FF0500080F31188BFF36F8FBB
:10D33000BFF34F8F0D90FFE7FEE7089900200190A3
:10D3400039B9FFE70398006C002818BF012001904D
:10D35000FFE70198C00758B1FFE74FF0500080F396
:10D360001188BFF36F8FBFF34F8F0C90FFE7FEE77D
:10D3700000F0D8F901460020009031B9FFE7079886
:10D38000002818BF01200090FFE70098C00758B19F
:10D39000FFE74FF0500080F31188BFF36F8FBFF3AA
:10D3A0004F8F0B90FFE7FEE7FFE7FFF771F9039858
:10D3B000806B0290029830B3FFE703980899FEF75C
:10D3C000BBF9029801380399886303980069A0B1FA
:10D3D000FFE70398103000F033FB60B1FFE74EF633
:10D3E0000451CEF200014FF080500860BFF34F8F20
:10D3F000BFF36F8F00E0FFE700E0FFE7FFF774F98E
:10D4000001200A906DE0079828B9FFE7FFF76CF953
:10D4100000200A9065E0069830B9FFE704A8FFF7FE
:10D42000E9FA0120069000E0FFE7FFE7FFE7FFF7DA
:10D430005BF9FFF7B5FBFFF72BF9039890F9440070
:10D44000013028B9FFE70399002081F84400FFE785
:10D45000039890F94500013028B9FFE703990020AF
:10D4600081F84500FFE7FFF73FF904A807A900F09E
:10D470003BF830BBFFE70398FEF756FCD0B1FFE75F
:10D48000039824300799FFF7CFFA0398FEF7B4FE0C
:10D4900000F038FB60B9FFE74EF60451CEF2000110
:10D4A0004FF080500860BFF34F8FBFF36F8F00E0E5
:10D4B000FFE705E00398FEF79FFE00F023FBFFE780
:10D4C0000EE00398FEF798FE00F01CFB0398FEF7B1
:10D4D0002BFC18B1FFE700200A9002E0FFE7FFE70E
:10D4E00063E70A980EB080BD80B588B005900491BE
:10D4F000059858B9FFE74FF0500080F31188BFF34B
:10D500006F8FBFF34F8F0790FFE7FEE7049858B97E
:10D51000FFE74FF0500080F31188BFF36F8FBFF328
:10D520004F8F0690FFE7FEE7FFF7B2F842F6401094
:10D53000C2F2000000680290029805994968401AFA
:10D54000019004980068013018B9FFE700200390AB
:10D550002BE042F6A800C2F20000006805990968B5
:10D56000884209D0FFE7029805994968884203D3A9
:10D57000FFE70120039017E00198049909688842A9
:10D580000BD2FFE7019A04990868801A0860059891
:10D59000FFF730FA0020039005E0049900200860AE
:10D5A00001200390FFE7FFE7FFE7FFF79DF80398EF
:10D5B00008B080BD70B58CB0DDF844C0DDF840C067
:10D5C0000B900A91ADF826200893BDF82600800044
:10D5D000FEF76AFE0590059880B1FFE75C20FEF734
:10D5E00063FE0790079820B1FFE705980799086345
:10D5F00003E00598FFF79EF8FFE702E000200790A0
:10D60000FFE70798F0B1FFE70798002680F8596018
:10D610000B980A99BDF82620089BDDF840C0119CA4
:10D62000079DEE46CEF80C60CEF80850CEF80440C8
:10D63000CEF800C0FEF7F6F90798FDF771FF01205C
:10D64000069003E04FF0FF300690FFE706980CB01D
:10D6500070BD0000B0B58EB0DDF850C0DDF84CC034
:10D66000DDF848C00A90099108920793139858B9B9
:10D67000FFE74FF0500080F31188BFF36F8FBFF3C7
:10D680004F8F0D90FFE7FEE7149858B9FFE74FF072
:10D69000500080F31188BFF36F8FBFF34F8F0C9052
:10D6A000FFE7FEE75C20049004985C280BD0FFE7BE
:10D6B0004FF0500080F31188BFF36F8FBFF34F8F8F
:10D6C0000B90FFE7FEE70498149820B3FFE7139848
:10D6D00008B3FFE714980690139806990863069913
:10D6E000022081F859000A980999089A079BDDF8E9
:10D6F00048C0069CEE460025CEF80C50CEF80840F7
:10D7000005ACCEF80440CEF800C0FEF78BF90698C1
:10D71000FDF706FF02E000200590FFE705980EB038
:10D72000B0BD000081B042F60C10C2F200000068EB
:10D7300018B9FFE7012000900DE042F2DC50C2F280
:10D740000000006818B9FFE70220009002E0002006
:10D750000090FFE7FFE7009801B0704781B042F604
:10D760004010C2F2000000680090009801B07047BD
:10D7700080B586B00020029042F2DC50C2F2000078
:10D780000068002840F0C580FFE742F64011C2F271
:10D79000000108680130019001980860019858BBA9
:10D7A000FFE741F2C820C2F200000068006858B1EB
:10D7B000FFE74FF0500080F31188BFF36F8FBFF386
:10D7C0004F8F0590FFE7FEE741F2C822C2F2000248
:10D7D0001068009041F2D021C2F200010868106088
:10D7E0000098086042F6A801C2F200010868013002
:10D7F0000860FEF71BFC00E0FFE7019842F6A40179
:10D80000C2F200010968884262D3FFE7FFE741F2F4
:10D81000C820C2F200000068006840B9FFE742F685
:10D82000A401C2F200014FF0FF3008604FE041F266
:10D83000C820C2F200000068C068C0680490049864
:10D840004068039001980399884207D2FFE7039844
:10D8500042F6A401C2F20001086038E0FFE7049834
:10D860000430FEF747FE0498806A28B1FFE7049869
:10D870001830FEF73FFE00E0FFE70498C16A012080
:10D8800000FA01F242F2E451C2F2000108681043CA
:10D8900008600499C86A00EB800241F2D820C2F205
:10D8A000000000EB82000431FEF7CAFE0498C06A53
:10D8B00041F2C021C2F200010968C96A884203D35B
:10D8C000FFE70120029000E0FFE7FFE79FE7FFE7A7
:10D8D00041F2C020C2F200000068C06A00EB800183
:10D8E00041F2D820C2F2000050F82100022803D3F0
:10D8F000FFE70120029000E0FFE742F6A850C2F2E5
:10D900000000006818B1FFE70120029000E0FFE787
:10D9100007E042F6B401C2F2000108680130086075
:10D92000FFE7029806B080BD80B586B003900398EB
:10D930000290002001900398002800F07D80FFE70E
:10D94000029841F2C021C2F20001096888420BD05E
:10D95000FFE74FF0500080F31188BFF36F8FBFF3E4
:10D960004F8F0590FFE7FEE70298006D58B9FFE77B
:10D970004FF0500080F31188BFF36F8FBFF34F8FCC
:10D980000490FFE7FEE70299086D013808650299E7
:10D99000C86AC96C88424DD0FFE70298006D002824
:10D9A00046D1FFE702980430FEF7A4FDD0B9FFE7A7
:10D9B0000298C06A00EB800141F2D820C2F2000058
:10D9C00050F8210068B9FFE70298C16A012000FA07
:10D9D00001F242F2E451C2F200010868904308608B
:10D9E000FFE700E0FFE70299C86CC8620299C86AC5
:10D9F000C0F1070088610298C16A0120009000FA16
:10DA000001F242F2E451C2F20001086810430860DA
:10DA10000299C86A00EB800241F2D820C2F20000ED
:10DA200000EB82000431FEF70BFE0098019000E04D
:10DA3000FFE700E0FFE700E0FFE7019806B080BDE8
:10DA400080B584B002900298C068C06801900198C7
:10DA500058B9FFE74FF0500080F31188BFF36F8F84
:10DA6000BFF34F8F0390FFE7FEE701981830FEF7F2
:10DA700041FD42F2DC50C2F200000068F0B9FFE75D
:10DA800001980430FEF736FD0198C16A012000FAC2
:10DA900001F242F2E451C2F200010868104308604A
:10DAA0000199C86A00EB800241F2D820C2F200005E
:10DAB00000EB82000431FEF7C3FD09E0019800F19C
:10DAC000180142F6B800C2F20000FEF7B9FDFFE708
:10DAD0000198C06A41F2C021C2F200010968C96A16
:10DAE000884208D9FFE70120009042F6A851C2F20F
:10DAF0000001086002E000200090FFE7009804B0F9
:10DB000080BD000080B584B000200290019042F2F8
:10DB1000DC50C2F20000006858B9FFE74FF0500037
:10DB200080F31188BFF36F8FBFF34F8F0390FFE730
:10DB3000FEE7FEF7ADFD42F2DC50C2F200000168E4
:10DB4000013901600068002840F09280FFE742F24E
:10DB5000D450C2F200000068002800F08880FFE77F
:10DB6000FFE742F6B800C2F200000068E0B3FFE74A
:10DB700042F6B800C2F20000C068C0680290029885
:10DB80001830FEF7B7FC02980430FEF7B3FC029899
:10DB9000C16A012000FA01F242F2E451C2F200012E
:10DBA0000868104308600299C86A00EB800241F2DD
:10DBB000D820C2F2000000EB82000431FEF740FDE5
:10DBC0000298C06A41F2C021C2F200010968C96A24
:10DBD000884207D3FFE742F6A851C2F200010120B4
:10DBE000086000E0FFE7BCE7029818B1FFE7FEF726
:10DBF0001DFAFFE742F6B400C2F200000068009090
:10DC00000098E0B1FFE7FFE7FFF7B2FD38B1FFE7AB
:10DC100042F6A851C2F200010120086000E0FFE7CF
:10DC2000009801380090FFE700980028ECD1FFE74A
:10DC300042F6B401C2F200010020086000E0FFE7F4
:10DC400042F6A850C2F20000006870B1FFE7012060
:10DC500001904EF60451CEF200014FF08050086062
:10DC6000BFF34F8FBFF36F8F00E0FFE7FFE700E0E8
:10DC7000FFE7FEF739FD019804B080BD80B58AB09A
:10DC800000200890FDF7D8FC42F64410C2F20000D4
:10DC9000006858B3FFE7002004900790069007A89B
:10DCA00006A905AAFEF760FC049B059A0698DDF814
:10DCB0001CC06946C1F808C04860022008604CF2E8
:10DCC000D910C0F600004EF24261C0F60001FFF725
:10DCD000C1FC014642F64850C2F2000001600068F3
:10DCE00018B1FFE701200890FFE700E0FFE7089880
:10DCF00058B9FFE74FF0500080F31188BFF36F8FE2
:10DD0000BFF34F8F0990FFE7FEE708980AB080BD88
:10DD100080B58AB0DDF830C008900791069205936F
:10DD200000200490089858B9FFE74FF0500080F3A6
:10DD30001188BFF36F8FBFF34F8F0990FFE7FEE7A6
:10DD400042F64410C2F200000068A8B3FFE707984B
:10DD500001900698029008980390079805281EDC09
:10DD6000FFE7FFF7DFFC02280CD1FFE742F6441083
:10DD7000C2F2000000680C9A01A90023FFF70AF91B
:10DD800004900BE042F64410C2F20000006801A9C2
:10DD900000231A46FFF7FEF80490FFE70BE042F677
:10DDA0004410C2F200000068059A01A90023FFF7A1
:10DDB00007FA0490FFE700E0FFE704980AB080BD8F
:10DDC00021F0004201F00043A2F16052B2F5801F41
:10DDD00028BFD2F17F6C0BD95FEA001C43EAC20274
:10DDE00042EB507018BF704728BF20F00100704709
:10DDF000B2F5801FBCBF184670474FEA410C1CF5B6
:10DE0000001F02D2084600F04FBB70B500F05CF96D
:10DE100000000089FFF7F6BF4FF00040A0F580003A
:10DE20007047000010B591EA030F48BF83F000432C
:10DE300000F1A681841A71EB030C05D2121943EB91
:10DE40000C03001B61EB0C014FEA1154A4EB135CB3
:10DE5000DFF81CE11EEA430F18BF9EEA445F00F0A2
:10DE6000748021EA045123EA0E0343F48013DCF1A9
:10DE7000200E32D322FA0CFE10EB0E0023FA0CFE19
:10DE800041EB0E01CCF1200E03FA0EFE10EB0E005A
:10DE9000CCF1200E51F10001B1F5801F32D201EB1F
:10DEA000045112FA0EF2BDE8104058BF7047401CF2
:10DEB00038BF5FEA420218BF7047002814BF20F045
:10DEC000010041F100014FEA410313F5001F38BF83
:10DED0007047A1F1C04100F045B9012A43EB0302AC
:10DEE000ACF1200CDCF11F0E32BF4FF0000E23FA14
:10DEF0000CF310EB030041EB0451B4EB115FD0D0F5
:10DF0000A1EB045101F58011490801EB04515FEACE
:10DF100030000ED350F1000038BF12FA0EFE08D1C7
:10DF2000BDE81040C9E7401C38BF5FEA4202CAD1D1
:10DF3000C3E7BDE810404FEA410313F5001F38BFA7
:10DF40007047A1F1C04100F00DB99EEA445F08D0CE
:10DF500011EA5E0FBDE8104004BF01F0004100204F
:10DF60007047BDE8104070B500F0AEF864FBBE3EEF
:10DF70000000E0FF70B5DFF848C11CEA111E1EBFAB
:10DF80001CEA13159EEA0C0F95EA0C0F00F06F8047
:10DF900081EA03044EEAD47EAE4421EA4C1123EA1E
:10DFA0004C1341F4801143F48013AEF17F7EA1FB4A
:10DFB000024CA0FB0365361955EB0C05A1FB034C85
:10DFC0004CF10003A0FB021C16EB0C06654153F15B
:10DFD0000003094218BF46F0010613F4007F0BD17D
:10DFE0004FEA03314FEA053041EA155140EA165035
:10DFF00034036FF003020AE04FEAC3214FEAC52061
:10E0000041EA555140EA5650F4026FF0020202EB29
:10E010002E4201EB025585EACE710AD05FEA440C2C
:10E0200018BF24F0004450F1000041F1000120EA43
:10E03000D47040F2FE7C624500D270BDA84214BF8D
:10E040004FF080444FF04044002E08BF0024BEF142
:10E05000806FA8BFA1F1C041BDE8704080F282800E
:10E0600001F1C04101F000414FF0000070470CEA9F
:10E0700013159EEA0C0F18BF95EA0C0F06D081EA23
:10E08000030E4FF000000EF0004170BD00F01CF8D0
:10E090008900013E00F007B800F009B84FEA430CD0
:10E0A0005FEA5C5C08D081EA030100F05BB84FEAEC
:10E0B000410C5FEA5C5CF6D102494FF0000070470A
:10E0C0000000FF070000F87F0EF1020E2EF0030E95
:10E0D0005EF8046B364205D4012A43EB030515F5BF
:10E0E000001F12D8012841EB010C1CF5001F0CD8B1
:10E0F0000ED14FEAD17C0CEB4C0C0CF1020C15F557
:10E10000001F08BF4CEBD37C04E04FF0080C01E08B
:10E110004FEAD37C0CEB4C0526FA05F606F0070611
:10E12000B6F1040C06D20EEB860CBDE870404CF044
:10E13000010C6047DFE80CF0090B02024FF00041D0
:10E14000A1F500214FF0000070BD194610460128CE
:10E1500051EB010418BFD4F5001484BF002001F076
:10E16000004170BD0808A0F500114FEA3101704769
:10E1700010B591EA030F48BF83F000433FF55AAE54
:10E18000841A71EB030C07D28CF0004C121943EB8C
:10E190000C03001B61EB0C014FEA1154A4EB135C60
:10E1A000DFF8A4E11EEA430F18BF9EEA445F00F0C7
:10E1B000B48021EA045123EA6E035242C3EB6E039A
:10E1C00038BF5B1EDCF1200E25D322FA0CFE10EBCB
:10E1D0000E0043FA0CFE41EB0E01CCF1200E03FAC7
:10E1E0000EFE10EB0E00CCF1200E51F1000129D4EF
:10E1F00001EB045112FA0EF2BDE8104058BF70470F
:10E20000401C1CBFB2F1004F704700280CBF491CD6
:10E2100020F00100704712EB020E43EB030218BF1F
:10E220004FF0010E4EEA4202ACF1200CDCF11E0E62
:10E2300056D943FA0CFE10EB0E00CCF11E0E51F134
:10E24000FF31D5D50EF1010E12FA0EFE404141EB21
:10E25000010101EB445C5FEA5C5C10D901EB045105
:10E2600010EBDE7038BFBEF1004FBDE8104018BFA4
:10E27000704700280CBF491C20F00100704734D2C1
:10E280004FEAD42C24F4006411F500111BD0B1FA2C
:10E2900081F20B3AA41AA41ED2F12003914030FA65
:10E2A00003F31943904001EBCC7101EB0451002CB6
:10E2B000BDE81040A8BF704701F1C04101F0004126
:10E2C0004FF000007047B0FA80F310FA03F102D16A
:10E2D000BDE810407047E41A173C4805C90AE2E758
:10E2E00001EB0451BDE81040704749104FEA30007F
:10E2F00001EB0451BDE8104002E04FF0000170470F
:10E300004A0008BF0042F8D0B2F5001F28BF70478E
:10E3100001F000414FF0000070479EEA445F07D0D3
:10E3200011EA5E0FBDE8104004BF002100207047D5
:10E33000BDE8104070B5FFF7C7FE00BF40DFF63EF6
:10E34000104683F0004170470000E0FF43004FEAB1
:10E35000D30C4FEA3C0C43401FBF40070CF1605107
:10E3600013F0FE4F70471CF0006F03D10CF000411A
:10E37000002070470CF0004343EA507040EACC00A4
:10E3800010B500F03EF800BF000000924FEA000117
:10E39000FFF7E8BE4FF00041A1F500214FF000006B
:10E3A00070474FF07E5209E011F0004204D5404220
:10E3B000C1F1000138BF491E42F07E5202F1706285
:10E3C0000B0012BF20235FEA00017047B1FA81FC05
:10E3D00001FA0CF1A3EB0C0320FA03FC41EA0C0157
:10E3E00002EBC352C3F1200310FA03FC5CEA416C58
:10E3F00042EB112018BF5FF0806C28BF20F00100B5
:10E4000070470EF1020E2EF0030E5EF8044B24420C
:10E4100004D44FEA4102B2F17F4F11D84FEA4003D2
:10E42000B3F17F4F0CD80ED14FEAD07C0CEB4C0CE3
:10E430000CF1020CB2F17F4F08BF4CEBD17C04E031
:10E440004FF0080C01E04FEAD17C0CEB4C0324FAAE
:10E4500003F404F00704B4F1040C06D20EEB840CB0
:10E46000BDE810404CF0010C6047DFE80CF00708F5
:10E4700002024FF00040A0F5800010BD08464200A7
:10E4800018BFD2F1807288BF00F0004010BDF1EEDD
:10E49000100A4FF6FF71C0F2C03120EA010040F0CF
:10E4A0004070E1EE100A7047FF2141EAD050C005EC
:10E4B0007047000024E600085590000800000000A6
:10E4C000000000000001000000000000000000004B
:10E4D0002EE600086990000800000000000000001F
:10E4E000000100000000000000000000CDCCCC3D89
:10E4F00000000000000000000000000000007A455D
:10E500000000803E0000000000000000000000004D
:10E5100000E0AB459A99193E0AD7233C0000000061
:10E520000000A04200E0AB45CDCCCC3D0000000097
:10E53000000000000000000000007A45CDCCCC3D7A
:10E5400000000000000000000000000000007A450C
:10E550000000C03F000000000000000000000000BC
:10E560000020804600002041000000000000000064
:10E570000000000000A00C460000C03F00000000AA
:10E580000000000000000000002080460000B040B5
:10E590000AD7A33E0000000000803B4500007A46F9
:10E5A0000000C03F0000000000000000000000006C
:10E5B00000208046B81E853D0000000000000000DD
:10E5C0000000A04200D004463333333F0000000077
:10E5D00052499D3900007041000034420000304132
:10E5E0000AD7A33B0000000000803B4500007A46AC
:10E5F0000000AF436F12033B0000000000A08C45F9
:10E6000000409C46000000000000000001020304DE
:10E6100006070809000000000102030400061016A6
:10E6200000061016686561645F7461736B00726543
:10E6300061645F7461736B0049444C4500546D72B2
:10E640005100546D722053766300000070E600089C
:10E650000000002058000000E8010008C8E600089B
:10E660005800002058330000040200080000000099
:10E670000100000001000000010101000100010093
:10E6800001010100000100020010024000040240EC
:10E6900000040240090000000024F4003200780069
:10E6A000CE043E033200F40104015802C8002C01DC
:10E6B0002C010401CDCC8C3F0100000010000000B3
:08E6C000AAAAAAAA00000000AA
:04000005080001AD41
:00000001FF
