:020000040800F2
:1000000038310020C1010008A95300086D4C0008D8
:10001000A5530008F9060008DDA100080000000053
:100020000000000000000000000000000191000836
:100030007D0A000800000000816D00086991000839
:10004000DB010008DB010008DB010008DB01000820
:10005000DB010008DB010008DB010008DB01000810
:10006000DB010008DB010008DB010008DB01000800
:10007000DB01000891070008DB010008DB01000834
:10008000A1070008B1070008DB010008DB01000838
:10009000FD060008DB010008DB010008DB010008A9
:1000A00085920008A592000895920008DB010008DF
:1000B000B5920008DB010008DB010008DB01000845
:1000C000DB010008DB010008DB010008DB010008A0
:1000D000DB01000859A10008CDA10008DB010008E0
:1000E000DB010008DB010008DB010008DB01000880
:1000F000DB010008DB010008DB010008DB01000870
:10010000DB010008DB010008DB010008DB0100085F
:1001100015990008DB010008DB010008DB0100087D
:10012000DB010008DB010008C1070008DB01000853
:10013000DB010008DB010008DB010008DB0100082F
:100140000D070008DB010008DB010008DB010008E7
:10015000DB010008DB010008DB010008DB0100080F
:10016000DB010008DB010008DB010008DB010008FF
:10017000DB010008DB010008DB01000800000000D3
:10018000DB010008DB010008B9990008DB01000869
:10019000DB010008DB010008DB010008DB010008CF
:1001A0000000000000000000DB010008DFF80CD0B8
:1001B00000F090FA0048004791B200083831002062
:1001C0000648804706480047FEE7FEE7FEE7FEE7F1
:1001D000FEE7FEE7FEE7FEE7FEE7FEE771920008B6
:1001E000AD0100082DE9F05F0546002092469B46D0
:1001F00088460646814640241BE02846414647463D
:10020000224600F0B1F953465A46C01A914110D324
:1002100011461846224600F098F92D1A67EB01089E
:100220004F4622460120002100F08FF917EB00090C
:100230004E41201EA4F10104DFDC484631462A4627
:100240004346BDE8F09F40EA01039B0703D009E065
:1002500008C9121F08C0042AFAD203E011F8013BB2
:1002600000F8013B521EF9D27047D2B201E000F80B
:10027000012B491EFBD270470022F6E710B513464A
:100280000A4604461946FFF7F0FF204610BD2DE947
:10029000FE4F804681EA0300C00F0C46009021F01B
:1002A000004123F00045B8EB0200A94105D24046C9
:1002B000214690461C460B46024623F00040104360
:1002C00047D0270DC7F30A00C3F30A510290401A22
:1002D000019040286BDAC3F3130040F4801B0098B0
:1002E000924620B10023D2EB030A63EB0B0B01987B
:1002F0005946C0F14002504600F027F906460D4627
:1003000050465946019A00F03FF910EB0800614150
:10031000002487EA115284EAE7731A4340D0009A16
:1003200062B3019A012A4FEA075215DC001B61EB08
:1003300002014FF0004202EA0752CDE90042001CE0
:1003400041F5801132462B4600F076F903B0BDE846
:10035000F08F40462146F9E7001B61EB0201001CCB
:1003600041F5801300185B412018A2F5001747EBF8
:10037000030140EAD570B6196D4111E06D084FEAEE
:10038000360645EAC0754FEA0752001B61EB0201D1
:10039000001C41F5801149084FEA30000019514115
:1003A00032462B4603B0BDE8F04F00F036B9009856
:1003B000012240000023D0EB020263EBE0730098BF
:1003C00021464FEAE074B8EB000061EB0401E9E775
:1003D00083F000435BE781F0004158E72DE9FE4FD1
:1003E00081EA030404F0004421F0004100944FF03E
:1003F000000B23F0004350EA01045ED052EA0304EC
:100400005BD0C3F30A54C1F30A552C44A4F2F3346D
:100410000194A0FB0254C1F3130141F48011C3F312
:10042000130343F4801301FB024400FB034E840AD0
:10043000970A44EA815447EA8357A4FB0768029568
:100440008D0A05FB07854FEA932C04FB0C54270506
:10045000029D4FEA065847EA1637B5EB08056EEBE2
:10046000070C870E920E47EA811742EA8312A7FB18
:100470000201B6EB0B0164EB00042B0D43EA0C33D5
:100480005E1844EB1C50DA465146E7FB0201C5F307
:1004900013044FEA0B3343EA14534FEA0432019C2E
:1004A00043EA0603A4F10C040294009CCDE900B4D5
:1004B00000F0C2F803B0BDE8F08F00200146F9E774
:1004C000F0B4CA17CB0F50405140C61841F1000597
:1004D0004FEAC372314628004FF0960303D0B6238B
:1004E000F0BC00F06CB830460021F9E700F00042A3
:1004F00030F000400AD0C10D01F56071C0F3160064
:1005000042EA0151C20840071143704700200146EA
:10051000704701F0004330B421F0004150EA01027D
:1005200006D00A0DA2F56072C1F31301002A02DCA5
:1005300030BC00207047440F44EAC104C100E018F9
:1005400030BC00EBC25000F031B8202A04DB203A66
:1005500000FA02F1002070479140C2F1200320FA16
:1005600003F3194390407047202A04DB203A21FA14
:1005700002F00021704721FA02F3D040C2F12002BC
:100580009140084319467047202A06DBCB17203AD2
:1005900041FA02F043EAE07306E041FA02F3D04088
:1005A000C2F1200291400843194670470029A8BFB4
:1005B0007047401C490008BF20F00100704710B48C
:1005C000B0FA80FC00FA0CF050EA010404BF10BC41
:1005D000704749B1CCF1200421FA04F411FA0CF16E
:1005E00018BF012121430843A3EB0C01CB1D4FEAA7
:1005F00000614FEA102042BF002010BC704700EBA2
:10060000C35010440029A4BF10BC7047401C4900CF
:1006100008BF20F0010010BC704710B5141E73F124
:10062000000408DA401C41F1000192185B411A43B2
:1006300001D120F0010010BD2DE9F04D92469B46FE
:1006400011B1B1FA81F202E0B0FA80F220329046A4
:10065000FFF77BFF04460F4640EA0A0041EA0B0120
:1006600053465A46084313D0114653EA010019D0A5
:10067000C8F140025046FFF777FF05460E46504648
:1006800059464246FFF761FF084305D0012004E0C8
:1006900020463946BDE8F08D0020054346EAE07665
:1006A0002C4337430A986305E40AA0EB08000022B4
:1006B000FD0A44EA47540A3002D500200146E9E722
:1006C000010510196941DDE9084500196941BDE8D6
:1006D000F04DA2E7064C074D06E0E06840F001034C
:1006E00094E8070098471034AC42F6D3FFF762FD58
:1006F000ECDF00080CE00008FFE7FEE780B540F6FD
:100700003C50C2F2000000F085FD80BD80B540F68F
:100710006450C2F2000000F07DFD80BD80B586B05F
:1007200040F25801C2F2000102910E20039048628B
:10073000486101220A6200208861CA61086048603D
:100740008860C8604861086140F63C50C2F2000011
:10075000019000F091FB019801F0A2F901980221AB
:10076000049100F0A7FA029903984862486140F6A4
:100770006450C2F20000059000F07EFB059801F085
:100780008FF90499059800F095FA06B080BD000035
:1007900080B540F69450C2F2000001F0BBFA80BD73
:1007A00080B540F65460C2F2000001F0B3FA80BD9B
:1007B00080B540F6B460C2F2000001F0ABFA80BD33
:1007C00080B540F6F450C2F2000001F0A3FA80BDFB
:1007D00082B001900198007810384AF6AB21CAF631
:1007E000AA21A0FB01100009009000994DF6BC70F1
:1007F000C0F60000405C0199C8650098042807D342
:10080000FFE701990868042262F30900886506E0A1
:100810000199086840F2FF3290438865FFE701982C
:10082000806D02B07047000086B0059000208DF802
:1008300013000598806A03900598806910BBFFE754
:100840000398029003281BD80299DFE801F0020DFB
:100850000218059890F82F00C00720B1FFE701208B
:100860008DF81300FFE70CE00598C06AB0F1C07F77
:1008700004D1FFE701208DF81300FFE701E000E05D
:10088000FFE745E005988069B0F5005F25D1FFE7F7
:100890000398019003281ED80199DFE801F00206B1
:1008A000021101208DF8130016E0059890F82F0032
:1008B000C00720B1FFE701208DF81300FFE70BE030
:1008C0000598C06AB0F1C07F04D1FFE701208DF820
:1008D0001300FFE700E0FFE719E00398009003280A
:1008E00004D3FFE70098032804D00EE001208DF820
:1008F00013000BE0059890F82F00C00720B1FFE728
:1009000001208DF81300FFE700E0FFE7FFE7FFE7B6
:100910009DF8130006B0704784B0039002910192D5
:10092000009303980168086820F48020086000980C
:1009300003990968486003988068402809D1FFE757
:100940000198039909688860029803990968C8604A
:1009500008E002980399096888600198039909687A
:10096000C860FFE704B0704781B041F20400CEF2E6
:10097000000000680090009840F28C01C2F2000173
:100980000968884208D2FFE740F29001C2F20001F4
:10099000086801300860FFE7009840F28C01C2F25D
:1009A0000001086001B0704780B584B0039041F247
:1009B0000400CEF2000000680290029803990968D2
:1009C000401A00EE100AB8EE400A40F28000C2F26F
:1009D000000090ED001AB8EE411A80EE010A8DED8C
:1009E000010A029803990860FFF7BEFF9DED010A16
:1009F00004B080BD81B000904EF6FC51CEF20001F3
:100A0000086840F08070086041F20401CEF20001F5
:100A10000020086041F20002CEF20002116841F0AD
:100A200001011160009944F24022C0F20F024A43D2
:100A300040F28001C2F200010A600A6844F6D35312
:100A4000C1F26203A2FB0332920940F28403C2F2B4
:100A500000031A6009684DF68362C4F21B32A1FBE1
:100A60000221890C40F28802C2F20002116040F2B9
:100A70009001C2F20001086001B0704770470000A9
:100A800081B0EFF3108072B60090FFE7FEE7000040
:100A900080B582B001908DED000A01981830FFF703
:100AA00083FF019910EE100AC8619DED000A0199BB
:100AB000C868CB690A6A01EE103A20EE010A03EE1B
:100AC000102A33EE012A80EE020A01EE100A21EE0E
:100AD000031A81EE021A30EE010A10EE100AC86005
:100AE0000198008E032810DBFFE7019A02F1320023
:100AF000D168D26900EE102A00EE901A04F08CFC46
:100B0000019910EE100A486211E00199CB680A6958
:100B1000C86900EE103A01EE102A30EE410A01EEEB
:100B2000100A80EE010A10EE100A4862FFE70198F1
:100B3000B0F85C00032810DBFFE7019901F15E00CB
:100B4000CA69496A00EE102A00EE901A04F064FCAB
:100B5000019910EE100A886211E00199C8694B6A88
:100B6000CA6A00EE103A01EE102A30EE410A01EE98
:100B7000100A80EE010A10EE100A8862FFE7019960
:100B8000D1F800C04A688868CB6800EE10CA02EE4F
:100B9000103A01EE102A4A6A03EE102A21EE031AD7
:100BA00020EE020A30EE011A00EE100A886A02EE08
:100BB000100A20EE020A30EE010A10EE100AC1F807
:100BC00088000198D0F88810D0F88C0000EE101A38
:100BD00001EE100AF1EE410A09F0E0FB019910EE76
:100BE000100AC1F888000199C86808610199486A2B
:100BF000C8620198D0F8880000EE100A02B080BDEB
:100C000080B586B005908DED040A0391CDED020A02
:100C1000ADF80620ADF8043004980599C1F88C00B1
:100C2000039880B1FFE7059868B1FFE70398006873
:100C300005990860039840680599486003988068A2
:100C4000059988600AE005990020086005994860C8
:100C5000059988600599C1F88C00FFE7029805990D
:100C60000862BDF8060005990886BDF804000599DC
:100C7000A1F85C00BDF80600032807DBFFE7059834
:100C80003230BDF8061004F029FDFFE7BDF804007E
:100C9000032807DBFFE705985E30BDF8041004F079
:100CA0001DFDFFE70599002088610599C1F88800BE
:100CB00006B080BD84B002900191029890F82000A7
:100CC0008DF803009DF80300012805D0FFE79DF88B
:100CD000030002280AD1FFE7019A029801684869D7
:100CE0001043486100208DF80F0008E00299486A1F
:100CF00040F48020486201208DF80F00FFE79DF846
:100D00000F0004B07047000088B00690059104926F
:100D10000393069890F820008DF807000698006865
:100D2000806800900598806808B9FFE700E0FFE759
:100D30009DF80700012806D0FFE79DF8070002286C
:100D400040F08D80FFE79DF80300400700280CD499
:100D5000FFE79DF803000007002806D4FFE79DF891
:100D60000300C006002871D5FFE70098C0F30160BA
:100D700002900298032809D3FFE70699486A40F4D5
:100D80000000486201208DF81F0071E002990120E7
:100D90008840039908600598806868B9FFE705985E
:100DA0000168C06840EA415006990968029A01EB5F
:100DB0000211C1F880010EE005994A688868C96887
:100DC00040EAC200084306990968029A01EB021141
:100DD000C1F88001FFE70598006906990968029A41
:100DE00001EB0211C1F884010598007D01280CD1A6
:100DF000FFE706980068029900EB0111D1F8840121
:100E000040F48070C1F88401FFE7049840680699B7
:100E10000968029A01EB0211C1F88C01049800687C
:100E200006990968029A01EB0211C1F88801069837
:100E30000068029900EB0111D1F8800140F0010037
:100E4000C1F8800100208DF81F0011E00699486A62
:100E500040F40010486201208DF81F0008E0069958
:100E6000486A40F48020486201208DF81F00FFE7A7
:100E70009DF81F0008B0704786B004900391049855
:100E800000680190049890F820008DF803009DF808
:100E90000300012806D0FFE79DF80300022840F078
:100EA000B080FFE746F20040C4F2000001900199D3
:100EB000D1F8000240F00100C1F800020199D1F818
:100EC000000220F47C50C1F800020398426A0199A4
:100ED000D1F8000240EA0220C1F8000203984069FC
:100EE00000F01F01012088400290029A0199D1F878
:100EF0001C029043C1F81C020398C069F0B9FFE7D7
:100F0000029A0199D1F80C029043C1F80C02039A9D
:100F10009088D168526940EA0140019901EBC20111
:100F2000C1F84002039A10889168526940EA014072
:100F3000019901EBC201C1F84402FFE70398C069BF
:100F400001281ED1FFE7029A0199D1F80C02104343
:100F5000C1F80C02039A90881168526940EA014076
:100F6000019901EBC201C1F84002039A908991688E
:100F7000526940EA0140019901EBC201C1F8440203
:100F8000FFE70398806940B9FFE7029A0199D1F819
:100F900004029043C1F8040207E0029A0199D1F8D3
:100FA00004021043C1F80402FFE70398006940B946
:100FB000FFE7029A0199D1F814029043C1F8140294
:100FC00007E0029A0199D1F814021043C1F8140203
:100FD000FFE70398006A012808D1FFE7029A019908
:100FE000D1F81C021043C1F81C02FFE70199D1F8A7
:100FF000000220F00100C1F8000200208DF8170067
:1010000008E00499486A40F48020486201208DF885
:101010001700FFE79DF8170006B0704781B00090F9
:1010200001B0704786B00490039102920193049836
:1010300090F820008DF803009DF80300012806D0E9
:10104000FFE79DF80300022840F0D780FFE70398F0
:1010500080B9FFE704980068C068800748B9FFE7D7
:101060000499486A40F40010486201208DF8170086
:10107000CCE00FE0049800680069800748B9FFE7FA
:101080000499486A40F40010486201208DF8170066
:10109000BCE0FFE704980068039900EB0110D0F86A
:1010A000B00100F00400029988600298806858B985
:1010B000FFE704980068039900EB0110D0F8B00135
:1010C000400D029908600AE004980068039900EB5B
:1010D0000110D0F8B001C00802994860FFE70498F9
:1010E0000068039900EB0110D0F8B00100F0020095
:1010F0000299C86004980068039900EB0110D0F8C9
:10110000B40100F00F000299086104980068039987
:1011100000EB0110D0F8B40180B2000A0299886196
:1011200004980068039900EB0110D0F8B401000C9A
:101130000299486104980068039900EB0110D0F807
:10114000B8010199087004980068039900EB011038
:10115000D0F8B801000A0199487004980068039912
:1011600000EB0110D0F8B801000C019988700498C8
:101170000068039900EB0110D0F8B801000E019946
:10118000C87004980068039900EB0110D0F8BC0106
:101190000199087104980068039900EB0110D0F8D8
:1011A000BC01000A0199487104980068039900EB9A
:1011B0000110D0F8BC01000C0199887104980068F6
:1011C000039900EB0110D0F8BC01000E0199C87121
:1011D000039838B9FFE704980168C86840F0200018
:1011E000C86006E004980168086940F020000861C2
:1011F000FFE700208DF8170008E00499486A40F4E2
:101200008020486201208DF81700FFE79DF8170045
:1012100006B0704780B58AB0099000200890099800
:10122000006840690790099800684068069009982E
:1012300000688068059009980068C0680490099863
:1012400000680069039009980068806902909DF821
:101250001C00C007002800F09480FFE79DF81400F0
:10126000C00758B3FFE709980168012088609DF81E
:1012700014008007002804D5FFE7099800F05AFC05
:101280001BE09DF814004007002805D5FFE70898EB
:1012900040F4006008900FE09DF81400000700285B
:1012A00005D5FFE7089840F48050089003E00998BE
:1012B00000F03CFCFFE7FFE7FFE7FFE79DF81500C4
:1012C000C00760B3FFE7099801684FF48070886039
:1012D0009DF815008007002804D5FFE7099800F065
:1012E00031FC1BE09DF815004007002805D5FFE7FD
:1012F000089840F4005008900FE09DF81500000792
:10130000002805D5FFE7089840F48040089003E0E6
:10131000099800F013FCFFE7FFE7FFE7FFE79DF800
:101320001600C00760B3FFE7099801684FF48030EA
:1013300088609DF816008007002804D5FFE709980B
:1013400000F008FC1BE09DF816004007002805D5BA
:10135000FFE7089840F4004008900FE09DF8160061
:101360000007002805D5FFE7089840F48030089072
:1013700003E0099800F0EAFBFFE7FFE7FFE7FFE77C
:10138000FFE79DF81C000007002810D5FFE79DF837
:101390001000C006002809D5FFE7089840F4007047
:1013A0000890099801681020C860FFE7FFE79DF8E2
:1013B0001C00400700280FD5FFE79DF8100000072C
:1013C000002808D5FFE7099801680820C860099837
:1013D00000F0CCFAFFE7FFE79DF81C00800700282B
:1013E0000BD5FFE709980068C068800720B1FFE7C8
:1013F000099800F0BFFAFFE7FFE79DF81C004006E0
:10140000002810D5FFE79DF80C00C006002809D57C
:10141000FFE7089840F48060089009980168102060
:101420000861FFE7FFE79DF81C00800600280FD544
:10143000FFE79DF80C000007002808D5FFE7099892
:10144000016808200861099800F01EFBFFE7FFE72C
:101450009DF81C00C00600280BD5FFE7099800681E
:101460000069800720B1FFE7099800F011FBFFE752
:10147000FFE79DF81E00800700280FD5FFE79DF8C5
:101480001800C006002808D5FFE709980168102059
:101490004860099800F000FBFFE7FFE79DF81E0099
:1014A000C00778B1FFE79DF818000007002808D5AD
:1014B000FFE70998016808204860099800F04EFB92
:1014C000FFE7FFE79DF81D000006002840F18D8032
:1014D000FFE79DF818004007002840F18180FFE7F2
:1014E0009DF81D00C00750B1FFE79DF80800C00738
:1014F00028B1FFE7089840F001000890FFE79DF849
:101500001D00800700280BD5FFE79DF80800800725
:10151000002805D5FFE7089840F002000890FFE793
:101520009DF81D00400700280BD5FFE79DF8080037
:101530004007002805D5FFE7089840F00400089010
:10154000FFE79DF81D000007002848D5FFE79DF83C
:10155000080010F0700F42D0FFE7029800F0700012
:1015600001460191102814D0FFE70198202815D0DA
:10157000FFE70198302816D0FFE70198402817D0E0
:10158000FFE70198502818D0FFE70198602819D08C
:101590001DE0089840F00800089019E0089840F015
:1015A0001000089014E0089840F0200008900FE028
:1015B000089840F0400008900AE0089840F0800049
:1015C000089005E0089840F48070089000E0FFE77C
:1015D00009980168886920F070008861FFE7FFE7DB
:1015E0000998016804204860FFE7089848B1FFE7C0
:1015F000089A0999486A104348620998FFF70EFD56
:10160000FFE70AB080BD000080B584B00290029868
:1016100020B9FFE701208DF80F00E0E0029890F874
:10162000200020B9FFE7029800F0DEF8FFE70298FB
:101630000168086840F00100086001F03DF8019081
:10164000FFE7029800684068C007A8B9FFE701F00B
:1016500033F80199401A0B280DD3FFE70299486A25
:1016600040F4003048620299052081F820000120F2
:101670008DF80F00B3E0E4E702980168086820F0F5
:101680000200086001F018F80190FFE70298006876
:1016900040688007002815D5FFE701F00DF8019993
:1016A000401A0B280DD3FFE70299486A40F4003036
:1016B00048620299052081F8200001208DF80F0072
:1016C0008DE0E3E70298007E012807D1FFE702984A
:1016D0000168086840F08000086006E00298016830
:1016E000086820F080000860FFE70298407E01282B
:1016F00007D1FFE702980168086840F040000860E1
:1017000006E002980168086820F040000860FFE7E2
:101710000298807E012807D1FFE7029801680868D7
:1017200040F02000086006E002980168086820F098
:1017300020000860FFE70298C07E012807D1FFE77C
:1017400002980168086820F01000086006E002981E
:101750000168086840F010000860FFE70298007F09
:10176000012807D1FFE702980168086840F00800E7
:10177000086006E002980168086820F00800086028
:10178000FFE70298407F012807D1FFE70298016830
:10179000086840F00400086006E0029801680868E4
:1017A00020F004000860FFE7029B19685A689868F7
:1017B000D3F80CC040EA0C00D3F810C040EA0C008B
:1017C0005B691843013A1043C861029900204862DE
:1017D000029A012182F820108DF80F00FFE79DF892
:1017E0000F0004B080BD000080B590B00F900020C5
:1017F0000E900D900C900B900A900F98006846F296
:101800000041C4F20001884249D1FFE740F208409C
:10181000C2F200000168013101600068012812D1A4
:10182000FFE7FFE70020099043F64000C4F2020002
:10183000016841F000710160006800F000700990DB
:101840000998FFE7FFE7FFE70020089043F6300024
:10185000C4F20200016841F008010160006800F074
:10186000080008900898FFE703200A9002210B91D6
:10187000002103910C910D9009200E9040F600403C
:10188000C4F202000AA900F0EFFC039A14200490AD
:10189000052100F0EDFF049800F0E0FF64E00F98F0
:1018A000006846F60001C4F2000188425BD1FFE700
:1018B000FFE70020079043F64000C4F202000168F1
:1018C00041F080610160006800F080600790079837
:1018D000FFE740F20840C2F20000016801310160F8
:1018E0000068012812D1FFE7FFE70020069043F6C9
:1018F0004000C4F20200016841F00071016000681C
:1019000000F0007006900698FFE7FFE7FFE7002071
:10191000059043F63000C4F20200016841F0020174
:101920000160006800F0020005900598FFE7602064
:101930000A9002200B90002001900C9003200D9043
:1019400009200E9040F20040C4F202000AA900F003
:101950008BFC019A40200290052100F089FF02983B
:1019600000F07CFFFFE7FFE710B080BD81B0009082
:1019700001B0704780B586B00590059840F61C52BE
:10198000C2F20002002103ABFFF74CFB059840F6C2
:101990003C51C2F2000188423BD1FFE740F61C50A7
:1019A000C2F200000068A0F201200146029107285F
:1019B0002ED80299DFE801F0242C2C2C040C141CE6
:1019C00040F6A830C2F2000003A906F0F3FE1FE0C3
:1019D00040F6C800C2F2000003A906F07FFE17E03F
:1019E00040F63820C2F2000003A906F077FE0FE0AF
:1019F00040F66040C2F2000003A908F007FC07E0CF
:101A000040F23050C2F2000003A906F067FEFFE783
:101A1000FFE7059840F66451C2F20001884231D1D7
:101A2000FFE740F61C50C2F200000068A0F201205F
:101A300001460191032824D80199DFE801F0020A48
:101A4000121A40F2E850C2F2000003A906F0B2FEFA
:101A500017E040F2A060C2F2000003A906F0AAFE5F
:101A60000FE040F25870C2F2000003A906F0A2FE97
:101A700007E040F61000C2F2000003A906F09AFE4B
:101A8000FFE7FFE706B080BD81B0009001B070476E
:101A900081B0009001B0704781B0009001B07047F4
:101AA00080B584B00290029890F8200001282FD1D0
:101AB000FFE70299022081F8200002980168086877
:101AC00020F00100086000F0F7FD0190FFE70298A8
:101AD00000684068C007A8B1FFE700F0EDFD01997C
:101AE000401A0B280DD3FFE70299486A40F40030F2
:101AF00048620299052081F8200001208DF80F002E
:101B00000FE0E4E70299002048628DF80F0008E03A
:101B10000299486A40F40020486201208DF80F00C5
:101B2000FFE79DF80F0004B080BD000081B0009079
:101B300001B0704781B0009001B0704781B0009053
:101B400001B0704781B0009001B0704781B0009043
:101B500001B0704781B0009001B0704781B0009033
:101B600001B0704780B582B00090009820B9FFE7BF
:101B700001208DF8070011E00098407938B9FFE79F
:101B8000009900200871009800F00CF8FFE7009918
:101B90000120487100208DF80700FFE79DF807003D
:101BA00002B080BD82B001900198006843F200014C
:101BB000C4F20201884212D1FFE7FFE70020009043
:101BC00043F63000C4F20200016841F48051016024
:101BD000006800F4805000900098FFE7FFE702B033
:101BE0007047000080B584B002900298806D01902B
:101BF00000F062FD0090029890F8350002280DD0A8
:101C0000FFE7029980204865FFE70299002081F8EC
:101C10003400FFE701208DF80F0055E002980168BD
:101C2000086820F01600086002980168486920F0F2
:101C3000800048610298006C20B9FFE70298806C30
:101C400038B1FFE702980168086820F008000860D2
:101C5000FFE702980168086820F001000860FFE7CC
:101C6000029800680068C007C8B1FFE700F024FDD3
:101C70000099401A062811D3FFE7029920204865F1
:101C80000299032081F83500FFE70299002081F8CE
:101C90003400FFE703208DF80F0015E0E0E702981D
:101CA000C16D3F208840019988600299012081F828
:101CB0003500FFE70299002081F83400FFE7FFE7D5
:101CC00000208DF80F00FFE79DF80F0004B080BDE5
:101CD00082B00090009890F83500022807D0FFE706
:101CE00000998020486501208DF807000EE00099DA
:101CF000052081F8350000980168086820F001008F
:101D00000860FFE700208DF80700FFE79DF8070057
:101D100002B0704780B586B005900020039040F275
:101D20002800C2F20000006848F2B511C1F64E3139
:101D3000A0FB0110800A02900598806D0190019827
:101D40000068049004980599C96DC84000070028F0
:101D50001AD5FFE70598006800684007002812D5EB
:101D6000FFE705980168086820F0040008600598FE
:101D7000C16D08208840019988600599486D40F040
:101D800001004865FFE7FFE704980599C96DC84061
:101D9000C007A0B1FFE70598006840690006002869
:101DA0000CD5FFE70598C16D012088400199886036
:101DB0000599486D40F002004865FFE7FFE7049889
:101DC0000599C96DC8404007002814D5FFE705985C
:101DD00000680068800700280CD5FFE70598C16DF2
:101DE00004208840019988600599486D40F00400FE
:101DF0004865FFE7FFE704980599C96DC840C0062C
:101E0000002847D5FFE7059800680068000700280C
:101E10003FD5FFE70598C16D102088400199886083
:101E2000059800680068400300281AD5FFE7059868
:101E3000006800680003002809D4FFE70598006CDB
:101E400020B1FFE70598016C8847FFE708E0059897
:101E5000806C20B1FFE70598816C8847FFE7FFE7BA
:101E600016E0059800680068C005002807D4FFE761
:101E700005980168086820F008000860FFE70598E9
:101E8000006C20B1FFE70598016C8847FFE7FFE78A
:101E9000FFE7FFE704980599C96DC8408006002850
:101EA00040F18D80FFE7059800680068C0060028B3
:101EB00040F18480FFE70598C16D2020884001999A
:101EC0008860059890F83500052834D1FFE705981B
:101ED0000168086820F016000860059801684869E4
:101EE00020F0800048610598006C20B9FFE7059854
:101EF000806C38B1FFE705980168086820F0080099
:101F00000860FFE70598C16D3F208840019988600F
:101F10000599012081F83500FFE70599002081F837
:101F20003400FFE70598006D20B1FFE70598016DCB
:101F30008847FFE77BE005980068006840030028B9
:101F40001AD5FFE70598006800680003002809D447
:101F5000FFE70598406C20B1FFE70598416C884782
:101F6000FFE708E00598C06B20B1FFE70598C16B5B
:101F70008847FFE7FFE720E0059800680068C00594
:101F8000002811D4FFE705980168086820F01000C8
:101F900008600599012081F83500FFE705990020C8
:101FA00081F83400FFE7FFE70598C06B20B1FFE739
:101FB0000598C16B8847FFE7FFE7FFE7FFE7059854
:101FC000406DA0B3FFE70598406DC00730B3FFE751
:101FD0000599052081F8350005980168086820F00A
:101FE00001000860FFE703980130039002998842DE
:101FF00001D9FFE707E0FFE7059800680068C00720
:102000000028F0D1FFE70599012081F83500FFE7AE
:102010000599002081F83400FFE7FFE70598C06CC0
:1020200020B1FFE70598C16C8847FFE7FFE706B0DE
:1020300080BD000080B586B004900020039000F0C1
:102040003BFB0290049820B9FFE701208DF81700B0
:10205000A3E00498406A08B1FFE7FFE70499022073
:1020600081F83500FFE70499002081F83400FFE78C
:1020700004980168086820F001000860FFE70498F0
:1020800000680068C00790B1FFE700F015FB0299F7
:10209000401A06280AD3FFE70499202048650499CE
:1020A000032081F835008DF8170076E0E7E7049803
:1020B000006800680390039848F23F01CFF21001D6
:1020C00008400390049900914868D1F808C0CB6893
:1020D0000A6940EA0C00184310434A6910438A69B0
:1020E0001043CA691043096A0143039808430390E7
:1020F0000498406A042808D1FFE70499C86A096B6C
:102100000143039808430390FFE703980499096883
:1021100008600498006840690390039820F0070065
:1021200003900498416A0398084303900498406A16
:1021300004281AD1FFE70498816A039808430390A2
:102140000498C06A80B1FFE70498FEF76DFB50B1B8
:10215000FFE70499402048650499012081F8350083
:102160008DF8170019E0FFE7FFE703980499096865
:1021700048610498FEF72CFB01900498C16D3F2044
:10218000884001998860049900204865049A0121DB
:1021900082F835108DF81700FFE79DF8170006B09C
:1021A00080BD000080B588B006900591049203932D
:1021B00000208DF80B000698806D0190FFE70698CF
:1021C00090F83400012804D1FFE702208DF81F00A9
:1021D00045E00699012081F83400FFE7FFE7069803
:1021E00090F8350001282BD1FFE70699022081F8ED
:1021F000350006990020486506980599049A039BC6
:10220000FEF78AFB0698C16D3F20884001998860DF
:1022100006980168086840F0160008600698006C8F
:1022200038B1FFE706980168086840F008000860C8
:10223000FFE706980168086840F00100086009E0BF
:10224000FFE70699002081F83400FFE702208DF8AF
:102250000B00FFE79DF80B008DF81F00FFE79DF8CE
:102260001F0008B080BD000090B00F900E910020BC
:102270000C900B900A900D90FFE70D980F2800F23C
:10228000E881FFE70D99012088400C900E980068C6
:102290000C9908400B900B980C99884240F0D4811F
:1022A000FFE70E98406800F00300012807D0FFE721
:1022B0000E98406800F0030002282FD1FFE70F9826
:1022C00080680A900D984100032000FA01F10A98F5
:1022D00088430A900E98C0680D99490000FA01F1F0
:1022E0000A9808430A900A980F9988600F984068E6
:1022F0000A900D99012000FA01F10A9888430A908A
:102300000E984068C0F300100D9900FA01F10A9888
:1023100008430A900A980F994860FFE70E984068B2
:1023200000F00300032818D0FFE70F98C0680A9058
:102330000D984100032000FA01F10A9888430A90A1
:102340000E9880680D99490000FA01F10A98084337
:102350000A900A980F99C860FFE70E98406800F04D
:102360000300022826D1FFE70F980D996FF00302B2
:1023700002EA51010844006A0A900D9800F0070033
:1023800081000F2000FA01F10A9888430A900E9804
:1023900000690D9901F00701890000FA01F10A981E
:1023A00008430A900A980F990D9B02EA53021144C0
:1023B0000862FFE70F9800680A900D98410003201B
:1023C00000FA01F10A9888430A900E98406800F0DC
:1023D00003000D99490000FA01F10A9808430A9098
:1023E0000A980F9908600E9880798007002800F0FD
:1023F0002A81FFE7FFE70020099043F64400C4F27A
:102400000200016841F480410160006800F48040EE
:1024100009900998FFE70D9820F0030043F60801A2
:10242000C4F2010140580A900D9800F003008100A9
:102430000F2000FA01F10A9888430A900F980021B2
:10244000C4F20201884203D1FFE7002008907AE03D
:102450000F9840F20041C4F20201884203D1FFE725
:10246000012007906CE00F9840F60001C4F20201D1
:10247000884203D1FFE7022006905EE00F9840F605
:102480000041C4F20201884203D1FFE70320059016
:1024900050E00F9841F20001C4F20201884203D1DA
:1024A000FFE70420049042E00F9841F20041C4F29B
:1024B0000201884203D1FFE70520039034E00F9822
:1024C00041F60001C4F20201884203D1FFE7062071
:1024D000029026E00F9841F60041C4F202018842C2
:1024E00003D1FFE70720019018E00F9842F20001A6
:1024F000C4F20201884203D1FFE7082000900AE0FD
:102500000F9942F20042C4F202020A20914208BF2F
:1025100009200090FFE700980190FFE701980290E2
:10252000FFE702980390FFE703980490FFE7049801
:102530000590FFE705980690FFE706980790FFE7EC
:1025400007980890FFE70898C0B20D9901F00301C1
:10255000890000FA01F10A9808430A900A980D9937
:1025600021F0030143F60802C4F20102885043F649
:102570000840C4F2010000680A900B990A98884349
:102580000A900E988079C006002805D5FFE70B99C0
:102590000A9808430A90FFE70A9843F60841C4F2F4
:1025A0000101086043F60C40C4F2010000680A9083
:1025B0000B990A9888430A900E9880798006002823
:1025C00005D5FFE70B990A9808430A90FFE70A9898
:1025D00043F60C41C4F20101086043F60440C4F222
:1025E000010000680A900B990A9888430A900E9897
:1025F00080798007002805D5FFE70B990A980843E2
:102600000A90FFE70A9843F60441C4F2010108600A
:1026100043F60040C4F2010000680A900B990A9842
:1026200088430A900E988079C00728B1FFE70B997C
:102630000A9808430A90FFE70A9843F60041C4F25B
:1026400001010860FFE7FFE7FFE70D9801300D90FB
:1026500013E610B07047000082B00190ADF8021090
:1026600001980069BDF80210084204D0FFE701207C
:102670008DF8010003E000208DF80100FFE79DF8D0
:10268000010002B07047000082B00190ADF8021066
:102690008DF801209DF8010028B1FFE7BDF8020088
:1026A0000199886105E0BDF8020000040199886184
:1026B000FFE702B07047000042F25C50C2F2000037
:1026C0000068704740F24800C2F20000027842F20F
:1026D0005C51C2F2000108681044086070470000B5
:1026E00080B543F60041C4F20201086840F400706E
:1026F0000860086840F480600860086840F48070F2
:102700000860032000F0CEF80F2000F005F800F07C
:1027100079F8002080BD000080B58CB00B900020BF
:1027200004900390FFE70020009043F64000C4F2BD
:102730000200016841F001010160006800F0010041
:1027400000900098FFE706A802A900F045FA099852
:102750000490049820B9FFE700F06EFA059004E0B9
:1027600000F06AFA40000590FFE705984DF6836196
:10277000C4F21B31A0FB01014FF0FF3000EB914090
:10278000039040F6F470C2F200004FF08041016007
:1027900040F2E731C160039941600021016181602D
:1027A000816100F049FE8DF807009DF8070028BB05
:1027B000FFE740F6F470C2F2000000F0FFFE8DF873
:1027C00007009DF80700C0B9FFE71C2000F046F89D
:1027D0000B980F280CD8FFE70B991C20002200F063
:1027E00047F80B9840F24C01C2F20001086003E088
:1027F00001208DF80700FFE7FFE7FFE79DF80700DE
:102800000CB080BD80B582B0FFE70020019043F698
:102810004400C4F20200016841F480410160006894
:1028200000F4804001900198FFE7FFE7002000904E
:1028300043F64000C4F20200016841F0805101609B
:10284000006800F0805000900098FFE76FF00100F2
:102850000F21002200F00CF802B080BD80B582B0DC
:102860008DF807009DF9070007F038FD02B080BD24
:1028700080B586B08DF81700049103920020029075
:1028800007F044FD02909DF9170001900298049909
:10289000039A02F08BFD0146019807F03FFD06B058
:1028A00080BD000080B582B00190019807F058FD0E
:1028B00002B080BD80B584B000200290FFE7002008
:1028C000019043F64000C4F20200016841F08051DB
:1028D0000160006800F0805001900198FFE74021FE
:1028E000C4F20E2101200860FFF7E6FE0290FFE728
:1028F00047F20400C4F20000006800F48030B0F534
:10290000803F0DD0FFE7FFF7D7FE0299401AB0F5E0
:102910007A7F04D9FFE703208DF80F0025E0E7E771
:102920004421C4F20E2101200860FFF7C5FE029089
:10293000FFE747F20400C4F20000006800F4003032
:10294000B0F5003F0DD0FFE7FFF7B6FE0299401A41
:10295000B0F57A7F04D9FFE703208DF80F0004E07B
:10296000E7E700208DF80F00FFE79DF80F0004B0A7
:1029700080BD000080B584B002900191029820B91A
:10298000FFE701208DF80F0021E1019843F6004197
:10299000C4F20201096801F00F01884212D9FFE771
:1029A000019943F60040C4F202000170006800F093
:1029B0000F000199884204D0FFE701208DF80F0035
:1029C00005E1FFE702980078800700282AD5FFE795
:1029D000029800784007002809D5FFE743F6080170
:1029E000C4F20201086840F4E0500860FFE7029872
:1029F00000780007002809D5FFE743F60801C4F274
:102A00000201086840F460400860FFE743F60801EF
:102A1000C4F20201086820F0F000029A92681043A4
:102A20000860FFE702980078C00700286ED0FFE733
:102A300002984068012811D1FFE743F60000C4F274
:102A40000200006800F400310020B0EB514F04D1C7
:102A5000FFE701208DF80F00B9E02CE002984068F4
:102A6000022805D0FFE702984068032811D1FFE74C
:102A700043F60000C4F20200006800F0007100207C
:102A8000B0EB516F04D1FFE701208DF80F009EE0FD
:102A900010E043F60000C4F20200006800F00201FA
:102AA0000020B0EB510F04D1FFE701208DF80F009B
:102AB0008DE0FFE7FFE743F60801C4F20201086872
:102AC00020F00300029A526810430860FFF7F4FDFB
:102AD0000090FFE743F60800C4F20200006800F02F
:102AE0000C0002994968B0EB810F0ED0FFE7FFF7A9
:102AF000E3FD0099401A41F28931884204D3FFE78F
:102B000003208DF80F0062E0E4E7FFE7019843F649
:102B10000041C4F20201096801F00F01884212D29B
:102B2000FFE7019943F60040C4F20200017000681B
:102B300000F00F000199884204D0FFE701208DF8D2
:102B40000F0044E0FFE702980078400700280CD50A
:102B5000FFE743F60801C4F20201086820F4E050E0
:102B6000029AD26810430860FFE7029800780007D5
:102B700000280DD5FFE743F60801C4F202010868FA
:102B800020F46040029A126940EAC2000860FFE740
:102B900000F076F843F60801C4F202010968C9B2F0
:102BA0000A094DF6A471C0F60001895CC84040F2E4
:102BB0002801C2F20001086040F24C00C2F200009D
:102BC0000068FFF7A9FD00208DF80F00FFE79DF8D2
:102BD0000F0004B080BD000082B001900091019907
:102BE0000F20086043F60800C4F20200016801F0FB
:102BF0000301019A5160016801F0F001019A9160AE
:102C0000016801F4E051019AD160006800F460406D
:102C1000C0080199086143F60040C4F20200006850
:102C200000F00F000099086002B0704740F22800E1
:102C3000C2F200000068704780B5FFF7F7FF43F667
:102C40000801C4F202010968C1F382224DF6B47191
:102C5000C0F60001895CC84080BD000080B5FFF768
:102C6000E5FF43F60801C4F20201096889B24A0B84
:102C70004DF6B471C0F60001895CC84080BD00000B
:102C800080B586B00020059004900390029043F632
:102C90000800C4F20200006800F00C000146019137
:102CA00040B1FFE7019804280AD0FFE701980828FF
:102CB0000CD04FE042F20040C0F2F40002904FE02E
:102CC00041F60030C0F2B700029049E043F604003C
:102CD000C4F20200016801F03F0105910068400262
:102CE000002813D5FFE743F60400C4F20200006891
:102CF000C0F3881041F60031C0F2B701A0FB01011A
:102D0000059A0023FDF76EFA049012E043F60400E2
:102D1000C4F202000068C0F3881042F20041C0F221
:102D2000F401A0FB0101059A0023FDF75BFA049072
:102D3000FFE743F60400C4F20200006800F44031EB
:102D4000022000EBD130039004980399B0FBF1F01E
:102D5000029005E042F20040C0F2F4000290FFE76A
:102D6000029806B080BD000080B586B0049004983B
:102D700020B9FFE701208DF8170050E30498007890
:102D8000C007002800F0A580FFE743F60800C4F262
:102D90000200006800F00C00042813D0FFE743F69F
:102DA0000800C4F20200006800F00C0008281ED1E0
:102DB000FFE743F60400C4F2020000684002002866
:102DC00015D5FFE743F60000C4F20200006800F4E6
:102DD00000310020B0EB514F08D0FFE70498406865
:102DE00020B9FFE701208DF8170018E370E0FFE736
:102DF00004984068B0F5803F09D1FFE743F6000131
:102E0000C4F20201086840F48030086020E00498B1
:102E10004068B0F5A02F0DD1FFE743F60001C4F2E2
:102E20000201086840F480200860086840F480309F
:102E300008600CE043F60001C4F20201086820F4C7
:102E400080300860086820F480200860FFE7FFE712
:102E5000FFE704984068E8B1FFE7FFF72DFC039017
:102E6000FFE743F60000C4F20200006800F40031FE
:102E70000020B0EB514F0CD1FFE7FFF71DFC039989
:102E8000401A652804D3FFE703208DF81700C6E237
:102E9000E7E71CE0FFF710FC0390FFE743F60000B4
:102EA000C4F20200006800F400310020B0EB514F82
:102EB0000CD0FFE7FFF700FC0399401A652804D304
:102EC000FFE703208DF81700A9E2E7E7FFE7FFE738
:102ED000FFE7049800788007002840F19680FFE71C
:102EE00043F60800C4F20200006810F00C0F13D083
:102EF000FFE743F60800C4F20200006800F00C008F
:102F000008282CD1FFE743F60400C4F20200006851
:102F10004002002823D4FFE743F60000C4F2020079
:102F2000006800F002010020B0EB510F09D0FFE76C
:102F30000498C068012804D0FFE701208DF817002D
:102F40006DE243F60001C4F20201086820F0F800C7
:102F5000049A126940EAC2000860FFE754E004984E
:102F6000C06870B3FFE70021C4F247210120086068
:102F7000FFF7A2FB0390FFE743F60000C4F2020054
:102F8000006800F002010020B0EB510F0CD1FFE708
:102F9000FFF792FB0399401A032804D3FFE70320AD
:102FA0008DF817003BE2E7E743F60001C4F20201A7
:102FB000086820F0F800049A126940EAC20008602C
:102FC00021E00021C4F2472100200860FFF774FBD4
:102FD0000390FFE743F60000C4F20200006800F02F
:102FE00002010020B0EB510F0CD0FFE7FFF764FBAC
:102FF0000399401A032804D3FFE703208DF8170034
:103000000DE2E7E7FFE7FFE7FFE704980078000736
:1030100000284BD5FFE70498406918B3FFE740F656
:103020008061C4F2472101200860FFF745FB03904F
:10303000FFE743F67400C4F20200006800F00201EA
:103040000020B0EB510F0CD1FFE7FFF735FB0399E0
:10305000401A032804D3FFE703208DF81700DEE1B0
:10306000E7E722E040F68061C4F2472100200860D3
:10307000FFF722FB0390FFE743F67400C4F202005F
:10308000006800F002010020B0EB510F0CD0FFE708
:10309000FFF712FB0399401A032804D3FFE703202C
:1030A0008DF81700BBE1E7E7FFE7FFE7049800783A
:1030B0004007002840F1CE80FFE700208DF8070090
:1030C00043F64000C4F202000068C000002815D496
:1030D000FFE7FFE70020009043F64000C4F2020043
:1030E000016841F080510160006800F0805000905C
:1030F0000098FFE701208DF80700FFE747F2000086
:10310000C4F200000068C005002822D4FFE747F29F
:103110000001C4F20001086840F480700860FFF705
:10312000CBFA0390FFE747F20000C4F2000000680A
:10313000C00500280CD4FFE7FFF7BEFA0399401A38
:10314000032804D3FFE703208DF8170067E1EAE7BF
:10315000FFE7FFE704988068012809D1FFE743F6FD
:103160007001C4F20201086840F0010008601FE02D
:103170000498806805280DD1FFE743F67001C4F27A
:103180000201086840F004000860086840F001008F
:1031900008600CE043F67001C4F20201086820F0F8
:1031A00001000860086820F004000860FFE7FFE7FE
:1031B000FFE704988068F8B1FFE7FFF77DFA039016
:1031C000FFE743F67000C4F20200006800F002015D
:1031D0000020B0EB510F0ED1FFE7FFF76DFA039916
:1031E000401A41F28931884204D3FFE703208DF869
:1031F000170014E1E5E71EE0FFF75EFA0390FFE732
:1032000043F67000C4F20200006800F002010020E2
:10321000B0EB510F0ED0FFE7FFF74EFA0399401ABB
:1032200041F28931884204D3FFE703208DF817006B
:10323000F5E0E5E7FFE79DF80700012809D1FFE782
:1032400043F64001C4F20201086820F08050086093
:10325000FFE7FFE704988069002800F0DC80FFE7C3
:1032600043F60800C4F20200006800F00C000828D1
:1032700000F08580FFE70498806902285CD1FFE7B1
:103280006021C4F2472100200860FFF715FA03907F
:10329000FFE743F60000C4F20200006800F000718E
:1032A0000020B0EB516F0CD0FFE7FFF705FA039950
:1032B000401A032804D3FFE703208DF81700AEE07F
:1032C000E7E70499C869D1F820C04B6A8A6A40EAE6
:1032D0000C0040EA8310D2034FF6FF739A43A2F525
:1032E00080321043C96A40EA016043F60401C4F227
:1032F000020108606021C4F2472101200860FFF745
:10330000DBF90390FFE743F60000C4F20200006817
:1033100000F000710020B0EB516F0CD1FFE7FFF718
:10332000CBF90399401A032804D3FFE703208DF853
:10333000170074E0E7E721E06021C4F24721002094
:103340000860FFF7B9F90390FFE743F60000C4F205
:103350000200006800F000710020B0EB516F0CD04B
:10336000FFE7FFF7A9F90399401A032804D3FFE701
:1033700003208DF8170052E0E7E7FFE74AE00498E2
:103380008069012804D1FFE701208DF8170046E08D
:1033900043F60400C4F202000068029004988069B9
:1033A000012831D0FFE7029800F480000499C96930
:1033B000884229D1FFE7029800F03F000499096A8A
:1033C000884221D1FFE7029847F6C071084004996E
:1033D000496AB0EB811F17D1FFE7029800F4403033
:1033E0000499896AC9034FF6FF729143A1F58031B0
:1033F000884209D1FFE7029800F070600499C96A19
:10340000B0EB016F04D0FFE701208DF8170006E054
:10341000FFE7FFE7FFE700208DF81700FFE79DF8C3
:10342000170006B080BD000081B0009001B0704769
:1034300081B0009001B0704780B582B000900098D4
:1034400020B9FFE701208DF807003FE0009890F8D1
:103450003D0040B9FFE70099002081F83C0000984A
:1034600000F038F8FFE70099022081F83D0000994C
:1034700051F8040B05F026FF0099012081F8460061
:10348000FFE70099012081F83E00009981F83F0094
:10349000009981F84000009981F84100FFE7FFE7BB
:1034A0000099012081F84200009981F843000099B9
:1034B00081F84400009981F84500FFE70099012058
:1034C00081F83D0000208DF80700FFE79DF8070018
:1034D00002B080BD80B588B007900798006844F2BC
:1034E0000001C4F2010188421BD1FFE7FFE7002081
:1034F000069043F64400C4F20200016841F48031B2
:103500000160006800F4803006900698FFE71820FC
:10351000039005210022FFF7ABF90398FFF79EF90E
:1035200049E00798006844F20041C4F20101884272
:103530001BD1FFE7FFE70020059043F64400C4F2EB
:103540000200016841F400310160006800F40030BD
:1035500005900598FFE71920029005210022FFF74A
:1035600087F90298FFF77AF924E00798006844F693
:103570000001C4F2010188421BD1FFE7FFE70020F0
:10358000049043F64400C4F20200016841F4802133
:103590000160006800F4802004900498FFE71A207E
:1035A000019005210022FFF763F90198FFF756F912
:1035B000FFE7FFE7FFE708B080BD000083B00190A0
:1035C000019890F83D00012804D0FFE701208DF814
:1035D0000B006AE00199022081F83D000198016822
:1035E000C86840F00100C860019800680021C4F27A
:1035F000010188423CD0FFE701980068B0F1804F9C
:1036000036D0FFE70198006840F20041C4F20001A3
:1036100088422DD0FFE70198006840F60001C4F20F
:103620000001884224D0FFE70198006840F600417D
:10363000C4F2000188421BD0FFE70198006840F205
:103640000041C4F20101884212D0FFE701980068EE
:1036500044F20001C4F20101884209D0FFE7019859
:10366000006841F60001C4F20001884212D1FFE770
:1036700001980068806800F0070000900098062814
:1036800007D0FFE701980168086840F00100086072
:10369000FFE706E001980168086840F00100086053
:1036A000FFE700208DF80B00FFE79DF80B0003B04B
:1036B0007047000080B586B00490039100208DF81B
:1036C0000B00FFE7049890F83C00012804D1FFE7C5
:1036D00002208DF81700ABE00499012081F83C002E
:1036E000FFE7FFE70499022081F83D000498006895
:1036F00080680190019820F077000190019820F4F3
:103700007F400190019804990968886003980068D7
:103710000090002872D0FFE7009810286ED0FFE7D5
:10372000009820286AD0FFE70098302866D0FFE78D
:103730000098402855D0FFE70098502837D0FFE781
:103740000098602840D0FFE7009870280BD0FFE772
:103750000098B0F5805F05D0FFE70098B0F5005FF6
:1037600016D052E055E004980068039B5A689968A7
:10377000DB6805F091FE049800688068019001986C
:1037800040F077000190019804990968886040E052
:1037900004980068039B5A689968DB6805F07CFE12
:1037A00004980168886840F48040886031E004989B
:1037B0000068039A5168D26806F05AF804980068C5
:1037C000502105F083FE24E004980068039A5168B4
:1037D000D26806F075F804980068602105F076FE5E
:1037E00017E004980068039A5168D26806F040F820
:1037F00004980068402105F069FE0AE0049800681A
:103800000399096805F062FE03E001208DF80B00C2
:10381000FFE70499012081F83D00FFE704990020AB
:1038200081F83C00FFE79DF80B008DF81700FFE7DB
:103830009DF8170006B080BD81B0009001B07047C0
:1038400080B582B0019001980068006900F0020123
:103850000020B0EB510F28D0FFE701980068C06846
:1038600000F002010020B0EB510F1DD0FFE70198DE
:1038700001686FF002000861019901200877019842
:1038800000688069800720B1FFE70198FFF7D4FF47
:1038900006E0019800F04AF9019800F05BFAFFE7B2
:1038A000019900200877FFE7FFE7019800680069A9
:1038B00000F004010020B0EB910F29D0FFE7019840
:1038C0000068C06800F004010020B0EB910F1ED02A
:1038D000FFE7019801686FF0040008610199022078
:1038E000087701980068806910F4407F04D0FFE7F2
:1038F0000198FFF7A1FF06E0019800F017F9019881
:1039000000F028FAFFE7019900200877FFE7FFE7BA
:1039100001980068006900F008010020B0EBD10FA9
:1039200028D0FFE701980068C06800F00801002077
:10393000B0EBD10F1DD0FFE7019801686FF00800D0
:10394000086101990420087701980068C069800720
:1039500020B1FFE70198FFF76FFF06E0019800F044
:10396000E5F8019800F0F6F9FFE7019900200877E3
:10397000FFE7FFE701980068006900F010010020F0
:10398000B0EB111F29D0FFE701980068C06800F074
:1039900010010020B0EB111F1ED0FFE70198016855
:1039A0006FF01000086101990820087701980068FD
:1039B000C06910F4407F04D0FFE70198FFF73CFF97
:1039C00006E0019800F0B2F8019800F0C3F9FFE7B3
:1039D000019900200877FFE7FFE701980068006978
:1039E000C00780B1FFE701980068C068C00748B110
:1039F000FFE7019801686FF001000861019800F08D
:103A000093FAFFE7FFE7019800680069C1B2002060
:103A1000B0EBD11F13D0FFE701980068C068C1B2B6
:103A20000020B0EBD11F09D0FFE7019801686FF0CB
:103A3000800008610198FFF7F7FCFFE7FFE70198B6
:103A40000068006900F040010020B0EB911F14D025
:103A5000FFE701980068C06800F040010020B0EB6B
:103A6000911F09D0FFE7019801686FF040000861DD
:103A7000019800F087FBFFE7FFE701980068006905
:103A800000F020010020B0EB511F14D0FFE7019897
:103A90000068C06800F020010020B0EB511F09D081
:103AA000FFE7019801686FF0200008610198FFF7B7
:103AB000BFFCFFE7FFE702B080BD000080B588B023
:103AC00007900020069005900490039002900798BC
:103AD000006841F60001C4F20001884223D1FFE7EB
:103AE000FFE70020019043F63000C4F202000168B5
:103AF00041F002010160006800F0020001900198AD
:103B0000FFE74FF440400290022003900020049011
:103B100005900920069040F20040C4F2020002A97C
:103B2000FEF7A2FBFFE708B080BD000081B0009067
:103B300001B0704780B586B00490039102920020D6
:103B40008DF80700FFE7049890F83C00012804D1A5
:103B5000FFE702208DF8170089E00499012081F821
:103B60003C00FFE7FFE7029800900C2800F270800D
:103B70000099DFE801F0076D6D6D206D6D6D3A6D98
:103B80006D6D530004980068039905F0B5FC049826
:103B90000168886940F008008861049801688869B4
:103BA00020F004008861039802690498016888691C
:103BB0001043886150E004980068039905F012FDF5
:103BC00004980168886940F400608861049801687D
:103BD000886920F48060886103980269049801680C
:103BE000886940EA0220886136E0049800680399F9
:103BF00005F072FD04980168C86940F00800C861CA
:103C000004980168C86920F00400C861039802693B
:103C100004980168C8691043C8611DE004980068F1
:103C2000039905F0D3FD04980168C86940F4006069
:103C3000C86104980168C86920F48060C86103986D
:103C4000026904980168C86940EA0220C86103E07B
:103C500001208DF80700FFE7FFE70499002081F8B5
:103C60003C00FFE79DF807008DF81700FFE79DF87F
:103C7000170006B080BD000080B582B000900098AB
:103C800020B9FFE701208DF807003FE0009890F889
:103C90003D0040B9FFE70099002081F83C00009802
:103CA00000F038F8FFE70099022081F83D00009904
:103CB00051F8040B05F006FB0099012081F846003D
:103CC000FFE70099012081F83E00009981F83F004C
:103CD000009981F84000009981F84100FFE7FFE773
:103CE0000099012081F84200009981F84300009971
:103CF00081F84400009981F84500FFE70099012010
:103D000081F83D0000208DF80700FFE79DF80700CF
:103D100002B080BD82B001900198006841F60001B8
:103D2000C4F20001884212D1FFE7FFE700200090B3
:103D300043F64000C4F20200016841F04001016016
:103D4000006800F0400000900098FFE7FFE702B035
:103D50007047000081B0009001B0704780B58CB012
:103D60000A900991099828B9FFE70A9890F83E004F
:103D700007901CE00998042805D1FFE70A9890F8FD
:103D80003F00069010E00998082805D1FFE70A983F
:103D900090F84000059004E00A9890F841000590E2
:103DA000FFE705980690FFE706980790FFE707985A
:103DB000012804D0FFE701208DF82F00AFE009981B
:103DC00028B9FFE70A99022081F83E001EE0099811
:103DD000042806D1FFE70A99022081F83F000490E9
:103DE00012E00998082806D1FFE70A99022081F815
:103DF0004000039005E00A99022081F841000390F9
:103E0000FFE703980490FFE70498FFE70A9800682B
:103E100009990122019205F023FB01980A9909688A
:103E20000022C4F20102914202900CD0FFE70A98EE
:103E300000684FF60041CBF6FE710844B0FA80F0FE
:103E400040090290FFE70298C00738B1FFE70A98DF
:103E50000168486C40F400404864FFE70A98006835
:103E60000021C4F2010188423CD0FFE70A980068B3
:103E7000B0F1804F36D0FFE70A98006840F2004169
:103E8000C4F2000188422DD0FFE70A98006840F68E
:103E90000001C4F20001884224D0FFE70A980068BC
:103EA00040F60041C4F2000188421BD0FFE70A98A7
:103EB000006840F20041C4F20101884212D0FFE7DD
:103EC0000A98006844F20001C4F20101884209D056
:103ED000FFE70A98006841F60001C4F20001884239
:103EE00012D1FFE70A980068806800F00700089088
:103EF0000898062807D0FFE70A980168086840F08C
:103F000001000860FFE706E00A980168086840F0D1
:103F100001000860FFE700208DF82F00FFE79DF803
:103F20002F000CB080BD000080B588B007900798C6
:103F30000068B0F1804F03D1FFE7FEF7C3FBFFE756
:103F40000798006844F60001C4F2010188420ED1CE
:103F5000FFE705F017F841F2C800C2F2000040F296
:103F60003D41C2F20001092200F0F0FDFFE7079891
:103F7000006844F20041C4F20101884240F0CC8064
:103F8000FFE740F2E850C2F2000090ED220A40F252
:103F9000A803C2F200030393D3F88800D3F81811E2
:103FA000D3F8A821D3F8383201EE102A30EE010AF6
:103FB000BDEEC00A10EE102A40F2A06CC2F2000C56
:103FC0009CED220A01EE103A30EE010ABDEEC00A65
:103FD00010EE103A40F2587CC2F2000C9CED220A1E
:103FE00001EE100A30EE010ABDEEC00A10EE100A12
:103FF00040F6100CC2F2000C9CED220A01EE101AE1
:1040000030EE010ABDEEC00A10EE10CA6946C1F8D2
:1040100004C0086040F66450C2F200004FF4007122
:1040200002F0E0FE40F24840C2F20000069090F834
:10403000242040F60040C4F2020004900821FEF75C
:1040400023FB039840F6A831C2F2000191ED220A49
:10405000D0F8C80201EE100A30EE010ABDEEC00A27
:1040600010EE102A40F6C800C2F2000090ED220ABD
:10407000BDEEC00A10EE103A40F63820C2F2000041
:1040800090ED220ABDEEC00A10EE100A40F6604123
:10409000C2F2000191ED220ABDEEC00A10EE10CA74
:1040A0006946C1F804C0086040F63C50C2F2000006
:1040B00040F2FF1102F096FE04984FF40061FEF703
:1040C000CBFA0146049840F20C42C2F2000205927B
:1040D00011704FF48041FEF7BFFA059A014604982B
:1040E00051704021FEF7B8FA059A01460498917084
:1040F0001021FEF7B1FA059A01460698D170B0F882
:10410000462040F6AC71C2F200010B685A63B0F869
:10411000440009688863FFE70798006844F20001DB
:10412000C4F2010188422AD1FFE740F63850C2F2BA
:104130000000017801310170007806281EDBFFE7DE
:1041400040F23050C2F2000090ED220ABDEEC00AEB
:1041500010EE102A6846002302934360036040F685
:104160003C50C2F200004FF4007102F03BFE029896
:1041700040F63851C2F200010870FFE7FFE708B0CF
:1041800080BD000081B0009001B0704782B0019006
:10419000ADF8021002B0704780B584B003900020E3
:1041A0000290039800684069C0B2C0090290039869
:1041B00090F83D00212823D1FFE7029800B3FFE7E4
:1041C000FFE7FFE70398006850E8050F20F0800044
:1041D0000190FFE701990398026842E80510002862
:1041E000F0D1FFE7FFE70398406B28B1FFE70398A2
:1041F000406BFDF7F7FCFFE7039805F06BFDFFE769
:10420000039800684069C0F380100290039890F80A
:104210003E00222823D1FFE7029800B3FFE7FFE723
:10422000FFE70398006850E8050F20F04000009079
:10423000FFE700990398026842E805100028F0D1D2
:10424000FFE7FFE70398806B28B1FFE70398806BD7
:10425000FDF7C8FCFFE7039805F0DEFCFFE7002050
:1042600004B080BD81B0009001B0704780B592B0BD
:104270001190119800680068109011980068C0684B
:104280000F901198006840690E9000200D900C90DE
:10429000109800F00F000D900D9888B9FFE79DF879
:1042A0004000800600280AD5FFE79DF83C00800604
:1042B000002804D5FFE7119805F028FDE3E1FFE7AA
:1042C0000D98002800F0C280FFE79DF83800C00775
:1042D00038B9FFE7BDF83C0010F4907F00F0B680DD
:1042E000FFE79DF84000C00758B1FFE79DF83D008B
:1042F000C00730B1FFE71199086C40F00100086475
:10430000FFE79DF84000400700280BD5FFE79DF828
:104310003800C00730B1FFE71199086C40F0020087
:104320000864FFE79DF84000800700280BD5FFE7F1
:104330009DF83800C00730B1FFE71199086C40F0D4
:1043400004000864FFE79DF840000007002811D52D
:10435000FFE79DF83C008006002805D4FFE79DF8A4
:104360003800C00730B1FFE71199086C40F0080031
:104370000864FFE71198006C002866D0FFE79DF8FD
:104380004000800600280AD5FFE79DF83C00800623
:10439000002804D5FFE7119805F0B8FCFFE7119855
:1043A00000684069C0F380100C901198006C000701
:1043B000002804D4FFE70C9800283ED0FFE71198AE
:1043C00005F02AFC119800684069400600282FD5A6
:1043D000FFE7FFE7FFE71198006850E8050F20F0BE
:1043E00040000B90FFE70B991198026842E8051016
:1043F0000028F0D1FFE7FFE71198806B98B1FFE745
:104400001198816B49F6C910C0F600000865119833
:10441000806BFDF75DFC28B1FFE71198806B016DA3
:104420008847FFE703E01198FFF71CFFFFE703E071
:104430001198FFF717FFFFE706E01198FFF712FF4B
:10444000119900200864FFE7FFE71CE11198006B59
:10445000012840F0F880FFE79DF84000C0060028E2
:1044600040F1F180FFE79DF83C00C006002840F1D4
:10447000EA80FFE7FFE700200A90119800680068D3
:104480000A901198006840680A900A98FFE711980E
:1044900000684069400600287ED5FFE71198806BD0
:1044A00000684068ADF82600BDF82600002872D0EC
:1044B000FFE7BDF826001199898D88426BDAFFE786
:1044C000BDF826001199C8851198806BC069B0F5B8
:1044D000807F58D0FFE7FFE7FFE71198006850E8BA
:1044E000030F20F480700890FFE708991198026884
:1044F00042E803100028F0D1FFE7FFE7FFE7FFE7FE
:104500001198006850E8050F20F001000790FFE7C0
:1045100007991198026842E805100028F0D1FFE7DA
:10452000FFE7FFE7FFE71198006850E8050F20F06C
:1045300040000690FFE706991198026842E80510CE
:104540000028F0D1FFE7FFE71199202081F83E0015
:10455000119900200863FFE7FFE71198006850E811
:10456000030F20F010000590FFE7059911980268ED
:1045700042E803100028F0D1FFE7FFE71198806BB5
:10458000FDF730FBFFE71198818DC28D891A89B242
:10459000FFF7FCFDFFE776E01199888DC98D401A81
:1045A000ADF812001198C08D00284BD0FFE7BDF880
:1045B0001200002846D0FFE7FFE7FFE711980068E8
:1045C00050E8030F20F490700390FFE703991198CF
:1045D000026842E803100028F0D1FFE7FFE7FFE799
:1045E000FFE71198006850E8050F20F001000290E5
:1045F000FFE702991198026842E805100028F0D1FF
:10460000FFE7FFE71199202081F83E001199002073
:104610000863FFE7FFE71198006850E8030F20F0F8
:1046200010000190FFE701991198026842E8031019
:104630000028F0D1FFE7FFE71198BDF81210FFF74F
:10464000A5FDFFE71FE09DF84000000600280AD501
:10465000FFE79DF83C000006002804D5FFE711980D
:1046600005F030FD0FE09DF84000400600280AD517
:10467000FFE79DF83C004006002804D5FFE71198AD
:1046800005F014FBFFE712B080BD000080B582B0DA
:104690000090009820B9FFE701208DF807003EE068
:1046A0000098806908B1FFE700E0FFE7009890F804
:1046B0003D0040B9FFE70099002081F83C000098D8
:1046C00000F032F8FFE70099242081F83D000098BF
:1046D0000168C86820F40050C860009805F0C8FB65
:1046E00000980168086920F490400861009801680A
:1046F000486920F02A00486100980168C86840F4C1
:104700000050C860009900200864009A202182F8B7
:104710003D10009A82F83E108DF80700FFE79DF8E3
:10472000070002B080BD000080B59AB0199000204B
:10473000189017901690159014901998006844F6E8
:104740000041C4F20001884265D1FFE7FFE7002085
:10475000139043F64000C4F20200016841F40021C6
:104760000160006800F4002013901398FFE7FFE752
:104770000020129043F63000C4F20200016841F0BC
:1047800001010160006800F0010012901298FFE73B
:10479000032014900221159100210A91169117907F
:1047A000082018900020C4F2020014A9FDF75CFD57
:1047B0000A9940F69450C2F200000B9046F2400273
:1047C000C4F2020202604FF0006242608160C16088
:1047D0004FF48062026141618161C16101624162A5
:1047E000FDF728FC18B1FFE7FCF74AF9FFE7FFE700
:1047F000199840F69451C2F20001816319988863B8
:10480000FFE73420099005210022FEF731F80998CE
:10481000FEF724F854E11998006847F60001C4F245
:10482000000188423FD1FFE7FFE70020119043F6E7
:104830004000C4F20200016841F08041016000685C
:1048400000F0804011901198FFE7FFE700201090E2
:1048500043F63000C4F20200016841F0100101602B
:10486000006800F0100010901098FFE74FF4C0703F
:1048700014900220159000200790169003201790A6
:104880000820189041F20000C4F2020014A9FDF7BC
:10489000EBFC079A522008900521FDF7E9FF0898E4
:1048A000FDF7DCFF0BE11998006841F20001C4F24A
:1048B0000101884267D1FFE7FFE700200F9043F630
:1048C0004400C4F20200016841F010010160006878
:1048D00000F010000F900F98FFE7FFE700200E9008
:1048E00043F63000C4F20200016841F001010160AA
:1048F000006800F001000E900E98FFE74FF4C060D2
:104900001490022015900020059016900320179017
:10491000072018900020C4F2020014A9FDF7A4FC9F
:10492000059940F6F450C2F20000069046F240426B
:10493000C4F2020202604FF0006242608160C16016
:104940004FF48062026141618161C1610162416233
:10495000FDF770FB18B1FFE7FCF792F8FFE7FFE700
:10496000199840F6F451C2F20001816319988863E6
:10497000FFE72520049005210022FDF779FF049828
:10498000FDF76CFF9AE01998006844F20041C4F208
:104990000001884240F09180FFE7FFE700200D9082
:1049A00043F64000C4F20200016841F400310160A6
:1049B000006800F400300D900D98FFE7FFE700203D
:1049C0000C9043F63000C4F20200016841F001018E
:1049D0000160006800F001000C900C98FFE70C20CB
:1049E000149002201590002002901690032017903A
:1049F000072018900020C4F2020014A9FDF734FC2F
:104A0000029940F6B460C2F20000039046F2A002A0
:104A1000C4F2020202604FF00062426040228260F3
:104A2000C1604FF48062026141618161C1610162D4
:104A30004162FDF7FFFA18B1FFE7FCF721F8FFE745
:104A4000FFE7199840F6B461C2F20001416319987A
:104A50008863FFE740F65460C2F20000019046F21E
:104A60008801C4F2020101604FF000614160002141
:104A70008160C1604FF48062026141618161C16106
:104A800001624162FDF7D6FA18B1FFE7FBF7F8FFC4
:104A9000FFE7FFE7199840F65461C2F20001816315
:104AA00019988863FFE72620009005210022FDF772
:104AB000DFFE0098FDF7D2FEFFE7FFE7FFE7FFE725
:104AC0001AB080BD80B584B002900191ADF802208B
:104AD000029890F83E00202828D1FFE7019820B1E5
:104AE000FFE7BDF8020020B9FFE701208DF80F00B5
:104AF00020E0FFE7029890F83C00012804D1FFE78E
:104B000002208DF80F0015E00299012081F83C0089
:104B1000FFE7FFE702990020086302980199BDF8BA
:104B2000022005F043FA8DF80F0003E002208DF813
:104B30000F00FFE79DF80F0004B080BD81B000902A
:104B400001B0704781B0009001B0704780B586B069
:104B500004900391ADF80A20049890F83D002028B5
:104B600074D1FFE7039820B1FFE7BDF80A0020B930
:104B7000FFE701208DF817006CE0FFE7049890F83C
:104B80003C00012804D1FFE702208DF8170061E006
:104B90000499012081F83C00FFE7FFE7039804999E
:104BA0000862BDF80A0004998884BDF80A000499D7
:104BB000C884049900200864049A212182F83D10D9
:104BC00004994A6B49F68531C0F60001D163049916
:104BD0004A6B49F60141C0F60001116404994A6B21
:104BE00049F6E911C0F60001D1640499496B0865E2
:104BF00003A8019004980268406B01990968043287
:104C0000BDF80A30FDF7CEFA049801686FF0400055
:104C10000860FFE70499002081F83C00FFE7FFE708
:104C2000FFE70498006850E8050F40F0800000900E
:104C3000FFE700990498026842E805100028F0D1C7
:104C4000FFE7FFE700208DF8170003E002208DF852
:104C50001700FFE79DF8170006B080BD81B00090F7
:104C600001B0704781B0009001B07047FFE7FEE7E8
:104C700080B584B003908DED020ACDED010A039852
:104C80003030FBF791FE039880ED0B0A9DED020A90
:104C90009DED011A30EE410A039880ED1E0A03983B
:104CA00090ED181A90ED1E0A20EE010A80ED1F0A01
:104CB000039890ED0B2A90ED1A1A90ED1D3A90EDA5
:104CC0001E0A30EE430A80EE020A20EE010ABDEE13
:104CD000C00A80ED210A039890ED192A90ED1E0A72
:104CE00090ED201A20EE020A30EE010A80ED200A33
:104CF000039890ED200A90ED211AB8EEC11A30EE1B
:104D0000010A80ED200A0398C16E00EE101AB8EE79
:104D1000C00A494201EE101AF8EEC10A90ED201ABD
:104D200003F0A8FC039880ED200A0399886F486778
:104D3000039890ED1F0A90ED201A30EE010A80EDE5
:104D4000220A0398016F00EE101AB8EEC00A494219
:104D500001EE101AF8EEC10A90ED221A03F08AFC57
:104D6000039880ED220A04B080BD000080B582B0B7
:104D700040F63C50C2F20000019046F20041C4F2FD
:104D8000000101600521416000218160C1604FF494
:104D9000A02202614FF48012426101760122427624
:104DA0008176C17601774177FCF72EFC18B1FFE7D9
:104DB000FBF766FEFFE702B080BD000080B582B061
:104DC00040F66450C2F20000019046F60001C4F2C1
:104DD000000101600521416000218160C1604FF444
:104DE000A02202614FF480124261017601224276D4
:104DF0008176C17601774177FCF706FC18B1FFE7B1
:104E0000FBF73EFEFFE702B080BD000080B540F634
:104E10008C50C2F2000043F20001C4F202010160B2
:104E2000FCF7A0FE18B1FFE7FBF72AFEFFE780BD05
:104E300080B588B0FFE70020079043F63000C4F249
:104E40000200016841F480010160006800F4800004
:104E500007900798FFE7FFE70020069043F6300031
:104E6000C4F20200016841F400110160006800F41E
:104E7000001006900698FFE70D2000900521039191
:104E800000220492FDF7F4FC0098FDF7E7FC03997B
:104E9000049A10200190FDF7EBFC0198FDF7DEFC71
:104EA0000399049A11200290FDF7E2FC0298FDF7A5
:104EB000D5FC0399049A3A200590FDF7D9FC059892
:104EC000FDF7CCFC08B080BDB0B590B04DF6706079
:104ED000C0F60000016842688368D0F80CC0D0F8C2
:104EE00010E044690E94CDF834E0CDF830C00B9357
:104EF0000A92099180690F9009A80021019106F09A
:104F000079FA019941F20432C2F2000210604DF6C2
:104F10005460C0F6000002684368D0F808C0D0F8BA
:104F20000CE00469456907950694CDF814E0CDF8C6
:104F300010C0039302928069089002A806F05AFA02
:104F400040F61471C2F20001086010B0B0BD00005C
:104F500080B596B000201590149013901290119087
:104F6000FFE70020109043F63000C4F20200016811
:104F700041F080010160006800F0800010901098FE
:104F8000FFE7FFE700200F9043F63000C4F2020075
:104F9000016841F001010160006800F001000F901C
:104FA0000F98FFE7FFE700200E9043F63000C4F2B1
:104FB0000200016841F010010160006800F010007B
:104FC0000E900E98FFE7FFE700200D9043F63000AB
:104FD000C4F20200016841F002010160006800F0C3
:104FE00002000D900D98FFE7FFE700200C9043F6BC
:104FF0003000C4F20200016841F00801016000685D
:1050000000F008000C900C98FFE7FFE700200B90E1
:1050100043F63000C4F20200016841F0040101606F
:10502000006800F004000B900B98FFE740F600408A
:10503000C4F2020002904BF20C410191002208924E
:10504000FDF722FB089A40F60000C4F2020004902B
:105050004FF400610391FDF717FB089A40F20040FE
:10506000C4F2020006904FF440710591FDF70CFB6D
:10507000089A41F20000C4F2020009900121079150
:10508000FDF702FB019B0298079A0899119312926F
:105090001391149111A90A91FDF7E6F80298089A64
:1050A0000A9944F65003119312921392FDF7DCF81B
:1050B000DDF80CC00498079B089A0A99CDF844C003
:1050C000129313921492FDF7CFF8DDF814C00698EE
:1050D000079B089A0A99CDF844C012931392149230
:1050E000FDF7C2F8079B089A09980A991193129341
:1050F00013921492FDF7B8F816B080BD80B540F653
:105100001C70C2F2000044F20041C4F201010160CF
:1051100040F2833141600021816040F24B42C26025
:1051200001618161FEF788F918B1FFE7FBF7A8FC80
:10513000FFE780BD80B540F66470C2F2000044F61F
:105140000001C4F20101016040F28331416000219D
:10515000816040F2E732C26001618161FEF76CF963
:1051600018B1FFE7FBF78CFCFFE780BD80B588B086
:1051700000210091079106910591049103910291FC
:10518000019140F6AC70C2F2000041F60002C4F298
:105190000002026059224260816040F2CF72C26018
:1051A00001618161FEF768FD18B1FFE7FBF768FC5C
:1051B000FFE760200190002202920392059240F6E0
:1051C000AC70C2F2000001A9FEF7B4FC18B1FFE711
:1051D000FBF756FCFFE740F6AC70C2F2000001A9F5
:1051E0000422FEF7A7FC18B1FFE7FBF749FCFFE735
:1051F00040F6AC70C2F20000FEF760FC08B080BD63
:1052000080B584B00021039102910191009141F297
:105210003C00C2F2000044F20002C4F2010202604B
:1052200040F283324260816040F25722C2600161E5
:105230008161FEF701F918B1FFE7FBF721FCFFE7F9
:105240004FF48050009041F23C00C2F200006946E9
:10525000FEF730FA18B1FFE7FBF712FCFFE704B0E6
:1052600080BD000080B582B041F20C10C2F2000097
:10527000019044F60041C4F2000101604FF4E131B5
:10528000416000218160C16001610C224261816145
:10529000C161FFF7FBF918B1FFE7FBF7F1FBFFE78F
:1052A00041F20C10C2F200000168C86840F0100022
:1052B000C86002B080BD000080B582B041F25010DD
:1052C000C2F20000019047F60001C4F20001016043
:1052D0004FF4E131416000218160C16001610C2225
:1052E00042618161C161FFF7D1F918B1FFE7FBF7B6
:1052F000C7FBFFE702B080BD80B582B041F28400F9
:10530000C2F20000019041F20001C4F2010101600B
:1053100048F2A061C0F20101416000218160C160DA
:1053200001610C2242618161C161FFF7AFF918B1DF
:10533000FFE7FBF7A5FBFFE741F28400C2F20000A4
:105340000168C86840F01000C86002B080BD00006D
:1053500080B582B041F2C800C2F20000019044F270
:105360000041C4F2000101604FF4E13141600021CD
:105370008160C16001610C2242618161C161FFF7FE
:1053800085F918B1FFE7FBF77BFBFFE741F2C800A7
:10539000C2F200000168C86840F01000C86002B0A6
:1053A00080BD0000FFE7FEE7FFE7FEE788B007905B
:1053B00006910592079800F0070004900498C0F148
:1053C0000700052803D3FFE70420019004E00498B8
:1053D000C0F107000190FFE70198039004980430A2
:1053E000062803D8FFE70020009003E00498033864
:1053F0000090FFE70098029006980399012202FAB4
:1054000001F101390840029B984005999A40013A00
:105410001140084308B0704786B003A900910146C7
:105420000098059180ED010AC0ED000A0598D0F8BA
:105430000600406840F21041C2F2000108600020FE
:10544000ADF80A00FFE7BDF80A000599098801399F
:10545000884224DAFFE70598D0F80600BDF80A1064
:1054600000EB810090ED010A40F21041C2F2000110
:1054700091ED001A30EE410A80ED000A0598D0F84F
:105480000A10BDF80A2001EB8200406841F82200B2
:10549000FFE7BDF80A000130ADF80A00D3E7009934
:1054A000059AD2F80600128800EB820010ED020A7D
:1054B00091ED011A30EE010A00ED010A0398059AF8
:1054C000D2F80A10128801EB820141F8040C059908
:1054D000D1F802000988884207D2FFE70599D1F880
:1054E00002000130C1F80200FFE705990020C1F871
:1054F0002600C1F82200C1F81E00C1F81A00059963
:105500000888D1F80210401AADF80800FFE7BDF88E
:1055100008000599098888425DDAFFE70599BDF81A
:105520000830D1F80620D1F81A0002EB830292ED80
:10553000000A01EE100A20EE000A30EE010A10EE19
:10554000100AC1F81A000599BDF80830D1F80620F4
:10555000D1F81E0002EB830292ED001A00EE100A51
:1055600030EE010A10EE100AC1F81E000599BDF8D0
:105570000830D1F806C0D1F80A20D1F822000CEB8F
:10558000830C9CED000A02EB830292ED002A01EEEF
:10559000100A20EE020A30EE010A10EE100AC1F8DD
:1055A00022000599BDF80830D1F80A20D1F826006C
:1055B00002EB830292ED001A00EE100A30EE010AAF
:1055C00010EE100AC1F82600FFE7BDF80800013010
:1055D000ADF808009BE705990A4652F81A0F536880
:1055E000D2F808C0D26802EE10CAB1F800C000EECE
:1055F00010CAB8EEC03A01EE103A00EE102A21EEC1
:10560000000A22EE032A30EE420A02EE100A21EED0
:10561000011A22EE032A31EE421A80EE010A10EE40
:10562000100AC1F80E0005990020C1F8160005996E
:105630000888D1F80210401AADF80600FFE7BDF85F
:10564000060005990988884230DAFFE70599D1F804
:1056500006C0D1F80A00D1F80E20D1F8123000EEC1
:10566000102ABDF806200CEB820C9CED002A01EEFE
:10567000103A20EE020A30EE010A00EB820090EDB3
:10568000001A30EE410AB0EEC01AD1F8160000EE52
:10569000100A30EE010A10EE100AC1F81600FFE7FA
:1056A000BDF806000130ADF80600C8E70599088886
:1056B00000EE100AB8EEC01AD1F8160000EE100A7B
:1056C00080EE010A10EE100AC1F816000598D0F815
:1056D0000E0000EE100A06B07047000080B584B0DE
:1056E0000390ADF80A10BDF80A00039908800399E9
:1056F00000200190C1F80200BDF80A00800006F009
:105700000DFE0399C1F80600BDF80A00800006F0FE
:1057100005FE01460198039AC2F80A100399C1F8E0
:105720000E000399C1F812000398D0F80600BDF8E6
:105730000A108900FAF7A0FD0398D0F80A00BDF816
:105740000A108900FAF798FD01980399C1F826001C
:10575000C1F82200C1F81E00C1F81A0004B080BDD3
:1057600080B588B08DED060ACDED050A8DED041AE1
:105770004CF6CD40C3F64C7003904CF6CD40C3F6CA
:105780004C6002909DED060A02F066FF8DED010A65
:105790009DED050A02F060FFB0EE401A9DED010A92
:1057A00030EE410A02F058FF9DED041AB4EE410AB2
:1057B000F1EE10FA11DBFFE79DED050A9DED061AEB
:1057C0009FED122A21EE021A9FED0E2A20EE020A08
:1057D00030EE010A8DED070A10E09DED050A9DED02
:1057E000061A9FED082A21EE021A9FED072A20EEE5
:1057F000020A30EE010A8DED070AFFE79DED070A68
:1058000008B080BDCDCC4C3FCDCC4C3ECCCC4C3E3A
:1058100083B002900191029890F83E0000F00F00D2
:1058200001285DD1FFE7019900200090C86001992F
:10583000886001990861019948610199886101991D
:10584000C86101990862019A40F22621A2F8441029
:10585000019A40F20E61A2F84610019981F84000C9
:10586000019988620199C862019948630199886326
:10587000019908630199C86340F21441C2F2000122
:10588000087040F21541C2F20001087040F2164162
:10589000C2F20001087040F21741C2F20001087024
:1058A000029A92F8441001F0DF0182F84410029A43
:1058B00092F8441001F0BF0182F84410029A92F865
:1058C000451001F0FB0182F84510029A92F845104C
:1058D00001F0F70182F84510019981F84800FFE7CF
:1058E00003B0704782B001900091019890F8440095
:1058F0004009C007002800F09E82FFE7019890F859
:105900004500C008C007002840F09582FFE740F23C
:105910001540C2F20000007800285CD1FFE7009932
:1059200042F20040C4F2F470C860009947F60040AB
:10593000C4F612000861009944F20000C4F29C70A1
:105940008860009940F60040CCF6F800086240F606
:105950001000C2F2000040694CF60811C0F20101CB
:10596000884237DBFFE740F25870C2F2000040691E
:1059700043F2F861CFF6FE7188422BDCFFE740F27C
:10598000E850C2F20000406943F26861C0F20201CF
:1059900088421FDBFFE740F2A060C2F200004069CE
:1059A0004CF69811CFF6FD71884213DCFFE740F604
:1059B000A830C2F20000406942F2F841C0F2010191
:1059C000884207DBFFE740F21541C2F200010120E7
:1059D0000870FFE7FFE740F21540C2F200000078D0
:1059E00001284FD1FFE7009946F20050C4F681002C
:1059F0004861009947F60040C4F69200886100991A
:105A00004CF20000C4F22340C86100994FF4487082
:105A1000A1F8440040F66040C2F20000406941F63F
:105A2000235188422DDBFFE740F66040C2F20000C0
:105A3000406941F68751884223DCFFE740F6185061
:105A4000C2F2000090ED000A9FEDD21AB4EE410AB6
:105A5000F1EE10FA15DDFFE740F21840C2F2000047
:105A600090ED000A9FEDCC1AB4EE410AF1EE10FA67
:105A700007DAFFE740F21541C2F200010220087088
:105A8000FFE7FFE740F21540C2F20000007802286D
:105A90004CD1FFE7019890F83E100120B0EB111FA8
:105AA00044D1FFE700994DF20010C4F6EC00C86045
:105AB000009942F20040C4F6F400086140F610007C
:105AC000C2F20000406944F26031C0F2070188422E
:105AD0002BDBFFE740F25870C2F2000040694BF642
:105AE000A041CFF6F87188421FDCFFE740F2E85092
:105AF000C2F20000406948F69851C0F2070188429E
:105B000013DBFFE740F2A060C2F20000406943F6F9
:105B1000A461CFF6FF71884207DCFFE740F2154130
:105B2000C2F2000103200870FFE7FFE740F21540D2
:105B3000C2F200000078032843D1FFE7009900205B
:105B40004861009945F20000C4F22650C8610099EE
:105B500045F20000C4F2C360886040F61850C2F2FB
:105B6000000090ED000A9FEDB61AB4EE410AF1EE86
:105B700010FA25DAFFE740F66040C2F20000406903
:105B800042F2F94188421BDBFFE740F66040C2F277
:105B90000000406942F25D51884211DCFFE740F6A7
:105BA000A830C2F20000406947F23051884207DC59
:105BB000FFE740F21541C2F2000104200870FFE740
:105BC000FFE740F21540C2F200000078042844D1FB
:105BD000FFE7009942F20020C4F6A100C8600099D6
:105BE00041F20040C4F6CD00086140F61000C2F258
:105BF0000000406943F22001C0F2050188422BDC1D
:105C0000FFE740F25870C2F2000040694CF6E071C4
:105C1000CFF6FA7188421FDBFFE740F2E850C2F28C
:105C20000000406948F2E071C0F20601884213DCCE
:105C3000FFE740F2A060C2F20000406947F6200191
:105C4000CFF6F971884207DBFFE740F21541C2F257
:105C5000000105200870FFE7FFE740F21540C2F29F
:105C60000000007805281CD1FFE7009946F200509B
:105C7000C4F68100486140F61850C2F2000090ED71
:105C8000000A9FED6E1AB4EE410AF1EE10FA07DD3C
:105C9000FFE740F21541C2F2000106200870FFE75D
:105CA000FFE740F21540C2F20000007806281DD13F
:105CB000FFE7019890F83C0000F00F00012815D193
:105CC000FFE700990020886040F6A830C2F200008B
:105CD000406941F65831884207DCFFE740F2154140
:105CE000C2F2000107200870FFE7FFE740F215400D
:105CF000C2F200000078072843D1FFE70099002096
:105D00004861009A4CF20001C4F22341D16100992C
:105D1000886140F66040C2F20000406941F62351BC
:105D200088422DDBFFE740F66040C2F20000406988
:105D300041F68751884223DCFFE740F61850C2F253
:105D4000000090ED000A9FED3E1AB4EE410AF1EE1C
:105D500010FA15DAFFE740F21840C2F2000090EDA9
:105D6000000A9FED381AB4EE410AF1EE10FA07DD91
:105D7000FFE740F21541C2F2000108200870FFE77A
:105D8000FFE740F21540C2F200000078082851D128
:105D900004E000BF0006794800B888C800990020D8
:105DA000C860009988600099086140F61000C2F24E
:105DB0000000406942F2107188423ADCFFE740F28D
:105DC0005870C2F2000040694DF6F001CFF6FF7145
:105DD00088422EDBFFE740F2E850C2F20000406943
:105DE00042F21071884224DCFFE740F2A060C2F268
:105DF000000040694DF6F001CFF6FF71884218DBD4
:105E0000FFE740F6A830C2F20000406942F210718C
:105E100088420EDCFFE740F21541C2F2000100208B
:105E20000870019991F8440000F0DF0081F8440007
:105E3000FFE7FFE7FFE702B0704700BF00067948C1
:105E400000401C4600401CC682B0019000910198A1
:105E500090F844004009C007002800F0C982FFE71D
:105E6000019890F84500C008C007002800F0C082E3
:105E7000FFE740F21740C2F200000078E0BBFFE706
:105E8000009942F20040C4F2F470C86000994BF6E9
:105E90000020CCF245700861009940F60040CCF635
:105EA000F800086240F61000C2F2000040694CF6AB
:105EB0000811C0F2010188421DDBFFE740F2587073
:105EC000C2F20000406943F2F861CFF6FE718842E9
:105ED00011DCFFE740F6A830C2F2000040694AF644
:105EE000C871884207DBFFE740F21741C2F20001A8
:105EF00001200870FFE7FFE740F21740C2F2000000
:105F0000007801284ED1FFE7009946F20050C4F610
:105F100081004861009947F60040C4F6920088610C
:105F2000009942F20000CCF2BB40C86100994FF4E6
:105F30004870A1F8440040F66040C2F20000406999
:105F400041F2BB4188422CDBFFE740F66040C2F2E1
:105F500000004069B0F5A95F23DAFFE740F618506A
:105F6000C2F2000090ED000A9FEDD21AB4EE410A91
:105F7000F1EE10FA15DDFFE740F21840C2F2000022
:105F800090ED000A9FEDCC1AB4EE410AF1EE10FA42
:105F900007DAFFE740F21741C2F200010220087061
:105FA000FFE7FFE740F21740C2F200000078022846
:105FB00015D1FFE7019890F83E100120B0EB111FBA
:105FC0000DD1FFE7009940F60030CCF610100862C2
:105FD00040F21741C2F2000103200870FFE740F2CF
:105FE0001740C2F200000078032865D1FFE700994E
:105FF0000020486100994AF60000C4F6DE00C8603F
:10600000009942F20040C4F6F4008860009945F21D
:106010000000CCF2C360086140F61850C2F20000E4
:1060200090ED000A9FEDA51AB4EE410AF1EE10FAC8
:1060300041DAFFE740F61000C2F2000040694AF280
:106040003831C0F20601884235DBFFE740F2587074
:10605000C2F20000406945F6C841CFF6F9718842A6
:1060600029DCFFE740F2E850C2F20000406948F640
:106070009851C0F2070188421DDBFFE740F2A060A3
:10608000C2F20000406947F26821CFF6F8718842F9
:1060900011DCFFE740F6A830C2F20000406947F289
:1060A0003051884207DCFFE740F21741C2F200019D
:1060B00004200870FFE7FFE740F21740C2F200003B
:1060C0000078042822D1FFE7009945F20000C4F2CD
:1060D0002650C86140F66040C2F20000406942F2BA
:1060E000F941884211DBFFE740F66040C2F2000050
:1060F000406942F25D51884207DCFFE740F21741F8
:10610000C2F2000105200870FFE7FFE740F21740E8
:10611000C2F20000007805285DD1FFE7009946F241
:106120000050C4F681004861009942F20020C4F694
:10613000A100C860009941F20040C4F6CD0088601B
:1061400000994FF44870A1F8440040F61850C2F28C
:10615000000090ED000A9FEDA71AB4EE410AF1EE9F
:1061600010FA37DDFFE740F61000C2F20000406988
:1061700043F22001C0F2050188422BDCFFE740F228
:106180005870C2F2000040694CF6E071CFF6FA7127
:1061900088421FDBFFE740F2E850C2F2000040698E
:1061A00048F2E071C0F20601884213DCFFE740F2DA
:1061B000A060C2F20000406947F62001CFF6F971F5
:1061C000884207DBFFE740F21741C2F200010620D8
:1061D0000870FFE7FFE740F21740C2F200000078C6
:1061E00006285ED1FFE7019890F83C0000F00F0010
:1061F000012856D1FFE7009949F60040C4F6E000B7
:10620000C860009942F20040C4F6F400886000992A
:1062100000200861009940F22620A1F8440040F6D1
:106220001000C2F2000040694DF6D051C0F20601E4
:10623000884235DBFFE740F25870C2F20000406947
:1062400042F23021CFF6F971884229DCFFE740F2B3
:10625000E850C2F20000406947F61021C0F2070181
:1062600088421DDBFFE740F2A060C2F200004069F7
:1062700048F2F051CFF6F871884211DCFFE740F6A2
:10628000A830C2F20000406942F21071884207DC77
:10629000FFE740F21741C2F2000107200870FFE754
:1062A000FFE740F21740C2F20000007807284AD109
:1062B00006E000BF0006794800B888C800401C46C8
:1062C000009900204861009A4CF20001C4F2234179
:1062D000D1610099886140F66040C2F200004069D7
:1062E00041F6235188422DDBFFE740F66040C2F2C1
:1062F0000000406941F68751884223DCFFE740F601
:106300001850C2F2000090ED000A9FED3B1AB4EE67
:10631000410AF1EE10FA15DAFFE740F21840C2F236
:10632000000090ED000A9FED351AB4EE410AF1EE3F
:1063300010FA07DDFFE740F21741C2F20001082022
:106340000870FFE7FFE740F21740C2F20000007854
:1063500008284CD1FFE700990020C86000998860A8
:106360000099086140F61000C2F20000406942F254
:10637000107188423ADCFFE740F25870C2F2000028
:1063800040694DF6F001CFF6FF7188422EDBFFE742
:1063900040F2E850C2F20000406942F210718842B7
:1063A00024DCFFE740F2A060C2F2000040694DF635
:1063B000F001CFF6FF71884218DBFFE740F6A83006
:1063C000C2F20000406942F2107188420EDCFFE721
:1063D00040F21741C2F2000100200870019991F8C3
:1063E000440000F0DF0081F84400FFE7FFE7FFE72B
:1063F00002B070470006794800401C4600401CC6A9
:1064000080B584B003900291039890F83D1001206C
:10641000B0EB111F6AD1FFE702990020019081F8CB
:10642000480040F6C800C2F2000003F0D9FE40F672
:106430003820C2F2000003F0D3FE40F6A830C2F2CA
:10644000000003F0CDFE40F2E850C2F2000003F07D
:10645000C7FE40F2A060C2F2000003F0C1FE40F2AD
:106460005870C2F2000003F0BBFE40F61000C2F20A
:10647000000003F0B5FE01980299C8600299886097
:106480000299086102994861029988610299C8617C
:10649000029A40F22621A2F84410029A40F20E61BC
:1064A000A2F84610029981F8400002998862029988
:1064B000C862029948630299886302990863029945
:1064C000C86340F21441C2F20001087040F2154165
:1064D000C2F20001087040F21641C2F200010870D9
:1064E00040F21741C2F200010870FFE704B080BD1E
:1064F00082B001900091019890F844008009C00793
:10650000002800F08682FFE7019890F84500C00857
:10651000C007002800F07D82FFE740F21440C2F27D
:1065200000000078002841D1FFE700994DF20010EB
:10653000C4F6EC00C86000994BF60020CCF2457020
:106540000861009942F20000CCF64B000862009905
:1065500040F22620A1F8440040F61000C2F20000EC
:10656000406944F26031C0F2070188421DDBFFE759
:1065700040F25870C2F2000040694BF6A041CFF6DD
:10658000F871884211DCFFE740F6A830C2F2000043
:1065900040694AF6C871884207DBFFE740F21441C0
:1065A000C2F2000101200870FFE7FFE740F214404B
:1065B000C2F200000078012835D1FFE7009949F2C6
:1065C000A030C4F614104861009942F20000CCF2E9
:1065D000BB40C86140F66040C2F20000406941F231
:1065E000BB4188421EDBFFE740F66040C2F200007C
:1065F0004069B0F5A95F15DAFFE740F61850C2F21E
:10660000000090ED000A9FEDDA1AB4EE410AF1EEB7
:1066100010FA07DDFFE740F21441C2F20001022048
:106620000870FFE7FFE740F21440C2F20000007874
:10663000022815D1FFE7019890F83E100120B0EB39
:10664000111F0DD1FFE7009940F60030CCF6101075
:10665000086240F21441C2F2000103200870FFE713
:1066600040F21440C2F200000078032847D1FFE74F
:1066700000990020486100994EF60000C4F6FD0024
:106680008860009945F20000CCF2C360086140F6D2
:106690001850C2F2000090ED000A9FEDB61AB4EE59
:1066A000410AF1EE10FA29DAFFE740F2E850C2F2AF
:1066B000000040694DF6B831C0F2070188421DDB89
:1066C000FFE740F2A060C2F20000406942F2484198
:1066D000CFF6F871884211DCFFE740F6A830C2F22D
:1066E0000000406947F23051884207DCFFE740F282
:1066F0001441C2F2000104200870FFE7FFE740F2F6
:106700001440C2F200000078042822D1FFE700996B
:1067100045F20000C4F22650C86140F66040C2F263
:106720000000406942F2F941884211DBFFE740F680
:106730006040C2F20000406942F25D51884207DCCD
:10674000FFE740F21441C2F2000105200870FFE7A4
:10675000FFE740F21440C2F20000007805285DD146
:10676000FFE7009946F20050C4F6810048610099A5
:1067700042F20020C4F6A100C860009941F2004036
:10678000C4F6CD00886000994FF44870A1F8440029
:1067900040F61850C2F2000090ED000A9FED9F1ADB
:1067A000B4EE410AF1EE10FA37DDFFE740F61000D3
:1067B000C2F20000406943F22001C0F205018842A4
:1067C0002BDCFFE740F25870C2F2000040694CF643
:1067D000E071CFF6FA7188421FDBFFE740F2E85024
:1067E000C2F20000406948F2E071C0F2060188423E
:1067F00013DCFFE740F2A060C2F20000406947F6F8
:106800002001CFF6F971884207DBFFE740F214411F
:10681000C2F2000106200870FFE7FFE740F21440D3
:10682000C2F20000007806285ED1FFE7019890F8D8
:106830003C0000F00F00012856D1FFE7009949F60F
:106840000040C4F6E000C86000994DF20060C4F654
:1068500003108860009900200861009940F226200A
:10686000A1F8440040F61000C2F2000040694DF665
:10687000D051C0F20601884235DBFFE740F2587084
:10688000C2F20000406942F23021CFF6F97188422D
:1068900029DCFFE740F2E850C2F20000406941F213
:1068A0005061C0F2080188421DDBFFE740F2A060A2
:1068B000C2F2000040694EF6B011CFF6F77188427F
:1068C00011DCFFE740F6A830C2F20000406942F256
:1068D0001071884207DCFFE740F21441C2F2000168
:1068E00007200870FFE7FFE740F21440C2F2000003
:1068F0000078072833D1FFE700990020486100990C
:106900004CF20000C4F22340C86140F66040C2F27D
:106910000000406941F6235188421FDBFFE740F643
:106920006040C2F20000406941F68751884215DCA0
:10693000FFE740F61850C2F2000090ED000A9FED0C
:10694000361AB4EE410AF1EE10FA07DAFFE740F228
:106950001441C2F2000108200870FFE7FFE740F28F
:106960001440C2F200000078082851D104E000BFB2
:106970008043114900401C4600990020C8600099DE
:1069800088600099086140F61000C2F2000040697A
:1069900041F2883188423ADCFFE740F25870C2F297
:1069A000000040694EF67841CFF6FF7188422EDB39
:1069B000FFE740F2E850C2F20000406941F288313E
:1069C000884224DCFFE740F2A060C2F20000406988
:1069D0004EF67841CFF6FF71884218DBFFE740F6AC
:1069E000A830C2F20000406941F2883188420EDCD2
:1069F000FFE740F21441C2F2000100200870019943
:106A000091F8440000F0BF0081F84400FFE7FFE781
:106A1000FFE702B0704700BF00401C4600067948FF
:106A200082B001900091019890F845008008C0075D
:106A3000002800F0A181FFE7019890F84500C00808
:106A4000C007002800F09881FFE740F21640C2F22C
:106A50000000007800285FD1FFE700994CF6006045
:106A6000C4F60210C860009940F20020C4F6D000BD
:106A70008860009946F20000CCF2EA600861009953
:106A800047F20000CCF61410086200994FF44870E9
:106A9000A1F8440040F61000C2F20000406940F640
:106AA0008061C0F20801884235DBFFE740F2587090
:106AB000C2F2000040694FF28011CFF6F7718842B0
:106AC00029DCFFE740F2E850C2F20000406946F2DC
:106AD000D001C0F2060188421DDBFFE740F2A06052
:106AE000C2F20000406949F63071CFF6F971884270
:106AF00011DCFFE740F6A830C2F20000406945F221
:106B0000F051884207DBFFE740F21641C2F2000174
:106B100001200870FFE7FFE740F21640C2F20000D4
:106B20000078012822D1FFE7009945F20000C4F265
:106B30002650C86140F66040C2F20000406942F24F
:106B4000F941884211DBFFE740F66040C2F20000E5
:106B5000406942F25D51884207DCFFE740F216418E
:106B6000C2F2000102200870FFE7FFE740F2164082
:106B7000C2F20000007802283BD1FFE7009949F2F9
:106B8000A030C4F61410486100990020886040F6D7
:106B9000C800C2F20000406944F2C051C0F20401D2
:106BA000884225DBFFE740F63820C2F2000040694A
:106BB0004BF64021CFF6FB71884219DCFFE740F22B
:106BC000E850C2F200004069B0F5FA5F10DCFFE760
:106BD00040F2A060C2F20000406910F5FA5F07DBE6
:106BE000FFE740F21641C2F2000103200870FFE700
:106BF000FFE740F21640C2F200000078032843D1BC
:106C0000FFE7019890F83E100120B0EB111F3BD137
:106C1000FFE700994BF60020C4F6DB00886000997E
:106C20000020486140F2E850C2F2000040694BF297
:106C3000C061C0F20601884225DBFFE740F2A06098
:106C4000C2F20000406944F64011CFF6F971884263
:106C500019DCFFE740F6C800C2F200004069B0F559
:106C6000FA5F10DCFFE740F63820C2F2000040690E
:106C700010F5FA5F07DBFFE740F21641C2F20001B0
:106C800004200870FFE7FFE740F21640C2F2000060
:106C90000078042826D1FFE7009942F20000CCF2E8
:106CA000BB40C861009940F22620A1F8440040F69C
:106CB0006040C2F20000406941F2BB41884210DBF3
:106CC000FFE740F66040C2F200004069B0F5A95FFE
:106CD00007DAFFE740F21641C2F200010520087012
:106CE000FFE7FFE740F21640C2F2000000780528F7
:106CF00041D1FFE7009946F20050C4F68100486197
:106D000000994BF20040C4F65C00886040F61850D1
:106D1000C2F2000090ED000A9FED181AB4EE410A8D
:106D2000F1EE10FA26DDFFE740F2E850C2F2000073
:106D300040694EF6E831C0F2030188421ADBFFE7F2
:106D400040F2A060C2F2000040694DF29851CFF6C7
:106D5000FB7188420EDCFFE740F21641C2F20001EF
:106D600000200870019991F8450000F0FB0081F8BF
:106D70004500FFE7FFE7FFE702B0704700067948EC
:106D8000EFF30980BFF36F8F154B1A681EF0100FD9
:106D900008BF20ED108A20E9F04F10602DE90900AE
:106DA0004FF0500080F31188BFF34F8FBFF36F8F08
:106DB00005F038FF4FF0000080F31188BDE80900AE
:106DC00019680868B0E8F04F1EF0100F08BFB0EC6B
:106DD000108A80F30988BFF36F8F704700BF00BF30
:106DE0006012002010B58EB08C468646119810991E
:106DF000CDF834E0ADF832C0ADF83020ADF82E302B
:106E0000ADF82C10ADF82A0008200890002006905C
:106E10000790BDF9320004909DF831008DF808000C
:106E20009DF830008DF809009DF82F008DF80A00BC
:106E30009DF82E008DF80B009DF82D008DF80C00AC
:106E40009DF82C008DF80D009DF82B008DF80E009C
:106E50009DF82A008DF80F000D9840F63C51C2F2C3
:106E6000000188420AD1FFE740F63C50C2F2000020
:106E700004A902AA01ABF9F747FF12E00D9840F60A
:106E80006451C2F2000188420AD1FFE740F6645023
:106E9000C2F2000004A902AA01ABF9F735FFFFE72F
:106EA000FFE70EB010BD000080B5B6B0359034914C
:106EB0003599087B497B01EB4101084404380146C0
:106EC0003391082800F2AB823399DFE811F0090012
:106ED000420262010701A3022A02AE0072021102FD
:106EE0003499002081F848003598B0F9080000EE88
:106EF000100AB8EEC00A10EE100AF9F7F7FA41ECE2
:106F0000100B8DED200B34982590C068F9F7EEFA40
:106F10009DED200B41EC110B8DED221B9FEDF01B25
:106F200053EC112B51EC100BF9F758FA9DED220B95
:106F300041EC110B51EC110B53EC102BF9F7A7F9A5
:106F400041EC100B51EC100BF9F7E3FA2599C860EE
:106F50003598B0F9040000EE100AB8EEC00A10EE41
:106F6000100AF9F7C3FA41EC100B8DED260B34989B
:106F70002B908068F9F7BAFA9DED260B41EC110BC6
:106F80008DED281B51EC100B9FEDD70B53EC102B04
:106F90002F932E92F9F722FA9DED280B41EC110B5D
:106FA00051EC110B53EC102BF9F771F941EC100B6C
:106FB00051EC100BF9F7ADFA2B9988603598B0F9C0
:106FC000020000EE100AB8EEC00A10EE100AF9F73F
:106FD0008DFA41EC100B8DED2C0B3498329000693A
:106FE000F9F784FA9DED2C0B2E9A2F9B41EC110B97
:106FF0008DED301B51EC100BF9F7F0F99DED300BD6
:1070000041EC110B51EC110B53EC102BF9F73FF93C
:1070100041EC100B51EC100BF9F77BFA3299086137
:107020003499012081F82400F9E13499002081F895
:1070300048003598B0F9040000EE100AB8EEC01A06
:10704000349890ED050A30EE010A80ED050A359876
:10705000B0F9020000EE100AB8EEC01A349890EDB4
:10706000060A30EE010A80ED060A3598B0F90600EE
:1070700000EE100AB8EEC00A10EE100AF9F736FA60
:1070800041EC100B8DED1A0B34981F90C069F9F785
:107090002DFA9DED1A0B41EC110B8DED1C1B9FED94
:1070A000E61B53EC112B51EC100BF9F797F99DED02
:1070B0001C0B41EC110B53EC112B51EC100BF9F79D
:1070C000E6F841EC100B51EC100BF9F722FA1F997E
:1070D000C8613499012081F82400A0E1349900208E
:1070E000199081F848003598B0F9040000EE100AB4
:1070F000B8EEC01A349890ED050A30EE010A80ED22
:10710000050A3598B0F9020000EE100AB8EEC01A70
:10711000349890ED060A30EE010A80ED060A3598A3
:10712000B0F9060000EE100AB8EEC00A10EE100A20
:10713000F9F7DCF941EC100B8DED140B3498189035
:10714000C069F9F7D3F99DED140B41EC110B8DEDEE
:10715000161B9FEDB91B53EC112B51EC100BF9F7DB
:107160003DF99DED160B41EC110B53EC112B51EC3D
:10717000100BF9F78CF841EC100B51EC100BF9F7F0
:10718000C8F9189A01461998D161349981F82400F8
:1071900045E134990020139081F848003598B0F902
:1071A000080000EE100AB8EEC00A10EE100AF9F757
:1071B0009DF941EC100B8DED000B34980590C068E3
:1071C000F9F794F99DED000B41EC110B8DED021BCD
:1071D0009FED951B53EC112B51EC100BF9F7FEF8BA
:1071E0009DED020B41EC110B51EC110B53EC102BEC
:1071F000F9F74DF841EC100B51EC100BF9F789F948
:107200000599C8603598B0F9040000EE100AB8EE90
:10721000C00A10EE100AF9F769F941EC100B8DED78
:10722000060B34980B908068F9F760F99DED060B1A
:1072300041EC110B8DED081B51EC100B9FED7C0BFD
:1072400053EC102B0F930E92F9F7C8F89DED080B35
:1072500041EC110B51EC110B53EC102BF9F717F813
:1072600041EC100B51EC100BF9F753F90B998860B6
:107270003598B0F9020000EE100AB8EEC00A10EE20
:10728000100AF9F733F941EC100B8DED0C0B349823
:1072900012900069F9F72AF99DED0C0B0E9A0F9BDD
:1072A00041EC110B8DED101B51EC100BF9F796F81A
:1072B0009DED100B41EC110B51EC110B53EC102B0D
:1072C000F8F7E5FF41EC100B51EC100BF9F721F941
:1072D000129A014613981161349981F824009EE0B6
:1072E0009A9999999999D93F9A9999999999E93F30
:1072F0003499002081F848003598808880003499BE
:107300000880359840884000349948803598B0F915
:107310000600C008349988803499012081F824003F
:107320007DE03499002081F84800359989888900EA
:10733000349A1180359949884900349A5180359999
:10734000B1F90610C908349A9180349981F8240063
:1073500065E03499002081F848003599B1F90410AE
:107360004AF6AB22C2F6AA2251FB02F101EBD1711F
:10737000349B99713599B1F9081051FB02F101EB79
:10738000D171349BD9713599B1F9061051FB02F1D5
:1073900001EBD17100EE101AB8EEC01A349991EDDC
:1073A000080A30EE010A81ED080A349981F82400B8
:1073B00035E03499002081F848003598B0F9040090
:1073C0004AF6AB21C2F6AA2150FB01F000EBD070C7
:1073D000349A90713598B0F9080050FB01F000EB39
:1073E000D070349AD0713598B0F9060050FB01F096
:1073F00000EBD07000EE100AB8EEC01A349890ED91
:10740000080A30EE010A80ED080A3499012081F85B
:10741000240004E03598349903F08CFCFFE736B083
:1074200080BD00BF00BF00BF9A9999999999D93F33
:107430009A9999999999E93F39B4C876BE9F8ABFBC
:1074400080B58EB00D900D9906A81322F8F7FBFEBB
:107450000798C0F3013040F2E441C2F20001087322
:107460000798C0F38130487306986FF3DF20A0F5CA
:10747000806048800698C0F3CA20A0F580608880AC
:107480000698079A800D40EA82206FF3DF20A0F56E
:107490008060C8800798C0F34A00A0F5806008812A
:1074A0000A986FF3DF20A0F580604881BDF81800CE
:1074B000400558B9FFE740F2E441C2F20001002064
:1074C00048808880C88008814881FFE7099840F398
:1074D000C011C0B240EA012040F2E442C2F2000210
:1074E000059292F8352000F0A1FE059A014692F827
:1074F000340001F00F0100F0F000084482F834007D
:10750000099840F3C031C0F3072040EA012092F807
:10751000362000F08BFE0599024691F8340000F009
:107520000F0040EA021081F83400DDF8260000F078
:10753000010091F840200021009100F077FE0099B1
:10754000059A034692F8380003F00F0300F0F000AC
:10755000184482F838000998C0F3804092F842201D
:1075600000F064FE0099059A034692F8390003F092
:107570000F0300F0F000184482F839000998C0F3B6
:10758000404092F8412000F051FE0099059A0346D0
:1075900092F8380000F00F0040EA031082F838003B
:1075A0000998C0F3C04092F8432000F03FFE024625
:1075B000059890F8391001F00F0141EA021180F8A6
:1075C000391090ED040A8DED010A0798C117000CDF
:1075D00040EA0140F8F774FF9DED010A00EE900AC1
:1075E0009FEDD71A8DED041AFEF7BAF8059880EDD5
:1075F000040A90ED070A8DED020A089840F3C031A5
:10760000C0EA0140F8F75CFF9DED020A9DED041A07
:1076100000EE900AFEF7A4F8059880ED070A90EDB9
:107620000A0A8DED030A0898C117000C40EA0140D0
:10763000F8F746FF9DED030A9DED041A00EE900A4F
:10764000FEF78EF8059880ED0A0A90ED040AB7EE71
:10765000001AB4EE410AF1EE10FA08DDFFE740F23D
:10766000E441C2F200014FF07E500861FFE740F2B2
:10767000E440C2F2000090ED040ABFEE001AB4EE3E
:10768000410AF1EE10FA09DAFFE740F2E441C2F2F2
:1076900000010020CBF680700861FFE740F2E44073
:1076A000C2F2000090ED040ABFEE001AB4EE410AE7
:1076B000F1EE10FA15DDFFE740F2E440C2F20000FF
:1076C00090ED040AB7EE001AB4EE410AF1EE10FA9A
:1076D00007DAFFE740F2E441C2F20001002008614E
:1076E000FFE740F2E440C2F2000090ED070AB7EE77
:1076F000001AB4EE410AF1EE10FA08DDFFE740F29D
:10770000E441C2F200014FF07E50C861FFE740F251
:10771000E440C2F2000090ED070ABFEE001AB4EE9A
:10772000410AF1EE10FA09DAFFE740F2E441C2F251
:1077300000010020CBF68070C861FFE740F2E44012
:10774000C2F2000090ED070ABFEE001AB4EE410A43
:10775000F1EE10FA15DDFFE740F2E440C2F200005E
:1077600090ED070AB7EE001AB4EE410AF1EE10FAF6
:1077700007DAFFE740F2E441C2F200010020C861ED
:10778000FFE740F2E440C2F2000090ED0A0AB7EED3
:10779000001AB4EE410AF1EE10FA08DDFFE740F2FC
:1077A000E441C2F200014FF07E508862FFE740F2F0
:1077B000E440C2F2000090ED0A0ABFEE001AB4EEF7
:1077C000410AF1EE10FA09DAFFE740F2E441C2F2B1
:1077D00000010020CBF680708862FFE740F2E440B1
:1077E000C2F2000090ED0A0ABFEE001AB4EE410AA0
:1077F000F1EE10FA15DDFFE740F2E440C2F20000BE
:1078000090ED0A0AB7EE001AB4EE410AF1EE10FA52
:1078100007DAFFE740F2E441C2F20001002088628B
:10782000FFE70998C0F3005240F2E440C2F20000C2
:1078300090F83A1001F0F001114480F83A1090F8F5
:107840003A0000F00F0001281BD1FFE740F224406E
:10785000C2F200000078A0B9FFE740F2E442C2F2B1
:10786000000292F84410012020EA010301F0FE0119
:10787000194482F8441040F22441C2F20001087019
:1078800018E040F2E440C2F2000090F83A0000072D
:1078900078B9FFE740F22440C2F2000000780128E6
:1078A00007D1FFE740F22441C2F200010020087036
:1078B000FFE7FFE70998C0F3405240F2E440C2F20C
:1078C000000090F83A1001F00F0141EA021180F82F
:1078D0003A1090F83A100120B0EB111F1CD1FFE7CD
:1078E00040F21E40C2F200000078A8B9FFE740F263
:1078F000E442C2F2000292F84410012020EA51034F
:1079000001F0FD0141EA430182F8441040F21E41BA
:10791000C2F2000108701DE040F2E440C2F2000033
:1079200090F83A100020B0EB111F12D1FFE740F29F
:107930001E40C2F20000007801280AD102E000BF18
:107940000000FA4340F21E41C2F20001002008701C
:10795000FFE7FFE70998C0F3805240F2E440C2F22B
:10796000000090F83B1001F0F001114480F83B104A
:1079700090F83B0000F00F0001281CD1FFE740F217
:107980002240C2F200000078A8B9FFE740F2E442CA
:10799000C2F2000292F84410012020EA910301F0A3
:1079A000FB0141EA830182F8441040F22241C2F215
:1079B0000001087018E040F2E440C2F2000090F8C4
:1079C0003B00000778B9FFE740F22240C2F2000016
:1079D0000078012807D1FFE740F22241C2F20001FE
:1079E00000200870FFE7FFE70998C0F3C05240F29B
:1079F000E440C2F2000090F83B1001F00F0141EAB0
:107A0000021180F83B1090F83B100120B0EB111FE1
:107A10001CD1FFE740F21F40C2F200000078A8B975
:107A2000FFE740F2E442C2F2000292F84410012063
:107A300020EAD10301F0F70141EAC30182F84410C2
:107A400040F21F41C2F2000108701AE040F2E44027
:107A5000C2F2000090F83B100020B0EB111F0FD1D4
:107A6000FFE740F21F40C2F200000078012807D172
:107A7000FFE740F21F41C2F2000100200870FFE75B
:107A8000FFE79DF8270000F0010240F2E440C2F257
:107A9000000090F83C1001F0F001114480F83C1017
:107AA00090F83C0000F00F0001281CD1FFE740F2E5
:107AB0002340C2F200000078A8B9FFE740F2E44298
:107AC000C2F2000292F84410012020EA111301F0E2
:107AD000EF0141EA031182F8441040F22341C2F25F
:107AE0000001087018E040F2E440C2F2000090F893
:107AF0003C00000778B9FFE740F22340C2F20000E3
:107B00000078012807D1FFE740F22341C2F20001CB
:107B100000200870FFE7FFE70998C0F3406240F2D9
:107B2000E440C2F2000090F83C1001F00F0141EA7D
:107B3000021180F83C1090F83C100120B0EB111FAE
:107B40001CD1FFE740F22040C2F200000078A8B943
:107B5000FFE740F2E442C2F2000292F84410012032
:107B600020EA511301F0DF0141EA431182F8441089
:107B700040F22041C2F2000108701AE040F2E440F5
:107B8000C2F2000090F83C100020B0EB111F0FD1A2
:107B9000FFE740F22040C2F200000078012807D140
:107BA000FFE740F22041C2F2000100200870FFE729
:107BB000FFE70998C0F3C06240F2E440C2F200005F
:107BC00090F83D1001F00F0141EA021180F83D10DC
:107BD00090F83D100120B0EB111F1CD1FFE740F2DF
:107BE0002740C2F200000078A8B9FFE740F2E44263
:107BF000C2F2000292F84410012080EAD11301F091
:107C00007F0141EAC31182F8441040F22741C2F2D9
:107C1000000108701AE040F2E440C2F2000090F85F
:107C20003D100020B0EB111F0FD1FFE740F22740BD
:107C3000C2F200000078012807D1FFE740F2274197
:107C4000C2F2000100200870FFE7FFE70998C0F3C7
:107C5000806240F2E440C2F2000090F83D1001F072
:107C6000F001114480F83D1090F83D0000F00F0045
:107C700001281CD1FFE740F22140C2F20000007849
:107C8000A8B9FFE740F2E442C2F2000292F84410C1
:107C9000012020EA911301F0BF0141EA831182F82B
:107CA000441040F22141C2F20001087018E040F295
:107CB000E440C2F2000090F83D00000778B9FFE709
:107CC00040F22140C2F200000078012807D1FFE70E
:107CD00040F22141C2F2000100200870FFE7FFE7F7
:107CE0000998C0F3007240F2E440C2F2000090F83C
:107CF0003E1001F0F001114480F83E1090F83E0073
:107D000000F00F0001281BD1FFE740F22640C2F22D
:107D100000000078A0B9FFE740F2E442C2F200029E
:107D200092F84510012020EA010301F0FE011944F8
:107D300082F8451040F22641C2F20001087018E0B6
:107D400040F2E440C2F2000090F83E00000778B92B
:107D5000FFE740F22640C2F200000078012807D178
:107D6000FFE740F22641C2F2000100200870FFE761
:107D7000FFE70998C0F3407240F2E440C2F200000D
:107D800090F83E1001F00F0141EA021180F83E1018
:107D900090F83E100120B0EB111F1CD1FFE740F21C
:107DA0001D40C2F200000078A8B9FFE740F2E442AB
:107DB000C2F2000292F84510012020EA510301F0BE
:107DC000FD0141EA430182F8451040F21D41C2F233
:107DD000000108701AE040F2E440C2F2000090F89E
:107DE0003E100020B0EB111F0FD1FFE740F21D4005
:107DF000C2F200000078012807D1FFE740F21D41E0
:107E0000C2F2000100200870FFE7FFE70998C0F305
:107E1000807240F2E440C2F2000090F83F1001F09E
:107E2000F001114480F83F1090F83F0000F00F007F
:107E300001281CD1FFE740F22540C2F20000007883
:107E4000A8B9FFE740F2E442C2F2000292F84510FE
:107E5000012020EA910301F0FB0141EA830182F84D
:107E6000451040F22541C2F20001087018E040F2CE
:107E7000E440C2F2000090F83F00000778B9FFE745
:107E800040F22540C2F200000078012807D1FFE748
:107E900040F22541C2F2000100200870FFE7FFE731
:107EA0000999102000EAD16240F2E440C2F20000D9
:107EB00090F83F1001F00F01114480F83F1090F846
:107EC0003F100120B0EB111F1CD1FFE740F21C4016
:107ED000C2F200000078A8B9FFE740F2E442C2F223
:107EE000000292F84510012020EAD10301F0F701C9
:107EF00041EAC30182F8451040F21C41C2F2000180
:107F000008701AE040F2E440C2F2000090F83F101E
:107F10000020B0EB111F0FD1FFE740F21C40C2F26E
:107F200000000078012807D1FFE740F21C41C2F2AF
:107F3000000100200870FFE7FFE740F2E440C2F2D2
:107F4000000090F84510C1F3C00140F24842C2F26F
:107F5000000282F848109DF8252090F8341001F0B6
:107F60000F0141EA021180F8341090F8341001201A
:107F7000B0EB111F19D1FFE740F22840C2F2000018
:107F8000007890B9FFE740F2E441C2F2000191F8B5
:107F90003600B0FA80F0400981F8360040F22841FE
:107FA000C2F20001012008701AE040F2E440C2F27F
:107FB000000090F834100020B0EB111F0FD1FFE744
:107FC00040F22840C2F200000078012807D1FFE704
:107FD00040F22841C2F2000100200870FFE7FFE7ED
:107FE0009DF8242040F2E440C2F2000090F83410E2
:107FF00002F00F0201F0F001114480F8341090F803
:10800000340000F00F00012819D1FFE740F22940A9
:10801000C2F20000007890B9FFE740F2E441C2F2FA
:10802000000191F83500B0FA80F0400981F8350080
:1080300040F22941C2F200010120087018E040F22C
:10804000E440C2F2000090F83400000778B9FFE77E
:1080500040F22940C2F200000078012807D1FFE772
:1080600040F22941C2F2000100200870FFE7FFE75B
:108070000EB080BD80B582B040F23040C2F2000048
:10808000C078C0B3FFE740F23040C2F20000007990
:1080900088B3FFE740F23040C2F20000407950B3AD
:1080A000FFE740F23040C2F20000807918B3FFE7EA
:1080B00040F23040C2F20000C079E0B1FFE740F288
:1080C0003040C2F20000007AA8B1FFE740F2304031
:1080D000C2F20000407A70B1FFE740F23040C2F2D5
:1080E0000000807A38B1FFE740F23040C2F2000071
:1080F000007B20B9FFE700208DF8070044E0FAF785
:10810000DBFA41F28731884204D8FFE700208DF87E
:10811000070039E040F2E850C2F2000000F074F8C5
:1081200040F2A060C2F2000000F06EF840F2587019
:10813000C2F2000000F068F840F61000C2F2000041
:1081400000F062F840F6A830C2F2000000F05CF8DF
:1081500040F66040C2F2000000F056F840F6C80059
:10816000C2F2000000F050F840F63820C2F20000E1
:1081700000F04AF840F23050C2F2000000F044F83B
:1081800001208DF80700FFE79DF8070002B080BDD1
:1081900080B582B00190ADF80210ADF800200198D2
:1081A000B0F90C0000EE100AB8EEC00A00F054FA64
:1081B000BDF8000001EE100AB8EEC11AB4EE410A93
:1081C000F1EE10FA1EDAFFE70198B0F90E0000EEAA
:1081D000100AB8EEC00A00F03FFABDF8020001EE46
:1081E000100AB8EEC11AB4EE410AF1EE10FA08DD39
:1081F000FFE7019800F008F80199488B01304883A7
:10820000FFE7FFE702B080BD81B000900099002039
:1082100048650099C1F88000009890ED050AB8EE15
:10822000C00A80ED090A01B07047000086B00391D2
:1082300002908DF807200298039980F0010008430E
:1082400090B9FFE79DF80700142809DCFFE79DF8C7
:10825000070001308DF8070001208DF8170009E0B4
:1082600002208DF8170005E000208DF807008DF83A
:108270001700FFE79DF8170006B0704780B586B07D
:108280008DF817000491FAF717FA03909DF817007C
:1082900040F22401C2F2000191F90010884224D07A
:1082A000FFE700200290FFE70298022815DCFFE7B5
:1082B000029A40F21800C2F2000050F8220040F288
:1082C0001201C2F2000131F812100122FAF7DCF9B2
:1082D000FFE7029801300290E6E79DF8170040F2B0
:1082E0002401C2F200010870FFE7039840F22C411C
:1082F000C2F200010968401A0499884210D9FFE7C8
:1083000040F22A41C2F200010878B0FA80F0400938
:108310000870039840F22C41C2F200010860FFE7A8
:1083200000200190FFE70198022827DCFFE79DF875
:10833000170000EB400140F20000C2F200000844C8
:108340000199405CA8B1FFE7019A40F21800C2F21F
:10835000000050F8220040F21201C2F2000131F890
:10836000121040F22A42C2F200021278FAF78CF997
:10837000FFE7FFE7019801300190D4E706B080BD28
:1083800080B582B040F23040C2F200000078014671
:10839000019120B1FFE70198012805D0F2E0032008
:1083A0006421FFF76BFFEDE040F23040C2F20000C5
:1083B000807801284DD1FFE740F23040C2F2000042
:1083C000C078012845D1FFE740F23040C2F20000FA
:1083D000407901283DD1FFE740F23040C2F2000071
:1083E0000079012835D1FFE740F23040C2F20000A9
:1083F000807901282DD1FFE740F23040C2F2000021
:10840000C079012825D1FFE740F23040C2F20000D8
:10841000007A01281DD1FFE740F23040C2F200008F
:10842000407A012815D1FFE740F23040C2F2000047
:10843000807A01280DD1FFE740F23040C2F20000FF
:10844000007B012805D1FFE70520C821FFF716FFB3
:10845000FFE740F23040C2F200008078002844D1AB
:10846000FFE740F23040C2F20000C078C0B3FFE73F
:1084700040F23040C2F20000407988B3FFE740F29A
:108480003040C2F20000007950B3FFE740F23040C4
:10849000C2F20000807918B3FFE740F23040C2F228
:1084A0000000C079E0B1FFE740F23040C2F20000C6
:1084B000007AA8B1FFE740F23040C2F20000407AF3
:1084C00070B1FFE740F23040C2F20000807A38B16C
:1084D000FFE740F23040C2F20000007B28B9FFE71E
:1084E00004203221FFF7CAFEFFE740F23040C2F21B
:1084F00000008078012844D1FFE740F23040C2F20A
:108500000000C078C0B3FFE740F23040C2F2000084
:10851000407988B3FFE740F23040C2F200000079B2
:1085200050B3FFE740F23040C2F20000807918B348
:10853000FFE740F23040C2F20000C079E0B1FFE74F
:1085400040F23040C2F20000007AA8B1FFE740F2EA
:108550003040C2F20000407A70B1FFE740F2304094
:10856000C2F20000807A38B1FFE740F23040C2F238
:108570000000007B28B9FFE705203221FFF77EFECF
:10858000FFE7FFE702B080BD82B040F23040C2F2A8
:10859000000000780146009120B1FFE70098012813
:1085A00004D044E000208DF8070048E040F2484045
:1085B000C2F2000090F8480001280DD1FFE740F218
:1085C0004840C2F20000028840F23D41C2F2000180
:1085D0000A8040884880FFE740F24840C2F200002D
:1085E00090F8480070B9FFE740F24840C2F200003E
:1085F000428840F23D41C2F200010A8000884042B8
:108600004880FFE740F24840C2F20000828840F212
:108610003D41C2F200018A8082798A71C079C871B5
:1086200040F23040C2F200008078087203E000207F
:108630008DF8070003E000208DF80700FFE79DF8A4
:10864000070002B07047000040F23041C2F2000162
:10865000012008707047000082B08DED010A01987A
:108660000090009820F0004000909DED000A02B0BC
:108670007047000085B08DED040ACDED030A8DED45
:10868000021A9DED020A9DED041AB4EE410AF1EEC4
:1086900010FA05DDFFE79DED040A8DED010A18E0F3
:1086A0009DED020A9DED031AB4EE410AF1EE10FAB7
:1086B00005DAFFE79DED030A8DED000A04E09DED6C
:1086C000020A8DED000AFFE79DED000A8DED010A1B
:1086D000FFE79DED010A05B07047000082B00190F0
:1086E000009101990889C88000980178407840EA93
:1086F0000120019908810199888948810098817831
:10870000C07840EA01200199888100980179407978
:1087100040EA01200199C8810198B0F90610B0F92A
:108720000800401A10F57A6F05DAFFE70199C88B47
:108730000130C8830FE00198B0F90610B0F90800C5
:10874000401AB0F57A6F05DDFFE70199C88B013853
:10875000C883FFE7FFE70198B0F91E2047F6F460F1
:10876000002182420846C8BF012048F20C13CFF610
:10877000FF739A42B8BF0121084368B1FFE701992E
:108780000020C8830198B0F9081000EE101AB8EE66
:10879000C00A80ED090AFFE70199B1F90800B1F9B3
:1087A0001E2000EB4230486101990F20087102B091
:1087B0007047000082B00190009101990889C8803B
:1087C00000980178407840EA0120019908810199D8
:1087D0008889488100988178C07840EA0120019911
:1087E000888100980179407940EA01200199C88187
:1087F00000988079019908740198B0F90610B0F9D1
:108800000800401A10F57A6F05DAFFE70199C88B66
:108810000130C8830FE00198B0F90610B0F90800E4
:10882000401AB0F57A6F05DDFFE70199C88B013872
:10883000C883FFE7FFE70198B0F91E2047F6F46010
:10884000002182420846C8BF012048F20C13CFF62F
:10885000FF739A42B8BF0121084368B1FFE701994D
:108860000020C8830198B0F9081000EE101AB8EE85
:10887000C00A80ED090AFFE701990F2008710199EC
:10888000B1F90800B1F91E2000EB4230486102B096
:108890007047000086B004908DF80F10029201938B
:1088A0009DF80F0001460091002842D0FFE7009894
:1088B000012860D1FFE70198006804994863019896
:1088C000406804998863019880680499C863019896
:1088D00090ED030A0498BDEEC00A80ED100A0198DD
:1088E00090ED040A0498BDEEC00A80ED110A0298CA
:1088F00000680499086602984068049948660298DE
:10890000806804998866029890ED030A0498BDEE89
:10891000C00A80ED1B0A029890ED040A0498BDEE8F
:10892000C00A80ED1C0A0499012008708DF8170018
:1089300025E0029800680499086602984068049946
:1089400048660298806804998866029890ED030A48
:108950000498BDEEC00A80ED1B0A029890ED040A4F
:108960000498BDEEC00A80ED1C0A0499012008702D
:108970008DF8170003E000208DF81700FFE79DF841
:10898000170006B07047000080B5E2B000200890E4
:10899000619060905F905E905D905C9040F2A80066
:1089A000C2F2000007909FEDF30A8DED040A5FA963
:1089B000F6EE000ACDED050A022306931A46F8F7F3
:1089C0001FF907989DED040ADDED050A069B90301E
:1089D0005CA91A46F8F714F94DF6B46CC0F6000C11
:1089E000DCF80000DCF80410DCF80820DCF80C30BF
:1089F000DCF810C0CDF86CC15A9359925891579039
:108A00004DF62C7CC0F6000CDCF80000DCF80410FD
:108A1000DCF80820DCF80C30DCF810C0CDF858C1C8
:108A2000559354925391529040F25870C2F2000004
:108A30000121099152AA009257AB0193FFF72AFF37
:108A4000009A019B099940F61000C2F20000FFF75E
:108A500021FF9DED040ADDED050A069B08990798A4
:108A6000519150914F914E914D914C9100F59070D4
:108A70004FA91A46F8F7C4F807989DED040ADDEDF2
:108A8000050A069B00F5D8704CA91A46F8F7B8F805
:108A900009994DF6A06EC0F6000EDEF80000DEF873
:108AA0000420DEF80830DEF80CC0DEF810E0CDF867
:108AB0002CE1CDF828C14993489247904DF6047EA9
:108AC000C0F6000EDEF80000DEF80420DEF8083004
:108AD000DEF80CC0DEF810E0CDF818E1CDF814C1D6
:108AE00044934392429040F2E850C2F2000042AAFE
:108AF000029247AB0393FFF7CDFE029A039B0999BD
:108B000040F2A060C2F20000FFF7C4FE9DED040A2F
:108B1000DDED050A069B08990798419140913F9128
:108B200000F510703FA91A46F8F76AF809994DF652
:108B3000547EC0F6000EDEF80000DEF80420DEF8F9
:108B40000830DEF80CC0DEF810E0CDF8F8E0CDF823
:108B5000F4C03C933B923A904DF67C7EC0F6000EFA
:108B6000DEF80000DEF80420DEF80830DEF80CC085
:108B7000DEF810E0CDF8E4E0CDF8E0C037933692AF
:108B8000359040F6A830C2F2000035AA3AABFFF7A4
:108B900081FE9DED040ADDED050A069B0899079804
:108BA00034913391329100F5347032A91A46F8F7B6
:108BB00027F809994DF6687EC0F6000EDEF8000031
:108BC000DEF80420DEF80830DEF80CC0DEF810E035
:108BD000CDF8C4E0CDF8C0C02F932E922D904DF665
:108BE000907EC0F6000EDEF80000DEF80420DEF80D
:108BF0000830DEF80CC0DEF810E0CDF8B0E0CDF8BB
:108C0000ACC02A932992289040F66040C2F200003E
:108C100028AA2DABFFF73EFE089B4DF6C86EC0F6A6
:108C2000000EDEF80000DEF80410DEF80820DEF8A2
:108C30000CC0DEF810E0CDF89CE0CDF898C025928D
:108C4000249123904DF6DC6EC0F6000EDEF8000095
:108C5000DEF80410DEF80820DEF80CC0DEF810E0C4
:108C6000CDF888E0CDF884C020921F911E904DF67B
:108C7000407EC0F6000EDEF80000DEF80410DEF8DC
:108C80000820DEF80CC0DEF810E0CDF874E0CDF876
:108C900070C01B921A9119904DF6187EC0F6000E06
:108CA000DEF80000DEF80410DEF80820DEF80CC064
:108CB000DEF810E0CDF860E0CDF85CC016921591BA
:108CC000149040F68010C2F2000023AA1946FFF764
:108CD000E1FD089B40F6F020C2F200001EAA1946F2
:108CE000FFF7D8FD089B40F63820C2F2000019AA11
:108CF0001946FFF7CFFD089B40F6C800C2F20000FE
:108D000014AA1946FFF7C6FD09994DF68C6EC0F6F8
:108D1000000EDEF80000DEF80420DEF80830DEF891
:108D20000CC0DEF810E0CDF84CE0CDF848C011934F
:108D300010920F904DF6F06EC0F6000EDEF80000B7
:108D4000DEF80420DEF80830DEF80CC0DEF810E0B3
:108D5000CDF838E0CDF834C00C930B920A9040F275
:108D60003050C2F200000AAA0FABFFF793FD09983A
:108D700062B080BD00007A4580B582B00190019854
:108D80003030F7F711FE019880ED0B0A019890ED55
:108D9000051A90ED090AB8EEC11A30EE410A80EDCD
:108DA000130A019890ED0D1A90ED130A20EE010AB6
:108DB00080ED140A019890ED0B2A90ED0F1A90EDBA
:108DC000123A90ED130A30EE430A80EE020A20EECA
:108DD000010ABDEEC00A80ED160A019890ED0E2A38
:108DE00090ED130A90ED151A20EE020A30EE010AFA
:108DF00080ED150A019890ED150A90ED161AB8EE5F
:108E0000C11A30EE010A80ED150A0198016C00EEDE
:108E1000101AB8EEC00A494201EE101AF8EEC10A63
:108E200090ED151AFFF726FC019880ED150A0199BF
:108E3000C86C8864019890ED140A90ED151A30EE14
:108E4000010A80ED170A0198416C00EE101AB8EE85
:108E5000C00A494201EE101AF8EEC10A90ED171A45
:108E6000FFF708FC019880ED170A019890ED170AAA
:108E7000B0F90C1001EE101AB8EEC11A30EE410A2A
:108E800080ED1E0A019890ED181A90ED1E0A20EE52
:108E9000010A80ED1F0A019890ED0B2A90ED1A1A35
:108EA00090ED1D3A90ED1E0A30EE430A80EE020A64
:108EB00020EE010ABDEEC00A80ED210A019890ED76
:108EC000192A90ED1E0A90ED201A20EE020A30EECB
:108ED000010A80ED200A019890ED200A90ED211AF8
:108EE000B8EEC11A30EE010A80ED200A0198C16E79
:108EF00000EE101AB8EEC00A494201EE101AF8EE60
:108F0000C10A90ED201AFFF7B5FB019880ED200A09
:108F10000199886F4867019890ED1F0A90ED201A1B
:108F200030EE010A80ED220A0198016F00EE101A5E
:108F3000B8EEC00A494201EE101AF8EEC10A90EDEF
:108F4000221AFFF797FB019880ED220A02B080BD3C
:108F500082B000900099087901380871009890F962
:108F60000400042806DCFFE70099002008718DF852
:108F7000070003E001208DF80700FFE79DF80700D8
:108F800002B0704780B500F007F8FFF75DFBFFF710
:108F9000F7F9FFF7F9FA80BD80B582B040F22C50A6
:108FA000C2F20000007804280DDCFFE740F22C51EB
:108FB000C2F200010320087040F23041C2F2000109
:108FC0000020887006E040F23041C2F2000101202A
:108FD0008870FFE740F22C51C2F200010878013896
:108FE000087040F2E040C2F20000007804280DDC76
:108FF000FFE740F2E041C2F200010320087040F2B6
:109000003041C2F200010020C87206E040F2304157
:10901000C2F200010120C872FFE740F2E041C2F253
:10902000000108780138087040F2E850C2F20000F0
:10903000FFF78EFF40F23041C2F200010191C8708B
:1090400040F2A060C2F20000FFF782FF01990871B0
:1090500040F25870C2F20000FFF77AFF01994871A0
:1090600040F61000C2F20000FFF772FF019988710C
:1090700040F6A830C2F20000FFF76AFF0199C871FC
:1090800040F66040C2F20000FFF762FF01990872EB
:1090900040F6C800C2F20000FFF75AFF019948727B
:1090A00040F63820C2F20000FFF752FF01998872A3
:1090B00040F23050C2F20000FFF74AFF01990873F6
:1090C00002B080BD80B582B040F23040C2F20000F4
:1090D00081788DF806100078012808D1FFE79DF807
:1090E000060001F083F901208DF8070003E000205D
:1090F0008DF80700FFE79DF8070002B080BD000073
:10910000074B19680868B0E8F04F80F30988BFF38F
:109110006F8F4FF0000080F31188704700BF00BFD1
:109120006012002080B582B00190FFE7FFF7CAFF10
:10913000012002F045F9F9E780B582B00190FFE720
:1091400040F29400C2F20000FEF77AF940F2E440E7
:10915000C2F2000040F24841C2F20001FDF7A4FE55
:10916000012002F02DF9EBE780B582B04FF05000FE
:1091700080F31188BFF36F8FBFF34F8F009004F01F
:1091800031FB40B1FFE74EF60451CEF200014FF043
:1091900080500860FFE700200190019880F311885B
:1091A00002B080BD80B594B008A83021F7F764F80C
:1091B000002007900690059004900390FFE70020A0
:1091C000029043F64000C4F20200016841F0805171
:1091D0000160006800F0805002900298FFE7FFE70E
:1091E0000020019047F20000C4F20000016841F441
:1091F00040410160006800F4404001900198FFE7A1
:10920000012008904FF48030099002200E904FF416
:1092100080010F9106211091B42111911290042028
:10922000139008A8F9F7A0FD18B1FFE7F7F728FC9D
:10923000FFE7F9F73FFB18B1FFE7F7F721FCFFE77E
:109240000F20039002200490002005904FF4A050BE
:1092500006904FF48050079003A80521F9F78AFB88
:1092600018B1FFE7F7F70CFCFFE714B080BD000072
:109270004EF68851CEF20001086840F47000086094
:109280007047000080B541F23C00C2F20000FAF7DE
:10929000D7FA80BD80B540F66470C2F20000FAF7DC
:1092A000CFFA80BD80B540F61C70C2F20000FAF71C
:1092B000C7FA80BD80B540F6F470C2F20000FAF73C
:1092C000BFFA80BD83B002900191029800680090BF
:1092D00002980021C4F20101884225D0FFE70298DC
:1092E000B0F1804F20D0FFE7029840F20041C4F275
:1092F0000001884218D0FFE7029840F60001C4F24E
:109300000001884210D0FFE7029840F60041C4F205
:109310000001884208D0FFE7029840F20041C4F201
:10932000010188420AD1FFE7009820F07000009008
:1093300001984168009808430090FFE702980021D7
:10934000C4F20101884255D0FFE70298B0F1804F86
:1093500050D0FFE7029840F20041C4F20001884279
:1093600048D0FFE7029840F60001C4F200018842AD
:1093700040D0FFE7029840F60041C4F20001884265
:1093800038D0FFE7029840F20041C4F20101884260
:1093900030D0FFE7029844F20001C4F20101884294
:1093A00028D0FFE7029844F20041C4F2010188424C
:1093B00020D0FFE7029844F60001C4F20101884280
:1093C00018D0FFE7029841F60001C4F2000188427C
:1093D00010D0FFE7029841F60041C4F20001884234
:1093E00008D0FFE7029842F20001C4F2000188426F
:1093F0000AD1FFE7009820F4407000900198C168FE
:10940000009808430090FFE7009820F08000019941
:1094100049690843009000980299086001988068A3
:109420000299C86201980068029988620298002136
:10943000C4F20101884208D0FFE7029840F20041DF
:10944000C4F20101884205D1FFE701980069029941
:109450000863FFE702990120486103B070470000EC
:1094600084B0039002910192029800F01F01012044
:1094700088400090009A0399086A90430862019816
:10948000029901F01F0100FA01F20399086A1043E2
:10949000086204B07047000085B004900391029206
:1094A0000193049880680090009820F47F40009019
:1094B00003980299019A41EA022101430098084366
:1094C000009000980499886005B0704783B00290BE
:1094D0000191029880680090009820F07000009040
:1094E00001980099084340F0070000900098029905
:1094F000886003B07047000085B004900391049920
:10950000086A20F0010008620498006A019004983B
:1095100040680090049880690290029820F07000E2
:109520000290029820F003000290039801680298CC
:1095300008430290019820F002000190039881688E
:1095400001980843019004980021C4F20101884267
:1095500008D0FFE7049840F20041C4F201018842BC
:109560000ED1FFE7019820F0080001900398C16830
:10957000019808430190019820F004000190FFE752
:1095800004980021C4F20101884208D0FFE7049842
:1095900040F20041C4F20101884213D1FFE7009874
:1095A00020F480700090009820F4007000900398E0
:1095B0004169009808430090039881690098084326
:1095C0000090FFE700980499486002980499886128
:1095D000039840680499486301980499086205B0AB
:1095E0007047000085B0049003910499086A20F048
:1095F000100008620498006A019004984068009086
:10960000049880690290029820F4E0400290029849
:1096100020F44070029003980168029840EA01200B
:109620000290019820F02000019003988168019831
:1096300040EA0110019004980021C4F2010188421F
:1096400008D0FFE7049840F20041C4F201018842CB
:109650000FD1FFE7019820F0800001900398C168C6
:10966000019840EA01100190019820F0400001901B
:10967000FFE704980021C4F20101884208D0FFE707
:10968000049840F20041C4F20101884215D1FFE77D
:10969000009820F480600090009820F40060009012
:1096A00003984169009840EA81000090039881691D
:1096B000009840EA81000090FFE700980499486014
:1096C0000298049988610398406804998863019816
:1096D0000499086205B0704785B00490039104991D
:1096E000086A20F4807008620498006A0190049867
:1096F000406800900498C0690290029820F07000C1
:109700000290029820F003000290039801680298EA
:1097100008430290019820F400700190039881683A
:10972000019840EA0120019004980021C4F201014F
:10973000884208D0FFE7049840F20041C4F20101DA
:1097400088420FD1FFE7019820F400600190039850
:10975000C168019840EA01200190019820F48060DE
:109760000190FFE704980021C4F20101884208D06B
:10977000FFE7049840F20041C4F20101884215D18C
:10978000FFE7009820F480500090009820F40050EB
:10979000009003984169009840EA011000900398F6
:1097A0008169009840EA01100090FFE70098049951
:1097B000486002980499C861039840680499C86396
:1097C00001980499086205B07047000085B00490C4
:1097D00003910499086A20F4805008620498006A92
:1097E00001900498406800900498C0690290029823
:1097F00020F4E0400290029820F440700290039818
:109800000168029840EA01200290019820F400507B
:10981000019003988168019840EA01300190049812
:109820000021C4F20101884208D0FFE7049840F209
:109830000041C4F2010188420BD1FFE7009820F4F7
:109840008040009003984169009840EA81100090A0
:10985000FFE700980499486002980499C86103984A
:1098600040680499086401980499086205B070473B
:1098700085B00490039102920498006A00900499C4
:10988000086A20F00100086204988069019001983C
:1098900020F0F00001900299019840EA0110019037
:1098A000009820F00A000090039900980843009067
:1098B00001980499886100980499086205B070477E
:1098C00085B00490039102920499086A20F0100078
:1098D00008620498806901900498006A00900198D9
:1098E00020F4704001900299019840EA0130019003
:1098F000009820F0A00000900399009840EA011021
:10990000009001980499886100980499086205B054
:109910007047000080B584B041F20C10C2F2000024
:109920000068006800F010010120B0EB111F40D169
:10993000FFE7FFE70020039041F20C10C2F20000A5
:109940000168096803910068406803900398FFE785
:1099500041F20C10C2F200000190FAF71DFC0198D0
:1099600041F22F31C2F2000102912722FBF7AAF83F
:109970000298B0F8050040F20231884212D1FFE7A8
:1099800041F20830C2F2000041F22F31C2F2000170
:109990002722F6F758FC40F2E041C2F200011E20F7
:1099A0000870FFE741F20C10C2F20000FAF75EFC0B
:1099B000FFE704B080BD000080B541F25010C2F254
:1099C0000000FAF753FC80BD80B582B00190019889
:1099D000806B009000990020C8850099C884009889
:1099E000FAF740FC02B080BD80B584B0039000203F
:1099F00002900398806B0190019800684069C0B2A2
:109A0000C0090290019890F83D0021280AD1FFE793
:109A1000029838B1FFE701990020C884019800F04E
:109A200059F9FFE7019800684069C0F3801002907F
:109A3000019890F83E0022280AD1FFE7029838B139
:109A4000FFE701990020C885019800F0E5F8FFE7DD
:109A50000199086C40F0100008640198FAF702FCC4
:109A600004B080BD80B586B005900598806B0490E9
:109A7000059800680068C00500285AD4FFE70499DB
:109A80000020C885FFE7FFE70498006850E8030F4F
:109A900020F480700390FFE703990498026842E87D
:109AA00003100028F0D1FFE7FFE7FFE7FFE7049886
:109AB000006850E8050F20F001000290FFE70299CE
:109AC0000498026842E805100028F0D1FFE7FFE79C
:109AD000FFE7FFE70498006850E8050F20F040001A
:109AE0000190FFE701990498026842E805100028F8
:109AF000F0D1FFE7FFE70499202081F83E000498A9
:109B0000006B012814D1FFE7FFE7FFE70498006826
:109B100050E8030F20F010000090FFE70099049830
:109B2000026842E803100028F0D1FFE7FFE7FFE7F3
:109B3000FFE70498006B012805D1FFE70498818DA9
:109B4000FAF724FB03E00498FAF7F8FFFFE706B002
:109B500080BD000080B582B001900198806B0090BC
:109B60000098006B012806D1FFE70098818D490815
:109B7000FAF70CFB03E00098FAF7E4FFFFE702B006
:109B800080BD000080B584B003900398806B029084
:109B9000039800680068C00500282AD4FFE70299EE
:109BA0000020C884FFE7FFE70298006850E8050F2F
:109BB00020F080000190FFE701990298026842E8D6
:109BC00005100028F0D1FFE7FFE7FFE7FFE7029865
:109BD000006850E8030F40F040000090FFE7009954
:109BE0000298026842E803100028F0D1FFE7FFE77F
:109BF00003E00298FBF732F8FFE704B080BD0000F5
:109C000080B582B001900198806B00900098FBF7BE
:109C100029F802B080BD000084B00390FFE7FFE7A1
:109C20000398006850E8030F20F490700290FFE75B
:109C300002990398026842E803100028F0D1FFE778
:109C4000FFE7FFE7FFE70398006850E8050F20F003
:109C500001000190FFE701990398026842E80510AE
:109C60000028F0D1FFE7FFE70398006B012814D12B
:109C7000FFE7FFE7FFE70398006850E8030F20F0D5
:109C800010000090FFE700990398026842E8031073
:109C90000028F0D1FFE7FFE7FFE70399202081F8D4
:109CA0003E0003990020086304B0704780B582B07D
:109CB000019001980168C86820F04000C8600199CF
:109CC000202081F83D000198FAF7C8FF002002B07B
:109CD00080BD000082B00190FFE7FFE701980068B7
:109CE00050E8030F20F0C0000090FFE700990198B2
:109CF000026842E803100028F0D1FFE7FFE701996E
:109D0000202081F83D0002B07047000080B586B089
:109D10000490049890F83E00222840F0A180FFE7CC
:109D200004988068B0F5805F15D1FFE7049800695A
:109D300088B9FFE7002003900498806A0290049895
:109D4000006840686FF35F20029908800499886A70
:109D50000230886225E00498806A03900020029017
:109D600004988068B0F5805F08D0FFE704988068A9
:109D700050B9FFE70498006930B9FFE7049800681C
:109D800040680399087007E004980068406800F094
:109D90007F0003990870FFE70499886A01308862A0
:109DA000FFE70499C88D0138C8850004002853D105
:109DB000FFE704980168C86820F02000C860049894
:109DC0000168C86820F48070C86004980168486918
:109DD00020F0010048610499202081F83E00049899
:109DE000006B012830D1FFE7049900200863FFE7EA
:109DF000FFE70498006850E8030F20F0100001907E
:109E0000FFE701990498026842E803100028F0D1A6
:109E1000FFE7FFE7049800680068C00600280ED539
:109E2000FFE7FFE7002000900498006800680090BA
:109E300004980068406800900098FFE7FFE70498E6
:109E4000818DFAF7A3F903E00498FAF777FEFFE7AC
:109E500000208DF8170007E000208DF8170003E0C0
:109E600002208DF81700FFE79DF8170006B080BDAF
:109E700080B586B0059005980068006920F44050D0
:109E8000059A1168D26810430861059988680B69C2
:109E90004A69C9691843104308430490059800684B
:109EA000C06849F20C618843049908430599096820
:109EB000C86005980068406920F44070059A1168F0
:109EC0009269104348610598006841F20001C4F2AC
:109ED0000101884209D0FFE70598006841F200417E
:109EE000C4F20101884204D1FFE7F8F7B7FE0390FE
:109EF00003E0F8F7A1FE0390FFE70598C069B0F50D
:109F0000004F29D1FFE703981921A0FB0101059A11
:109F10001368029353685A00DB0FF6F763F902994E
:109F2000864648F21F53C5F2EB13AEFB03204209ED
:109F300010014FF0640C02FB1CEC322202EBCC024D
:109F4000A2FB0332F82303EA521300EB4300C2F3EF
:109F500042121044886026E003981921A0FB0101F9
:109F6000059A1368019353689A009B0FF6F73AF924
:109F70000199844648F21F52C5F2EB12ACFB023045
:109F80004309642003FB10CC322000EB0C10A0FB33
:109F90000202F02000EA521000EB0310C2F3431259
:109FA00010448860FFE706B080BD000080B588B02F
:109FB00007900691ADF81620069807998862BDF8BB
:109FC000160007998885079900200864079A2221BE
:109FD00082F83E1007998A6B49F66521C0F60001A8
:109FE000D16307998A6B49F65531C0F600011164B7
:109FF00007998A6B49F6E911C0F60001D164079907
:10A00000896B086506A8049007980168806B043185
:10A01000049A1268BDF81630F8F7C4F8FFE700207C
:10A0200003900798006800680390079800684068EC
:10A0300003900398FFE7FFE70799002081F83C00B1
:10A04000FFE707980069A0B1FFE7FFE7FFE7079880
:10A05000006850E8030F40F480700290FFE7029917
:10A060000798026842E803100028F0D1FFE7FFE7F5
:10A07000FFE7FFE7FFE70798006850E8050F40F0AB
:10A0800001000190FFE701990798026842E8051076
:10A090000028F0D1FFE7FFE7FFE7FFE70798006838
:10A0A00050E8050F40F040000090FFE70099079846
:10A0B000026842E805100028F0D1FFE7FFE7002022
:10A0C00008B080BD83B00190019890F83D00212830
:10A0D0003AD1FFE701988068B0F5805F13D1FFE7C0
:10A0E0000198006978B9FFE70198006A009000982C
:10A0F00000886FF35F200199096848600199086A38
:10A100000230086208E0019A106A411C116200786E
:10A11000019909684860FFE70199C88C0138C88433
:10A12000000468B9FFE701980168C86820F0800062
:10A13000C86001980168C86840F04000C860FFE747
:10A1400000208DF80B0003E002208DF80B00FFE7E4
:10A150009DF80B0003B0704780B582B041F28400D7
:10A16000C2F200000068006800F010010120B0EBAE
:10A17000111F28D1FFE7FFE70020019041F2840082
:10A18000C2F200000168096801910068406801900E
:10A190000198FFE741F28400C2F200000090F9F755
:10A1A000FBFF009840F29401C2F200011322FAF77B
:10A1B00089FC0098FAF75AF840F22C51C2F20001DB
:10A1C0001E200870FFE702B080BD000080B541F29C
:10A1D000C800C2F20000FAF749F880BDFFE7FEE7C9
:10A1E00081B000900099002048650099C1F8800076
:10A1F0000099C8830098B0F9081000EE101AB8EE64
:10A20000C00A80ED090A01B07047000082B00190D9
:10A21000009101990889C88000980178407840EA47
:10A2200001200199088101998889488100988178E5
:10A23000C07840EA0120019988810098017940792D
:10A2400040EA01200199C881009880790199087439
:10A250000198B0F9080040F65331884204DCFFE76A
:10A2600001990120C883FFE70198B0F90800B0F513
:10A270007A6F04DDFFE701990020C883FFE70198AA
:10A28000B0F91E2047F6F460002182420846C8BF9C
:10A29000012048F20C13CFF6FF739A42B8BF012198
:10A2A000084368B1FFE701990020C8830198B0F91D
:10A2B000081000EE101AB8EEC00A80ED090AFFE798
:10A2C00001990F2008710199B1F90800B1F91E2018
:10A2D00000EB4230486102B07047000081B08DF859
:10A2E00003009DF9030000280ED4FFE79DF9031039
:10A2F00001F01F02012090404A094EF20011CEF2F7
:10A30000000141F82200FFE701B070474EF60C5003
:10A31000CEF200000068C0F30220704782B08DF8D2
:10A32000070000919DF9070000280AD4FFE7009874
:10A3300000019DF907104EF20042CEF2000288544F
:10A340000BE0009800019DF8071001F00F014EF698
:10A350001452CEF200028854FFE702B070470000AA
:10A3600083B00290029800F0070000904EF60C5166
:10A37000CEF200010868019001984FF6FF021040EC
:10A3800001900198009A40EA02200022C0F2FA529D
:10A39000104301900198086003B0704784B08DEDC0
:10A3A000020ACDED010A8DED001A9DED020A9DED28
:10A3B000011AB4EE410AF1EE10FA03DAFFE7019850
:10A3C00003900FE09DED020A9DED001AB4EE410AE4
:10A3D000F1EE10FA03DDFFE70098039002E0029827
:10A3E0000390FFE79DED030A04B070472DE9F043A9
:10A3F00091B08DF8420040F61970C2F2000000786A
:10A4000001280CD0FFE7FEF7BFFA40F61971C2F23F
:10A410000001087000208DF8430000F083BC40F676
:10A420001870C2F20000007801280CD0FFE7FDF799
:10A4300021FE40F61871C2F20001087000208DF86C
:10A44000430000F06FBC40F24840C2F2000090F8B8
:10A450004800012840F0C680FFE740F20C40C2F2FD
:10A4600000000078012833D1FFE740F20C40C2F22F
:10A470000000407860BBFFE740F24840C2F20000B5
:10A4800090ED030A40F29440C2F2000090ED031AEE
:10A49000B4EE410AF1EE10FA19DAFFE740F2944007
:10A4A000C2F20000C26840F24841C2F20001CA6034
:10A4B000C06AC86240F25870C2F20000FFF790FE16
:10A4C00040F61000C2F20000FFF78AFEFFE7FFE748
:10A4D00040F20C40C2F20000C078F0B9FFE740F251
:10A4E0004840C2F2000090ED040A40F29440C2F2EB
:10A4F000000090ED041AB4EE410AF1EE10FA0BDA06
:10A50000FFE740F29440C2F20000006940F2484187
:10A51000C2F200010861FFE7FFE740F20C40C2F21F
:10A5200000008078012824D1FFE740F24840C2F2C1
:10A53000000090ED040A40F29440C2F2000090ED59
:10A54000041AB4EE410AF1EE10FA11DDFFE740F211
:10A550009440C2F20000006940F24841C2F200019A
:10A56000086140F6A830C2F20000FFF739FEFFE7AD
:10A57000FFE740F20C40C2F200000078A8B9FFE704
:10A5800040F20C40C2F20000407801280DD1FFE7F4
:10A5900040F24840C2F20000C26840F29441C2F268
:10A5A0000001CA60C06AC862FFE740F20C40C2F214
:10A5B0000000C078012814D1FFE740F20C40C2F23D
:10A5C0000000807868B9FFE740F24840C2F200001E
:10A5D000026940F29441C2F200010A61006B086313
:10A5E000FFE7FFE740F24840C2F2000090F8480061
:10A5F000002840F0C680FFE740F20C40C2F20000A5
:10A600000078012833D1FFE740F20C40C2F200008D
:10A61000407860BBFFE740F24840C2F2000090ED96
:10A62000030A40F29440C2F2000090ED031AB4EE27
:10A63000410AF1EE10FA19DAFFE740F29440C2F253
:10A640000000C26840F24841C2F20001CA60C06A1C
:10A65000C86240F25870C2F20000FFF7C1FD40F638
:10A660001000C2F20000FFF7BBFDFFE7FFE740F27A
:10A670000C40C2F20000C078F0B9FFE740F2484059
:10A68000C2F2000090ED020A40F29440C2F20000D3
:10A6900090ED021AB4EE410AF1EE10FA0BDDFFE77D
:10A6A00040F29440C2F20000806840F24841C2F299
:10A6B00000018860FFE7FFE740F20C40C2F20000B3
:10A6C0008078012824D1FFE740F24840C2F2000020
:10A6D00090ED020A40F29440C2F2000090ED021A9E
:10A6E000B4EE410AF1EE10FA11DAFFE740F29440BD
:10A6F000C2F20000806840F24841C2F20001886066
:10A7000040F6A830C2F20000FFF76AFDFFE7FFE75E
:10A7100040F20C40C2F200000078A8B9FFE740F216
:10A720000C40C2F20000407801280DD1FFE740F252
:10A730004840C2F20000C26840F29441C2F20001F7
:10A74000CA60C06AC862FFE740F20C40C2F2000073
:10A75000C078012814D1FFE740F20C40C2F200009B
:10A76000807868B9FFE740F24840C2F20000826892
:10A7700040F29441C2F200018A60806A8862FFE779
:10A78000FFE740F24840C2F2000090F8480001287C
:10A790002DD1FFE740F24840C2F2000090ED020ADE
:10A7A00090ED0A1A30EE010A40F2E851C2F20001BF
:10A7B00081ED090A90ED020A90ED0A1AB1EE400A05
:10A7C00030EE410A40F2A061C2F2000181ED090AB7
:10A7D00090ED040A90ED0C1AB1EE400A30EE410AF9
:10A7E00040F6A830C2F2000080ED090AFFE740F20F
:10A7F0004840C2F2000090F8480058BBFFE740F222
:10A800004840C2F2000090ED040A90ED0C1A30EEC0
:10A81000010A40F2E851C2F2000181ED090A90ED0F
:10A82000040A90ED0C1AB1EE400A30EE410A40F2F3
:10A83000A061C2F2000181ED090A90ED020A90EDDB
:10A840000A1A30EE010A40F6A830C2F2000080ED8C
:10A85000090AFFE740F24840C2F200000F9090ED75
:10A86000030AB1EE400A40F25871C2F2000181EDD4
:10A87000090AC16840F61002C2F20002516290ED6E
:10A88000071A90ED0F0A9FEDF42A20EE020A30EE2F
:10A89000010A9FEDF21A30EE010A40F66041C2F261
:10A8A000000181ED090A90ED061A90ED0D0A9FED69
:10A8B000EC2A20EE020A30EE410A40F68011C2F284
:10A8C000000181ED090A90ED051A90ED0E0A20EEC7
:10A8D000020A30EE010A40F6F021C2F2000181EDD9
:10A8E000090A006A40F23051C2F2000148629DF844
:10A8F0004200002840F09F80FFE740F2E858C2F293
:10A9000000084FF00009CDF83890C8F84090C8F81A
:10A910006C9040F2A067C2F20007C7F84090C7F8F9
:10A920006C9040F25876C2F20006C6F84090C6F825
:10A930006C9040F61005C2F20005C5F84090C5F8CD
:10A940006C9040F6A834C2F20004C4F84090C4F8F9
:10A950006C9040F6604EC2F2000ECEF84090CEF8F9
:10A960006C9040F6801CC2F2000CCCF86C9040F663
:10A97000F021C2F20001C1F86C9040F6C802C2F2A8
:10A980000002C2F86C9040F63823C2F20003C3F80C
:10A990006C9040F23050C2F20000C0F84090C0F815
:10A9A0006C9098ED050AB8EEC00A88ED090A97ED9B
:10A9B000050AB8EEC00A87ED090A96ED050AB8EE59
:10A9C000C00A86ED090A95ED050AB8EEC00A85EDC4
:10A9D000090A94ED050AB8EEC00A84ED090A9EED55
:10A9E000050AB8EEC00A8EED090A92ED050AB8EE26
:10A9F000C00A82ED090A93ED050AB8EEC00A83ED9C
:10AA0000090AD2F814E05C69A64400EE10EAB8EE38
:10AA1000C00A8CED090A52695B69D21A00EE102A4D
:10AA2000B8EEC00A81ED090A90ED050AB8EEC00A39
:10AA300080ED090AFFE740F25870C2F2000007906B
:10AA40004FF4FA5103910A220592FDF7A1FB0399F5
:10AA5000059A40F61000C2F200000890FDF798FB3E
:10AA6000059A40F2E850C2F20000099040F6C41185
:10AA70000491FDF78DFB0499059A40F2A060C2F2A3
:10AA800000000A90FDF784FB059A40F6A830C2F258
:10AA900000000B904FF47A61FDF77AFB059A40F6BF
:10AAA0006040C2F200000C9046F2A811FDF770FB66
:10AAB0000499059A40F23050C2F200000D90FDF763
:10AAC00067FB079890ED090A40F2A800C2F2000067
:10AAD0000690F5F7DDFF0698089991ED090A903088
:10AAE000F5F7D6FF0698099991ED090A00F59070DF
:10AAF000F5F7CEFF06980A9991ED090A00F5D8708E
:10AB0000F5F7C6FF06980B9991ED090A00F510704C
:10AB1000F5F7BEFF06980C9991ED090A00F534701F
:10AB2000F5F7B6FF0798FEF727F90898FEF724F91E
:10AB30000998FEF721F90A98FEF71EF90B98FEF71F
:10AB40001BF90C98FEF718F90D98FEF715F940F669
:10AB5000C800C2F20000416940F63822C2F2000289
:10AB60005369194400EE101AB8EEC00A40F21841B9
:10AB7000C2F2000181ED000A41695269891A00EEB2
:10AB8000101AB8EEC00A40F61851C2F2000181ED69
:10AB9000000AB0F90C0000EE100AB8EEC00AFDF78A
:10ABA0005BFDB2EE041AB4EE410AF1EE10FA2ADAB5
:10ABB000FFE740F6C800C2F20000B0F90E0000EE58
:10ABC000100AB8EEC00AFDF747FD9FED591AB4EE22
:10ABD000410AF1EE10FA15DDFFE740F21840C2F22B
:10ABE0000000006840F68011C2F20001486240F6A1
:10ABF0001850C2F20000006840F6F021C2F20001D5
:10AC00004862FFE7FFE740F63820C2F20000B0F9E3
:10AC10000C0000EE100AB8EEC00AFDF71DFDB2EE02
:10AC2000041AB4EE410AF1EE10FA31DAFFE740F609
:10AC30003820C2F20000B0F90E0000EE100AB8EEA3
:10AC4000C00AFDF709FD9FED3A1AB4EE410AF1EE94
:10AC500010FA1CDD06E000BF000038420030D64587
:10AC60000050D04540F21840C2F20000006840F6A3
:10AC70008011C2F20001486240F61850C2F2000092
:10AC8000006840F6F021C2F200014862FFE7FFE7EA
:10AC900040F68010C2F20000019090ED090A40F2E7
:10ACA0001841C2F20001D1ED000AF9F7E1FF40F6C8
:10ACB000F020C2F20000029090ED090A40F618510F
:10ACC000C2F20001D1ED000AF9F7D2FF0199029812
:10ACD00091ED220A90ED221A30EE010A40F6C800EA
:10ACE000C2F20000B0F90C1001EE101AF8EEC10A21
:10ACF000F9F7BEFF0199029891ED220A90ED221A10
:10AD000030EE410A40F63820C2F20000B0F90C10D3
:10AD100001EE101AF8EEC10AF9F7AAFF01208DF82A
:10AD20004300FFE79DF8430011B0BDE8F08300BF8A
:10AD300000803B4580B588B007900691079890F851
:10AD4000381001F00F00A0EB11108DF817000798D4
:10AD500090F8391001F00F00C0EB11108DF81600BB
:10AD6000079890ED040ABDEEC00A10EE100AADF887
:10AD70001400079890F83B1001F00F00A0EB1110A1
:10AD80008DF81300079890F83D1090F83E0000F001
:10AD90000F00C0EB11108DF81200079890F83B10CF
:10ADA00001F00F00A0EB11108DF81100079890F83A
:10ADB000381001F00F00A0EB11108DF8100007986B
:10ADC00090F8391001F00F00C0EB11108DF80F0052
:10ADD000079890ED0A0ABDEEC00A10EE100A8DF831
:10ADE0000E00079890F83D1090F83E0000F00F001C
:10ADF000C0EB11108DF80D00079890ED040ABDEE20
:10AE0000C00A10EE100A8DF80C00079890ED0A0A9F
:10AE1000BDEEC00A10EE100A8DF80B00079890F8EE
:10AE20004500C008C00750B1FFE706994FF44870CD
:10AE3000A1F846000699012081F8480017E006991C
:10AE400040F20E60A1F846000699002081F8480003
:10AE500040F21540C2F200000078012806DBFFE74F
:10AE6000069940F21450A1F84600FFE7FFE740F2D0
:10AE70001440C2F200000078002818DCFFE740F21E
:10AE80001540C2F200000078002810DCFFE740F215
:10AE90001640C2F200000078002808DCFFE740F20C
:10AEA0001740C2F20000007801280DDBFFE740F2F6
:10AEB0003201C2F200016420088040F22E01C2F289
:10AEC0000001322008700DE040F23201C2F20001B0
:10AED00040F23E30088040F22E01C2F20001BE2056
:10AEE0000870FFE7079890F83A100020B0EB111FA8
:10AEF0003DD1FFE7079890F83A0000F00F000128D5
:10AF000001D1FFE732E040F23000C2F200000088D9
:10AF10009DF9171048430699088040F23200C2F2AA
:10AF2000000000889DF9161048430699488040F2B9
:10AF30002E00C2F200000078BDF8141048430699B4
:10AF4000888040F22C00C2F2000000889DF81310A7
:10AF500048430699C87140F23400C2F200000088EC
:10AF60009DF81210484306998871FFE7FFE707989C
:10AF700090F83A100120B0EB111F11D1FFE70798AC
:10AF800090F83A0000F00F00012809D1FFE7079878
:10AF90000699FBF735FA07980699FAF739FCFFE7A7
:10AFA000079890F83A100120B0EB111F40F0A780ED
:10AFB000FFE7079890F83A0000F00F00012801D150
:10AFC000FFE790E040F23C00C2F2000000889DF9EB
:10AFD0001110484300EE100AB8EEC01A069890ED22
:10AFE000030A30EE010A80ED030A40F23800C2F293
:10AFF000000000889DF91010484300EE100AB8EEDA
:10B00000C01A069890ED020A30EE010A80ED020A9D
:10B0100040F21540C2F200000078022814D1FFE788
:10B0200040F23A00C2F2000000889DF91010484337
:10B0300000EE100AB8EEC01A069890ED020A30EE43
:10B04000010A80ED020AFFE740F24200C2F200006E
:10B0500000889DF90F10484300EE100AB8EEC01AA0
:10B06000069890ED040A30EE010A80ED040A40F2E1
:10B070003E00C2F2000000889DF90E10484300EE29
:10B08000100AB8EEC01A069890ED050A30EE010AD3
:10B0900080ED050A40F24000C2F2000000889DF9F0
:10B0A0000D10484300EE100AB8EEC01A069890ED55
:10B0B000060A30EE010A80ED060A40F24400C2F2B0
:10B0C000000090ED001A9DF90C0000EE100AB8EE99
:10B0D000C02A069890ED070A21EE021A30EE410AC6
:10B0E00080ED070AFFE7069900200880069948804E
:10B0F000069988800699C87106998871FFE740F221
:10B100003040C2F20000C07A01283DD1FFE741F291
:10B110000831C2F2000140F20230A1F8050000201F
:10B1200090BBFFE741F20830C2F20000D0F80F10E8
:10B13000069AD163D0F8071081F00041069A516356
:10B14000D0F80B10069A9163D0F8171001EE101A80
:10B15000069991ED0A0A30EE010A81ED0A0AD0F84B
:10B16000131001EE101A069991ED0C0A30EE010A47
:10B1700081ED0C0AC07E012805D1FFE70799002068
:10B1800081F83500FFE7FFE740F23040C2F20000EF
:10B19000C07AA8BBFFE741F20830C2F2000001907C
:10B1A0000021C0F80710C0F80B10C0F80F10C0F84D
:10B1B0001310C0F81710D0F80F10069AD163D0F80A
:10B1C000071081F00041069A5163D0F80B10069ADF
:10B1D0009163D0F8171001EE101A069991ED0A0A42
:10B1E00030EE010A81ED0A0AD0F8130001EE100AD0
:10B1F000069890ED0C0A30EE010A80ED0C0AFFE78C
:10B20000079890F83A0000F00F0001281BD1FFE7E3
:10B21000079890F83A100120B0EB111F01D1FFE719
:10B2200010E007980699FBF7FBFB07980699FAF7D9
:10B2300059FB07980699FAF707FE07980699FBF756
:10B2400057F9FFE7FFE7079890F83500069981F86E
:10B250002400079890F834100020B0EB111F14D090
:10B26000FFE79DF90B0040F23601C2F200010988A8
:10B27000484300EE100AB8EEC01A069890ED080A8E
:10B2800030EE010A80ED080AFFE708B080BD00003B
:10B2900080B586B0002004900590F7F721FAFDF7FD
:10B2A00081FFF9F755FEF9F7C3FDFAF725F8F9F72D
:10B2B0005DFDF9F783FDFAF74BF8F9F7A7FDF9F70C
:10B2C00039FFF9F79DFFF9F719FFF9F7CBFFF9F708
:10B2D0004DFFF9F7F1FFA820F5F78CFBF5F71EFA03
:10B2E00041F23C00C2F20000F8F768F940F61C7029
:10B2F000C2F20000F8F762F940F66470C2F2000092
:10B30000F8F75CF9049940F6AC70C2F200000090C6
:10B31000F8F724FD009804210391F8F71FFD40F68B
:10B320000040C4F2020002904FF4806101220192B9
:10B33000F7F7AAF90298049A4FF48051F7F7A4F9A5
:10B34000019A02984FF40051F7F79EF90298049A77
:10B350004FF40041F7F798F9019A40F60000C4F263
:10B3600002004FF40061F7F78FF902980399049AED
:10B37000F7F78AF940F24841C2F2000140F2EE20AC
:10B38000A1F8440040F20E60A1F84600F9F79CFDD8
:10B3900000F02AF8FFE7FEE782B0ADF806000020D3
:10B3A0000090BDF90600842807D0FFE7BDF906002C
:10B3B0000099084403300090FFE7009802B07047FE
:10B3C00080B584B0039003980290029818B1FFE70B
:10B3D0000298019002E001200190FFE7019801F03E
:10B3E0000BFB002004B080BD80B501F0A3FB002062
:10B3F00080BD0000B0B590B00E900D910E984069E0
:10B4000038B3FFE70E98806918B3FFE70E9801681C
:10B41000089141680B91016909910D990A91B0F960
:10B420000800FFF7B9FF0899099A0A9B84460B9810
:10B43000DDF838E0DEF81440DEF81850EE46CEF8BD
:10B440000850CEF80440CEF800C002F03DF90C9050
:10B4500020E00E980168049141680791018A0591E6
:10B460000D990691B0F90800FFF796FF0499059A27
:10B47000069B84460798EE460CACCEF80440CEF806
:10B4800000C002F0D1F8012803D0FFE700200F90A0
:10B4900003E0FFE70C980F90FFE70F9810B0B0BDE6
:10B4A00080B584B00390029142F6CC00C2F2000055
:10B4B0000068009041F26020C2F200000068043091
:10B4C00001F052F888B9FFE741F26020C2F20000B3
:10B4D0000068C16A012000FA01F242F27051C2F222
:10B4E000000108689043086000E0FFE7039801301E
:10B4F00080B9FFE7029868B1FFE741F26020C2F22D
:10B5000000000068011D42F6A400C2F2000001F034
:10B51000D1F83DE00098039908440190019841F268
:10B520006021C2F2000109684860019800998842D0
:10B530000ED2FFE741F27020C2F20000006841F233
:10B540006021C2F200010968043101F07DF81EE0BB
:10B5500041F26820C2F20000006841F26021C2F2AC
:10B5600000010968043101F06FF8019842F63001DA
:10B57000C2F200010968884207D2FFE7019842F64B
:10B580003001C2F20001086000E0FFE7FFE7FFE7DB
:10B5900004B080BD80B582B0019001F0B3F842F2F2
:10B5A0006051C2F2000108680130086041F2602079
:10B5B000C2F20000006898B9FFE7019841F26021EB
:10B5C000C2F20001086042F26050C2F2000000685E
:10B5D000012803D1FFE700F0F1FA00E0FFE71CE0EB
:10B5E00042F69800C2F200000068A0B9FFE741F2FD
:10B5F0006020C2F200000068C06A0199C96A8842EE
:10B6000007D8FFE7019841F26021C2F2000108600B
:10B6100000E0FFE700E0FFE7FFE742F26C50C2F214
:10B6200000000168013101600068019948640198D7
:10B63000C16A012000FA01F242F27051C2F2000127
:10B640000868104308600199C86A00EB800241F263
:10B650007820C2F2000000EB8200043101F02AF8E9
:10B6600001F07CF842F69800C2F200000068C8B110
:10B67000FFE741F26020C2F200000068C06A019951
:10B68000C96A88420CD2FFE74EF60451CEF200019F
:10B690004FF080500860BFF34F8FBFF36F8F00E013
:10B6A000FFE700E0FFE702B080BD000080B584B096
:10B6B00001F028F842F6D000C2F20000006800282D
:10B6C00040D1FFE742F27450C2F20000029000F055
:10B6D0009BFF42F28850C2F20000039000F094FFFA
:10B6E0000299039841F26422C2F20002116041F211
:10B6F0007421C2F20001086069460020086041F22E
:10B700009412C2F2000241F20C23C2F200030A209A
:10B710000C2101F093FB014642F6D000C2F200007A
:10B720000160006860B1FFE742F6D000C2F200009D
:10B7300000684DF6DD71C0F6000101F001F900E08E
:10B74000FFE700E0FFE701F009F804B080BD00006A
:10B7500080B582B0FFE742F26450C2F20000006898
:10B7600008B3FFE700F0CEFF42F6B800C2F20000D7
:10B77000C068C06801900198043000F0F5FE42F204
:10B780006051C2F2000108680138086042F2645159
:10B79000C2F2000108680138086000F0DFFF01987C
:10B7A00000F08CF8D7E702B080BD000080B582B011
:10B7B000019000910198006CB8B1FFE70199C86849
:10B7C0000A6C1044C86001988168C068884204D33C
:10B7D000FFE701990868C86000E0FFE70098019A58
:10B7E000D168126CF4F72FFDFFE702B080BD0000B6
:10B7F00080B586B0059004910392002002900598D0
:10B80000806B01900598006C78B9FFE70598006897
:10B8100048B9FFE70598806802F0C0F802900599E2
:10B820000020886000E0FFE741E00398B8B9FFE737
:10B83000059A04995068126CF4F705FD059948685B
:10B840000A6C10444860059948688968884204D3A6
:10B85000FFE705990868486000E0FFE726E0059AE1
:10B860000499D068126CF4F7EEFC0599C8680A6C6C
:10B87000801AC86005980168C068884206D2FFE750
:10B88000059988680A6C801AC86000E0FFE7039891
:10B89000022809D1FFE7019820B1FFE7019801389C
:10B8A000019000E0FFE700E0FFE7FFE7FFE7019816
:10B8B000013005998863029806B080BD80B582B0DA
:10B8C0000090009890F8590040B9FFE70098006B8D
:10B8D00000F06AFF009800F067FF1CE0009890F805
:10B8E0005900012804D1FFE7009800F05DFF11E046
:10B8F000009890F8590002280BD0FFE74FF0500055
:10B9000080F31188BFF36F8FBFF34F8F0190FFE774
:10B91000FEE7FFE7FFE702B080BD000082B00190C4
:10B9200041F26420C2F2000000680068B0FA80F0C2
:10B930004009019908600198006848B9FFE741F2A1
:10B940006420C2F200000068C0680068009002E055
:10B9500000200090FFE7009802B0704784B04FF4D9
:10B960009050009041F25630C2F2000001909DF8D4
:10B970000400400788B1FFE7019807300190019863
:10B9800020F007000190019A41F25631C2F2000105
:10B990000098891A08440090FFE7019802900299E4
:10B9A00042F69C00C2F20000016000214160029852
:10B9B000009A10440190019808380190019820F0F5
:10B9C00007000190019A41F26C20C2F2000002606F
:10B9D0000268516002681160029903910199039A0B
:10B9E000891A51600068039908600398406842F61C
:10B9F0002C01C2F2000108600398406842F2C8516D
:10BA0000C2F20001086042F29C51C2F200014FF004
:10BA10000040086004B0704780B582B00190FFE735
:10BA2000FFF796FE41F27820C2F20000006802287B
:10BA30000CD3FFE74EF60451CEF200014FF08050D8
:10BA40000860BFF34F8FBFF36F8F00E0FFE7E7E7BA
:10BA500080B584B0DDF818C00390029101928DF892
:10BA60000330029818B9FFE70698006003E00198D8
:10BA700006990860FFE703980699C863029806993B
:10BA800008640698012101F061FA9DF80300069907
:10BA900081F84C0004B080BD80B588B0DDF834C0BA
:10BAA000DDF830C0DDF82CC0DDF828C00690059127
:10BAB000049203930C98006B04998900A522F4F773
:10BAC000D4FB0C98006B049900EB810004380290C1
:10BAD000029820F0070002909DF80800400758B136
:10BAE000FFE74FF0500080F31188BFF36F8FBFF373
:10BAF0004F8F0790FFE7FEE70598F8B1FFE70020BA
:10BB00000190FFE701980F2813D8FFE70598019AE5
:10BB1000805C0C99114481F8340005980199405CCF
:10BB200008B9FFE705E0FFE7FFE701980130019062
:10BB3000E8E70C99002081F8430004E00C9900200C
:10BB400081F83400FFE70A98072803D3FFE70620AF
:10BB50000A9000E0FFE70A980C99C8620A980C99CD
:10BB6000C8640C990020009008650C98043000F01F
:10BB700063FD0C98183000F05FFD00980C99096186
:10BB80000A99C1F107010C9A91610C9949620C99CB
:10BB900048650C9981F8580002980699039A00F0BC
:10BBA000B3FC0C9908600B9820B1FFE70C980B9937
:10BBB000086000E0FFE708B080BD000080B584B0F9
:10BBC00000200390FFE70398062810D8FFE70398AA
:10BBD00000EB800141F27820C2F2000000EB81000E
:10BBE00000F012FDFFE7039801300390EBE742F20B
:10BBF000A050C2F20000019000F006FD42F2B450E5
:10BC0000C2F20000029000F0FFFC42F64400C2F2D3
:10BC1000000000F0F9FC42F6B800C2F2000000F0AB
:10BC2000F3FC42F6A400C2F2000000F0EDFC019922
:10BC3000029841F26822C2F20002116041F27021C2
:10BC4000C2F20001086004B080BD000083B0029021
:10BC500042F69C00C2F200000190FFE701980068E4
:10BC60000299884205D2FFE7FFE70198006801903A
:10BC7000F4E70198009000980199496808440299F6
:10BC8000884209D1FFE70298426801994868104448
:10BC900048600198029000E0FFE702980090009849
:10BCA00002994968084401990968884220D1FFE750
:10BCB0000198006841F26C21C2F2000109688842D3
:10BCC0000DD0FFE701980068426802994868104467
:10BCD00048600198006800680299086007E041F236
:10BCE0006C20C2F20000006802990860FFE704E0DF
:10BCF0000198006802990860FFE70198029988425C
:10BD000004D0FFE702980199086000E0FFE703B064
:10BD10007047000080B586B00590049103920293AD
:10BD200000200190049805994860059800610498E6
:10BD30000399884216D8FFE703980299401A05999B
:10BD40008969884203D3FFE70120019009E041F2AD
:10BD50007420C2F2000000680599043100F074FC00
:10BD6000FFE717E003980299884208D2FFE704989A
:10BD70000299884203D3FFE70120019009E041F2D4
:10BD80006420C2F2000000680599043100F05CFCF8
:10BD9000FFE7FFE7019806B080BD000080B582B0E4
:10BDA000019000F0AFFC0198806B18B9FFE701200B
:10BDB000009002E000200090FFE700F0CFFC009828
:10BDC00002B080BD80B582B0019000F09BFC01986C
:10BDD000806B0199C96B884203D1FFE70120009075
:10BDE00002E000200090FFE700F0B8FC009802B0ED
:10BDF00080BD000008480068006880F308884FF0A4
:10BE0000000080F3148862B661B6BFF34F8FBFF3B2
:10BE10006F8F00DF00BF000008ED00E080B586B046
:10BE20000490039141F26420C2F200000068C068EF
:10BE3000C06801900198043000F096FB019890F8DA
:10BE400028004007002823D5FFE70198049B81695B
:10BE50001944039AFFF75EFFC0B1FFE70198049A07
:10BE6000694600230B60194601F08CFF029002988E
:10BE700058B9FFE74FF0500080F31188BFF36F8F80
:10BE8000BFF34F8F0590FFE7FEE700E0FFE707E015
:10BE9000019991F8280000F0FE0081F82800FFE7E2
:10BEA0000198016A884706B080BD000080B58CB05B
:10BEB000FFE742F6D000C2F20000006807A90022A6
:10BEC00001F05EFA002800F09B80FFE70798002849
:10BED00000F19580FFE7099806900698406928B11F
:10BEE000FFE70698043000F03FFB00E0FFE705A8FD
:10BEF00000F0FAF8039007980290092800F27D807C
:10BF00000299DFE801F00505053D456605053D455B
:10BF1000069991F8280040F0010081F82800069861
:10BF2000089B81691944039AFFF7F4FE30B3FFE7D9
:10BF30000698016A8847069890F82800400700286C
:10BF40001AD5FFE70698089982690A4469460023D2
:10BF50000B60194601F016FF0490049858B9FFE7EA
:10BF60004FF0500080F31188BFF36F8FBFF34F8FF6
:10BF70000B90FFE7FEE700E0FFE700E0FFE73DE0B2
:10BF8000069991F8280000F0FE0081F8280035E0BD
:10BF9000069991F8280040F0010081F828000898DF
:10BFA000069988610698806958B9FFE74FF05000FC
:10BFB00080F31188BFF36F8FBFF34F8F0A90FFE7B5
:10BFC000FEE70698039B816919441A46FFF7A2FE13
:10BFD00014E0069890F828008007002804D4FFE7B2
:10BFE000069800F0E1FB07E0069991F8280000F0C0
:10BFF000FE0081F82800FFE700E0FFE7FFE758E7D1
:10C000000CB080BD80B584B00390029100F002FEB8
:10C01000684600F069F801900098D8BBFFE70298E5
:10C0200060B9FFE703980199884207D8FFE701F05C
:10C03000A3FD03980199FFF7F1FE2AE0029858B199
:10C04000FFE741F27420C2F2000000680068B0FA15
:10C0500080F040090290FFE742F6D000C2F20000F3
:10C0600000680399019A891A029A00F093FC01F082
:10C0700083FD60B9FFE74EF60451CEF200014FF0A8
:10C0800080500860BFF34F8FBFF36F8F00E0FFE772
:10C09000FFE702E001F070FDFFE704B080BD0000A3
:10C0A00081B041F26820C2F200000068006840B927
:10C0B000FFE742F63001C2F200014FF0FF300860A6
:10C0C0000FE041F26820C2F200000068C068C0685A
:10C0D00000900098406842F63001C2F2000108600A
:10C0E000FFE701B07047000080B582B0019001F019
:10C0F0006FFB0090009841F25C21C2F200010968D8
:10C10000884206D2FFE700F011F80199012008608B
:10C1100003E0019900200860FFE7009841F25C21EC
:10C12000C2F200010860009802B080BD80B588B0FE
:10C13000FFE741F26420C2F20000006800680028B6
:10C140004ED0FFE741F26420C2F200000168C968E6
:10C15000096806910068C068C068039003980430BD
:10C1600000F002FA0398016A8847039890F82800C3
:10C170004007002832D5FFE70698039989690844EB
:10C1800005900598069988420FD9FFE7059803990D
:10C1900048600398006141F26420C2F20000006828
:10C1A0000399043100F050FA17E00398069A6946A3
:10C1B00000230B60194601F0E5FD0290029858B982
:10C1C000FFE74FF0500080F31188BFF36F8FBFF38C
:10C1D0004F8F0790FFE7FEE7FFE700E0FFE7A8E7E4
:10C1E00041F26422C2F200021068049041F274210C
:10C1F000C2F20001086810600498086008B080BDB1
:10C2000083B00020009040F25000C2F200000068AD
:10C21000013058B1FFE74FF0500080F31188BFF3B1
:10C220006F8FBFF34F8F0290FFE7FEE74FF0500094
:10C2300080F31188BFF36F8FBFF34F8F0190FFE73B
:10C24000009808B9FFE7FBE703B0704780B584B0FA
:10C250000390FFE701A8FFF761FB029002980199A4
:10C26000FFF7D0FEFFF722FEF4E7000080B582B0B2
:10C27000019000F047FA019890F845008DF803000E
:10C28000FFE79DF90300012816DBFFE70198406AEC
:10C2900058B1FFE70198243001F00CFC18B1FFE71A
:10C2A00000F0F4FB00E0FFE700E005E09DF803008C
:10C2B00001388DF80300E4E70199FF2081F845007B
:10C2C00000F04CFA00F01EFA019890F844008DF846
:10C2D0000200FFE79DF90200012816DBFFE7019845
:10C2E000006980B1FFE70198103001F0E3FB18B15D
:10C2F000FFE700F0CBFB00E0FFE79DF8020001380C
:10C300008DF8020000E000E0E4E70199FF2081F8E9
:10C31000440000F023FA02B080BD000080B58AB06E
:10C3200006900020029000F075FC41F26C20C2F2F1
:10C330000000006818B9FFE7FFF710FB00E0FFE717
:10C34000069842F29C51C2F200010968084240F08E
:10C35000C580FFE7069800B3FFE70698083006900F
:10C360009DF818004007B0B1FFE7069820F00700DD
:10C37000083006909DF81800400758B1FFE74FF0CD
:10C38000500080F31188BFF36F8FBFF34F8F099078
:10C39000FFE7FEE700E0FFE700E0FFE70698002880
:10C3A00000F09A80FFE7069842F2C851C2F20001FD
:10C3B0000968884200F29080FFE742F69C00C2F2D2
:10C3C0000000049000680590FFE705984168069A10
:10C3D00000209142019007D2FFE7059800680028ED
:10C3E00018BF01200190FFE70198C00730B1FFE7B7
:10C3F00005980490059800680590E6E7059841F2D5
:10C400006C21C2F200010968884263D0FFE70498FA
:10C410000068083002900598006804990860059843
:10C4200040680699401A112821D3FFE7059806991C
:10C43000084403909DF80C00400758B1FFE74FF007
:10C44000500080F31188BFF36F8FBFF34F8F0890B8
:10C45000FFE7FEE7059840680699401A039948608F
:10C460000698059948600398FFF7F0FB00E0FFE7A6
:10C470000598426842F2C850C2F200000168891A69
:10C480000160006842F62C01C2F20001096888428E
:10C490000BD2FFE742F2C850C2F20000006842F639
:10C4A0002C01C2F20001086000E0FFE742F29C505C
:10C4B000C2F2000002680599486810434860059977
:10C4C0000020086042F63801C2F20001086801301D
:10C4D000086000E0FFE700E0FFE700E0FFE701F0B1
:10C4E0004BFB9DF80800400758B1FFE74FF05000A4
:10C4F00080F31188BFF36F8FBFF34F8F0790FFE773
:10C50000FEE702980AB080BD83B0029001910092CC
:10C5100002980438029002994FF0807008600298E7
:10C5200004380290019820F00100029908600298F6
:10C530000438029002994CF20120C0F60000086015
:10C540000298143802900098029908600298043802
:10C55000029002996FF00200086002982038029061
:10C56000029803B07047000082B001900198006902
:10C5700000900198416880688860019948688968DE
:10C580004860009840680199884205D1FFE701980A
:10C5900080680099486000E0FFE701990020086189
:10C5A00000990868013808600098006802B0704778
:10C5B00083B0029001910092029942F2D070C2F2CF
:10C5C00000000860019942F2CC50C2F200000860FD
:10C5D00000998020086003B07047000083B002908B
:10C5E00001910092029942F6D840C2F20000086020
:10C5F000019942F6D400C2F20000086000994FF49D
:10C600008070086003B0704781B00090009901F11C
:10C610000800486000994FF0FF308860009901F1F0
:10C620000800C860009901F1080008610099002025
:10C63000086001B07047000081B0009000990020B0
:10C64000086101B07047000084B003900291029825
:10C65000006800900098013020B9FFE70398006956
:10C66000019010E0039808300190FFE701984068BE
:10C6700000680099884205D8FFE7FFE70198406805
:10C680000190F3E7FFE7019840680299486002983B
:10C690004168886001980299886002980199486011
:10C6A000039802990861039908680130086004B092
:10C6B0007047000083B0029001910298406800909A
:10C6C00000980199486000988068019988600198F5
:10C6D00000998968486001980099886002980199DA
:10C6E0000861029908680130086003B070470000D3
:10C6F000DFF80C00016841F4700101607047000030
:10C7000088ED00E082B04FF0500080F31188BFF355
:10C710006F8FBFF34F8F019040F25000C2F20000C4
:10C720000168013101600068012814D1FFE74EF66D
:10C730000450CEF200000068000658B1FFE74FF049
:10C74000500080F31188BFF36F8FBFF34F8F0090BD
:10C75000FFE7FEE7FFE702B07047000082B040F25B
:10C760005000C2F20000006858B9FFE74FF05000D7
:10C7700080F31188BFF36F8FBFF34F8F0090FFE7F7
:10C78000FEE740F25000C2F200000168013901608A
:10C79000006830B9FFE700200190019880F311880C
:10C7A000FFE702B07047000080B586B003900398A1
:10C7B0000290039800285CD0FFE7029808380290A6
:10C7C000029801900198406842F29C51C2F2000127
:10C7D000096808420BD1FFE74FF0500080F3118841
:10C7E000BFF36F8FBFF34F8F0590FFE7FEE7019810
:10C7F000006858B1FFE74FF0500080F31188BFF395
:10C800006F8FBFF34F8F0490FFE7FEE701984068FA
:10C8100042F29C51C2F200010968084227D0FFE7AA
:10C820000198006808BBFFE742F29C50C2F200008A
:10C830000268019948689043486000F0EBF901985C
:10C84000426842F2C851C2F2000108681044086010
:10C850000198FFF7FBF942F63C01C2F200010868BB
:10C860000130086001F088F900E0FFE700E0FFE731
:10C87000FFE706B080BD00004EF21001CEF20001CD
:10C88000002008604EF21802CEF20002106040F262
:10C890002800C2F20000006844F6D352C1F26202DE
:10C8A000A0FB02024FF0FF3000EB92104EF2140298
:10C8B000CEF20002106007200860704784B0EFF3EA
:10C8C00005800190019810281ED3FFE701984EF2D1
:10C8D000F031CEF20001405C8DF803009DF80300BA
:10C8E00042F25651C2F20001097888420BDAFFE7A2
:10C8F0004FF0500080F31188BFF36F8FBFF34F8F5D
:10C900000390FFE7FEE7FFE74EF60C50CEF2000083
:10C91000006800F4E06042F25851C2F20001096878
:10C9200088420BD9FFE74FF0500080F31188BFF326
:10C930006F8FBFF34F8F0290FFE7FEE704B07047A1
:10C9400083B00290019100200090FFE70098072833
:10C950001DD8FFE7009942F65800C2F2000050F8D7
:10C96000310070B9FFE70198009A42F65801C2F20F
:10C97000000141F832000298009A01EBC2014860C0
:10C9800005E0FFE7FFE7009801300090DEE703B025
:10C990007047000080B584B0039002910192039823
:10C9A0000090FFF7AFFE009890F94400013028B9DD
:10C9B000FFE70099002081F84400FFE7009890F914
:10C9C0004500013028B9FFE70099002081F84500B3
:10C9D000FFE7FFF7C3FE0098806B38B9FFE70098C8
:10C9E00024300299019A00F07BF800E0FFE70098FC
:10C9F000FFF73CFC04B080BD80B584B002900020FD
:10CA000001900298E0B1FFE742F26850C2F20000E4
:10CA1000006858B1FFE74FF0500080F31188BFF372
:10CA20006F8FBFF34F8F0390FFE7FEE700F0F2F840
:10CA300002980021FEF734FD01F09EF8019000E01D
:10CA4000FFE7019860B9FFE74EF60451CEF200010E
:10CA50004FF080500860BFF34F8FBFF36F8F00E03F
:10CA6000FFE704B080BD000081B0009042F63400C2
:10CA7000C2F2000000680099086042F6CC00C2F2E1
:10CA8000000000680099486001B0704742F63451D8
:10CA9000C2F20001012008607047000080B584B038
:10CAA00002900191029858B9FFE74FF0500080F3CF
:10CAB0001188BFF36F8FBFF34F8F0390FFE7FEE73F
:10CAC000029841F26021C2F2000109681831FFF7B3
:10CAD000BBFD01980121FEF7E3FC04B080BD00001E
:10CAE00080B584B0029001910092029858B9FFE796
:10CAF0004FF0500080F31188BFF36F8FBFF34F8F5B
:10CB00000390FFE7FEE7029841F26021C2F20001C4
:10CB100009681831FFF7CEFD009820B1FFE74FF00C
:10CB2000FF300190FFE701980099FEF7B9FC04B0CF
:10CB300080BD000080B58AB000200390069005906B
:10CB400006A805A904AAFFF733FD039B049A0599DB
:10CB5000DDF818C06846C0F808C0416003604BF6B5
:10CB60001920C0F600004DF6D871C0F6000100F0A3
:10CB7000ABFD014642F2CC70C2F2000001600068D9
:10CB800018B1FFE70120079002E000200790FFE7BF
:10CB90000798012804D1FFE701F0AAF8079000E008
:10CBA000FFE70798012823D1FFE74FF0500080F3FB
:10CBB0001188BFF36F8FBFF34F8F099042F630019A
:10CBC000C2F200014FF0FF30086042F69801C2F255
:10CBD00000010120086042F6CC01C2F200010020F1
:10CBE000086000F07FF808B1FFE700E0FFE70FE022
:10CBF0000798013058B9FFE74FF0500080F31188D3
:10CC0000BFF36F8FBFF34F8F0890FFE7FEE7FFE79B
:10CC10000AB080BD42F26851C2F2000108680130DA
:10CC20000860704785B042F26850C2F200000068A8
:10CC300038B1FFE742F63451C2F20001012008602A
:10CC40004DE042F63451C2F200010020086042F289
:10CC50007050C2F20000006804900498B0FA80F0AE
:10CC60008DF80F009DF80F00C0F11F000190019892
:10CC700000EB800141F27820C2F2000050F8210060
:10CC800058B9FFE74FF0500080F31188BFF36F8F62
:10CC9000BFF34F8F0290FFE7FEE7019800EB8001A2
:10CCA00041F27820C2F2000000EB81000090009970
:10CCB000486840684860009948680831884205D152
:10CCC000FFE70099486840684860FFE700984068BF
:10CCD000C06841F26021C2F200010860FFE705B0C0
:10CCE0007047000080B588B04EF60050CEF20000CC
:10CCF00000684CF27121C4F20F1188420BD1FFE79A
:10CD00004FF0500080F31188BFF36F8FBFF34F8F48
:10CD10000790FFE7FEE74EF60050CEF200000068F5
:10CD20004CF27021C4F20F1188420BD1FFE74FF093
:10CD3000500080F31188BFF36F8FBFF34F8F0690C1
:10CD4000FFE7FEE74EF20040CEF2000003900178CC
:10CD50000491FF21017000788DF80B009DF80B0005
:10CD600000F0500042F25651C2F20001087042F247
:10CD70005851C2F2000107200860FFE79DF80B0040
:10CD8000000600280DD5FFE742F25851C2F200011B
:10CD90000868013808609DF80B0040008DF80B0012
:10CDA000ECE742F25850C2F20000006803280BD0B2
:10CDB000FFE74FF0500080F31188BFF36F8FBFF390
:10CDC0004F8F0590FFE7FEE742F25851C2F2000193
:10CDD000086800020860086800F4E06008600498D1
:10CDE0004EF20041CEF2000108704EF62051CEF214
:10CDF0000001086840F470000860086840F0704066
:10CE00000860FFF739FD40F25001C2F20001002036
:10CE100001900860FFF76CFC4EF63471CEF2000111
:10CE2000086840F040400860FEF7E4FFFFF7FAFEB4
:10CE3000FFF7E6F9019808B080BD000080B590B01A
:10CE400084461298CDF828C00991089207938DF86E
:10CE50001B000A9858B9FFE74FF0500080F3118883
:10CE6000BFF36F8FBFF34F8F0F90FFE7FEE7079879
:10CE700058B9FFE74FF0500080F31188BFF36F8F70
:10CE8000BFF34F8F0E90FFE7FEE708990020039055
:10CE900031B1FFE70998B0FA80F040090390FFE74D
:10CEA0000398C00758B1FFE74FF0500080F3118896
:10CEB000BFF36F8FBFF34F8F0D90FFE7FEE7089929
:10CEC0000020029031B9FFE70998002818BF01201F
:10CED0000290FFE70298C00758B1FFE74FF05000FB
:10CEE00080F31188BFF36F8FBFF34F8F0C90FFE774
:10CEF000FEE750200490049850280BD0FFE74FF035
:10CF0000500080F31188BFF36F8FBFF34F8F0B90EA
:10CF1000FFE7FEE7049807980590059888B1FFE7BA
:10CF20000599012081F846000A980999089A9DF808
:10CF30001B30DDF814C0EE46CEF800C0FEF788FDC9
:10CF400000E0FFE7059810B080BD000080B584B018
:10CF50000290019102980090009858B9FFE74FF0B5
:10CF6000500080F31188BFF36F8FBFF34F8F039092
:10CF7000FFE7FEE7FFF7C6FB00990B68C86B0A6C7A
:10CF800000FB0230886000990020886300990868DF
:10CF9000486000990B68C86B0A6C013800FB0230CE
:10CFA000C8600099FF2081F84400009981F845008D
:10CFB0000198D0B9FFE700980069A0B1FFE7009899
:10CFC000103000F077FD60B1FFE74EF60451CEF26D
:10CFD00000014FF080500860BFF34F8FBFF36F8F99
:10CFE00000E0FFE700E0FFE708E000981030FFF7FF
:10CFF0000BFB00982430FFF707FBFFE7FFF7AEFBC2
:10D00000012004B080BD000080B592B00C900B915F
:10D010000A920993002008900C980490049858B93B
:10D02000FFE74FF0500080F31188BFF36F8FBFF31D
:10D030004F8F1190FFE7FEE70B990020039039B95D
:10D04000FFE70498006C002818BF01200390FFE759
:10D050000398C00758B1FFE74FF0500080F31188E4
:10D06000BFF36F8FBFF34F8F1090FFE7FEE7099973
:10D0700000200229029007D1FFE70498C06B013815
:10D0800018BF01200290FFE70298C00758B1FFE7E0
:10D090004FF0500080F31188BFF36F8FBFF34F8FB5
:10D0A0000F90FFE7FEE700F077FB014600200190BC
:10D0B00031B9FFE70A98002818BF01200190FFE767
:10D0C0000198C00758B1FFE74FF0500080F3118876
:10D0D000BFF36F8FBFF34F8F0E90FFE7FEE7FFE7C1
:10D0E000FFF710FB0498806B0499C96B884204D346
:10D0F000FFE70998022834D1FFE704980B99099AB1
:10D10000FEF776FB07900498406AA0B1FFE7049809
:10D11000243000F0CFFC60B1FFE74EF60451CEF2B0
:10D1200000014FF080500860BFF34F8FBFF36F8F47
:10D1300000E0FFE710E0079860B1FFE74EF604510A
:10D14000CEF200014FF080500860BFF34F8FBFF365
:10D150006F8F00E0FFE7FFE7FFF700FB01200D9076
:10D1600065E00A9828B9FFE7FFF7F8FA00200D906C
:10D170005DE0089830B9FFE705A8FFF775FC0120CE
:10D18000089000E0FFE7FFE7FFE7FFF7E7FAFFF7A8
:10D1900041FDFFF7B7FA049890F94400013028B92F
:10D1A000FFE70499002081F84400FFE7049890F914
:10D1B0004500013028B9FFE70499002081F84500B7
:10D1C000FFE7FFF7CBFA05A80AA900F0C7F928BBCB
:10D1D000FFE70498FEF7F6FDC8B1FFE704981030AA
:10D1E0000A99FFF75BFC0498FFF740F800F0C4FCD5
:10D1F00060B9FFE74EF60451CEF200014FF08050C7
:10D200000860BFF34F8FBFF36F8FFFE705E004980F
:10D21000FFF72CF800F0B0FCFFE707E00498FFF7F9
:10D2200025F800F0A9FC00200D9000E058E70D98CB
:10D2300012B080BD80B592B00B900A91099208930C
:10D240000B980590059858B9FFE74FF0500080F310
:10D250001188BFF36F8FBFF34F8F0E90FFE7FEE78C
:10D260000A990020029039B9FFE70598006C002860
:10D2700018BF01200290FFE70298C00758B1FFE7EE
:10D280004FF0500080F31188BFF36F8FBFF34F8FC3
:10D290000D90FFE7FEE7089900200229019007D1D1
:10D2A000FFE70598C06B013818BF01200190FFE728
:10D2B0000198C00758B1FFE74FF0500080F3118884
:10D2C000BFF36F8FBFF34F8F0C90FFE7FEE7FFF7C1
:10D2D000F5FAEFF311814FF0500080F31188BFF39E
:10D2E0006F8FBFF34F8F10910F9010980690059895
:10D2F000806B0599C96B884204D3FFE70898022820
:10D3000033D1FFE7059890F845008DF81300059894
:10D31000806B039005980A99089AFEF769FA9DF9BF
:10D3200013000130B8B9FFE70598406A88B1FFE7FC
:10D330000598243000F0BEFB48B1FFE7099820B102
:10D34000FFE709990120086000E0FFE700E0FFE740
:10D3500000E0FFE706E09DF813000130059981F831
:10D360004500FFE70120079002E000200790FFE75B
:10D3700006981190119880F31188079812B080BD1B
:10D3800080B58EB009900891079200200690099808
:10D390000390039858B9FFE74FF0500080F31188CD
:10D3A000BFF36F8FBFF34F8F0D90FFE7FEE7089934
:10D3B0000020019039B9FFE70398006C002818BFDE
:10D3C00001200190FFE70198C00758B1FFE74FF037
:10D3D000500080F31188BFF36F8FBFF34F8F0C9015
:10D3E000FFE7FEE700F0D8F901460020009031B9D0
:10D3F000FFE70798002818BF01200090FFE700987A
:10D40000C00758B1FFE74FF0500080F31188BFF319
:10D410006F8FBFF34F8F0B90FFE7FEE7FFE7FFF73C
:10D4200071F90398806B0290029830B3FFE703987C
:10D430000899FEF7BBF902980138039988630398AD
:10D440000069A0B1FFE70398103000F033FB60B132
:10D45000FFE74EF60451CEF200014FF08050086015
:10D46000BFF34F8FBFF36F8F00E0FFE700E0FFE7F0
:10D47000FFF774F901200A906DE0079828B9FFE7DB
:10D48000FFF76CF900200A9065E0069830B9FFE7D5
:10D4900004A8FFF7E9FA0120069000E0FFE7FFE7A4
:10D4A000FFE7FFF75BF9FFF7B5FBFFF72BF90398F1
:10D4B00090F94400013028B9FFE70399002081F872
:10D4C0004400FFE7039890F94500013028B9FFE7D1
:10D4D0000399002081F84500FFE7FFF73FF904A812
:10D4E00007A900F03BF830BBFFE70398FEF756FCB6
:10D4F000D0B1FFE7039824300799FFF7CFFA0398DC
:10D50000FEF7B4FE00F038FB60B9FFE74EF60451B9
:10D51000CEF200014FF080500860BFF34F8FBFF391
:10D520006F8F00E0FFE705E00398FEF79FFE00F035
:10D5300023FBFFE70EE00398FEF798FE00F01CFBCC
:10D540000398FEF72BFC18B1FFE700200A9002E0D9
:10D55000FFE7FFE763E70A980EB080BD80B588B0AB
:10D5600005900491059858B9FFE74FF0500080F3FB
:10D570001188BFF36F8FBFF34F8F0790FFE7FEE770
:10D58000049858B9FFE74FF0500080F31188BFF3BB
:10D590006F8FBFF34F8F0690FFE7FEE7FFF7B2F8FC
:10D5A00042F6CC00C2F20000006802900298059991
:10D5B0004968401A019004980068013018B9FFE7E3
:10D5C000002003902BE042F63400C2F20000006815
:10D5D00005990968884209D0FFE7029805994968CA
:10D5E000884203D3FFE70120039017E001980499D4
:10D5F000096888420BD2FFE7019A04990868801AEB
:10D6000008600598FFF730FA0020039005E00499C0
:10D610000020086001200390FFE7FFE7FFE7FFF726
:10D620009DF8039808B080BD70B58CB0DDF844C09B
:10D63000DDF840C00B900A91ADF826200893BDF8A4
:10D6400026008000FEF76AFE0590059880B1FFE78E
:10D650005C20FEF763FE0790079820B1FFE705986E
:10D660000799086303E00598FFF79EF8FFE702E0DB
:10D6700000200790FFE70798F0B1FFE70798002622
:10D6800080F859600B980A99BDF82620089BDDF8B0
:10D6900040C0119C079DEE46CEF80C60CEF80850B5
:10D6A000CEF80440CEF800C0FEF7F6F90798FDF773
:10D6B00071FF0120069003E04FF0FF300690FFE776
:10D6C00006980CB070BD0000B0B58EB0DDF850C04B
:10D6D000DDF84CC0DDF848C00A9009910892079324
:10D6E000139858B9FFE74FF0500080F31188BFF34B
:10D6F0006F8FBFF34F8F0D90FFE7FEE7149858B977
:10D70000FFE74FF0500080F31188BFF36F8FBFF336
:10D710004F8F0C90FFE7FEE75C20049004985C2894
:10D720000BD0FFE74FF0500080F31188BFF36F8FED
:10D73000BFF34F8F0B90FFE7FEE70498149820B3D8
:10D74000FFE7139808B3FFE714980690139806991B
:10D7500008630699022081F859000A980999089AE5
:10D76000079BDDF848C0069CEE460025CEF80C501D
:10D77000CEF8084005ACCEF80440CEF800C0FEF765
:10D780008BF90698FDF706FF02E000200590FFE701
:10D7900005980EB0B0BD000081B042F69800C2F20C
:10D7A0000000006818B9FFE7012000900DE042F288
:10D7B0006850C2F20000006818B9FFE7022000902C
:10D7C00002E000200090FFE7FFE7009801B07047FB
:10D7D00081B042F6CC00C2F20000006800900098D0
:10D7E00001B0704780B586B00020029042F26850C8
:10D7F000C2F200000068002840F0C580FFE742F652
:10D80000CC01C2F200010868013001900198086063
:10D81000019858BBFFE741F26820C2F2000000689F
:10D82000006858B1FFE74FF0500080F31188BFF354
:10D830006F8FBFF34F8F0590FFE7FEE741F268223D
:10D84000C2F200021068009041F27021C2F20001A1
:10D85000086810600098086042F63401C2F20001C6
:10D86000086801300860FEF71BFC00E0FFE7019844
:10D8700042F63001C2F200010968884262D3FFE734
:10D88000FFE741F26820C2F200000068006840B97A
:10D89000FFE742F63001C2F200014FF0FF300860AE
:10D8A0004FE041F26820C2F200000068C068C06822
:10D8B000049004984068039001980399884207D225
:10D8C000FFE7039842F63001C2F20001086038E039
:10D8D000FFE704980430FEF747FE0498806A28B1F9
:10D8E000FFE704981830FEF73FFE00E0FFE70498DA
:10D8F000C16A012000FA01F242F27051C2F2000145
:10D900000868104308600499C86A00EB800241F27D
:10D910007820C2F2000000EB82000431FEF7CAFE5C
:10D920000498C06A41F26021C2F200010968C96A24
:10D93000884203D3FFE70120029000E0FFE7FFE702
:10D940009FE7FFE741F26020C2F200000068C06A72
:10D9500000EB800141F27820C2F2000050F8210073
:10D96000022803D3FFE70120029000E0FFE742F620
:10D970003450C2F20000006818B1FFE701200290A5
:10D9800000E0FFE707E042F64001C2F2000108684C
:10D9900001300860FFE7029806B080BD80B586B010
:10D9A000039003980290002001900398002800F053
:10D9B0007D80FFE7029841F26021C2F20001096810
:10D9C00088420BD0FFE74FF0500080F31188BFF37F
:10D9D0006F8FBFF34F8F0590FFE7FEE70298006D52
:10D9E00058B9FFE74FF0500080F31188BFF36F8FF5
:10D9F000BFF34F8F0490FFE7FEE70299086D0138EF
:10DA000008650299C86AC96C88424DD0FFE7029840
:10DA1000006D002846D1FFE702980430FEF7A4FD10
:10DA2000D0B9FFE70298C06A00EB800141F278208C
:10DA3000C2F2000050F8210068B9FFE70298C16AFD
:10DA4000012000FA01F242F27051C2F200010868AE
:10DA500090430860FFE700E0FFE70299C86CC862E6
:10DA60000299C86AC0F1070088610298C16A012062
:10DA7000009000FA01F242F27051C2F2000108680F
:10DA8000104308600299C86A00EB800241F27820D6
:10DA9000C2F2000000EB82000431FEF70BFE00989A
:10DAA000019000E0FFE700E0FFE700E0FFE70198FA
:10DAB00006B080BD80B584B002900298C068C0688E
:10DAC0000190019858B9FFE74FF0500080F311889A
:10DAD000BFF36F8FBFF34F8F0390FFE7FEE701980F
:10DAE0001830FEF741FD42F26850C2F200000068B3
:10DAF000F0B9FFE701980430FEF736FD0198C16ADE
:10DB0000012000FA01F242F27051C2F200010868ED
:10DB1000104308600199C86A00EB800241F2782046
:10DB2000C2F2000000EB82000431FEF7C3FD09E001
:10DB3000019800F1180142F64400C2F20000FEF71D
:10DB4000B9FDFFE70198C06A41F26021C2F200010D
:10DB50000968C96A884208D9FFE70120009042F6A7
:10DB60003451C2F20001086002E000200090FFE79B
:10DB7000009804B080BD000080B584B00020029001
:10DB8000019042F26850C2F20000006858B9FFE705
:10DB90004FF0500080F31188BFF36F8FBFF34F8FAA
:10DBA0000390FFE7FEE7FEF7ADFD42F26850C2F2D8
:10DBB00000000168013901600068002840F092808F
:10DBC000FFE742F26050C2F200000068002800F057
:10DBD0008880FFE7FFE742F64400C2F200000068D9
:10DBE000E0B3FFE742F64400C2F20000C068C0683C
:10DBF000029002981830FEF7B7FC02980430FEF746
:10DC0000B3FC0298C16A012000FA01F242F270519D
:10DC1000C2F200010868104308600299C86A00EB6C
:10DC2000800241F27820C2F2000000EB8200043151
:10DC3000FEF740FD0298C06A41F26021C2F2000185
:10DC40000968C96A884207D3FFE742F63451C2F235
:10DC500000010120086000E0FFE7BCE7029818B16E
:10DC6000FFE7FEF71DFAFFE742F64000C2F20000B0
:10DC7000006800900098E0B1FFE7FFE7FFF7B2FD12
:10DC800038B1FFE742F63451C2F2000101200860CA
:10DC900000E0FFE7009801380090FFE700980028B7
:10DCA000ECD1FFE742F64001C2F20001002008601B
:10DCB00000E0FFE742F63450C2F20000006870B1A5
:10DCC000FFE7012001904EF60451CEF200014FF023
:10DCD00080500860BFF34F8FBFF36F8F00E0FFE706
:10DCE000FFE700E0FFE7FEF739FD019804B080BDD3
:10DCF00080B58AB000200890FDF7D8FC42F6D0002D
:10DD0000C2F20000006858B3FFE7002004900790BB
:10DD1000069007A806A905AAFEF760FC049B059AD1
:10DD20000698DDF81CC06946C1F808C048600220AA
:10DD300008604CF24D20C0F600004DF6E271C0F6CE
:10DD40000001FFF7C1FC014642F6D440C2F20000D8
:10DD50000160006818B1FFE701200890FFE700E0CC
:10DD6000FFE7089858B9FFE74FF0500080F311889B
:10DD7000BFF36F8FBFF34F8F0990FFE7FEE708985F
:10DD80000AB080BD80B58AB0DDF830C00890079138
:10DD90000692059300200490089858B9FFE74FF0C9
:10DDA000500080F31188BFF36F8FBFF34F8F09903E
:10DDB000FFE7FEE742F6D000C2F200000068A8B319
:10DDC000FFE707980190069802900898039007983B
:10DDD00005281EDCFFE7FFF7DFFC02280CD1FFE778
:10DDE00042F6D000C2F2000000680C9A01A900239C
:10DDF000FFF70AF904900BE042F6D000C2F20000EF
:10DE0000006801A900231A46FFF7FEF80490FFE717
:10DE10000BE042F6D000C2F200000068059A01A9AA
:10DE20000023FFF707FA0490FFE700E0FFE70498FC
:10DE30000AB080BD02E008C8121F08C1002AFAD14A
:10DE400070477047002001E001C1121F002AFBD17A
:10DE500070470000C4DF00082591000800000000A2
:10DE600000000000000100000000000000000000B1
:10DE7000CEDF00083991000800000000000000001B
:10DE8000000100000000000000000000CDCCCC3DEF
:10DE900000000000000000000000000000007A45C3
:10DEA0000000803E000000000000000000000000B4
:10DEB00000E0AB459A99193E0AD7233C00000000C8
:10DEC0000000A04200401C45CDCCCC3D000000002D
:10DED000000000000000000000007A45CDCCCC3DE1
:10DEE00000000000000000000000000000007A4573
:10DEF0000000C03F00000000000000000000000023
:10DF000000208046000020410000000000000000CA
:10DF10000000000000A00C460000C03F0000000010
:10DF20000000000000000000002080460000B0401B
:10DF30000AD7A33E0000000000803B4500007A465F
:10DF40000000C03F000000000000000000000000D2
:10DF500000208046B81E853D000000000000000043
:10DF60000000A04200D004463333333F00000000DD
:10DF700052499D3900007041000034420000304198
:10DF80000AD7A33B0000000000803B4500007A4612
:10DF90000000AF436F12033B0000000000A08C455F
:10DFA00000409C4600000000000000000102030445
:10DFB000060708090000000001020304000610160D
:10DFC00000061016686561645F7461736B007265AA
:10DFD00061645F7461736B0049444C4500546D7219
:10DFE0005100546D722053766300000010E0000869
:10DFF000000000205800000034DE000868E000083F
:10E0000058000020E030000044DE0008000000005E
:10E0100001000000010000000101010001000100F9
:10E020000101010000010002001002400004024052
:10E0300000040240090000000024F4003200BE0089
:10E040003E033E033200B80B04015802C800B80B6F
:10E050002C010401CDCC8C3F010000001000000019
:08E06000AAAAAAAA0000000010
:04000005080001AD41
:00000001FF
