S3150800000038310020C1010008A95300086D4C0008CA
S31508000010A5530008F9060008DDA100080000000045
S315080000200000000000000000000000000191000828
S315080000307D0A000800000000816D0008699100082B
S31508000040DB010008DB010008DB010008DB01000812
S31508000050DB010008DB010008DB010008DB01000802
S31508000060DB010008DB010008DB010008DB010008F2
S31508000070DB01000891070008DB010008DB01000826
S31508000080A1070008B1070008DB010008DB0100082A
S31508000090FD060008DB010008DB010008DB0100089B
S315080000A085920008A592000895920008DB010008D1
S315080000B0B5920008DB010008DB010008DB01000837
S315080000C0DB010008DB010008DB010008DB01000892
S315080000D0DB01000859A10008CDA10008DB010008D2
S315080000E0DB010008DB010008DB010008DB01000872
S315080000F0DB010008DB010008DB010008DB01000862
S31508000100DB010008DB010008DB010008DB01000851
S3150800011015990008DB010008DB010008DB0100086F
S31508000120DB010008DB010008C1070008DB01000845
S31508000130DB010008DB010008DB010008DB01000821
S315080001400D070008DB010008DB010008DB010008D9
S31508000150DB010008DB010008DB010008DB01000801
S31508000160DB010008DB010008DB010008DB010008F1
S31508000170DB010008DB010008DB01000800000000C5
S31508000180DB010008DB010008B9990008DB0100085B
S31508000190DB010008DB010008DB010008DB010008C1
S315080001A00000000000000000DB010008DFF80CD0AA
S315080001B000F090FA0048004791B200083831002054
S315080001C00648804706480047FEE7FEE7FEE7FEE7E3
S315080001D0FEE7FEE7FEE7FEE7FEE7FEE771920008A8
S315080001E0AD0100082DE9F05F0546002092469B46C2
S315080001F088460646814640241BE02846414647462F
S31508000200224600F0B1F953465A46C01A914110D316
S3150800021011461846224600F098F92D1A67EB010890
S315080002204F4622460120002100F08FF917EB0009FE
S315080002304E41201EA4F10104DFDC484631462A4619
S315080002404346BDE8F09F40EA01039B0703D009E057
S3150800025008C9121F08C0042AFAD203E011F8013BA4
S3150800026000F8013B521EF9D27047D2B201E000F8FD
S31508000270012B491EFBD270470022F6E710B513463C
S315080002800A4604461946FFF7F0FF204610BD2DE939
S31508000290FE4F804681EA0300C00F0C46009021F00D
S315080002A0004123F00045B8EB0200A94105D24046BB
S315080002B0214690461C460B46024623F00040104352
S315080002C047D0270DC7F30A00C3F30A510290401A14
S315080002D0019040286BDAC3F3130040F4801B0098A2
S315080002E0924620B10023D2EB030A63EB0B0B01986D
S315080002F05946C0F14002504600F027F906460D4619
S3150800030050465946019A00F03FF910EB0800614142
S31508000310002487EA115284EAE7731A4340D0009A08
S3150800032062B3019A012A4FEA075215DC001B61EBFA
S3150800033002014FF0004202EA0752CDE90042001CD2
S3150800034041F5801132462B4600F076F903B0BDE838
S31508000350F08F40462146F9E7001B61EB0201001CBD
S3150800036041F5801300185B412018A2F5001747EBEA
S31508000370030140EAD570B6196D4111E06D084FEAE0
S31508000380360645EAC0754FEA0752001B61EB0201C3
S31508000390001C41F5801149084FEA30000019514107
S315080003A032462B4603B0BDE8F04F00F036B9009848
S315080003B0012240000023D0EB020263EBE0730098B1
S315080003C021464FEAE074B8EB000061EB0401E9E767
S315080003D083F000435BE781F0004158E72DE9FE4FC3
S315080003E081EA030404F0004421F0004100944FF030
S315080003F0000B23F0004350EA01045ED052EA0304DE
S315080004005BD0C3F30A54C1F30A552C44A4F2F3345F
S315080004100194A0FB0254C1F3130141F48011C3F304
S31508000420130343F4801301FB024400FB034E840AC2
S31508000430970A44EA815447EA8357A4FB076802955A
S315080004408D0A05FB07854FEA932C04FB0C542705F8
S31508000450029D4FEA065847EA1637B5EB08056EEBD4
S31508000460070C870E920E47EA811742EA8312A7FB0A
S315080004700201B6EB0B0164EB00042B0D43EA0C33C7
S315080004805E1844EB1C50DA465146E7FB0201C5F3F9
S3150800049013044FEA0B3343EA14534FEA0432019C20
S315080004A043EA0603A4F10C040294009CCDE900B4C7
S315080004B000F0C2F803B0BDE8F08F00200146F9E766
S315080004C0F0B4CA17CB0F50405140C61841F1000589
S315080004D04FEAC372314628004FF0960303D0B6237D
S315080004E0F0BC00F06CB830460021F9E700F0004295
S315080004F030F000400AD0C10D01F56071C0F3160056
S3150800050042EA0151C20840071143704700200146DC
S31508000510704701F0004330B421F0004150EA01026F
S3150800052006D00A0DA2F56072C1F31301002A02DC97
S3150800053030BC00207047440F44EAC104C100E018EB
S3150800054030BC00EBC25000F031B8202A04DB203A58
S3150800055000FA02F1002070479140C2F1200320FA08
S3150800056003F3194390407047202A04DB203A21FA06
S3150800057002F00021704721FA02F3D040C2F12002AE
S315080005809140084319467047202A06DBCB17203AC4
S3150800059041FA02F043EAE07306E041FA02F3D0407A
S315080005A0C2F1200291400843194670470029A8BFA6
S315080005B07047401C490008BF20F00100704710B47E
S315080005C0B0FA80FC00FA0CF050EA010404BF10BC33
S315080005D0704749B1CCF1200421FA04F411FA0CF160
S315080005E018BF012121430843A3EB0C01CB1D4FEA99
S315080005F000614FEA102042BF002010BC704700EB94
S31508000600C35010440029A4BF10BC7047401C4900C1
S3150800061008BF20F0010010BC704710B5141E73F116
S31508000620000408DA401C41F1000192185B411A43A4
S3150800063001D120F0010010BD2DE9F04D92469B46F0
S3150800064011B1B1FA81F202E0B0FA80F22032904696
S31508000650FFF77BFF04460F4640EA0A0041EA0B0112
S3150800066053465A46084313D0114653EA010019D097
S31508000670C8F140025046FFF777FF05460E4650463A
S3150800068059464246FFF761FF084305D0012004E0BA
S3150800069020463946BDE8F08D0020054346EAE07657
S315080006A02C4337430A986305E40AA0EB08000022A6
S315080006B0FD0A44EA47540A3002D500200146E9E714
S315080006C0010510196941DDE9084500196941BDE8C8
S315080006D0F04DA2E7064C074D06E0E06840F001033E
S315080006E094E8070098471034AC42F6D3FFF762FD4A
S315080006F0ECDF00080CE00008FFE7FEE780B540F6EF
S315080007003C50C2F2000000F085FD80BD80B540F681
S315080007106450C2F2000000F07DFD80BD80B586B051
S3150800072040F25801C2F2000102910E20039048627D
S31508000730486101220A6200208861CA61086048602F
S315080007408860C8604861086140F63C50C2F2000003
S31508000750019000F091FB019801F0A2F9019802219D
S31508000760049100F0A7FA029903984862486140F696
S315080007706450C2F20000059000F07EFB059801F077
S315080007808FF90499059800F095FA06B080BD000027
S3150800079080B540F69450C2F2000001F0BBFA80BD65
S315080007A080B540F65460C2F2000001F0B3FA80BD8D
S315080007B080B540F6B460C2F2000001F0ABFA80BD25
S315080007C080B540F6F450C2F2000001F0A3FA80BDED
S315080007D082B001900198007810384AF6AB21CAF623
S315080007E0AA21A0FB01100009009000994DF6BC70E3
S315080007F0C0F60000405C0199C8650098042807D334
S31508000800FFE701990868042262F30900886506E093
S315080008100199086840F2FF3290438865FFE701981E
S31508000820806D02B07047000086B0059000208DF8F4
S3150800083013000598806A03900598806910BBFFE746
S315080008400398029003281BD80299DFE801F0020DED
S315080008500218059890F82F00C00720B1FFE701207D
S315080008608DF81300FFE70CE00598C06AB0F1C07F69
S3150800087004D1FFE701208DF81300FFE701E000E04F
S31508000880FFE745E005988069B0F5005F25D1FFE7E9
S315080008900398019003281ED80199DFE801F00206A3
S315080008A0021101208DF8130016E0059890F82F0024
S315080008B0C00720B1FFE701208DF81300FFE70BE022
S315080008C00598C06AB0F1C07F04D1FFE701208DF812
S315080008D01300FFE700E0FFE719E0039800900328FC
S315080008E004D3FFE70098032804D00EE001208DF812
S315080008F013000BE0059890F82F00C00720B1FFE71A
S3150800090001208DF81300FFE700E0FFE7FFE7FFE7A8
S315080009109DF8130006B0704784B0039002910192C7
S31508000920009303980168086820F4802008600098FE
S3150800093003990968486003988068402809D1FFE749
S315080009400198039909688860029803990968C8603C
S3150800095008E002980399096888600198039909686C
S31508000960C860FFE704B0704781B041F20400CEF2D8
S31508000970000000680090009840F28C01C2F2000165
S315080009800968884208D2FFE740F29001C2F20001E6
S31508000990086801300860FFE7009840F28C01C2F24F
S315080009A00001086001B0704780B584B0039041F239
S315080009B00400CEF2000000680290029803990968C4
S315080009C0401A00EE100AB8EE400A40F28000C2F261
S315080009D0000090ED001AB8EE411A80EE010A8DED7E
S315080009E0010A029803990860FFF7BEFF9DED010A08
S315080009F004B080BD81B000904EF6FC51CEF20001E5
S31508000A00086840F08070086041F20401CEF20001E7
S31508000A100020086041F20002CEF20002116841F09F
S31508000A2001011160009944F24022C0F20F024A43C4
S31508000A3040F28001C2F200010A600A6844F6D35304
S31508000A40C1F26203A2FB0332920940F28403C2F2A6
S31508000A5000031A6009684DF68362C4F21B32A1FBD3
S31508000A600221890C40F28802C2F20002116040F2AB
S31508000A709001C2F20001086001B07047704700009B
S31508000A8081B0EFF3108072B60090FFE7FEE7000032
S31508000A9080B582B001908DED000A01981830FFF7F5
S31508000AA083FF019910EE100AC8619DED000A0199AD
S31508000AB0C868CB690A6A01EE103A20EE010A03EE0D
S31508000AC0102A33EE012A80EE020A01EE100A21EE00
S31508000AD0031A81EE021A30EE010A10EE100AC860F7
S31508000AE00198008E032810DBFFE7019A02F1320015
S31508000AF0D168D26900EE102A00EE901A04F08CFC38
S31508000B00019910EE100A486211E00199CB680A694A
S31508000B10C86900EE103A01EE102A30EE410A01EEDD
S31508000B20100A80EE010A10EE100A4862FFE70198E3
S31508000B30B0F85C00032810DBFFE7019901F15E00BD
S31508000B40CA69496A00EE102A00EE901A04F064FC9D
S31508000B50019910EE100A886211E00199C8694B6A7A
S31508000B60CA6A00EE103A01EE102A30EE410A01EE8A
S31508000B70100A80EE010A10EE100A8862FFE7019952
S31508000B80D1F800C04A688868CB6800EE10CA02EE41
S31508000B90103A01EE102A4A6A03EE102A21EE031AC9
S31508000BA020EE020A30EE011A00EE100A886A02EEFA
S31508000BB0100A20EE020A30EE010A10EE100AC1F8F9
S31508000BC088000198D0F88810D0F88C0000EE101A2A
S31508000BD001EE100AF1EE410A09F0E0FB019910EE68
S31508000BE0100AC1F888000199C86808610199486A1D
S31508000BF0C8620198D0F8880000EE100A02B080BDDD
S31508000C0080B586B005908DED040A0391CDED020AF4
S31508000C10ADF80620ADF8043004980599C1F88C00A3
S31508000C20039880B1FFE7059868B1FFE70398006865
S31508000C300599086003984068059948600398806894
S31508000C40059988600AE005990020086005994860BA
S31508000C50059988600599C1F88C00FFE702980599FF
S31508000C600862BDF8060005990886BDF804000599CE
S31508000C70A1F85C00BDF80600032807DBFFE7059826
S31508000C803230BDF8061004F029FDFFE7BDF8040070
S31508000C90032807DBFFE705985E30BDF8041004F06B
S31508000CA01DFDFFE70599002088610599C1F88800B0
S31508000CB006B080BD84B002900191029890F8200099
S31508000CC08DF803009DF80300012805D0FFE79DF87D
S31508000CD0030002280AD1FFE7019A029801684869C9
S31508000CE01043486100208DF80F0008E00299486A11
S31508000CF040F48020486201208DF80F00FFE79DF838
S31508000D000F0004B07047000088B006900591049261
S31508000D100393069890F820008DF807000698006857
S31508000D20806800900598806808B9FFE700E0FFE74B
S31508000D309DF80700012806D0FFE79DF8070002285E
S31508000D4040F08D80FFE79DF80300400700280CD48B
S31508000D50FFE79DF803000007002806D4FFE79DF883
S31508000D600300C006002871D5FFE70098C0F30160AC
S31508000D7002900298032809D3FFE70699486A40F4C7
S31508000D800000486201208DF81F0071E002990120D9
S31508000D908840039908600598806868B9FFE7059850
S31508000DA00168C06840EA415006990968029A01EB51
S31508000DB00211C1F880010EE005994A688868C96879
S31508000DC040EAC200084306990968029A01EB021133
S31508000DD0C1F88001FFE70598006906990968029A33
S31508000DE001EB0211C1F884010598007D01280CD198
S31508000DF0FFE706980068029900EB0111D1F8840113
S31508000E0040F48070C1F88401FFE7049840680699A9
S31508000E100968029A01EB0211C1F88C01049800686E
S31508000E2006990968029A01EB0211C1F88801069829
S31508000E300068029900EB0111D1F8800140F0010029
S31508000E40C1F8800100208DF81F0011E00699486A54
S31508000E5040F40010486201208DF81F0008E006994A
S31508000E60486A40F48020486201208DF81F00FFE799
S31508000E709DF81F0008B0704786B004900391049847
S31508000E8000680190049890F820008DF803009DF8FA
S31508000E900300012806D0FFE79DF80300022840F06A
S31508000EA0B080FFE746F20040C4F2000001900199C5
S31508000EB0D1F8000240F00100C1F800020199D1F80A
S31508000EC0000220F47C50C1F800020398426A019996
S31508000ED0D1F8000240EA0220C1F8000203984069EE
S31508000EE000F01F01012088400290029A0199D1F86A
S31508000EF01C029043C1F81C020398C069F0B9FFE7C9
S31508000F00029A0199D1F80C029043C1F80C02039A8F
S31508000F109088D168526940EA0140019901EBC20103
S31508000F20C1F84002039A10889168526940EA014064
S31508000F30019901EBC201C1F84402FFE70398C069B1
S31508000F4001281ED1FFE7029A0199D1F80C02104335
S31508000F50C1F80C02039A90881168526940EA014068
S31508000F60019901EBC201C1F84002039A9089916880
S31508000F70526940EA0140019901EBC201C1F84402F5
S31508000F80FFE70398806940B9FFE7029A0199D1F80B
S31508000F9004029043C1F8040207E0029A0199D1F8C5
S31508000FA004021043C1F80402FFE70398006940B938
S31508000FB0FFE7029A0199D1F814029043C1F8140286
S31508000FC007E0029A0199D1F814021043C1F81402F5
S31508000FD0FFE70398006A012808D1FFE7029A0199FA
S31508000FE0D1F81C021043C1F81C02FFE70199D1F899
S31508000FF0000220F00100C1F8000200208DF8170059
S3150800100008E00499486A40F48020486201208DF877
S315080010101700FFE79DF8170006B0704781B00090EB
S3150800102001B0704786B00490039102920193049828
S3150800103090F820008DF803009DF80300012806D0DB
S31508001040FFE79DF80300022840F0D780FFE70398E2
S3150800105080B9FFE704980068C068800748B9FFE7C9
S315080010600499486A40F40010486201208DF8170078
S31508001070CCE00FE0049800680069800748B9FFE7EC
S315080010800499486A40F40010486201208DF8170058
S31508001090BCE0FFE704980068039900EB0110D0F85C
S315080010A0B00100F00400029988600298806858B977
S315080010B0FFE704980068039900EB0110D0F8B00127
S315080010C0400D029908600AE004980068039900EB4D
S315080010D00110D0F8B001C00802994860FFE70498EB
S315080010E00068039900EB0110D0F8B00100F0020087
S315080010F00299C86004980068039900EB0110D0F8BB
S31508001100B40100F00F000299086104980068039979
S3150800111000EB0110D0F8B40180B2000A0299886188
S3150800112004980068039900EB0110D0F8B401000C8C
S315080011300299486104980068039900EB0110D0F8F9
S31508001140B8010199087004980068039900EB01102A
S31508001150D0F8B801000A0199487004980068039904
S3150800116000EB0110D0F8B801000C019988700498BA
S315080011700068039900EB0110D0F8B801000E019938
S31508001180C87004980068039900EB0110D0F8BC01F8
S315080011900199087104980068039900EB0110D0F8CA
S315080011A0BC01000A0199487104980068039900EB8C
S315080011B00110D0F8BC01000C0199887104980068E8
S315080011C0039900EB0110D0F8BC01000E0199C87113
S315080011D0039838B9FFE704980168C86840F020000A
S315080011E0C86006E004980168086940F020000861B4
S315080011F0FFE700208DF8170008E00499486A40F4D4
S315080012008020486201208DF81700FFE79DF8170037
S3150800121006B0704780B58AB00990002008900998F2
S315080012200068406907900998006840680690099820
S3150800123000688068059009980068C0680490099855
S3150800124000680069039009980068806902909DF813
S315080012501C00C007002800F09480FFE79DF81400E2
S31508001260C00758B3FFE709980168012088609DF810
S3150800127014008007002804D5FFE7099800F05AFCF7
S315080012801BE09DF814004007002805D5FFE70898DD
S3150800129040F4006008900FE09DF81400000700284D
S315080012A005D5FFE7089840F48050089003E00998B0
S315080012B000F03CFCFFE7FFE7FFE7FFE79DF81500B6
S315080012C0C00760B3FFE7099801684FF4807088602B
S315080012D09DF815008007002804D5FFE7099800F057
S315080012E031FC1BE09DF815004007002805D5FFE7EF
S315080012F0089840F4005008900FE09DF81500000784
S31508001300002805D5FFE7089840F48040089003E0D8
S31508001310099800F013FCFFE7FFE7FFE7FFE79DF8F2
S315080013201600C00760B3FFE7099801684FF48030DC
S3150800133088609DF816008007002804D5FFE70998FD
S3150800134000F008FC1BE09DF816004007002805D5AC
S31508001350FFE7089840F4004008900FE09DF8160053
S315080013600007002805D5FFE7089840F48030089064
S3150800137003E0099800F0EAFBFFE7FFE7FFE7FFE76E
S31508001380FFE79DF81C000007002810D5FFE79DF829
S315080013901000C006002809D5FFE7089840F4007039
S315080013A00890099801681020C860FFE7FFE79DF8D4
S315080013B01C00400700280FD5FFE79DF8100000071E
S315080013C0002808D5FFE7099801680820C860099829
S315080013D000F0CCFAFFE7FFE79DF81C00800700281D
S315080013E00BD5FFE709980068C068800720B1FFE7BA
S315080013F0099800F0BFFAFFE7FFE79DF81C004006D2
S31508001400002810D5FFE79DF80C00C006002809D56E
S31508001410FFE7089840F48060089009980168102052
S315080014200861FFE7FFE79DF81C00800600280FD536
S31508001430FFE79DF80C000007002808D5FFE7099884
S31508001440016808200861099800F01EFBFFE7FFE71E
S315080014509DF81C00C00600280BD5FFE70998006810
S315080014600069800720B1FFE7099800F011FBFFE744
S31508001470FFE79DF81E00800700280FD5FFE79DF8B7
S315080014801800C006002808D5FFE70998016810204B
S315080014904860099800F000FBFFE7FFE79DF81E008B
S315080014A0C00778B1FFE79DF818000007002808D59F
S315080014B0FFE70998016808204860099800F04EFB84
S315080014C0FFE7FFE79DF81D000006002840F18D8024
S315080014D0FFE79DF818004007002840F18180FFE7E4
S315080014E09DF81D00C00750B1FFE79DF80800C0072A
S315080014F028B1FFE7089840F001000890FFE79DF83B
S315080015001D00800700280BD5FFE79DF80800800717
S31508001510002805D5FFE7089840F002000890FFE785
S315080015209DF81D00400700280BD5FFE79DF8080029
S315080015304007002805D5FFE7089840F00400089002
S31508001540FFE79DF81D000007002848D5FFE79DF82E
S31508001550080010F0700F42D0FFE7029800F0700004
S3150800156001460191102814D0FFE70198202815D0CC
S31508001570FFE70198302816D0FFE70198402817D0D2
S31508001580FFE70198502818D0FFE70198602819D07E
S315080015901DE0089840F00800089019E0089840F007
S315080015A01000089014E0089840F0200008900FE01A
S315080015B0089840F0400008900AE0089840F080003B
S315080015C0089005E0089840F48070089000E0FFE76E
S315080015D009980168886920F070008861FFE7FFE7CD
S315080015E00998016804204860FFE7089848B1FFE7B2
S315080015F0089A0999486A104348620998FFF70EFD48
S31508001600FFE70AB080BD000080B584B0029002985A
S3150800161020B9FFE701208DF80F00E0E0029890F866
S31508001620200020B9FFE7029800F0DEF8FFE70298ED
S315080016300168086840F00100086001F03DF8019073
S31508001640FFE7029800684068C007A8B9FFE701F0FD
S3150800165033F80199401A0B280DD3FFE70299486A17
S3150800166040F4003048620299052081F820000120E4
S315080016708DF80F00B3E0E4E702980168086820F0E7
S315080016800200086001F018F80190FFE70298006868
S3150800169040688007002815D5FFE701F00DF8019985
S315080016A0401A0B280DD3FFE70299486A40F4003028
S315080016B048620299052081F8200001208DF80F0064
S315080016C08DE0E3E70298007E012807D1FFE702983C
S315080016D00168086840F08000086006E00298016822
S315080016E0086820F080000860FFE70298407E01281D
S315080016F007D1FFE702980168086840F040000860D3
S3150800170006E002980168086820F040000860FFE7D4
S315080017100298807E012807D1FFE7029801680868C9
S3150800172040F02000086006E002980168086820F08A
S3150800173020000860FFE70298C07E012807D1FFE76E
S3150800174002980168086820F01000086006E0029810
S315080017500168086840F010000860FFE70298007FFB
S31508001760012807D1FFE702980168086840F00800D9
S31508001770086006E002980168086820F0080008601A
S31508001780FFE70298407F012807D1FFE70298016822
S31508001790086840F00400086006E0029801680868D6
S315080017A020F004000860FFE7029B19685A689868E9
S315080017B0D3F80CC040EA0C00D3F810C040EA0C007D
S315080017C05B691843013A1043C861029900204862D0
S315080017D0029A012182F820108DF80F00FFE79DF884
S315080017E00F0004B080BD000080B590B00F900020B7
S315080017F00E900D900C900B900A900F98006846F288
S315080018000041C4F20001884249D1FFE740F208408E
S31508001810C2F200000168013101600068012812D196
S31508001820FFE7FFE70020099043F64000C4F20200F4
S31508001830016841F000710160006800F000700990CD
S315080018400998FFE7FFE7FFE70020089043F6300016
S31508001850C4F20200016841F008010160006800F066
S31508001860080008900898FFE703200A9002210B91C8
S31508001870002103910C910D9009200E9040F600402E
S31508001880C4F202000AA900F0EFFC039A142004909F
S31508001890052100F0EDFF049800F0E0FF64E00F98E2
S315080018A0006846F60001C4F2000188425BD1FFE7F2
S315080018B0FFE70020079043F64000C4F202000168E3
S315080018C041F080610160006800F080600790079829
S315080018D0FFE740F20840C2F20000016801310160EA
S315080018E00068012812D1FFE7FFE70020069043F6BB
S315080018F04000C4F20200016841F00071016000680E
S3150800190000F0007006900698FFE7FFE7FFE7002063
S31508001910059043F63000C4F20200016841F0020166
S315080019200160006800F0020005900598FFE7602056
S315080019300A9002200B90002001900C9003200D9035
S3150800194009200E9040F20040C4F202000AA900F0F5
S315080019508BFC019A40200290052100F089FF02982D
S3150800196000F07CFFFFE7FFE710B080BD81B0009074
S3150800197001B0704780B586B00590059840F61C52B0
S31508001980C2F20002002103ABFFF74CFB059840F6B4
S315080019903C51C2F2000188423BD1FFE740F61C5099
S315080019A0C2F200000068A0F2012001460291072851
S315080019B02ED80299DFE801F0242C2C2C040C141CD8
S315080019C040F6A830C2F2000003A906F0F3FE1FE0B5
S315080019D040F6C800C2F2000003A906F07FFE17E031
S315080019E040F63820C2F2000003A906F077FE0FE0A1
S315080019F040F66040C2F2000003A908F007FC07E0C1
S31508001A0040F23050C2F2000003A906F067FEFFE775
S31508001A10FFE7059840F66451C2F20001884231D1C9
S31508001A20FFE740F61C50C2F200000068A0F2012051
S31508001A3001460191032824D80199DFE801F0020A3A
S31508001A40121A40F2E850C2F2000003A906F0B2FEEC
S31508001A5017E040F2A060C2F2000003A906F0AAFE51
S31508001A600FE040F25870C2F2000003A906F0A2FE89
S31508001A7007E040F61000C2F2000003A906F09AFE3D
S31508001A80FFE7FFE706B080BD81B0009001B0704760
S31508001A9081B0009001B0704781B0009001B07047E6
S31508001AA080B584B00290029890F8200001282FD1C2
S31508001AB0FFE70299022081F8200002980168086869
S31508001AC020F00100086000F0F7FD0190FFE702989A
S31508001AD000684068C007A8B1FFE700F0EDFD01996E
S31508001AE0401A0B280DD3FFE70299486A40F40030E4
S31508001AF048620299052081F8200001208DF80F0020
S31508001B000FE0E4E70299002048628DF80F0008E02C
S31508001B100299486A40F40020486201208DF80F00B7
S31508001B20FFE79DF80F0004B080BD000081B000906B
S31508001B3001B0704781B0009001B0704781B0009045
S31508001B4001B0704781B0009001B0704781B0009035
S31508001B5001B0704781B0009001B0704781B0009025
S31508001B6001B0704780B582B00090009820B9FFE7B1
S31508001B7001208DF8070011E00098407938B9FFE791
S31508001B80009900200871009800F00CF8FFE700990A
S31508001B900120487100208DF80700FFE79DF807002F
S31508001BA002B080BD82B001900198006843F200013E
S31508001BB0C4F20201884212D1FFE7FFE70020009035
S31508001BC043F63000C4F20200016841F48051016016
S31508001BD0006800F4805000900098FFE7FFE702B025
S31508001BE07047000080B584B002900298806D01901D
S31508001BF000F062FD0090029890F8350002280DD09A
S31508001C00FFE7029980204865FFE70299002081F8DE
S31508001C103400FFE701208DF80F0055E002980168AF
S31508001C20086820F01600086002980168486920F0E4
S31508001C30800048610298006C20B9FFE70298806C22
S31508001C4038B1FFE702980168086820F008000860C4
S31508001C50FFE702980168086820F001000860FFE7BE
S31508001C60029800680068C007C8B1FFE700F024FDC5
S31508001C700099401A062811D3FFE7029920204865E3
S31508001C800299032081F83500FFE70299002081F8C0
S31508001C903400FFE703208DF80F0015E0E0E702980F
S31508001CA0C16D3F208840019988600299012081F81A
S31508001CB03500FFE70299002081F83400FFE7FFE7C7
S31508001CC000208DF80F00FFE79DF80F0004B080BDD7
S31508001CD082B00090009890F83500022807D0FFE7F8
S31508001CE000998020486501208DF807000EE00099CC
S31508001CF0052081F8350000980168086820F0010081
S31508001D000860FFE700208DF80700FFE79DF8070049
S31508001D1002B0704780B586B005900020039040F267
S31508001D202800C2F20000006848F2B511C1F64E312B
S31508001D30A0FB0110800A02900598806D0190019819
S31508001D400068049004980599C96DC84000070028E2
S31508001D501AD5FFE70598006800684007002812D5DD
S31508001D60FFE705980168086820F0040008600598F0
S31508001D70C16D08208840019988600599486D40F032
S31508001D8001004865FFE7FFE704980599C96DC84053
S31508001D90C007A0B1FFE7059800684069000600285B
S31508001DA00CD5FFE70598C16D012088400199886028
S31508001DB00599486D40F002004865FFE7FFE704987B
S31508001DC00599C96DC8404007002814D5FFE705984E
S31508001DD000680068800700280CD5FFE70598C16DE4
S31508001DE004208840019988600599486D40F00400F0
S31508001DF04865FFE7FFE704980599C96DC840C0061E
S31508001E00002847D5FFE705980068006800070028FE
S31508001E103FD5FFE70598C16D102088400199886075
S31508001E20059800680068400300281AD5FFE705985A
S31508001E30006800680003002809D4FFE70598006CCD
S31508001E4020B1FFE70598016C8847FFE708E0059889
S31508001E50806C20B1FFE70598816C8847FFE7FFE7AC
S31508001E6016E0059800680068C005002807D4FFE753
S31508001E7005980168086820F008000860FFE70598DB
S31508001E80006C20B1FFE70598016C8847FFE7FFE77C
S31508001E90FFE7FFE704980599C96DC8408006002842
S31508001EA040F18D80FFE7059800680068C0060028A5
S31508001EB040F18480FFE70598C16D2020884001998C
S31508001EC08860059890F83500052834D1FFE705980D
S31508001ED00168086820F016000860059801684869D6
S31508001EE020F0800048610598006C20B9FFE7059846
S31508001EF0806C38B1FFE705980168086820F008008B
S31508001F000860FFE70598C16D3F2088400199886001
S31508001F100599012081F83500FFE70599002081F829
S31508001F203400FFE70598006D20B1FFE70598016DBD
S31508001F308847FFE77BE005980068006840030028AB
S31508001F401AD5FFE70598006800680003002809D439
S31508001F50FFE70598406C20B1FFE70598416C884774
S31508001F60FFE708E00598C06B20B1FFE70598C16B4D
S31508001F708847FFE7FFE720E0059800680068C00586
S31508001F80002811D4FFE705980168086820F01000BA
S31508001F9008600599012081F83500FFE705990020BA
S31508001FA081F83400FFE7FFE70598C06B20B1FFE72B
S31508001FB00598C16B8847FFE7FFE7FFE7FFE7059846
S31508001FC0406DA0B3FFE70598406DC00730B3FFE743
S31508001FD00599052081F8350005980168086820F0FC
S31508001FE001000860FFE703980130039002998842D0
S31508001FF001D9FFE707E0FFE7059800680068C00712
S315080020000028F0D1FFE70599012081F83500FFE7A0
S315080020100599002081F83400FFE7FFE70598C06CB2
S3150800202020B1FFE70598C16C8847FFE7FFE706B0D0
S3150800203080BD000080B586B004900020039000F0B3
S315080020403BFB0290049820B9FFE701208DF81700A2
S31508002050A3E00498406A08B1FFE7FFE70499022065
S3150800206081F83500FFE70499002081F83400FFE77E
S3150800207004980168086820F001000860FFE70498E2
S3150800208000680068C00790B1FFE700F015FB0299E9
S31508002090401A06280AD3FFE70499202048650499C0
S315080020A0032081F835008DF8170076E0E7E70498F5
S315080020B0006800680390039848F23F01CFF21001C8
S315080020C008400390049900914868D1F808C0CB6885
S315080020D00A6940EA0C00184310434A6910438A69A2
S315080020E01043CA691043096A0143039808430390D9
S315080020F00498406A042808D1FFE70499C86A096B5E
S315080021000143039808430390FFE703980499096875
S3150800211008600498006840690390039820F0070057
S3150800212003900498416A0398084303900498406A08
S3150800213004281AD1FFE70498816A03980843039094
S315080021400498C06A80B1FFE70498FEF76DFB50B1AA
S31508002150FFE70499402048650499012081F8350075
S315080021608DF8170019E0FFE7FFE703980499096857
S3150800217048610498FEF72CFB01900498C16D3F2036
S31508002180884001998860049900204865049A0121CD
S3150800219082F835108DF81700FFE79DF8170006B08E
S315080021A080BD000080B588B006900591049203931F
S315080021B000208DF80B000698806D0190FFE70698C1
S315080021C090F83400012804D1FFE702208DF81F009B
S315080021D045E00699012081F83400FFE7FFE70698F5
S315080021E090F8350001282BD1FFE70699022081F8DF
S315080021F0350006990020486506980599049A039BB8
S31508002200FEF78AFB0698C16D3F20884001998860D1
S3150800221006980168086840F0160008600698006C81
S3150800222038B1FFE706980168086840F008000860BA
S31508002230FFE706980168086840F00100086009E0B1
S31508002240FFE70699002081F83400FFE702208DF8A1
S315080022500B00FFE79DF80B008DF81F00FFE79DF8C0
S315080022601F0008B080BD000090B00F900E910020AE
S315080022700C900B900A900D90FFE70D980F2800F22E
S31508002280E881FFE70D99012088400C900E980068B8
S315080022900C9908400B900B980C99884240F0D48111
S315080022A0FFE70E98406800F00300012807D0FFE713
S315080022B00E98406800F0030002282FD1FFE70F9818
S315080022C080680A900D984100032000FA01F10A98E7
S315080022D088430A900E98C0680D99490000FA01F1E2
S315080022E00A9808430A900A980F9988600F984068D8
S315080022F00A900D99012000FA01F10A9888430A907C
S315080023000E984068C0F300100D9900FA01F10A987A
S3150800231008430A900A980F994860FFE70E984068A4
S3150800232000F00300032818D0FFE70F98C0680A904A
S315080023300D984100032000FA01F10A9888430A9093
S315080023400E9880680D99490000FA01F10A98084329
S315080023500A900A980F99C860FFE70E98406800F03F
S315080023600300022826D1FFE70F980D996FF00302A4
S3150800237002EA51010844006A0A900D9800F0070025
S3150800238081000F2000FA01F10A9888430A900E98F6
S3150800239000690D9901F00701890000FA01F10A9810
S315080023A008430A900A980F990D9B02EA53021144B2
S315080023B00862FFE70F9800680A900D98410003200D
S315080023C000FA01F10A9888430A900E98406800F0CE
S315080023D003000D99490000FA01F10A9808430A908A
S315080023E00A980F9908600E9880798007002800F0EF
S315080023F02A81FFE7FFE70020099043F64400C4F26C
S315080024000200016841F480410160006800F48040E0
S3150800241009900998FFE70D9820F0030043F6080194
S31508002420C4F2010140580A900D9800F0030081009B
S315080024300F2000FA01F10A9888430A900F980021A4
S31508002440C4F20201884203D1FFE7002008907AE02F
S315080024500F9840F20041C4F20201884203D1FFE717
S31508002460012007906CE00F9840F60001C4F20201C3
S31508002470884203D1FFE7022006905EE00F9840F6F7
S315080024800041C4F20201884203D1FFE70320059008
S3150800249050E00F9841F20001C4F20201884203D1CC
S315080024A0FFE70420049042E00F9841F20041C4F28D
S315080024B00201884203D1FFE70520039034E00F9814
S315080024C041F60001C4F20201884203D1FFE7062063
S315080024D0029026E00F9841F60041C4F202018842B4
S315080024E003D1FFE70720019018E00F9842F2000198
S315080024F0C4F20201884203D1FFE7082000900AE0EF
S315080025000F9942F20042C4F202020A20914208BF21
S3150800251009200090FFE700980190FFE701980290D4
S31508002520FFE702980390FFE703980490FFE70498F3
S315080025300590FFE705980690FFE706980790FFE7DE
S3150800254007980890FFE70898C0B20D9901F00301B3
S31508002550890000FA01F10A9808430A900A980D9929
S3150800256021F0030143F60802C4F20102885043F63B
S315080025700840C4F2010000680A900B990A9888433B
S315080025800A900E988079C006002805D5FFE70B99B2
S315080025900A9808430A90FFE70A9843F60841C4F2E6
S315080025A00101086043F60C40C4F2010000680A9075
S315080025B00B990A9888430A900E9880798006002815
S315080025C005D5FFE70B990A9808430A90FFE70A988A
S315080025D043F60C41C4F20101086043F60440C4F214
S315080025E0010000680A900B990A9888430A900E9889
S315080025F080798007002805D5FFE70B990A980843D4
S315080026000A90FFE70A9843F60441C4F201010860FC
S3150800261043F60040C4F2010000680A900B990A9834
S3150800262088430A900E988079C00728B1FFE70B996E
S315080026300A9808430A90FFE70A9843F60041C4F24D
S3150800264001010860FFE7FFE7FFE70D9801300D90ED
S3150800265013E610B07047000082B00190ADF8021082
S3150800266001980069BDF80210084204D0FFE701206E
S315080026708DF8010003E000208DF80100FFE79DF8C2
S31508002680010002B07047000082B00190ADF8021058
S315080026908DF801209DF8010028B1FFE7BDF802007A
S315080026A00199886105E0BDF8020000040199886176
S315080026B0FFE702B07047000042F25C50C2F2000029
S315080026C00068704740F24800C2F20000027842F201
S315080026D05C51C2F2000108681044086070470000A7
S315080026E080B543F60041C4F20201086840F4007060
S315080026F00860086840F480600860086840F48070E4
S315080027000860032000F0CEF80F2000F005F800F06E
S3150800271079F8002080BD000080B58CB00B900020B1
S3150800272004900390FFE70020009043F64000C4F2AF
S315080027300200016841F001010160006800F0010033
S3150800274000900098FFE706A802A900F045FA099844
S315080027500490049820B9FFE700F06EFA059004E0AB
S3150800276000F06AFA40000590FFE705984DF6836188
S31508002770C4F21B31A0FB01014FF0FF3000EB914082
S31508002780039040F6F470C2F200004FF080410160F9
S3150800279040F2E731C160039941600021016181601F
S315080027A0816100F049FE8DF807009DF8070028BBF7
S315080027B0FFE740F6F470C2F2000000F0FFFE8DF865
S315080027C007009DF80700C0B9FFE71C2000F046F88F
S315080027D00B980F280CD8FFE70B991C20002200F055
S315080027E047F80B9840F24C01C2F20001086003E07A
S315080027F001208DF80700FFE7FFE7FFE79DF80700D0
S315080028000CB080BD80B582B0FFE70020019043F68A
S315080028104400C4F20200016841F480410160006886
S3150800282000F4804001900198FFE7FFE70020009040
S3150800283043F64000C4F20200016841F0805101608D
S31508002840006800F0805000900098FFE76FF00100E4
S315080028500F21002200F00CF802B080BD80B582B0CE
S315080028608DF807009DF9070007F038FD02B080BD16
S3150800287080B586B08DF81700049103920020029067
S3150800288007F044FD02909DF91700019002980499FB
S31508002890039A02F08BFD0146019807F03FFD06B04A
S315080028A080BD000080B582B00190019807F058FD00
S315080028B002B080BD80B584B000200290FFE70020FA
S315080028C0019043F64000C4F20200016841F08051CD
S315080028D00160006800F0805001900198FFE74021F0
S315080028E0C4F20E2101200860FFF7E6FE0290FFE71A
S315080028F047F20400C4F20000006800F48030B0F526
S31508002900803F0DD0FFE7FFF7D7FE0299401AB0F5D2
S315080029107A7F04D9FFE703208DF80F0025E0E7E763
S315080029204421C4F20E2101200860FFF7C5FE02907B
S31508002930FFE747F20400C4F20000006800F4003024
S31508002940B0F5003F0DD0FFE7FFF7B6FE0299401A33
S31508002950B0F57A7F04D9FFE703208DF80F0004E06D
S31508002960E7E700208DF80F00FFE79DF80F0004B099
S3150800297080BD000080B584B002900191029820B90C
S31508002980FFE701208DF80F0021E1019843F6004189
S31508002990C4F20201096801F00F01884212D9FFE763
S315080029A0019943F60040C4F202000170006800F085
S315080029B00F000199884204D0FFE701208DF80F0027
S315080029C005E1FFE702980078800700282AD5FFE787
S315080029D0029800784007002809D5FFE743F6080162
S315080029E0C4F20201086840F4E0500860FFE7029864
S315080029F000780007002809D5FFE743F60801C4F266
S31508002A000201086840F460400860FFE743F60801E1
S31508002A10C4F20201086820F0F000029A9268104396
S31508002A200860FFE702980078C00700286ED0FFE725
S31508002A3002984068012811D1FFE743F60000C4F266
S31508002A400200006800F400310020B0EB514F04D1B9
S31508002A50FFE701208DF80F00B9E02CE002984068E6
S31508002A60022805D0FFE702984068032811D1FFE73E
S31508002A7043F60000C4F20200006800F0007100206E
S31508002A80B0EB516F04D1FFE701208DF80F009EE0EF
S31508002A9010E043F60000C4F20200006800F00201EC
S31508002AA00020B0EB510F04D1FFE701208DF80F008D
S31508002AB08DE0FFE7FFE743F60801C4F20201086864
S31508002AC020F00300029A526810430860FFF7F4FDED
S31508002AD00090FFE743F60800C4F20200006800F021
S31508002AE00C0002994968B0EB810F0ED0FFE7FFF79B
S31508002AF0E3FD0099401A41F28931884204D3FFE781
S31508002B0003208DF80F0062E0E4E7FFE7019843F63B
S31508002B100041C4F20201096801F00F01884212D28D
S31508002B20FFE7019943F60040C4F20200017000680D
S31508002B3000F00F000199884204D0FFE701208DF8C4
S31508002B400F0044E0FFE702980078400700280CD5FC
S31508002B50FFE743F60801C4F20201086820F4E050D2
S31508002B60029AD26810430860FFE7029800780007C7
S31508002B7000280DD5FFE743F60801C4F202010868EC
S31508002B8020F46040029A126940EAC2000860FFE732
S31508002B9000F076F843F60801C4F202010968C9B2E2
S31508002BA00A094DF6A471C0F60001895CC84040F2D6
S31508002BB02801C2F20001086040F24C00C2F200008F
S31508002BC00068FFF7A9FD00208DF80F00FFE79DF8C4
S31508002BD00F0004B080BD000082B0019000910199F9
S31508002BE00F20086043F60800C4F20200016801F0ED
S31508002BF00301019A5160016801F0F001019A9160A0
S31508002C00016801F4E051019AD160006800F460405F
S31508002C10C0080199086143F60040C4F20200006842
S31508002C2000F00F000099086002B0704740F22800D3
S31508002C30C2F200000068704780B5FFF7F7FF43F659
S31508002C400801C4F202010968C1F382224DF6B47183
S31508002C50C0F60001895CC84080BD000080B5FFF75A
S31508002C60E5FF43F60801C4F20201096889B24A0B76
S31508002C704DF6B471C0F60001895CC84080BD0000FD
S31508002C8080B586B00020059004900390029043F624
S31508002C900800C4F20200006800F00C000146019129
S31508002CA040B1FFE7019804280AD0FFE701980828F1
S31508002CB00CD04FE042F20040C0F2F40002904FE020
S31508002CC041F60030C0F2B700029049E043F604002E
S31508002CD0C4F20200016801F03F0105910068400254
S31508002CE0002813D5FFE743F60400C4F20200006883
S31508002CF0C0F3881041F60031C0F2B701A0FB01010C
S31508002D00059A0023FDF76EFA049012E043F60400D4
S31508002D10C4F202000068C0F3881042F20041C0F213
S31508002D20F401A0FB0101059A0023FDF75BFA049064
S31508002D30FFE743F60400C4F20200006800F44031DD
S31508002D40022000EBD130039004980399B0FBF1F010
S31508002D50029005E042F20040C0F2F4000290FFE75C
S31508002D60029806B080BD000080B586B0049004982D
S31508002D7020B9FFE701208DF8170050E30498007882
S31508002D80C007002800F0A580FFE743F60800C4F254
S31508002D900200006800F00C00042813D0FFE743F691
S31508002DA00800C4F20200006800F00C0008281ED1D2
S31508002DB0FFE743F60400C4F2020000684002002858
S31508002DC015D5FFE743F60000C4F20200006800F4D8
S31508002DD000310020B0EB514F08D0FFE70498406857
S31508002DE020B9FFE701208DF8170018E370E0FFE728
S31508002DF004984068B0F5803F09D1FFE743F6000123
S31508002E00C4F20201086840F48030086020E00498A3
S31508002E104068B0F5A02F0DD1FFE743F60001C4F2D4
S31508002E200201086840F480200860086840F4803091
S31508002E3008600CE043F60001C4F20201086820F4B9
S31508002E4080300860086820F480200860FFE7FFE704
S31508002E50FFE704984068E8B1FFE7FFF72DFC039009
S31508002E60FFE743F60000C4F20200006800F40031F0
S31508002E700020B0EB514F0CD1FFE7FFF71DFC03997B
S31508002E80401A652804D3FFE703208DF81700C6E229
S31508002E90E7E71CE0FFF710FC0390FFE743F60000A6
S31508002EA0C4F20200006800F400310020B0EB514F74
S31508002EB00CD0FFE7FFF700FC0399401A652804D3F6
S31508002EC0FFE703208DF81700A9E2E7E7FFE7FFE72A
S31508002ED0FFE7049800788007002840F19680FFE70E
S31508002EE043F60800C4F20200006810F00C0F13D075
S31508002EF0FFE743F60800C4F20200006800F00C0081
S31508002F0008282CD1FFE743F60400C4F20200006843
S31508002F104002002823D4FFE743F60000C4F202006B
S31508002F20006800F002010020B0EB510F09D0FFE75E
S31508002F300498C068012804D0FFE701208DF817001F
S31508002F406DE243F60001C4F20201086820F0F800B9
S31508002F50049A126940EAC2000860FFE754E0049840
S31508002F60C06870B3FFE70021C4F24721012008605A
S31508002F70FFF7A2FB0390FFE743F60000C4F2020046
S31508002F80006800F002010020B0EB510F0CD1FFE7FA
S31508002F90FFF792FB0399401A032804D3FFE703209F
S31508002FA08DF817003BE2E7E743F60001C4F2020199
S31508002FB0086820F0F800049A126940EAC20008601E
S31508002FC021E00021C4F2472100200860FFF774FBC6
S31508002FD00390FFE743F60000C4F20200006800F021
S31508002FE002010020B0EB510F0CD0FFE7FFF764FB9E
S31508002FF00399401A032804D3FFE703208DF8170026
S315080030000DE2E7E7FFE7FFE7FFE704980078000728
S3150800301000284BD5FFE70498406918B3FFE740F648
S315080030208061C4F2472101200860FFF745FB039041
S31508003030FFE743F67400C4F20200006800F00201DC
S315080030400020B0EB510F0CD1FFE7FFF735FB0399D2
S31508003050401A032804D3FFE703208DF81700DEE1A2
S31508003060E7E722E040F68061C4F2472100200860C5
S31508003070FFF722FB0390FFE743F67400C4F2020051
S31508003080006800F002010020B0EB510F0CD0FFE7FA
S31508003090FFF712FB0399401A032804D3FFE703201E
S315080030A08DF81700BBE1E7E7FFE7FFE7049800782C
S315080030B04007002840F1CE80FFE700208DF8070082
S315080030C043F64000C4F202000068C000002815D488
S315080030D0FFE7FFE70020009043F64000C4F2020035
S315080030E0016841F080510160006800F0805000904E
S315080030F00098FFE701208DF80700FFE747F2000078
S31508003100C4F200000068C005002822D4FFE747F291
S315080031100001C4F20001086840F480700860FFF7F7
S31508003120CBFA0390FFE747F20000C4F200000068FC
S31508003130C00500280CD4FFE7FFF7BEFA0399401A2A
S31508003140032804D3FFE703208DF8170067E1EAE7B1
S31508003150FFE7FFE704988068012809D1FFE743F6EF
S315080031607001C4F20201086840F0010008601FE01F
S315080031700498806805280DD1FFE743F67001C4F26C
S315080031800201086840F004000860086840F0010081
S3150800319008600CE043F67001C4F20201086820F0EA
S315080031A001000860086820F004000860FFE7FFE7F0
S315080031B0FFE704988068F8B1FFE7FFF77DFA039008
S315080031C0FFE743F67000C4F20200006800F002014F
S315080031D00020B0EB510F0ED1FFE7FFF76DFA039908
S315080031E0401A41F28931884204D3FFE703208DF85B
S315080031F0170014E1E5E71EE0FFF75EFA0390FFE724
S3150800320043F67000C4F20200006800F002010020D4
S31508003210B0EB510F0ED0FFE7FFF74EFA0399401AAD
S3150800322041F28931884204D3FFE703208DF817005D
S31508003230F5E0E5E7FFE79DF80700012809D1FFE774
S3150800324043F64001C4F20201086820F08050086085
S31508003250FFE7FFE704988069002800F0DC80FFE7B5
S3150800326043F60800C4F20200006800F00C000828C3
S3150800327000F08580FFE70498806902285CD1FFE7A3
S315080032806021C4F2472100200860FFF715FA039071
S31508003290FFE743F60000C4F20200006800F0007180
S315080032A00020B0EB516F0CD0FFE7FFF705FA039942
S315080032B0401A032804D3FFE703208DF81700AEE071
S315080032C0E7E70499C869D1F820C04B6A8A6A40EAD8
S315080032D00C0040EA8310D2034FF6FF739A43A2F517
S315080032E080321043C96A40EA016043F60401C4F219
S315080032F0020108606021C4F2472101200860FFF737
S31508003300DBF90390FFE743F60000C4F20200006809
S3150800331000F000710020B0EB516F0CD1FFE7FFF70A
S31508003320CBF90399401A032804D3FFE703208DF845
S31508003330170074E0E7E721E06021C4F24721002086
S315080033400860FFF7B9F90390FFE743F60000C4F2F7
S315080033500200006800F000710020B0EB516F0CD03D
S31508003360FFE7FFF7A9F90399401A032804D3FFE7F3
S3150800337003208DF8170052E0E7E7FFE74AE00498D4
S315080033808069012804D1FFE701208DF8170046E07F
S3150800339043F60400C4F202000068029004988069AB
S315080033A0012831D0FFE7029800F480000499C96922
S315080033B0884229D1FFE7029800F03F000499096A7C
S315080033C0884221D1FFE7029847F6C0710840049960
S315080033D0496AB0EB811F17D1FFE7029800F4403025
S315080033E00499896AC9034FF6FF729143A1F58031A2
S315080033F0884209D1FFE7029800F070600499C96A0B
S31508003400B0EB016F04D0FFE701208DF8170006E046
S31508003410FFE7FFE7FFE700208DF81700FFE79DF8B5
S31508003420170006B080BD000081B0009001B070475B
S3150800343081B0009001B0704780B582B000900098C6
S3150800344020B9FFE701208DF807003FE0009890F8C3
S315080034503D0040B9FFE70099002081F83C0000983C
S3150800346000F038F8FFE70099022081F83D0000993E
S3150800347051F8040B05F026FF0099012081F8460053
S31508003480FFE70099012081F83E00009981F83F0086
S31508003490009981F84000009981F84100FFE7FFE7AD
S315080034A00099012081F84200009981F843000099AB
S315080034B081F84400009981F84500FFE7009901204A
S315080034C081F83D0000208DF80700FFE79DF807000A
S315080034D002B080BD80B588B007900798006844F2AE
S315080034E00001C4F2010188421BD1FFE7FFE7002073
S315080034F0069043F64400C4F20200016841F48031A4
S315080035000160006800F4803006900698FFE71820EE
S31508003510039005210022FFF7ABF90398FFF79EF900
S3150800352049E00798006844F20041C4F20101884264
S315080035301BD1FFE7FFE70020059043F64400C4F2DD
S315080035400200016841F400310160006800F40030AF
S3150800355005900598FFE71920029005210022FFF73C
S3150800356087F90298FFF77AF924E00798006844F685
S315080035700001C4F2010188421BD1FFE7FFE70020E2
S31508003580049043F64400C4F20200016841F4802125
S315080035900160006800F4802004900498FFE71A2070
S315080035A0019005210022FFF763F90198FFF756F904
S315080035B0FFE7FFE7FFE708B080BD000083B0019092
S315080035C0019890F83D00012804D0FFE701208DF806
S315080035D00B006AE00199022081F83D000198016814
S315080035E0C86840F00100C860019800680021C4F26C
S315080035F0010188423CD0FFE701980068B0F1804F8E
S3150800360036D0FFE70198006840F20041C4F2000195
S3150800361088422DD0FFE70198006840F60001C4F201
S315080036200001884224D0FFE70198006840F600416F
S31508003630C4F2000188421BD0FFE70198006840F2F7
S315080036400041C4F20101884212D0FFE701980068E0
S3150800365044F20001C4F20101884209D0FFE701984B
S31508003660006841F60001C4F20001884212D1FFE762
S3150800367001980068806800F0070000900098062806
S3150800368007D0FFE701980168086840F00100086064
S31508003690FFE706E001980168086840F00100086045
S315080036A0FFE700208DF80B00FFE79DF80B0003B03D
S315080036B07047000080B586B00490039100208DF80D
S315080036C00B00FFE7049890F83C00012804D1FFE7B7
S315080036D002208DF81700ABE00499012081F83C0020
S315080036E0FFE7FFE70499022081F83D000498006887
S315080036F080680190019820F077000190019820F4E5
S315080037007F400190019804990968886003980068C9
S315080037100090002872D0FFE7009810286ED0FFE7C7
S31508003720009820286AD0FFE70098302866D0FFE77F
S315080037300098402855D0FFE70098502837D0FFE773
S315080037400098602840D0FFE7009870280BD0FFE764
S315080037500098B0F5805F05D0FFE70098B0F5005FE8
S3150800376016D052E055E004980068039B5A68996899
S31508003770DB6805F091FE049800688068019001985E
S3150800378040F077000190019804990968886040E044
S3150800379004980068039B5A689968DB6805F07CFE04
S315080037A004980168886840F48040886031E004988D
S315080037B00068039A5168D26806F05AF804980068B7
S315080037C0502105F083FE24E004980068039A5168A6
S315080037D0D26806F075F804980068602105F076FE50
S315080037E017E004980068039A5168D26806F040F812
S315080037F004980068402105F069FE0AE0049800680C
S315080038000399096805F062FE03E001208DF80B00B4
S31508003810FFE70499012081F83D00FFE7049900209D
S3150800382081F83C00FFE79DF80B008DF81700FFE7CD
S315080038309DF8170006B080BD81B0009001B07047B2
S3150800384080B582B0019001980068006900F0020115
S315080038500020B0EB510F28D0FFE701980068C06838
S3150800386000F002010020B0EB510F1DD0FFE70198D0
S3150800387001686FF002000861019901200877019834
S3150800388000688069800720B1FFE70198FFF7D4FF39
S3150800389006E0019800F04AF9019800F05BFAFFE7A4
S315080038A0019900200877FFE7FFE70198006800699B
S315080038B000F004010020B0EB910F29D0FFE7019832
S315080038C00068C06800F004010020B0EB910F1ED01C
S315080038D0FFE7019801686FF004000861019902206A
S315080038E0087701980068806910F4407F04D0FFE7E4
S315080038F00198FFF7A1FF06E0019800F017F9019873
S3150800390000F028FAFFE7019900200877FFE7FFE7AC
S3150800391001980068006900F008010020B0EBD10F9B
S3150800392028D0FFE701980068C06800F00801002069
S31508003930B0EBD10F1DD0FFE7019801686FF00800C2
S31508003940086101990420087701980068C069800712
S3150800395020B1FFE70198FFF76FFF06E0019800F036
S31508003960E5F8019800F0F6F9FFE7019900200877D5
S31508003970FFE7FFE701980068006900F010010020E2
S31508003980B0EB111F29D0FFE701980068C06800F066
S3150800399010010020B0EB111F1ED0FFE70198016847
S315080039A06FF01000086101990820087701980068EF
S315080039B0C06910F4407F04D0FFE70198FFF73CFF89
S315080039C006E0019800F0B2F8019800F0C3F9FFE7A5
S315080039D0019900200877FFE7FFE70198006800696A
S315080039E0C00780B1FFE701980068C068C00748B102
S315080039F0FFE7019801686FF001000861019800F07F
S31508003A0093FAFFE7FFE7019800680069C1B2002052
S31508003A10B0EBD11F13D0FFE701980068C068C1B2A8
S31508003A200020B0EBD11F09D0FFE7019801686FF0BD
S31508003A30800008610198FFF7F7FCFFE7FFE70198A8
S31508003A400068006900F040010020B0EB911F14D017
S31508003A50FFE701980068C06800F040010020B0EB5D
S31508003A60911F09D0FFE7019801686FF040000861CF
S31508003A70019800F087FBFFE7FFE7019800680069F7
S31508003A8000F020010020B0EB511F14D0FFE7019889
S31508003A900068C06800F020010020B0EB511F09D073
S31508003AA0FFE7019801686FF0200008610198FFF7A9
S31508003AB0BFFCFFE7FFE702B080BD000080B588B015
S31508003AC007900020069005900490039002900798AE
S31508003AD0006841F60001C4F20001884223D1FFE7DD
S31508003AE0FFE70020019043F63000C4F202000168A7
S31508003AF041F002010160006800F00200019001989F
S31508003B00FFE74FF440400290022003900020049003
S31508003B1005900920069040F20040C4F2020002A96E
S31508003B20FEF7A2FBFFE708B080BD000081B0009059
S31508003B3001B0704780B586B00490039102920020C8
S31508003B408DF80700FFE7049890F83C00012804D197
S31508003B50FFE702208DF8170089E00499012081F813
S31508003B603C00FFE7FFE7029800900C2800F27080FF
S31508003B700099DFE801F0076D6D6D206D6D6D3A6D8A
S31508003B806D6D530004980068039905F0B5FC049818
S31508003B900168886940F008008861049801688869A6
S31508003BA020F004008861039802690498016888690E
S31508003BB01043886150E004980068039905F012FDE7
S31508003BC004980168886940F400608861049801686F
S31508003BD0886920F4806088610398026904980168FE
S31508003BE0886940EA0220886136E0049800680399EB
S31508003BF005F072FD04980168C86940F00800C861BC
S31508003C0004980168C86920F00400C861039802692D
S31508003C1004980168C8691043C8611DE004980068E3
S31508003C20039905F0D3FD04980168C86940F400605B
S31508003C30C86104980168C86920F48060C86103985F
S31508003C40026904980168C86940EA0220C86103E06D
S31508003C5001208DF80700FFE7FFE70499002081F8A7
S31508003C603C00FFE79DF807008DF81700FFE79DF871
S31508003C70170006B080BD000080B582B0009000989D
S31508003C8020B9FFE701208DF807003FE0009890F87B
S31508003C903D0040B9FFE70099002081F83C000098F4
S31508003CA000F038F8FFE70099022081F83D000099F6
S31508003CB051F8040B05F006FB0099012081F846002F
S31508003CC0FFE70099012081F83E00009981F83F003E
S31508003CD0009981F84000009981F84100FFE7FFE765
S31508003CE00099012081F84200009981F84300009963
S31508003CF081F84400009981F84500FFE70099012002
S31508003D0081F83D0000208DF80700FFE79DF80700C1
S31508003D1002B080BD82B001900198006841F60001AA
S31508003D20C4F20001884212D1FFE7FFE700200090A5
S31508003D3043F64000C4F20200016841F04001016008
S31508003D40006800F0400000900098FFE7FFE702B027
S31508003D507047000081B0009001B0704780B58CB004
S31508003D600A900991099828B9FFE70A9890F83E0041
S31508003D7007901CE00998042805D1FFE70A9890F8EF
S31508003D803F00069010E00998082805D1FFE70A9831
S31508003D9090F84000059004E00A9890F841000590D4
S31508003DA0FFE705980690FFE706980790FFE707984C
S31508003DB0012804D0FFE701208DF82F00AFE009980D
S31508003DC028B9FFE70A99022081F83E001EE0099803
S31508003DD0042806D1FFE70A99022081F83F000490DB
S31508003DE012E00998082806D1FFE70A99022081F807
S31508003DF04000039005E00A99022081F841000390EB
S31508003E00FFE703980490FFE70498FFE70A9800681D
S31508003E1009990122019205F023FB01980A9909687C
S31508003E200022C4F20102914202900CD0FFE70A98E0
S31508003E3000684FF60041CBF6FE710844B0FA80F0F0
S31508003E4040090290FFE70298C00738B1FFE70A98D1
S31508003E500168486C40F400404864FFE70A98006827
S31508003E600021C4F2010188423CD0FFE70A980068A5
S31508003E70B0F1804F36D0FFE70A98006840F200415B
S31508003E80C4F2000188422DD0FFE70A98006840F680
S31508003E900001C4F20001884224D0FFE70A980068AE
S31508003EA040F60041C4F2000188421BD0FFE70A9899
S31508003EB0006840F20041C4F20101884212D0FFE7CF
S31508003EC00A98006844F20001C4F20101884209D048
S31508003ED0FFE70A98006841F60001C4F2000188422B
S31508003EE012D1FFE70A980068806800F0070008907A
S31508003EF00898062807D0FFE70A980168086840F07E
S31508003F0001000860FFE706E00A980168086840F0C3
S31508003F1001000860FFE700208DF82F00FFE79DF8F5
S31508003F202F000CB080BD000080B588B007900798B8
S31508003F300068B0F1804F03D1FFE7FEF7C3FBFFE748
S31508003F400798006844F60001C4F2010188420ED1C0
S31508003F50FFE705F017F841F2C800C2F2000040F288
S31508003F603D41C2F20001092200F0F0FDFFE7079883
S31508003F70006844F20041C4F20101884240F0CC8056
S31508003F80FFE740F2E850C2F2000090ED220A40F244
S31508003F90A803C2F200030393D3F88800D3F81811D4
S31508003FA0D3F8A821D3F8383201EE102A30EE010AE8
S31508003FB0BDEEC00A10EE102A40F2A06CC2F2000C48
S31508003FC09CED220A01EE103A30EE010ABDEEC00A57
S31508003FD010EE103A40F2587CC2F2000C9CED220A10
S31508003FE001EE100A30EE010ABDEEC00A10EE100A04
S31508003FF040F6100CC2F2000C9CED220A01EE101AD3
S3150800400030EE010ABDEEC00A10EE10CA6946C1F8C4
S3150800401004C0086040F66450C2F200004FF4007114
S3150800402002F0E0FE40F24840C2F20000069090F826
S31508004030242040F60040C4F2020004900821FEF74E
S3150800404023FB039840F6A831C2F2000191ED220A3B
S31508004050D0F8C80201EE100A30EE010ABDEEC00A19
S3150800406010EE102A40F6C800C2F2000090ED220AAF
S31508004070BDEEC00A10EE103A40F63820C2F2000033
S3150800408090ED220ABDEEC00A10EE100A40F6604115
S31508004090C2F2000191ED220ABDEEC00A10EE10CA66
S315080040A06946C1F804C0086040F63C50C2F20000F8
S315080040B040F2FF1102F096FE04984FF40061FEF7F5
S315080040C0CBFA0146049840F20C42C2F2000205926D
S315080040D011704FF48041FEF7BFFA059A014604981D
S315080040E051704021FEF7B8FA059A01460498917076
S315080040F01021FEF7B1FA059A01460698D170B0F874
S31508004100462040F6AC71C2F200010B685A63B0F85B
S31508004110440009688863FFE70798006844F20001CD
S31508004120C4F2010188422AD1FFE740F63850C2F2AC
S315080041300000017801310170007806281EDBFFE7D0
S3150800414040F23050C2F2000090ED220ABDEEC00ADD
S3150800415010EE102A6846002302934360036040F677
S315080041603C50C2F200004FF4007102F03BFE029888
S3150800417040F63851C2F200010870FFE7FFE708B0C1
S3150800418080BD000081B0009001B0704782B00190F8
S31508004190ADF8021002B0704780B584B003900020D5
S315080041A00290039800684069C0B2C009029003985B
S315080041B090F83D00212823D1FFE7029800B3FFE7D6
S315080041C0FFE7FFE70398006850E8050F20F0800036
S315080041D00190FFE701990398026842E80510002854
S315080041E0F0D1FFE7FFE70398406B28B1FFE7039894
S315080041F0406BFDF7F7FCFFE7039805F06BFDFFE75B
S31508004200039800684069C0F380100290039890F8FC
S315080042103E00222823D1FFE7029800B3FFE7FFE715
S31508004220FFE70398006850E8050F20F0400000906B
S31508004230FFE700990398026842E805100028F0D1C4
S31508004240FFE7FFE70398806B28B1FFE70398806BC9
S31508004250FDF7C8FCFFE7039805F0DEFCFFE7002042
S3150800426004B080BD81B0009001B0704780B592B0AF
S315080042701190119800680068109011980068C0683D
S315080042800F901198006840690E9000200D900C90D0
S31508004290109800F00F000D900D9888B9FFE79DF86B
S315080042A04000800600280AD5FFE79DF83C008006F6
S315080042B0002804D5FFE7119805F028FDE3E1FFE79C
S315080042C00D98002800F0C280FFE79DF83800C00767
S315080042D038B9FFE7BDF83C0010F4907F00F0B680CF
S315080042E0FFE79DF84000C00758B1FFE79DF83D007D
S315080042F0C00730B1FFE71199086C40F00100086467
S31508004300FFE79DF84000400700280BD5FFE79DF81A
S315080043103800C00730B1FFE71199086C40F0020079
S315080043200864FFE79DF84000800700280BD5FFE7E3
S315080043309DF83800C00730B1FFE71199086C40F0C6
S3150800434004000864FFE79DF840000007002811D51F
S31508004350FFE79DF83C008006002805D4FFE79DF896
S315080043603800C00730B1FFE71199086C40F0080023
S315080043700864FFE71198006C002866D0FFE79DF8EF
S315080043804000800600280AD5FFE79DF83C00800615
S31508004390002804D5FFE7119805F0B8FCFFE7119847
S315080043A000684069C0F380100C901198006C0007F3
S315080043B0002804D4FFE70C9800283ED0FFE71198A0
S315080043C005F02AFC119800684069400600282FD598
S315080043D0FFE7FFE7FFE71198006850E8050F20F0B0
S315080043E040000B90FFE70B991198026842E8051008
S315080043F00028F0D1FFE7FFE71198806B98B1FFE737
S315080044001198816B49F6C910C0F600000865119825
S31508004410806BFDF75DFC28B1FFE71198806B016D95
S315080044208847FFE703E01198FFF71CFFFFE703E063
S315080044301198FFF717FFFFE706E01198FFF712FF3D
S31508004440119900200864FFE7FFE71CE11198006B4B
S31508004450012840F0F880FFE79DF84000C0060028D4
S3150800446040F1F180FFE79DF83C00C006002840F1C6
S31508004470EA80FFE7FFE700200A90119800680068C5
S315080044800A901198006840680A900A98FFE7119800
S3150800449000684069400600287ED5FFE71198806BC2
S315080044A000684068ADF82600BDF82600002872D0DE
S315080044B0FFE7BDF826001199898D88426BDAFFE778
S315080044C0BDF826001199C8851198806BC069B0F5AA
S315080044D0807F58D0FFE7FFE7FFE71198006850E8AC
S315080044E0030F20F480700890FFE708991198026876
S315080044F042E803100028F0D1FFE7FFE7FFE7FFE7F0
S315080045001198006850E8050F20F001000790FFE7B2
S3150800451007991198026842E805100028F0D1FFE7CC
S31508004520FFE7FFE7FFE71198006850E8050F20F05E
S3150800453040000690FFE706991198026842E80510C0
S315080045400028F0D1FFE7FFE71199202081F83E0007
S31508004550119900200863FFE7FFE71198006850E803
S31508004560030F20F010000590FFE7059911980268DF
S3150800457042E803100028F0D1FFE7FFE71198806BA7
S31508004580FDF730FBFFE71198818DC28D891A89B234
S31508004590FFF7FCFDFFE776E01199888DC98D401A73
S315080045A0ADF812001198C08D00284BD0FFE7BDF872
S315080045B01200002846D0FFE7FFE7FFE711980068DA
S315080045C050E8030F20F490700390FFE703991198C1
S315080045D0026842E803100028F0D1FFE7FFE7FFE78B
S315080045E0FFE71198006850E8050F20F001000290D7
S315080045F0FFE702991198026842E805100028F0D1F1
S31508004600FFE7FFE71199202081F83E001199002065
S315080046100863FFE7FFE71198006850E8030F20F0EA
S3150800462010000190FFE701991198026842E803100B
S315080046300028F0D1FFE7FFE71198BDF81210FFF741
S31508004640A5FDFFE71FE09DF84000000600280AD5F3
S31508004650FFE79DF83C000006002804D5FFE71198FF
S3150800466005F030FD0FE09DF84000400600280AD509
S31508004670FFE79DF83C004006002804D5FFE711989F
S3150800468005F014FBFFE712B080BD000080B582B0CC
S315080046900090009820B9FFE701208DF807003EE05A
S315080046A00098806908B1FFE700E0FFE7009890F8F6
S315080046B03D0040B9FFE70099002081F83C000098CA
S315080046C000F032F8FFE70099242081F83D000098B1
S315080046D00168C86820F40050C860009805F0C8FB57
S315080046E000980168086920F49040086100980168FC
S315080046F0486920F02A00486100980168C86840F4B3
S315080047000050C860009900200864009A202182F8A9
S315080047103D10009A82F83E108DF80700FFE79DF8D5
S31508004720070002B080BD000080B59AB0199000203D
S31508004730189017901690159014901998006844F6DA
S315080047400041C4F20001884265D1FFE7FFE7002077
S31508004750139043F64000C4F20200016841F40021B8
S315080047600160006800F4002013901398FFE7FFE744
S315080047700020129043F63000C4F20200016841F0AE
S3150800478001010160006800F0010012901298FFE72D
S31508004790032014900221159100210A911691179071
S315080047A0082018900020C4F2020014A9FDF75CFD49
S315080047B00A9940F69450C2F200000B9046F2400265
S315080047C0C4F2020202604FF0006242608160C1607A
S315080047D04FF48062026141618161C1610162416297
S315080047E0FDF728FC18B1FFE7FCF74AF9FFE7FFE7F2
S315080047F0199840F69451C2F20001816319988863AA
S31508004800FFE73420099005210022FEF731F80998C0
S31508004810FEF724F854E11998006847F60001C4F237
S31508004820000188423FD1FFE7FFE70020119043F6D9
S315080048304000C4F20200016841F08041016000684E
S3150800484000F0804011901198FFE7FFE700201090D4
S3150800485043F63000C4F20200016841F0100101601D
S31508004860006800F0100010901098FFE74FF4C07031
S315080048701490022015900020079016900320179098
S315080048800820189041F20000C4F2020014A9FDF7AE
S31508004890EBFC079A522008900521FDF7E9FF0898D6
S315080048A0FDF7DCFF0BE11998006841F20001C4F23C
S315080048B00101884267D1FFE7FFE700200F9043F622
S315080048C04400C4F20200016841F01001016000686A
S315080048D000F010000F900F98FFE7FFE700200E90FA
S315080048E043F63000C4F20200016841F0010101609C
S315080048F0006800F001000E900E98FFE74FF4C060C4
S315080049001490022015900020059016900320179009
S31508004910072018900020C4F2020014A9FDF7A4FC91
S31508004920059940F6F450C2F20000069046F240425D
S31508004930C4F2020202604FF0006242608160C16008
S315080049404FF48062026141618161C1610162416225
S31508004950FDF770FB18B1FFE7FCF792F8FFE7FFE7F2
S31508004960199840F6F451C2F20001816319988863D8
S31508004970FFE72520049005210022FDF779FF04981A
S31508004980FDF76CFF9AE01998006844F20041C4F2FA
S315080049900001884240F09180FFE7FFE700200D9074
S315080049A043F64000C4F20200016841F40031016098
S315080049B0006800F400300D900D98FFE7FFE700202F
S315080049C00C9043F63000C4F20200016841F0010180
S315080049D00160006800F001000C900C98FFE70C20BD
S315080049E0149002201590002002901690032017902C
S315080049F0072018900020C4F2020014A9FDF734FC21
S31508004A00029940F6B460C2F20000039046F2A00292
S31508004A10C4F2020202604FF00062426040228260E5
S31508004A20C1604FF48062026141618161C1610162C6
S31508004A304162FDF7FFFA18B1FFE7FCF721F8FFE737
S31508004A40FFE7199840F6B461C2F20001416319986C
S31508004A508863FFE740F65460C2F20000019046F210
S31508004A608801C4F2020101604FF000614160002133
S31508004A708160C1604FF48062026141618161C161F8
S31508004A8001624162FDF7D6FA18B1FFE7FBF7F8FFB6
S31508004A90FFE7FFE7199840F65461C2F20001816307
S31508004AA019988863FFE72620009005210022FDF764
S31508004AB0DFFE0098FDF7D2FEFFE7FFE7FFE7FFE717
S31508004AC01AB080BD80B584B002900191ADF802207D
S31508004AD0029890F83E00202828D1FFE7019820B1D7
S31508004AE0FFE7BDF8020020B9FFE701208DF80F00A7
S31508004AF020E0FFE7029890F83C00012804D1FFE780
S31508004B0002208DF80F0015E00299012081F83C007B
S31508004B10FFE7FFE702990020086302980199BDF8AC
S31508004B20022005F043FA8DF80F0003E002208DF805
S31508004B300F00FFE79DF80F0004B080BD81B000901C
S31508004B4001B0704781B0009001B0704780B586B05B
S31508004B5004900391ADF80A20049890F83D002028A7
S31508004B6074D1FFE7039820B1FFE7BDF80A0020B922
S31508004B70FFE701208DF817006CE0FFE7049890F82E
S31508004B803C00012804D1FFE702208DF8170061E0F8
S31508004B900499012081F83C00FFE7FFE70398049990
S31508004BA00862BDF80A0004998884BDF80A000499C9
S31508004BB0C884049900200864049A212182F83D10CB
S31508004BC004994A6B49F68531C0F60001D163049908
S31508004BD04A6B49F60141C0F60001116404994A6B13
S31508004BE049F6E911C0F60001D1640499496B0865D4
S31508004BF003A8019004980268406B01990968043279
S31508004C00BDF80A30FDF7CEFA049801686FF0400047
S31508004C100860FFE70499002081F83C00FFE7FFE7FA
S31508004C20FFE70498006850E8050F40F08000009000
S31508004C30FFE700990498026842E805100028F0D1B9
S31508004C40FFE7FFE700208DF8170003E002208DF844
S31508004C501700FFE79DF8170006B080BD81B00090E9
S31508004C6001B0704781B0009001B07047FFE7FEE7DA
S31508004C7080B584B003908DED020ACDED010A039844
S31508004C803030FBF791FE039880ED0B0A9DED020A82
S31508004C909DED011A30EE410A039880ED1E0A03982D
S31508004CA090ED181A90ED1E0A20EE010A80ED1F0AF3
S31508004CB0039890ED0B2A90ED1A1A90ED1D3A90ED97
S31508004CC01E0A30EE430A80EE020A20EE010ABDEE05
S31508004CD0C00A80ED210A039890ED192A90ED1E0A64
S31508004CE090ED201A20EE020A30EE010A80ED200A25
S31508004CF0039890ED200A90ED211AB8EEC11A30EE0D
S31508004D00010A80ED200A0398C16E00EE101AB8EE6B
S31508004D10C00A494201EE101AF8EEC10A90ED201AAF
S31508004D2003F0A8FC039880ED200A0399886F48676A
S31508004D30039890ED1F0A90ED201A30EE010A80EDD7
S31508004D40220A0398016F00EE101AB8EEC00A49420B
S31508004D5001EE101AF8EEC10A90ED221A03F08AFC49
S31508004D60039880ED220A04B080BD000080B582B0A9
S31508004D7040F63C50C2F20000019046F20041C4F2EF
S31508004D80000101600521416000218160C1604FF486
S31508004D90A02202614FF48012426101760122427616
S31508004DA08176C17601774177FCF72EFC18B1FFE7CB
S31508004DB0FBF766FEFFE702B080BD000080B582B053
S31508004DC040F66450C2F20000019046F60001C4F2B3
S31508004DD0000101600521416000218160C1604FF436
S31508004DE0A02202614FF480124261017601224276C6
S31508004DF08176C17601774177FCF706FC18B1FFE7A3
S31508004E00FBF73EFEFFE702B080BD000080B540F626
S31508004E108C50C2F2000043F20001C4F202010160A4
S31508004E20FCF7A0FE18B1FFE7FBF72AFEFFE780BDF7
S31508004E3080B588B0FFE70020079043F63000C4F23B
S31508004E400200016841F480010160006800F48000F6
S31508004E5007900798FFE7FFE70020069043F6300023
S31508004E60C4F20200016841F400110160006800F410
S31508004E70001006900698FFE70D2000900521039183
S31508004E8000220492FDF7F4FC0098FDF7E7FC03996D
S31508004E90049A10200190FDF7EBFC0198FDF7DEFC63
S31508004EA00399049A11200290FDF7E2FC0298FDF797
S31508004EB0D5FC0399049A3A200590FDF7D9FC059884
S31508004EC0FDF7CCFC08B080BDB0B590B04DF670606B
S31508004ED0C0F60000016842688368D0F80CC0D0F8B4
S31508004EE010E044690E94CDF834E0CDF830C00B9349
S31508004EF00A92099180690F9009A80021019106F08C
S31508004F0079FA019941F20432C2F2000210604DF6B4
S31508004F105460C0F6000002684368D0F808C0D0F8AC
S31508004F200CE00469456907950694CDF814E0CDF8B8
S31508004F3010C0039302928069089002A806F05AFAF4
S31508004F4040F61471C2F20001086010B0B0BD00004E
S31508004F5080B596B000201590149013901290119079
S31508004F60FFE70020109043F63000C4F20200016803
S31508004F7041F080010160006800F0800010901098F0
S31508004F80FFE7FFE700200F9043F63000C4F2020067
S31508004F90016841F001010160006800F001000F900E
S31508004FA00F98FFE7FFE700200E9043F63000C4F2A3
S31508004FB00200016841F010010160006800F010006D
S31508004FC00E900E98FFE7FFE700200D9043F630009D
S31508004FD0C4F20200016841F002010160006800F0B5
S31508004FE002000D900D98FFE7FFE700200C9043F6AE
S31508004FF03000C4F20200016841F00801016000684F
S3150800500000F008000C900C98FFE7FFE700200B90D3
S3150800501043F63000C4F20200016841F00401016061
S31508005020006800F004000B900B98FFE740F600407C
S31508005030C4F2020002904BF20C4101910022089240
S31508005040FDF722FB089A40F60000C4F2020004901D
S315080050504FF400610391FDF717FB089A40F20040F0
S31508005060C4F2020006904FF440710591FDF70CFB5F
S31508005070089A41F20000C4F2020009900121079142
S31508005080FDF702FB019B0298079A08991193129261
S315080050901391149111A90A91FDF7E6F80298089A56
S315080050A00A9944F65003119312921392FDF7DCF80D
S315080050B0DDF80CC00498079B089A0A99CDF844C0F5
S315080050C0129313921492FDF7CFF8DDF814C00698E0
S315080050D0079B089A0A99CDF844C012931392149222
S315080050E0FDF7C2F8079B089A09980A991193129333
S315080050F013921492FDF7B8F816B080BD80B540F645
S315080051001C70C2F2000044F20041C4F201010160C1
S3150800511040F2833141600021816040F24B42C26017
S3150800512001618161FEF788F918B1FFE7FBF7A8FC72
S31508005130FFE780BD80B540F66470C2F2000044F611
S315080051400001C4F20101016040F28331416000218F
S31508005150816040F2E732C26001618161FEF76CF955
S3150800516018B1FFE7FBF78CFCFFE780BD80B588B078
S3150800517000210091079106910591049103910291EE
S31508005180019140F6AC70C2F2000041F60002C4F28A
S315080051900002026059224260816040F2CF72C2600A
S315080051A001618161FEF768FD18B1FFE7FBF768FC4E
S315080051B0FFE760200190002202920392059240F6D2
S315080051C0AC70C2F2000001A9FEF7B4FC18B1FFE703
S315080051D0FBF756FCFFE740F6AC70C2F2000001A9E7
S315080051E00422FEF7A7FC18B1FFE7FBF749FCFFE727
S315080051F040F6AC70C2F20000FEF760FC08B080BD55
S3150800520080B584B00021039102910191009141F289
S315080052103C00C2F2000044F20002C4F2010202603D
S3150800522040F283324260816040F25722C2600161D7
S315080052308161FEF701F918B1FFE7FBF721FCFFE7EB
S315080052404FF48050009041F23C00C2F200006946DB
S31508005250FEF730FA18B1FFE7FBF712FCFFE704B0D8
S3150800526080BD000080B582B041F20C10C2F2000089
S31508005270019044F60041C4F2000101604FF4E131A7
S31508005280416000218160C16001610C224261816137
S31508005290C161FFF7FBF918B1FFE7FBF7F1FBFFE781
S315080052A041F20C10C2F200000168C86840F0100014
S315080052B0C86002B080BD000080B582B041F25010CF
S315080052C0C2F20000019047F60001C4F20001016035
S315080052D04FF4E131416000218160C16001610C2217
S315080052E042618161C161FFF7D1F918B1FFE7FBF7A8
S315080052F0C7FBFFE702B080BD80B582B041F28400EB
S31508005300C2F20000019041F20001C4F201010160FD
S3150800531048F2A061C0F20101416000218160C160CC
S3150800532001610C2242618161C161FFF7AFF918B1D1
S31508005330FFE7FBF7A5FBFFE741F28400C2F2000096
S315080053400168C86840F01000C86002B080BD00005F
S3150800535080B582B041F2C800C2F20000019044F262
S315080053600041C4F2000101604FF4E13141600021BF
S315080053708160C16001610C2242618161C161FFF7F0
S3150800538085F918B1FFE7FBF77BFBFFE741F2C80099
S31508005390C2F200000168C86840F01000C86002B098
S315080053A080BD0000FFE7FEE7FFE7FEE788B007904D
S315080053B006910592079800F0070004900498C0F13A
S315080053C00700052803D3FFE70420019004E00498AA
S315080053D0C0F107000190FFE7019803900498043094
S315080053E0062803D8FFE70020009003E00498033856
S315080053F00090FFE70098029006980399012202FAA6
S3150800540001F101390840029B984005999A40013AF2
S315080054101140084308B0704786B003A900910146B9
S315080054200098059180ED010AC0ED000A0598D0F8AC
S315080054300600406840F21041C2F2000108600020F0
S31508005440ADF80A00FFE7BDF80A0005990988013991
S31508005450884224DAFFE70598D0F80600BDF80A1056
S3150800546000EB810090ED010A40F21041C2F2000102
S3150800547091ED001A30EE410A80ED000A0598D0F841
S315080054800A10BDF80A2001EB8200406841F82200A4
S31508005490FFE7BDF80A000130ADF80A00D3E7009926
S315080054A0059AD2F80600128800EB820010ED020A6F
S315080054B091ED011A30EE010A00ED010A0398059AEA
S315080054C0D2F80A10128801EB820141F8040C0599FA
S315080054D0D1F802000988884207D2FFE70599D1F872
S315080054E002000130C1F80200FFE705990020C1F863
S315080054F02600C1F82200C1F81E00C1F81A00059955
S315080055000888D1F80210401AADF80800FFE7BDF880
S3150800551008000599098888425DDAFFE70599BDF80C
S315080055200830D1F80620D1F81A0002EB830292ED72
S31508005530000A01EE100A20EE000A30EE010A10EE0B
S31508005540100AC1F81A000599BDF80830D1F80620E6
S31508005550D1F81E0002EB830292ED001A00EE100A43
S3150800556030EE010A10EE100AC1F81E000599BDF8C2
S315080055700830D1F806C0D1F80A20D1F822000CEB81
S31508005580830C9CED000A02EB830292ED002A01EEE1
S31508005590100A20EE020A30EE010A10EE100AC1F8CF
S315080055A022000599BDF80830D1F80A20D1F826005E
S315080055B002EB830292ED001A00EE100A30EE010AA1
S315080055C010EE100AC1F82600FFE7BDF80800013002
S315080055D0ADF808009BE705990A4652F81A0F536872
S315080055E0D2F808C0D26802EE10CAB1F800C000EEC0
S315080055F010CAB8EEC03A01EE103A00EE102A21EEB3
S31508005600000A22EE032A30EE420A02EE100A21EEC2
S31508005610011A22EE032A31EE421A80EE010A10EE32
S31508005620100AC1F80E0005990020C1F81600059960
S315080056300888D1F80210401AADF80600FFE7BDF851
S31508005640060005990988884230DAFFE70599D1F8F6
S3150800565006C0D1F80A00D1F80E20D1F8123000EEB3
S31508005660102ABDF806200CEB820C9CED002A01EEF0
S31508005670103A20EE020A30EE010A00EB820090EDA5
S31508005680001A30EE410AB0EEC01AD1F8160000EE44
S31508005690100A30EE010A10EE100AC1F81600FFE7EC
S315080056A0BDF806000130ADF80600C8E70599088878
S315080056B000EE100AB8EEC01AD1F8160000EE100A6D
S315080056C080EE010A10EE100AC1F816000598D0F807
S315080056D00E0000EE100A06B07047000080B584B0D0
S315080056E00390ADF80A10BDF80A00039908800399DB
S315080056F000200190C1F80200BDF80A00800006F0FB
S315080057000DFE0399C1F80600BDF80A00800006F0F0
S3150800571005FE01460198039AC2F80A100399C1F8D2
S315080057200E000399C1F812000398D0F80600BDF8D8
S315080057300A108900FAF7A0FD0398D0F80A00BDF808
S315080057400A108900FAF798FD01980399C1F826000E
S31508005750C1F82200C1F81E00C1F81A0004B080BDC5
S3150800576080B588B08DED060ACDED050A8DED041AD3
S315080057704CF6CD40C3F64C7003904CF6CD40C3F6BC
S315080057804C6002909DED060A02F066FF8DED010A57
S315080057909DED050A02F060FFB0EE401A9DED010A84
S315080057A030EE410A02F058FF9DED041AB4EE410AA4
S315080057B0F1EE10FA11DBFFE79DED050A9DED061ADD
S315080057C09FED122A21EE021A9FED0E2A20EE020AFA
S315080057D030EE010A8DED070A10E09DED050A9DEDF4
S315080057E0061A9FED082A21EE021A9FED072A20EED7
S315080057F0020A30EE010A8DED070AFFE79DED070A5A
S3150800580008B080BDCDCC4C3FCDCC4C3ECCCC4C3E2C
S3150800581083B002900191029890F83E0000F00F00C4
S3150800582001285DD1FFE7019900200090C860019921
S31508005830886001990861019948610199886101990F
S31508005840C86101990862019A40F22621A2F844101B
S31508005850019A40F20E61A2F84610019981F84000BB
S31508005860019988620199C862019948630199886318
S31508005870019908630199C86340F21441C2F2000114
S31508005880087040F21541C2F20001087040F2164154
S31508005890C2F20001087040F21741C2F20001087016
S315080058A0029A92F8441001F0DF0182F84410029A35
S315080058B092F8441001F0BF0182F84410029A92F857
S315080058C0451001F0FB0182F84510029A92F845103E
S315080058D001F0F70182F84510019981F84800FFE7C1
S315080058E003B0704782B001900091019890F8440087
S315080058F04009C007002800F09E82FFE7019890F84B
S315080059004500C008C007002840F09582FFE740F22E
S315080059101540C2F20000007800285CD1FFE7009924
S3150800592042F20040C4F2F470C860009947F600409D
S31508005930C4F612000861009944F20000C4F29C7093
S315080059408860009940F60040CCF6F800086240F6F8
S315080059501000C2F2000040694CF60811C0F20101BD
S31508005960884237DBFFE740F25870C2F20000406910
S3150800597043F2F861CFF6FE7188422BDCFFE740F26E
S31508005980E850C2F20000406943F26861C0F20201C1
S3150800599088421FDBFFE740F2A060C2F200004069C0
S315080059A04CF69811CFF6FD71884213DCFFE740F6F6
S315080059B0A830C2F20000406942F2F841C0F2010183
S315080059C0884207DBFFE740F21541C2F200010120D9
S315080059D00870FFE7FFE740F21540C2F200000078C2
S315080059E001284FD1FFE7009946F20050C4F681001E
S315080059F04861009947F60040C4F69200886100990C
S31508005A004CF20000C4F22340C86100994FF4487074
S31508005A10A1F8440040F66040C2F20000406941F631
S31508005A20235188422DDBFFE740F66040C2F20000B2
S31508005A30406941F68751884223DCFFE740F6185053
S31508005A40C2F2000090ED000A9FEDD21AB4EE410AA8
S31508005A50F1EE10FA15DDFFE740F21840C2F2000039
S31508005A6090ED000A9FEDCC1AB4EE410AF1EE10FA59
S31508005A7007DAFFE740F21541C2F20001022008707A
S31508005A80FFE7FFE740F21540C2F20000007802285F
S31508005A904CD1FFE7019890F83E100120B0EB111F9A
S31508005AA044D1FFE700994DF20010C4F6EC00C86037
S31508005AB0009942F20040C4F6F400086140F610006E
S31508005AC0C2F20000406944F26031C0F20701884220
S31508005AD02BDBFFE740F25870C2F2000040694BF634
S31508005AE0A041CFF6F87188421FDCFFE740F2E85084
S31508005AF0C2F20000406948F69851C0F20701884290
S31508005B0013DBFFE740F2A060C2F20000406943F6EB
S31508005B10A461CFF6FF71884207DCFFE740F2154122
S31508005B20C2F2000103200870FFE7FFE740F21540C4
S31508005B30C2F200000078032843D1FFE7009900204D
S31508005B404861009945F20000C4F22650C8610099E0
S31508005B5045F20000C4F2C360886040F61850C2F2ED
S31508005B60000090ED000A9FEDB61AB4EE410AF1EE78
S31508005B7010FA25DAFFE740F66040C2F200004069F5
S31508005B8042F2F94188421BDBFFE740F66040C2F269
S31508005B900000406942F25D51884211DCFFE740F699
S31508005BA0A830C2F20000406947F23051884207DC4B
S31508005BB0FFE740F21541C2F2000104200870FFE732
S31508005BC0FFE740F21540C2F200000078042844D1ED
S31508005BD0FFE7009942F20020C4F6A100C8600099C8
S31508005BE041F20040C4F6CD00086140F61000C2F24A
S31508005BF00000406943F22001C0F2050188422BDC0F
S31508005C00FFE740F25870C2F2000040694CF6E071B6
S31508005C10CFF6FA7188421FDBFFE740F2E850C2F27E
S31508005C200000406948F2E071C0F20601884213DCC0
S31508005C30FFE740F2A060C2F20000406947F6200183
S31508005C40CFF6F971884207DBFFE740F21541C2F249
S31508005C50000105200870FFE7FFE740F21540C2F291
S31508005C600000007805281CD1FFE7009946F200508D
S31508005C70C4F68100486140F61850C2F2000090ED63
S31508005C80000A9FED6E1AB4EE410AF1EE10FA07DD2E
S31508005C90FFE740F21541C2F2000106200870FFE74F
S31508005CA0FFE740F21540C2F20000007806281DD131
S31508005CB0FFE7019890F83C0000F00F00012815D185
S31508005CC0FFE700990020886040F6A830C2F200007D
S31508005CD0406941F65831884207DCFFE740F2154132
S31508005CE0C2F2000107200870FFE7FFE740F21540FF
S31508005CF0C2F200000078072843D1FFE70099002088
S31508005D004861009A4CF20001C4F22341D16100991E
S31508005D10886140F66040C2F20000406941F62351AE
S31508005D2088422DDBFFE740F66040C2F2000040697A
S31508005D3041F68751884223DCFFE740F61850C2F245
S31508005D40000090ED000A9FED3E1AB4EE410AF1EE0E
S31508005D5010FA15DAFFE740F21840C2F2000090ED9B
S31508005D60000A9FED381AB4EE410AF1EE10FA07DD83
S31508005D70FFE740F21541C2F2000108200870FFE76C
S31508005D80FFE740F21540C2F200000078082851D11A
S31508005D9004E000BF0006794800B888C800990020CA
S31508005DA0C860009988600099086140F61000C2F240
S31508005DB00000406942F2107188423ADCFFE740F27F
S31508005DC05870C2F2000040694DF6F001CFF6FF7137
S31508005DD088422EDBFFE740F2E850C2F20000406935
S31508005DE042F21071884224DCFFE740F2A060C2F25A
S31508005DF0000040694DF6F001CFF6FF71884218DBC6
S31508005E00FFE740F6A830C2F20000406942F210717E
S31508005E1088420EDCFFE740F21541C2F2000100207D
S31508005E200870019991F8440000F0DF0081F84400F9
S31508005E30FFE7FFE7FFE702B0704700BF00067948B3
S31508005E4000401C4600401CC682B001900091019893
S31508005E5090F844004009C007002800F0C982FFE70F
S31508005E60019890F84500C008C007002800F0C082D5
S31508005E70FFE740F21740C2F200000078E0BBFFE7F8
S31508005E80009942F20040C4F2F470C86000994BF6DB
S31508005E900020CCF245700861009940F60040CCF627
S31508005EA0F800086240F61000C2F2000040694CF69D
S31508005EB00811C0F2010188421DDBFFE740F2587065
S31508005EC0C2F20000406943F2F861CFF6FE718842DB
S31508005ED011DCFFE740F6A830C2F2000040694AF636
S31508005EE0C871884207DBFFE740F21741C2F200019A
S31508005EF001200870FFE7FFE740F21740C2F20000F2
S31508005F00007801284ED1FFE7009946F20050C4F602
S31508005F1081004861009947F60040C4F692008861FE
S31508005F20009942F20000CCF2BB40C86100994FF4D8
S31508005F304870A1F8440040F66040C2F2000040698B
S31508005F4041F2BB4188422CDBFFE740F66040C2F2D3
S31508005F5000004069B0F5A95F23DAFFE740F618505C
S31508005F60C2F2000090ED000A9FEDD21AB4EE410A83
S31508005F70F1EE10FA15DDFFE740F21840C2F2000014
S31508005F8090ED000A9FEDCC1AB4EE410AF1EE10FA34
S31508005F9007DAFFE740F21741C2F200010220087053
S31508005FA0FFE7FFE740F21740C2F200000078022838
S31508005FB015D1FFE7019890F83E100120B0EB111FAC
S31508005FC00DD1FFE7009940F60030CCF610100862B4
S31508005FD040F21741C2F2000103200870FFE740F2C1
S31508005FE01740C2F200000078032865D1FFE7009940
S31508005FF00020486100994AF60000C4F6DE00C86031
S31508006000009942F20040C4F6F4008860009945F20F
S315080060100000CCF2C360086140F61850C2F20000D6
S3150800602090ED000A9FEDA51AB4EE410AF1EE10FABA
S3150800603041DAFFE740F61000C2F2000040694AF272
S315080060403831C0F20601884235DBFFE740F2587066
S31508006050C2F20000406945F6C841CFF6F971884298
S3150800606029DCFFE740F2E850C2F20000406948F632
S315080060709851C0F2070188421DDBFFE740F2A06095
S31508006080C2F20000406947F26821CFF6F8718842EB
S3150800609011DCFFE740F6A830C2F20000406947F27B
S315080060A03051884207DCFFE740F21741C2F200018F
S315080060B004200870FFE7FFE740F21740C2F200002D
S315080060C00078042822D1FFE7009945F20000C4F2BF
S315080060D02650C86140F66040C2F20000406942F2AC
S315080060E0F941884211DBFFE740F66040C2F2000042
S315080060F0406942F25D51884207DCFFE740F21741EA
S31508006100C2F2000105200870FFE7FFE740F21740DA
S31508006110C2F20000007805285DD1FFE7009946F233
S315080061200050C4F681004861009942F20020C4F686
S31508006130A100C860009941F20040C4F6CD0088600D
S3150800614000994FF44870A1F8440040F61850C2F27E
S31508006150000090ED000A9FEDA71AB4EE410AF1EE91
S3150800616010FA37DDFFE740F61000C2F2000040697A
S3150800617043F22001C0F2050188422BDCFFE740F21A
S315080061805870C2F2000040694CF6E071CFF6FA7119
S3150800619088421FDBFFE740F2E850C2F20000406980
S315080061A048F2E071C0F20601884213DCFFE740F2CC
S315080061B0A060C2F20000406947F62001CFF6F971E7
S315080061C0884207DBFFE740F21741C2F200010620CA
S315080061D00870FFE7FFE740F21740C2F200000078B8
S315080061E006285ED1FFE7019890F83C0000F00F0002
S315080061F0012856D1FFE7009949F60040C4F6E000A9
S31508006200C860009942F20040C4F6F400886000991C
S3150800621000200861009940F22620A1F8440040F6C3
S315080062201000C2F2000040694DF6D051C0F20601D6
S31508006230884235DBFFE740F25870C2F20000406939
S3150800624042F23021CFF6F971884229DCFFE740F2A5
S31508006250E850C2F20000406947F61021C0F2070173
S3150800626088421DDBFFE740F2A060C2F200004069E9
S3150800627048F2F051CFF6F871884211DCFFE740F694
S31508006280A830C2F20000406942F21071884207DC69
S31508006290FFE740F21741C2F2000107200870FFE746
S315080062A0FFE740F21740C2F20000007807284AD1FB
S315080062B006E000BF0006794800B888C800401C46BA
S315080062C0009900204861009A4CF20001C4F223416B
S315080062D0D1610099886140F66040C2F200004069C9
S315080062E041F6235188422DDBFFE740F66040C2F2B3
S315080062F00000406941F68751884223DCFFE740F6F3
S315080063001850C2F2000090ED000A9FED3B1AB4EE59
S31508006310410AF1EE10FA15DAFFE740F21840C2F228
S31508006320000090ED000A9FED351AB4EE410AF1EE31
S3150800633010FA07DDFFE740F21741C2F20001082014
S315080063400870FFE7FFE740F21740C2F20000007846
S3150800635008284CD1FFE700990020C860009988609A
S315080063600099086140F61000C2F20000406942F246
S31508006370107188423ADCFFE740F25870C2F200001A
S3150800638040694DF6F001CFF6FF7188422EDBFFE734
S3150800639040F2E850C2F20000406942F210718842A9
S315080063A024DCFFE740F2A060C2F2000040694DF627
S315080063B0F001CFF6FF71884218DBFFE740F6A830F8
S315080063C0C2F20000406942F2107188420EDCFFE713
S315080063D040F21741C2F2000100200870019991F8B5
S315080063E0440000F0DF0081F84400FFE7FFE7FFE71D
S315080063F002B070470006794800401C4600401CC69B
S3150800640080B584B003900291039890F83D1001205E
S31508006410B0EB111F6AD1FFE702990020019081F8BD
S31508006420480040F6C800C2F2000003F0D9FE40F664
S315080064303820C2F2000003F0D3FE40F6A830C2F2BC
S31508006440000003F0CDFE40F2E850C2F2000003F06F
S31508006450C7FE40F2A060C2F2000003F0C1FE40F29F
S315080064605870C2F2000003F0BBFE40F61000C2F2FC
S31508006470000003F0B5FE01980299C8600299886089
S315080064800299086102994861029988610299C8616E
S31508006490029A40F22621A2F84410029A40F20E61AE
S315080064A0A2F84610029981F840000299886202997A
S315080064B0C862029948630299886302990863029937
S315080064C0C86340F21441C2F20001087040F2154157
S315080064D0C2F20001087040F21641C2F200010870CB
S315080064E040F21741C2F200010870FFE704B080BD10
S315080064F082B001900091019890F844008009C00785
S31508006500002800F08682FFE7019890F84500C00849
S31508006510C007002800F07D82FFE740F21440C2F26F
S3150800652000000078002841D1FFE700994DF20010DD
S31508006530C4F6EC00C86000994BF60020CCF2457012
S315080065400861009942F20000CCF64B0008620099F7
S3150800655040F22620A1F8440040F61000C2F20000DE
S31508006560406944F26031C0F2070188421DDBFFE74B
S3150800657040F25870C2F2000040694BF6A041CFF6CF
S31508006580F871884211DCFFE740F6A830C2F2000035
S3150800659040694AF6C871884207DBFFE740F21441B2
S315080065A0C2F2000101200870FFE7FFE740F214403D
S315080065B0C2F200000078012835D1FFE7009949F2B8
S315080065C0A030C4F614104861009942F20000CCF2DB
S315080065D0BB40C86140F66040C2F20000406941F223
S315080065E0BB4188421EDBFFE740F66040C2F200006E
S315080065F04069B0F5A95F15DAFFE740F61850C2F210
S31508006600000090ED000A9FEDDA1AB4EE410AF1EEA9
S3150800661010FA07DDFFE740F21441C2F2000102203A
S315080066200870FFE7FFE740F21440C2F20000007866
S31508006630022815D1FFE7019890F83E100120B0EB2B
S31508006640111F0DD1FFE7009940F60030CCF6101067
S31508006650086240F21441C2F2000103200870FFE705
S3150800666040F21440C2F200000078032847D1FFE741
S3150800667000990020486100994EF60000C4F6FD0016
S315080066808860009945F20000CCF2C360086140F6C4
S315080066901850C2F2000090ED000A9FEDB61AB4EE4B
S315080066A0410AF1EE10FA29DAFFE740F2E850C2F2A1
S315080066B0000040694DF6B831C0F2070188421DDB7B
S315080066C0FFE740F2A060C2F20000406942F248418A
S315080066D0CFF6F871884211DCFFE740F6A830C2F21F
S315080066E00000406947F23051884207DCFFE740F274
S315080066F01441C2F2000104200870FFE7FFE740F2E8
S315080067001440C2F200000078042822D1FFE700995D
S3150800671045F20000C4F22650C86140F66040C2F255
S315080067200000406942F2F941884211DBFFE740F672
S315080067306040C2F20000406942F25D51884207DCBF
S31508006740FFE740F21441C2F2000105200870FFE796
S31508006750FFE740F21440C2F20000007805285DD138
S31508006760FFE7009946F20050C4F681004861009997
S3150800677042F20020C4F6A100C860009941F2004028
S31508006780C4F6CD00886000994FF44870A1F844001B
S3150800679040F61850C2F2000090ED000A9FED9F1ACD
S315080067A0B4EE410AF1EE10FA37DDFFE740F61000C5
S315080067B0C2F20000406943F22001C0F20501884296
S315080067C02BDCFFE740F25870C2F2000040694CF635
S315080067D0E071CFF6FA7188421FDBFFE740F2E85016
S315080067E0C2F20000406948F2E071C0F20601884230
S315080067F013DCFFE740F2A060C2F20000406947F6EA
S315080068002001CFF6F971884207DBFFE740F2144111
S31508006810C2F2000106200870FFE7FFE740F21440C5
S31508006820C2F20000007806285ED1FFE7019890F8CA
S315080068303C0000F00F00012856D1FFE7009949F601
S315080068400040C4F6E000C86000994DF20060C4F646
S3150800685003108860009900200861009940F22620FC
S31508006860A1F8440040F61000C2F2000040694DF657
S31508006870D051C0F20601884235DBFFE740F2587076
S31508006880C2F20000406942F23021CFF6F97188421F
S3150800689029DCFFE740F2E850C2F20000406941F205
S315080068A05061C0F2080188421DDBFFE740F2A06094
S315080068B0C2F2000040694EF6B011CFF6F771884271
S315080068C011DCFFE740F6A830C2F20000406942F248
S315080068D01071884207DCFFE740F21441C2F200015A
S315080068E007200870FFE7FFE740F21440C2F20000F5
S315080068F00078072833D1FFE70099002048610099FE
S315080069004CF20000C4F22340C86140F66040C2F26F
S315080069100000406941F6235188421FDBFFE740F635
S315080069206040C2F20000406941F68751884215DC92
S31508006930FFE740F61850C2F2000090ED000A9FEDFE
S31508006940361AB4EE410AF1EE10FA07DAFFE740F21A
S315080069501441C2F2000108200870FFE7FFE740F281
S315080069601440C2F200000078082851D104E000BFA4
S315080069708043114900401C4600990020C8600099D0
S3150800698088600099086140F61000C2F2000040696C
S3150800699041F2883188423ADCFFE740F25870C2F289
S315080069A0000040694EF67841CFF6FF7188422EDB2B
S315080069B0FFE740F2E850C2F20000406941F2883130
S315080069C0884224DCFFE740F2A060C2F2000040697A
S315080069D04EF67841CFF6FF71884218DBFFE740F69E
S315080069E0A830C2F20000406941F2883188420EDCC4
S315080069F0FFE740F21441C2F2000100200870019935
S31508006A0091F8440000F0BF0081F84400FFE7FFE773
S31508006A10FFE702B0704700BF00401C4600067948F1
S31508006A2082B001900091019890F845008008C0074F
S31508006A30002800F0A181FFE7019890F84500C008FA
S31508006A40C007002800F09881FFE740F21640C2F21E
S31508006A500000007800285FD1FFE700994CF6006037
S31508006A60C4F60210C860009940F20020C4F6D000AF
S31508006A708860009946F20000CCF2EA600861009945
S31508006A8047F20000CCF61410086200994FF44870DB
S31508006A90A1F8440040F61000C2F20000406940F632
S31508006AA08061C0F20801884235DBFFE740F2587082
S31508006AB0C2F2000040694FF28011CFF6F7718842A2
S31508006AC029DCFFE740F2E850C2F20000406946F2CE
S31508006AD0D001C0F2060188421DDBFFE740F2A06044
S31508006AE0C2F20000406949F63071CFF6F971884262
S31508006AF011DCFFE740F6A830C2F20000406945F213
S31508006B00F051884207DBFFE740F21641C2F2000166
S31508006B1001200870FFE7FFE740F21640C2F20000C6
S31508006B200078012822D1FFE7009945F20000C4F257
S31508006B302650C86140F66040C2F20000406942F241
S31508006B40F941884211DBFFE740F66040C2F20000D7
S31508006B50406942F25D51884207DCFFE740F2164180
S31508006B60C2F2000102200870FFE7FFE740F2164074
S31508006B70C2F20000007802283BD1FFE7009949F2EB
S31508006B80A030C4F61410486100990020886040F6C9
S31508006B90C800C2F20000406944F2C051C0F20401C4
S31508006BA0884225DBFFE740F63820C2F2000040693C
S31508006BB04BF64021CFF6FB71884219DCFFE740F21D
S31508006BC0E850C2F200004069B0F5FA5F10DCFFE752
S31508006BD040F2A060C2F20000406910F5FA5F07DBD8
S31508006BE0FFE740F21641C2F2000103200870FFE7F2
S31508006BF0FFE740F21640C2F200000078032843D1AE
S31508006C00FFE7019890F83E100120B0EB111F3BD129
S31508006C10FFE700994BF60020C4F6DB008860009970
S31508006C200020486140F2E850C2F2000040694BF289
S31508006C30C061C0F20601884225DBFFE740F2A0608A
S31508006C40C2F20000406944F64011CFF6F971884255
S31508006C5019DCFFE740F6C800C2F200004069B0F54B
S31508006C60FA5F10DCFFE740F63820C2F20000406900
S31508006C7010F5FA5F07DBFFE740F21641C2F20001A2
S31508006C8004200870FFE7FFE740F21640C2F2000052
S31508006C900078042826D1FFE7009942F20000CCF2DA
S31508006CA0BB40C861009940F22620A1F8440040F68E
S31508006CB06040C2F20000406941F2BB41884210DBE5
S31508006CC0FFE740F66040C2F200004069B0F5A95FF0
S31508006CD007DAFFE740F21641C2F200010520087004
S31508006CE0FFE7FFE740F21640C2F2000000780528E9
S31508006CF041D1FFE7009946F20050C4F68100486189
S31508006D0000994BF20040C4F65C00886040F61850C3
S31508006D10C2F2000090ED000A9FED181AB4EE410A7F
S31508006D20F1EE10FA26DDFFE740F2E850C2F2000065
S31508006D3040694EF6E831C0F2030188421ADBFFE7E4
S31508006D4040F2A060C2F2000040694DF29851CFF6B9
S31508006D50FB7188420EDCFFE740F21641C2F20001E1
S31508006D6000200870019991F8450000F0FB0081F8B1
S31508006D704500FFE7FFE7FFE702B0704700067948DE
S31508006D80EFF30980BFF36F8F154B1A681EF0100FCB
S31508006D9008BF20ED108A20E9F04F10602DE90900A0
S31508006DA04FF0500080F31188BFF34F8FBFF36F8FFA
S31508006DB005F038FF4FF0000080F31188BDE80900A0
S31508006DC019680868B0E8F04F1EF0100F08BFB0EC5D
S31508006DD0108A80F30988BFF36F8F704700BF00BF22
S31508006DE06012002010B58EB08C4686461198109910
S31508006DF0CDF834E0ADF832C0ADF83020ADF82E301D
S31508006E00ADF82C10ADF82A0008200890002006904E
S31508006E100790BDF9320004909DF831008DF80800FE
S31508006E209DF830008DF809009DF82F008DF80A00AE
S31508006E309DF82E008DF80B009DF82D008DF80C009E
S31508006E409DF82C008DF80D009DF82B008DF80E008E
S31508006E509DF82A008DF80F000D9840F63C51C2F2B5
S31508006E60000188420AD1FFE740F63C50C2F2000012
S31508006E7004A902AA01ABF9F747FF12E00D9840F6FC
S31508006E806451C2F2000188420AD1FFE740F6645015
S31508006E90C2F2000004A902AA01ABF9F735FFFFE721
S31508006EA0FFE70EB010BD000080B5B6B0359034913E
S31508006EB03599087B497B01EB4101084404380146B2
S31508006EC03391082800F2AB823399DFE811F0090004
S31508006ED0420262010701A3022A02AE0072021102EF
S31508006EE03499002081F848003598B0F9080000EE7A
S31508006EF0100AB8EEC00A10EE100AF9F7F7FA41ECD4
S31508006F00100B8DED200B34982590C068F9F7EEFA32
S31508006F109DED200B41EC110B8DED221B9FEDF01B17
S31508006F2053EC112B51EC100BF9F758FA9DED220B87
S31508006F3041EC110B51EC110B53EC102BF9F7A7F997
S31508006F4041EC100B51EC100BF9F7E3FA2599C860E0
S31508006F503598B0F9040000EE100AB8EEC00A10EE33
S31508006F60100AF9F7C3FA41EC100B8DED260B34988D
S31508006F702B908068F9F7BAFA9DED260B41EC110BB8
S31508006F808DED281B51EC100B9FEDD70B53EC102BF6
S31508006F902F932E92F9F722FA9DED280B41EC110B4F
S31508006FA051EC110B53EC102BF9F771F941EC100B5E
S31508006FB051EC100BF9F7ADFA2B9988603598B0F9B2
S31508006FC0020000EE100AB8EEC00A10EE100AF9F731
S31508006FD08DFA41EC100B8DED2C0B3498329000692C
S31508006FE0F9F784FA9DED2C0B2E9A2F9B41EC110B89
S31508006FF08DED301B51EC100BF9F7F0F99DED300BC8
S3150800700041EC110B51EC110B53EC102BF9F73FF92E
S3150800701041EC100B51EC100BF9F77BFA3299086129
S315080070203499012081F82400F9E13499002081F887
S3150800703048003598B0F9040000EE100AB8EEC01AF8
S31508007040349890ED050A30EE010A80ED050A359868
S31508007050B0F9020000EE100AB8EEC01A349890EDA6
S31508007060060A30EE010A80ED060A3598B0F90600E0
S3150800707000EE100AB8EEC00A10EE100AF9F736FA52
S3150800708041EC100B8DED1A0B34981F90C069F9F777
S315080070902DFA9DED1A0B41EC110B8DED1C1B9FED86
S315080070A0E61B53EC112B51EC100BF9F797F99DEDF4
S315080070B01C0B41EC110B53EC112B51EC100BF9F78F
S315080070C0E6F841EC100B51EC100BF9F722FA1F9970
S315080070D0C8613499012081F82400A0E13499002080
S315080070E0199081F848003598B0F9040000EE100AA6
S315080070F0B8EEC01A349890ED050A30EE010A80ED14
S31508007100050A3598B0F9020000EE100AB8EEC01A62
S31508007110349890ED060A30EE010A80ED060A359895
S31508007120B0F9060000EE100AB8EEC00A10EE100A12
S31508007130F9F7DCF941EC100B8DED140B3498189027
S31508007140C069F9F7D3F99DED140B41EC110B8DEDE0
S31508007150161B9FEDB91B53EC112B51EC100BF9F7CD
S315080071603DF99DED160B41EC110B53EC112B51EC2F
S31508007170100BF9F78CF841EC100B51EC100BF9F7E2
S31508007180C8F9189A01461998D161349981F82400EA
S3150800719045E134990020139081F848003598B0F9F4
S315080071A0080000EE100AB8EEC00A10EE100AF9F749
S315080071B09DF941EC100B8DED000B34980590C068D5
S315080071C0F9F794F99DED000B41EC110B8DED021BBF
S315080071D09FED951B53EC112B51EC100BF9F7FEF8AC
S315080071E09DED020B41EC110B51EC110B53EC102BDE
S315080071F0F9F74DF841EC100B51EC100BF9F789F93A
S315080072000599C8603598B0F9040000EE100AB8EE82
S31508007210C00A10EE100AF9F769F941EC100B8DED6A
S31508007220060B34980B908068F9F760F99DED060B0C
S3150800723041EC110B8DED081B51EC100B9FED7C0BEF
S3150800724053EC102B0F930E92F9F7C8F89DED080B27
S3150800725041EC110B51EC110B53EC102BF9F717F805
S3150800726041EC100B51EC100BF9F753F90B998860A8
S315080072703598B0F9020000EE100AB8EEC00A10EE12
S31508007280100AF9F733F941EC100B8DED0C0B349815
S3150800729012900069F9F72AF99DED0C0B0E9A0F9BCF
S315080072A041EC110B8DED101B51EC100BF9F796F80C
S315080072B09DED100B41EC110B51EC110B53EC102BFF
S315080072C0F8F7E5FF41EC100B51EC100BF9F721F933
S315080072D0129A014613981161349981F824009EE0A8
S315080072E09A9999999999D93F9A9999999999E93F22
S315080072F03499002081F848003598808880003499B0
S315080073000880359840884000349948803598B0F907
S315080073100600C008349988803499012081F8240031
S315080073207DE03499002081F84800359989888900DC
S31508007330349A1180359949884900349A518035998B
S31508007340B1F90610C908349A9180349981F8240055
S3150800735065E03499002081F848003599B1F90410A0
S315080073604AF6AB22C2F6AA2251FB02F101EBD17111
S31508007370349B99713599B1F9081051FB02F101EB6B
S31508007380D171349BD9713599B1F9061051FB02F1C7
S3150800739001EBD17100EE101AB8EEC01A349991EDCE
S315080073A0080A30EE010A81ED080A349981F82400AA
S315080073B035E03499002081F848003598B0F9040082
S315080073C04AF6AB21C2F6AA2150FB01F000EBD070B9
S315080073D0349A90713598B0F9080050FB01F000EB2B
S315080073E0D070349AD0713598B0F9060050FB01F088
S315080073F000EBD07000EE100AB8EEC01A349890ED83
S31508007400080A30EE010A80ED080A3499012081F84D
S31508007410240004E03598349903F08CFCFFE736B075
S3150800742080BD00BF00BF00BF9A9999999999D93F25
S315080074309A9999999999E93F39B4C876BE9F8ABFAE
S3150800744080B58EB00D900D9906A81322F8F7FBFEAD
S315080074500798C0F3013040F2E441C2F20001087314
S315080074600798C0F38130487306986FF3DF20A0F5BC
S31508007470806048800698C0F3CA20A0F5806088809E
S315080074800698079A800D40EA82206FF3DF20A0F560
S315080074908060C8800798C0F34A00A0F5806008811C
S315080074A00A986FF3DF20A0F580604881BDF81800C0
S315080074B0400558B9FFE740F2E441C2F20001002056
S315080074C048808880C88008814881FFE7099840F38A
S315080074D0C011C0B240EA012040F2E442C2F2000202
S315080074E0059292F8352000F0A1FE059A014692F819
S315080074F0340001F00F0100F0F000084482F834006F
S31508007500099840F3C031C0F3072040EA012092F8F9
S31508007510362000F08BFE0599024691F8340000F0FB
S315080075200F0040EA021081F83400DDF8260000F06A
S31508007530010091F840200021009100F077FE0099A3
S31508007540059A034692F8380003F00F0300F0F0009E
S31508007550184482F838000998C0F3804092F842200F
S3150800756000F064FE0099059A034692F8390003F084
S315080075700F0300F0F000184482F839000998C0F3A8
S31508007580404092F8412000F051FE0099059A0346C2
S3150800759092F8380000F00F0040EA031082F838002D
S315080075A00998C0F3C04092F8432000F03FFE024617
S315080075B0059890F8391001F00F0141EA021180F898
S315080075C0391090ED040A8DED010A0798C117000CD1
S315080075D040EA0140F8F774FF9DED010A00EE900AB3
S315080075E09FEDD71A8DED041AFEF7BAF8059880EDC7
S315080075F0040A90ED070A8DED020A089840F3C03197
S31508007600C0EA0140F8F75CFF9DED020A9DED041AF9
S3150800761000EE900AFEF7A4F8059880ED070A90EDAB
S315080076200A0A8DED030A0898C117000C40EA0140C2
S31508007630F8F746FF9DED030A9DED041A00EE900A41
S31508007640FEF78EF8059880ED0A0A90ED040AB7EE63
S31508007650001AB4EE410AF1EE10FA08DDFFE740F22F
S31508007660E441C2F200014FF07E500861FFE740F2A4
S31508007670E440C2F2000090ED040ABFEE001AB4EE30
S31508007680410AF1EE10FA09DAFFE740F2E441C2F2E4
S3150800769000010020CBF680700861FFE740F2E44065
S315080076A0C2F2000090ED040ABFEE001AB4EE410AD9
S315080076B0F1EE10FA15DDFFE740F2E440C2F20000F1
S315080076C090ED040AB7EE001AB4EE410AF1EE10FA8C
S315080076D007DAFFE740F2E441C2F200010020086140
S315080076E0FFE740F2E440C2F2000090ED070AB7EE69
S315080076F0001AB4EE410AF1EE10FA08DDFFE740F28F
S31508007700E441C2F200014FF07E50C861FFE740F243
S31508007710E440C2F2000090ED070ABFEE001AB4EE8C
S31508007720410AF1EE10FA09DAFFE740F2E441C2F243
S3150800773000010020CBF68070C861FFE740F2E44004
S31508007740C2F2000090ED070ABFEE001AB4EE410A35
S31508007750F1EE10FA15DDFFE740F2E440C2F2000050
S3150800776090ED070AB7EE001AB4EE410AF1EE10FAE8
S3150800777007DAFFE740F2E441C2F200010020C861DF
S31508007780FFE740F2E440C2F2000090ED0A0AB7EEC5
S31508007790001AB4EE410AF1EE10FA08DDFFE740F2EE
S315080077A0E441C2F200014FF07E508862FFE740F2E2
S315080077B0E440C2F2000090ED0A0ABFEE001AB4EEE9
S315080077C0410AF1EE10FA09DAFFE740F2E441C2F2A3
S315080077D000010020CBF680708862FFE740F2E440A3
S315080077E0C2F2000090ED0A0ABFEE001AB4EE410A92
S315080077F0F1EE10FA15DDFFE740F2E440C2F20000B0
S3150800780090ED0A0AB7EE001AB4EE410AF1EE10FA44
S3150800781007DAFFE740F2E441C2F20001002088627D
S31508007820FFE70998C0F3005240F2E440C2F20000B4
S3150800783090F83A1001F0F001114480F83A1090F8E7
S315080078403A0000F00F0001281BD1FFE740F2244060
S31508007850C2F200000078A0B9FFE740F2E442C2F2A3
S31508007860000292F84410012020EA010301F0FE010B
S31508007870194482F8441040F22441C2F2000108700B
S3150800788018E040F2E440C2F2000090F83A0000071F
S3150800789078B9FFE740F22440C2F2000000780128D8
S315080078A007D1FFE740F22441C2F200010020087028
S315080078B0FFE7FFE70998C0F3405240F2E440C2F2FE
S315080078C0000090F83A1001F00F0141EA021180F821
S315080078D03A1090F83A100120B0EB111F1CD1FFE7BF
S315080078E040F21E40C2F200000078A8B9FFE740F255
S315080078F0E442C2F2000292F84410012020EA510341
S3150800790001F0FD0141EA430182F8441040F21E41AC
S31508007910C2F2000108701DE040F2E440C2F2000025
S3150800792090F83A100020B0EB111F12D1FFE740F291
S315080079301E40C2F20000007801280AD102E000BF0A
S315080079400000FA4340F21E41C2F20001002008700E
S31508007950FFE7FFE70998C0F3805240F2E440C2F21D
S31508007960000090F83B1001F0F001114480F83B103C
S3150800797090F83B0000F00F0001281CD1FFE740F209
S315080079802240C2F200000078A8B9FFE740F2E442BC
S31508007990C2F2000292F84410012020EA910301F095
S315080079A0FB0141EA830182F8441040F22241C2F207
S315080079B00001087018E040F2E440C2F2000090F8B6
S315080079C03B00000778B9FFE740F22240C2F2000008
S315080079D00078012807D1FFE740F22241C2F20001F0
S315080079E000200870FFE7FFE70998C0F3C05240F28D
S315080079F0E440C2F2000090F83B1001F00F0141EAA2
S31508007A00021180F83B1090F83B100120B0EB111FD3
S31508007A101CD1FFE740F21F40C2F200000078A8B967
S31508007A20FFE740F2E442C2F2000292F84410012055
S31508007A3020EAD10301F0F70141EAC30182F84410B4
S31508007A4040F21F41C2F2000108701AE040F2E44019
S31508007A50C2F2000090F83B100020B0EB111F0FD1C6
S31508007A60FFE740F21F40C2F200000078012807D164
S31508007A70FFE740F21F41C2F2000100200870FFE74D
S31508007A80FFE79DF8270000F0010240F2E440C2F249
S31508007A90000090F83C1001F0F001114480F83C1009
S31508007AA090F83C0000F00F0001281CD1FFE740F2D7
S31508007AB02340C2F200000078A8B9FFE740F2E4428A
S31508007AC0C2F2000292F84410012020EA111301F0D4
S31508007AD0EF0141EA031182F8441040F22341C2F251
S31508007AE00001087018E040F2E440C2F2000090F885
S31508007AF03C00000778B9FFE740F22340C2F20000D5
S31508007B000078012807D1FFE740F22341C2F20001BD
S31508007B1000200870FFE7FFE70998C0F3406240F2CB
S31508007B20E440C2F2000090F83C1001F00F0141EA6F
S31508007B30021180F83C1090F83C100120B0EB111FA0
S31508007B401CD1FFE740F22040C2F200000078A8B935
S31508007B50FFE740F2E442C2F2000292F84410012024
S31508007B6020EA511301F0DF0141EA431182F844107B
S31508007B7040F22041C2F2000108701AE040F2E440E7
S31508007B80C2F2000090F83C100020B0EB111F0FD194
S31508007B90FFE740F22040C2F200000078012807D132
S31508007BA0FFE740F22041C2F2000100200870FFE71B
S31508007BB0FFE70998C0F3C06240F2E440C2F2000051
S31508007BC090F83D1001F00F0141EA021180F83D10CE
S31508007BD090F83D100120B0EB111F1CD1FFE740F2D1
S31508007BE02740C2F200000078A8B9FFE740F2E44255
S31508007BF0C2F2000292F84410012080EAD11301F083
S31508007C007F0141EAC31182F8441040F22741C2F2CB
S31508007C10000108701AE040F2E440C2F2000090F851
S31508007C203D100020B0EB111F0FD1FFE740F22740AF
S31508007C30C2F200000078012807D1FFE740F2274189
S31508007C40C2F2000100200870FFE7FFE70998C0F3B9
S31508007C50806240F2E440C2F2000090F83D1001F064
S31508007C60F001114480F83D1090F83D0000F00F0037
S31508007C7001281CD1FFE740F22140C2F2000000783B
S31508007C80A8B9FFE740F2E442C2F2000292F84410B3
S31508007C90012020EA911301F0BF0141EA831182F81D
S31508007CA0441040F22141C2F20001087018E040F287
S31508007CB0E440C2F2000090F83D00000778B9FFE7FB
S31508007CC040F22140C2F200000078012807D1FFE700
S31508007CD040F22141C2F2000100200870FFE7FFE7E9
S31508007CE00998C0F3007240F2E440C2F2000090F82E
S31508007CF03E1001F0F001114480F83E1090F83E0065
S31508007D0000F00F0001281BD1FFE740F22640C2F21F
S31508007D1000000078A0B9FFE740F2E442C2F2000290
S31508007D2092F84510012020EA010301F0FE011944EA
S31508007D3082F8451040F22641C2F20001087018E0A8
S31508007D4040F2E440C2F2000090F83E00000778B91D
S31508007D50FFE740F22640C2F200000078012807D16A
S31508007D60FFE740F22641C2F2000100200870FFE753
S31508007D70FFE70998C0F3407240F2E440C2F20000FF
S31508007D8090F83E1001F00F0141EA021180F83E100A
S31508007D9090F83E100120B0EB111F1CD1FFE740F20E
S31508007DA01D40C2F200000078A8B9FFE740F2E4429D
S31508007DB0C2F2000292F84510012020EA510301F0B0
S31508007DC0FD0141EA430182F8451040F21D41C2F225
S31508007DD0000108701AE040F2E440C2F2000090F890
S31508007DE03E100020B0EB111F0FD1FFE740F21D40F7
S31508007DF0C2F200000078012807D1FFE740F21D41D2
S31508007E00C2F2000100200870FFE7FFE70998C0F3F7
S31508007E10807240F2E440C2F2000090F83F1001F090
S31508007E20F001114480F83F1090F83F0000F00F0071
S31508007E3001281CD1FFE740F22540C2F20000007875
S31508007E40A8B9FFE740F2E442C2F2000292F84510F0
S31508007E50012020EA910301F0FB0141EA830182F83F
S31508007E60451040F22541C2F20001087018E040F2C0
S31508007E70E440C2F2000090F83F00000778B9FFE737
S31508007E8040F22540C2F200000078012807D1FFE73A
S31508007E9040F22541C2F2000100200870FFE7FFE723
S31508007EA00999102000EAD16240F2E440C2F20000CB
S31508007EB090F83F1001F00F01114480F83F1090F838
S31508007EC03F100120B0EB111F1CD1FFE740F21C4008
S31508007ED0C2F200000078A8B9FFE740F2E442C2F215
S31508007EE0000292F84510012020EAD10301F0F701BB
S31508007EF041EAC30182F8451040F21C41C2F2000172
S31508007F0008701AE040F2E440C2F2000090F83F1010
S31508007F100020B0EB111F0FD1FFE740F21C40C2F260
S31508007F2000000078012807D1FFE740F21C41C2F2A1
S31508007F30000100200870FFE7FFE740F2E440C2F2C4
S31508007F40000090F84510C1F3C00140F24842C2F261
S31508007F50000282F848109DF8252090F8341001F0A8
S31508007F600F0141EA021180F8341090F8341001200C
S31508007F70B0EB111F19D1FFE740F22840C2F200000A
S31508007F80007890B9FFE740F2E441C2F2000191F8A7
S31508007F903600B0FA80F0400981F8360040F22841F0
S31508007FA0C2F20001012008701AE040F2E440C2F271
S31508007FB0000090F834100020B0EB111F0FD1FFE736
S31508007FC040F22840C2F200000078012807D1FFE7F6
S31508007FD040F22841C2F2000100200870FFE7FFE7DF
S31508007FE09DF8242040F2E440C2F2000090F83410D4
S31508007FF002F00F0201F0F001114480F8341090F8F5
S31508008000340000F00F00012819D1FFE740F229409B
S31508008010C2F20000007890B9FFE740F2E441C2F2EC
S31508008020000191F83500B0FA80F0400981F8350072
S3150800803040F22941C2F200010120087018E040F21E
S31508008040E440C2F2000090F83400000778B9FFE770
S3150800805040F22940C2F200000078012807D1FFE764
S3150800806040F22941C2F2000100200870FFE7FFE74D
S315080080700EB080BD80B582B040F23040C2F200003A
S31508008080C078C0B3FFE740F23040C2F20000007982
S3150800809088B3FFE740F23040C2F20000407950B39F
S315080080A0FFE740F23040C2F20000807918B3FFE7DC
S315080080B040F23040C2F20000C079E0B1FFE740F27A
S315080080C03040C2F20000007AA8B1FFE740F2304023
S315080080D0C2F20000407A70B1FFE740F23040C2F2C7
S315080080E00000807A38B1FFE740F23040C2F2000063
S315080080F0007B20B9FFE700208DF8070044E0FAF777
S31508008100DBFA41F28731884204D8FFE700208DF870
S31508008110070039E040F2E850C2F2000000F074F8B7
S3150800812040F2A060C2F2000000F06EF840F258700B
S31508008130C2F2000000F068F840F61000C2F2000033
S3150800814000F062F840F6A830C2F2000000F05CF8D1
S3150800815040F66040C2F2000000F056F840F6C8004B
S31508008160C2F2000000F050F840F63820C2F20000D3
S3150800817000F04AF840F23050C2F2000000F044F82D
S3150800818001208DF80700FFE79DF8070002B080BDC3
S3150800819080B582B00190ADF80210ADF800200198C4
S315080081A0B0F90C0000EE100AB8EEC00A00F054FA56
S315080081B0BDF8000001EE100AB8EEC11AB4EE410A85
S315080081C0F1EE10FA1EDAFFE70198B0F90E0000EE9C
S315080081D0100AB8EEC00A00F03FFABDF8020001EE38
S315080081E0100AB8EEC11AB4EE410AF1EE10FA08DD2B
S315080081F0FFE7019800F008F80199488B0130488399
S31508008200FFE7FFE702B080BD81B00090009900202B
S3150800821048650099C1F88000009890ED050AB8EE07
S31508008220C00A80ED090A01B07047000086B00391C4
S3150800823002908DF807200298039980F00100084300
S3150800824090B9FFE79DF80700142809DCFFE79DF8B9
S31508008250070001308DF8070001208DF8170009E0A6
S3150800826002208DF8170005E000208DF807008DF82C
S315080082701700FFE79DF8170006B0704780B586B06F
S315080082808DF817000491FAF717FA03909DF817006E
S3150800829040F22401C2F2000191F90010884224D06C
S315080082A0FFE700200290FFE70298022815DCFFE7A7
S315080082B0029A40F21800C2F2000050F8220040F27A
S315080082C01201C2F2000131F812100122FAF7DCF9A4
S315080082D0FFE7029801300290E6E79DF8170040F2A2
S315080082E02401C2F200010870FFE7039840F22C410E
S315080082F0C2F200010968401A0499884210D9FFE7BA
S3150800830040F22A41C2F200010878B0FA80F040092A
S315080083100870039840F22C41C2F200010860FFE79A
S3150800832000200190FFE70198022827DCFFE79DF867
S31508008330170000EB400140F20000C2F200000844BA
S315080083400199405CA8B1FFE7019A40F21800C2F211
S31508008350000050F8220040F21201C2F2000131F882
S31508008360121040F22A42C2F200021278FAF78CF989
S31508008370FFE7FFE7019801300190D4E706B080BD1A
S3150800838080B582B040F23040C2F200000078014663
S31508008390019120B1FFE70198012805D0F2E00320FA
S315080083A06421FFF76BFFEDE040F23040C2F20000B7
S315080083B0807801284DD1FFE740F23040C2F2000034
S315080083C0C078012845D1FFE740F23040C2F20000EC
S315080083D0407901283DD1FFE740F23040C2F2000063
S315080083E00079012835D1FFE740F23040C2F200009B
S315080083F0807901282DD1FFE740F23040C2F2000013
S31508008400C079012825D1FFE740F23040C2F20000CA
S31508008410007A01281DD1FFE740F23040C2F2000081
S31508008420407A012815D1FFE740F23040C2F2000039
S31508008430807A01280DD1FFE740F23040C2F20000F1
S31508008440007B012805D1FFE70520C821FFF716FFA5
S31508008450FFE740F23040C2F200008078002844D19D
S31508008460FFE740F23040C2F20000C078C0B3FFE731
S3150800847040F23040C2F20000407988B3FFE740F28C
S315080084803040C2F20000007950B3FFE740F23040B6
S31508008490C2F20000807918B3FFE740F23040C2F21A
S315080084A00000C079E0B1FFE740F23040C2F20000B8
S315080084B0007AA8B1FFE740F23040C2F20000407AE5
S315080084C070B1FFE740F23040C2F20000807A38B15E
S315080084D0FFE740F23040C2F20000007B28B9FFE710
S315080084E004203221FFF7CAFEFFE740F23040C2F20D
S315080084F000008078012844D1FFE740F23040C2F2FC
S315080085000000C078C0B3FFE740F23040C2F2000076
S31508008510407988B3FFE740F23040C2F200000079A4
S3150800852050B3FFE740F23040C2F20000807918B33A
S31508008530FFE740F23040C2F20000C079E0B1FFE741
S3150800854040F23040C2F20000007AA8B1FFE740F2DC
S315080085503040C2F20000407A70B1FFE740F2304086
S31508008560C2F20000807A38B1FFE740F23040C2F22A
S315080085700000007B28B9FFE705203221FFF77EFEC1
S31508008580FFE7FFE702B080BD82B040F23040C2F29A
S31508008590000000780146009120B1FFE70098012805
S315080085A004D044E000208DF8070048E040F2484037
S315080085B0C2F2000090F8480001280DD1FFE740F20A
S315080085C04840C2F20000028840F23D41C2F2000172
S315080085D00A8040884880FFE740F24840C2F200001F
S315080085E090F8480070B9FFE740F24840C2F2000030
S315080085F0428840F23D41C2F200010A8000884042AA
S315080086004880FFE740F24840C2F20000828840F204
S315080086103D41C2F200018A8082798A71C079C871A7
S3150800862040F23040C2F200008078087203E0002071
S315080086308DF8070003E000208DF80700FFE79DF896
S31508008640070002B07047000040F23041C2F2000154
S31508008650012008707047000082B08DED010A01986C
S315080086600090009820F0004000909DED000A02B0AE
S315080086707047000085B08DED040ACDED030A8DED37
S31508008680021A9DED020A9DED041AB4EE410AF1EEB6
S3150800869010FA05DDFFE79DED040A8DED010A18E0E5
S315080086A09DED020A9DED031AB4EE410AF1EE10FAA9
S315080086B005DAFFE79DED030A8DED000A04E09DED5E
S315080086C0020A8DED000AFFE79DED000A8DED010A0D
S315080086D0FFE79DED010A05B07047000082B00190E2
S315080086E0009101990889C88000980178407840EA85
S315080086F00120019908810199888948810098817823
S31508008700C07840EA0120019988810098017940796A
S3150800871040EA01200199C8810198B0F90610B0F91C
S315080087200800401A10F57A6F05DAFFE70199C88B39
S315080087300130C8830FE00198B0F90610B0F90800B7
S31508008740401AB0F57A6F05DDFFE70199C88B013845
S31508008750C883FFE7FFE70198B0F91E2047F6F460E3
S31508008760002182420846C8BF012048F20C13CFF602
S31508008770FF739A42B8BF0121084368B1FFE7019920
S315080087800020C8830198B0F9081000EE101AB8EE58
S31508008790C00A80ED090AFFE70199B1F90800B1F9A5
S315080087A01E2000EB4230486101990F20087102B083
S315080087B07047000082B00190009101990889C8802D
S315080087C000980178407840EA0120019908810199CA
S315080087D08889488100988178C07840EA0120019903
S315080087E0888100980179407940EA01200199C88179
S315080087F000988079019908740198B0F90610B0F9C3
S315080088000800401A10F57A6F05DAFFE70199C88B58
S315080088100130C8830FE00198B0F90610B0F90800D6
S31508008820401AB0F57A6F05DDFFE70199C88B013864
S31508008830C883FFE7FFE70198B0F91E2047F6F46002
S31508008840002182420846C8BF012048F20C13CFF621
S31508008850FF739A42B8BF0121084368B1FFE701993F
S315080088600020C8830198B0F9081000EE101AB8EE77
S31508008870C00A80ED090AFFE701990F2008710199DE
S31508008880B1F90800B1F91E2000EB4230486102B088
S315080088907047000086B004908DF80F10029201937D
S315080088A09DF80F0001460091002842D0FFE7009886
S315080088B0012860D1FFE70198006804994863019888
S315080088C0406804998863019880680499C863019888
S315080088D090ED030A0498BDEEC00A80ED100A0198CF
S315080088E090ED040A0498BDEEC00A80ED110A0298BC
S315080088F000680499086602984068049948660298D0
S31508008900806804998866029890ED030A0498BDEE7B
S31508008910C00A80ED1B0A029890ED040A0498BDEE81
S31508008920C00A80ED1C0A0499012008708DF817000A
S3150800893025E0029800680499086602984068049938
S3150800894048660298806804998866029890ED030A3A
S315080089500498BDEEC00A80ED1B0A029890ED040A41
S315080089600498BDEEC00A80ED1C0A0499012008701F
S315080089708DF8170003E000208DF81700FFE79DF833
S31508008980170006B07047000080B5E2B000200890D6
S31508008990619060905F905E905D905C9040F2A80058
S315080089A0C2F2000007909FEDF30A8DED040A5FA955
S315080089B0F6EE000ACDED050A022306931A46F8F7E5
S315080089C01FF907989DED040ADDED050A069B903010
S315080089D05CA91A46F8F714F94DF6B46CC0F6000C03
S315080089E0DCF80000DCF80410DCF80820DCF80C30B1
S315080089F0DCF810C0CDF86CC15A935992589157902B
S31508008A004DF62C7CC0F6000CDCF80000DCF80410EF
S31508008A10DCF80820DCF80C30DCF810C0CDF858C1BA
S31508008A20559354925391529040F25870C2F20000F6
S31508008A300121099152AA009257AB0193FFF72AFF29
S31508008A40009A019B099940F61000C2F20000FFF750
S31508008A5021FF9DED040ADDED050A069B0899079896
S31508008A60519150914F914E914D914C9100F59070C6
S31508008A704FA91A46F8F7C4F807989DED040ADDEDE4
S31508008A80050A069B00F5D8704CA91A46F8F7B8F8F7
S31508008A9009994DF6A06EC0F6000EDEF80000DEF865
S31508008AA00420DEF80830DEF80CC0DEF810E0CDF859
S31508008AB02CE1CDF828C14993489247904DF6047E9B
S31508008AC0C0F6000EDEF80000DEF80420DEF80830F6
S31508008AD0DEF80CC0DEF810E0CDF818E1CDF814C1C8
S31508008AE044934392429040F2E850C2F2000042AAF0
S31508008AF0029247AB0393FFF7CDFE029A039B0999AF
S31508008B0040F2A060C2F20000FFF7C4FE9DED040A21
S31508008B10DDED050A069B08990798419140913F911A
S31508008B2000F510703FA91A46F8F76AF809994DF644
S31508008B30547EC0F6000EDEF80000DEF80420DEF8EB
S31508008B400830DEF80CC0DEF810E0CDF8F8E0CDF815
S31508008B50F4C03C933B923A904DF67C7EC0F6000EEC
S31508008B60DEF80000DEF80420DEF80830DEF80CC077
S31508008B70DEF810E0CDF8E4E0CDF8E0C037933692A1
S31508008B80359040F6A830C2F2000035AA3AABFFF796
S31508008B9081FE9DED040ADDED050A069B08990798F6
S31508008BA034913391329100F5347032A91A46F8F7A8
S31508008BB027F809994DF6687EC0F6000EDEF8000023
S31508008BC0DEF80420DEF80830DEF80CC0DEF810E027
S31508008BD0CDF8C4E0CDF8C0C02F932E922D904DF657
S31508008BE0907EC0F6000EDEF80000DEF80420DEF8FF
S31508008BF00830DEF80CC0DEF810E0CDF8B0E0CDF8AD
S31508008C00ACC02A932992289040F66040C2F2000030
S31508008C1028AA2DABFFF73EFE089B4DF6C86EC0F698
S31508008C20000EDEF80000DEF80410DEF80820DEF894
S31508008C300CC0DEF810E0CDF89CE0CDF898C025927F
S31508008C40249123904DF6DC6EC0F6000EDEF8000087
S31508008C50DEF80410DEF80820DEF80CC0DEF810E0B6
S31508008C60CDF888E0CDF884C020921F911E904DF66D
S31508008C70407EC0F6000EDEF80000DEF80410DEF8CE
S31508008C800820DEF80CC0DEF810E0CDF874E0CDF868
S31508008C9070C01B921A9119904DF6187EC0F6000EF8
S31508008CA0DEF80000DEF80410DEF80820DEF80CC056
S31508008CB0DEF810E0CDF860E0CDF85CC016921591AC
S31508008CC0149040F68010C2F2000023AA1946FFF756
S31508008CD0E1FD089B40F6F020C2F200001EAA1946E4
S31508008CE0FFF7D8FD089B40F63820C2F2000019AA03
S31508008CF01946FFF7CFFD089B40F6C800C2F20000F0
S31508008D0014AA1946FFF7C6FD09994DF68C6EC0F6EA
S31508008D10000EDEF80000DEF80420DEF80830DEF883
S31508008D200CC0DEF810E0CDF84CE0CDF848C0119341
S31508008D3010920F904DF6F06EC0F6000EDEF80000A9
S31508008D40DEF80420DEF80830DEF80CC0DEF810E0A5
S31508008D50CDF838E0CDF834C00C930B920A9040F267
S31508008D603050C2F200000AAA0FABFFF793FD09982C
S31508008D7062B080BD00007A4580B582B00190019846
S31508008D803030F7F711FE019880ED0B0A019890ED47
S31508008D90051A90ED090AB8EEC11A30EE410A80EDBF
S31508008DA0130A019890ED0D1A90ED130A20EE010AA8
S31508008DB080ED140A019890ED0B2A90ED0F1A90EDAC
S31508008DC0123A90ED130A30EE430A80EE020A20EEBC
S31508008DD0010ABDEEC00A80ED160A019890ED0E2A2A
S31508008DE090ED130A90ED151A20EE020A30EE010AEC
S31508008DF080ED150A019890ED150A90ED161AB8EE51
S31508008E00C11A30EE010A80ED150A0198016C00EED0
S31508008E10101AB8EEC00A494201EE101AF8EEC10A55
S31508008E2090ED151AFFF726FC019880ED150A0199B1
S31508008E30C86C8864019890ED140A90ED151A30EE06
S31508008E40010A80ED170A0198416C00EE101AB8EE77
S31508008E50C00A494201EE101AF8EEC10A90ED171A37
S31508008E60FFF708FC019880ED170A019890ED170A9C
S31508008E70B0F90C1001EE101AB8EEC11A30EE410A1C
S31508008E8080ED1E0A019890ED181A90ED1E0A20EE44
S31508008E90010A80ED1F0A019890ED0B2A90ED1A1A27
S31508008EA090ED1D3A90ED1E0A30EE430A80EE020A56
S31508008EB020EE010ABDEEC00A80ED210A019890ED68
S31508008EC0192A90ED1E0A90ED201A20EE020A30EEBD
S31508008ED0010A80ED200A019890ED200A90ED211AEA
S31508008EE0B8EEC11A30EE010A80ED200A0198C16E6B
S31508008EF000EE101AB8EEC00A494201EE101AF8EE52
S31508008F00C10A90ED201AFFF7B5FB019880ED200AFB
S31508008F100199886F4867019890ED1F0A90ED201A0D
S31508008F2030EE010A80ED220A0198016F00EE101A50
S31508008F30B8EEC00A494201EE101AF8EEC10A90EDE1
S31508008F40221AFFF797FB019880ED220A02B080BD2E
S31508008F5082B000900099087901380871009890F954
S31508008F600400042806DCFFE70099002008718DF844
S31508008F70070003E001208DF80700FFE79DF80700CA
S31508008F8002B0704780B500F007F8FFF75DFBFFF702
S31508008F90F7F9FFF7F9FA80BD80B582B040F22C5098
S31508008FA0C2F20000007804280DDCFFE740F22C51DD
S31508008FB0C2F200010320087040F23041C2F20001FB
S31508008FC00020887006E040F23041C2F2000101201C
S31508008FD08870FFE740F22C51C2F200010878013888
S31508008FE0087040F2E040C2F20000007804280DDC68
S31508008FF0FFE740F2E041C2F200010320087040F2A8
S315080090003041C2F200010020C87206E040F2304149
S31508009010C2F200010120C872FFE740F2E041C2F245
S31508009020000108780138087040F2E850C2F20000E2
S31508009030FFF78EFF40F23041C2F200010191C8707D
S3150800904040F2A060C2F20000FFF782FF01990871A2
S3150800905040F25870C2F20000FFF77AFF0199487192
S3150800906040F61000C2F20000FFF772FF01998871FE
S3150800907040F6A830C2F20000FFF76AFF0199C871EE
S3150800908040F66040C2F20000FFF762FF01990872DD
S3150800909040F6C800C2F20000FFF75AFF019948726D
S315080090A040F63820C2F20000FFF752FF0199887295
S315080090B040F23050C2F20000FFF74AFF01990873E8
S315080090C002B080BD80B582B040F23040C2F20000E6
S315080090D081788DF806100078012808D1FFE79DF8F9
S315080090E0060001F083F901208DF8070003E000204F
S315080090F08DF80700FFE79DF8070002B080BD000065
S31508009100074B19680868B0E8F04F80F30988BFF381
S315080091106F8F4FF0000080F31188704700BF00BFC3
S315080091206012002080B582B00190FFE7FFF7CAFF02
S31508009130012002F045F9F9E780B582B00190FFE712
S3150800914040F29400C2F20000FEF77AF940F2E440D9
S31508009150C2F2000040F24841C2F20001FDF7A4FE47
S31508009160012002F02DF9EBE780B582B04FF05000F0
S3150800917080F31188BFF36F8FBFF34F8F009004F011
S3150800918031FB40B1FFE74EF60451CEF200014FF035
S3150800919080500860FFE700200190019880F311884D
S315080091A002B080BD80B594B008A83021F7F764F8FE
S315080091B0002007900690059004900390FFE7002092
S315080091C0029043F64000C4F20200016841F0805163
S315080091D00160006800F0805002900298FFE7FFE700
S315080091E00020019047F20000C4F20000016841F433
S315080091F040410160006800F4404001900198FFE793
S31508009200012008904FF48030099002200E904FF408
S3150800921080010F9106211091B4211191129004201A
S31508009220139008A8F9F7A0FD18B1FFE7F7F728FC8F
S31508009230FFE7F9F73FFB18B1FFE7F7F721FCFFE770
S315080092400F20039002200490002005904FF4A050B0
S3150800925006904FF48050079003A80521F9F78AFB7A
S3150800926018B1FFE7F7F70CFCFFE714B080BD000064
S315080092704EF68851CEF20001086840F47000086086
S315080092807047000080B541F23C00C2F20000FAF7D0
S31508009290D7FA80BD80B540F66470C2F20000FAF7CE
S315080092A0CFFA80BD80B540F61C70C2F20000FAF70E
S315080092B0C7FA80BD80B540F6F470C2F20000FAF72E
S315080092C0BFFA80BD83B002900191029800680090B1
S315080092D002980021C4F20101884225D0FFE70298CE
S315080092E0B0F1804F20D0FFE7029840F20041C4F267
S315080092F00001884218D0FFE7029840F60001C4F240
S315080093000001884210D0FFE7029840F60041C4F2F7
S315080093100001884208D0FFE7029840F20041C4F2F3
S31508009320010188420AD1FFE7009820F070000090FA
S3150800933001984168009808430090FFE702980021C9
S31508009340C4F20101884255D0FFE70298B0F1804F78
S3150800935050D0FFE7029840F20041C4F2000188426B
S3150800936048D0FFE7029840F60001C4F2000188429F
S3150800937040D0FFE7029840F60041C4F20001884257
S3150800938038D0FFE7029840F20041C4F20101884252
S3150800939030D0FFE7029844F20001C4F20101884286
S315080093A028D0FFE7029844F20041C4F2010188423E
S315080093B020D0FFE7029844F60001C4F20101884272
S315080093C018D0FFE7029841F60001C4F2000188426E
S315080093D010D0FFE7029841F60041C4F20001884226
S315080093E008D0FFE7029842F20001C4F20001884261
S315080093F00AD1FFE7009820F4407000900198C168F0
S31508009400009808430090FFE7009820F08000019933
S315080094104969084300900098029908600198806895
S315080094200299C86201980068029988620298002128
S31508009430C4F20101884208D0FFE7029840F20041D1
S31508009440C4F20101884205D1FFE701980069029933
S315080094500863FFE702990120486103B070470000DE
S3150800946084B0039002910192029800F01F01012036
S3150800947088400090009A0399086A90430862019808
S31508009480029901F01F0100FA01F20399086A1043D4
S31508009490086204B07047000085B0049003910292F8
S315080094A00193049880680090009820F47F4000900B
S315080094B003980299019A41EA022101430098084358
S315080094C0009000980499886005B0704783B00290B0
S315080094D00191029880680090009820F07000009032
S315080094E001980099084340F00700009000980299F7
S315080094F0886003B07047000085B004900391049912
S31508009500086A20F0010008620498006A019004982D
S3150800951040680090049880690290029820F07000D4
S315080095200290029820F003000290039801680298BE
S3150800953008430290019820F0020001900398816880
S3150800954001980843019004980021C4F20101884259
S3150800955008D0FFE7049840F20041C4F201018842AE
S315080095600ED1FFE7019820F0080001900398C16822
S31508009570019808430190019820F004000190FFE744
S3150800958004980021C4F20101884208D0FFE7049834
S3150800959040F20041C4F20101884213D1FFE7009866
S315080095A020F480700090009820F4007000900398D2
S315080095B04169009808430090039881690098084318
S315080095C00090FFE70098049948600298049988611A
S315080095D0039840680499486301980499086205B09D
S315080095E07047000085B0049003910499086A20F03A
S315080095F0100008620498006A019004984068009078
S31508009600049880690290029820F4E040029002983B
S3150800961020F44070029003980168029840EA0120FD
S315080096200290019820F02000019003988168019823
S3150800963040EA0110019004980021C4F20101884211
S3150800964008D0FFE7049840F20041C4F201018842BD
S315080096500FD1FFE7019820F0800001900398C168B8
S31508009660019840EA01100190019820F0400001900D
S31508009670FFE704980021C4F20101884208D0FFE7F9
S31508009680049840F20041C4F20101884215D1FFE76F
S31508009690009820F480600090009820F40060009004
S315080096A003984169009840EA81000090039881690F
S315080096B0009840EA81000090FFE700980499486006
S315080096C00298049988610398406804998863019808
S315080096D00499086205B0704785B00490039104990F
S315080096E0086A20F4807008620498006A0190049859
S315080096F0406800900498C0690290029820F07000B3
S315080097000290029820F003000290039801680298DC
S3150800971008430290019820F400700190039881682C
S31508009720019840EA0120019004980021C4F2010141
S31508009730884208D0FFE7049840F20041C4F20101CC
S3150800974088420FD1FFE7019820F400600190039842
S31508009750C168019840EA01200190019820F48060D0
S315080097600190FFE704980021C4F20101884208D05D
S31508009770FFE7049840F20041C4F20101884215D17E
S31508009780FFE7009820F480500090009820F40050DD
S31508009790009003984169009840EA011000900398E8
S315080097A08169009840EA01100090FFE70098049943
S315080097B0486002980499C861039840680499C86388
S315080097C001980499086205B07047000085B00490B6
S315080097D003910499086A20F4805008620498006A84
S315080097E001900498406800900498C0690290029815
S315080097F020F4E0400290029820F44070029003980A
S315080098000168029840EA01200290019820F400506D
S31508009810019003988168019840EA01300190049804
S315080098200021C4F20101884208D0FFE7049840F2FB
S315080098300041C4F2010188420BD1FFE7009820F4E9
S315080098408040009003984169009840EA8110009092
S31508009850FFE700980499486002980499C86103983C
S3150800986040680499086401980499086205B070472D
S3150800987085B00490039102920498006A00900499B6
S31508009880086A20F00100086204988069019001982E
S3150800989020F0F00001900299019840EA0110019029
S315080098A0009820F00A000090039900980843009059
S315080098B001980499886100980499086205B0704770
S315080098C085B00490039102920499086A20F010006A
S315080098D008620498806901900498006A00900198CB
S315080098E020F4704001900299019840EA01300190F5
S315080098F0009820F0A00000900399009840EA011013
S31508009900009001980499886100980499086205B046
S315080099107047000080B584B041F20C10C2F2000016
S315080099200068006800F010010120B0EB111F40D15B
S31508009930FFE7FFE70020039041F20C10C2F2000097
S315080099400168096803910068406803900398FFE777
S3150800995041F20C10C2F200000190FAF71DFC0198C2
S3150800996041F22F31C2F2000102912722FBF7AAF831
S315080099700298B0F8050040F20231884212D1FFE79A
S3150800998041F20830C2F2000041F22F31C2F2000162
S315080099902722F6F758FC40F2E041C2F200011E20E9
S315080099A00870FFE741F20C10C2F20000FAF75EFCFD
S315080099B0FFE704B080BD000080B541F25010C2F246
S315080099C00000FAF753FC80BD80B582B0019001987B
S315080099D0806B009000990020C8850099C88400987B
S315080099E0FAF740FC02B080BD80B584B00390002031
S315080099F002900398806B0190019800684069C0B294
S31508009A00C0090290019890F83D0021280AD1FFE785
S31508009A10029838B1FFE701990020C884019800F040
S31508009A2059F9FFE7019800684069C0F38010029071
S31508009A30019890F83E0022280AD1FFE7029838B12B
S31508009A40FFE701990020C885019800F0E5F8FFE7CF
S31508009A500199086C40F0100008640198FAF702FCB6
S31508009A6004B080BD80B586B005900598806B0490DB
S31508009A70059800680068C00500285AD4FFE70499CD
S31508009A800020C885FFE7FFE70498006850E8030F41
S31508009A9020F480700390FFE703990498026842E86F
S31508009AA003100028F0D1FFE7FFE7FFE7FFE7049878
S31508009AB0006850E8050F20F001000290FFE70299C0
S31508009AC00498026842E805100028F0D1FFE7FFE78E
S31508009AD0FFE7FFE70498006850E8050F20F040000C
S31508009AE00190FFE701990498026842E805100028EA
S31508009AF0F0D1FFE7FFE70499202081F83E0004989B
S31508009B00006B012814D1FFE7FFE7FFE70498006818
S31508009B1050E8030F20F010000090FFE70099049822
S31508009B20026842E803100028F0D1FFE7FFE7FFE7E5
S31508009B30FFE70498006B012805D1FFE70498818D9B
S31508009B40FAF724FB03E00498FAF7F8FFFFE706B0F4
S31508009B5080BD000080B582B001900198806B0090AE
S31508009B600098006B012806D1FFE70098818D490807
S31508009B70FAF70CFB03E00098FAF7E4FFFFE702B0F8
S31508009B8080BD000080B584B003900398806B029076
S31508009B90039800680068C00500282AD4FFE70299E0
S31508009BA00020C884FFE7FFE70298006850E8050F21
S31508009BB020F080000190FFE701990298026842E8C8
S31508009BC005100028F0D1FFE7FFE7FFE7FFE7029857
S31508009BD0006850E8030F40F040000090FFE7009946
S31508009BE00298026842E803100028F0D1FFE7FFE771
S31508009BF003E00298FBF732F8FFE704B080BD0000E7
S31508009C0080B582B001900198806B00900098FBF7B0
S31508009C1029F802B080BD000084B00390FFE7FFE793
S31508009C200398006850E8030F20F490700290FFE74D
S31508009C3002990398026842E803100028F0D1FFE76A
S31508009C40FFE7FFE7FFE70398006850E8050F20F0F5
S31508009C5001000190FFE701990398026842E80510A0
S31508009C600028F0D1FFE7FFE70398006B012814D11D
S31508009C70FFE7FFE7FFE70398006850E8030F20F0C7
S31508009C8010000090FFE700990398026842E8031065
S31508009C900028F0D1FFE7FFE7FFE70399202081F8C6
S31508009CA03E0003990020086304B0704780B582B06F
S31508009CB0019001980168C86820F04000C8600199C1
S31508009CC0202081F83D000198FAF7C8FF002002B06D
S31508009CD080BD000082B00190FFE7FFE701980068A9
S31508009CE050E8030F20F0C0000090FFE700990198A4
S31508009CF0026842E803100028F0D1FFE7FFE7019960
S31508009D00202081F83D0002B07047000080B586B07B
S31508009D100490049890F83E00222840F0A180FFE7BE
S31508009D2004988068B0F5805F15D1FFE7049800694C
S31508009D3088B9FFE7002003900498806A0290049887
S31508009D40006840686FF35F20029908800499886A62
S31508009D500230886225E00498806A03900020029009
S31508009D6004988068B0F5805F08D0FFE7049880689B
S31508009D7050B9FFE70498006930B9FFE7049800680E
S31508009D8040680399087007E004980068406800F086
S31508009D907F0003990870FFE70499886A0130886292
S31508009DA0FFE70499C88D0138C8850004002853D1F7
S31508009DB0FFE704980168C86820F02000C860049886
S31508009DC00168C86820F48070C8600498016848690A
S31508009DD020F0010048610499202081F83E0004988B
S31508009DE0006B012830D1FFE7049900200863FFE7DC
S31508009DF0FFE70498006850E8030F20F01000019070
S31508009E00FFE701990498026842E803100028F0D198
S31508009E10FFE7FFE7049800680068C00600280ED52B
S31508009E20FFE7FFE7002000900498006800680090AC
S31508009E3004980068406800900098FFE7FFE70498D8
S31508009E40818DFAF7A3F903E00498FAF777FEFFE79E
S31508009E5000208DF8170007E000208DF8170003E0B2
S31508009E6002208DF81700FFE79DF8170006B080BDA1
S31508009E7080B586B0059005980068006920F44050C2
S31508009E80059A1168D26810430861059988680B69B4
S31508009E904A69C9691843104308430490059800683D
S31508009EA0C06849F20C618843049908430599096812
S31508009EB0C86005980068406920F44070059A1168E2
S31508009EC09269104348610598006841F20001C4F29E
S31508009ED00101884209D0FFE70598006841F2004170
S31508009EE0C4F20101884204D1FFE7F8F7B7FE0390F0
S31508009EF003E0F8F7A1FE0390FFE70598C069B0F5FF
S31508009F00004F29D1FFE703981921A0FB0101059A03
S31508009F101368029353685A00DB0FF6F763F9029940
S31508009F20864648F21F53C5F2EB13AEFB03204209DF
S31508009F3010014FF0640C02FB1CEC322202EBCC023F
S31508009F40A2FB0332F82303EA521300EB4300C2F3E1
S31508009F5042121044886026E003981921A0FB0101EB
S31508009F60059A1368019353689A009B0FF6F73AF916
S31508009F700199844648F21F52C5F2EB12ACFB023037
S31508009F804309642003FB10CC322000EB0C10A0FB25
S31508009F900202F02000EA521000EB0310C2F343124B
S31508009FA010448860FFE706B080BD000080B588B021
S31508009FB007900691ADF81620069807998862BDF8AD
S31508009FC0160007998885079900200864079A2221B0
S31508009FD082F83E1007998A6B49F66521C0F600019A
S31508009FE0D16307998A6B49F65531C0F600011164A9
S31508009FF007998A6B49F6E911C0F60001D1640799F9
S3150800A000896B086506A8049007980168806B043177
S3150800A010049A1268BDF81630F8F7C4F8FFE700206E
S3150800A02003900798006800680390079800684068DE
S3150800A03003900398FFE7FFE70799002081F83C00A3
S3150800A040FFE707980069A0B1FFE7FFE7FFE7079872
S3150800A050006850E8030F40F480700290FFE7029909
S3150800A0600798026842E803100028F0D1FFE7FFE7E7
S3150800A070FFE7FFE7FFE70798006850E8050F40F09D
S3150800A08001000190FFE701990798026842E8051068
S3150800A0900028F0D1FFE7FFE7FFE7FFE7079800682A
S3150800A0A050E8050F40F040000090FFE70099079838
S3150800A0B0026842E805100028F0D1FFE7FFE7002014
S3150800A0C008B080BD83B00190019890F83D00212822
S3150800A0D03AD1FFE701988068B0F5805F13D1FFE7B2
S3150800A0E00198006978B9FFE70198006A009000981E
S3150800A0F000886FF35F200199096848600199086A2A
S3150800A1000230086208E0019A106A411C1162007860
S3150800A110019909684860FFE70199C88C0138C88425
S3150800A120000468B9FFE701980168C86820F0800054
S3150800A130C86001980168C86840F04000C860FFE739
S3150800A14000208DF80B0003E002208DF80B00FFE7D6
S3150800A1509DF80B0003B0704780B582B041F28400C9
S3150800A160C2F200000068006800F010010120B0EBA0
S3150800A170111F28D1FFE7FFE70020019041F2840074
S3150800A180C2F2000001680968019100684068019000
S3150800A1900198FFE741F28400C2F200000090F9F747
S3150800A1A0FBFF009840F29401C2F200011322FAF76D
S3150800A1B089FC0098FAF75AF840F22C51C2F20001CD
S3150800A1C01E200870FFE702B080BD000080B541F28E
S3150800A1D0C800C2F20000FAF749F880BDFFE7FEE7BB
S3150800A1E081B000900099002048650099C1F8800068
S3150800A1F00099C8830098B0F9081000EE101AB8EE56
S3150800A200C00A80ED090A01B07047000082B00190CB
S3150800A210009101990889C88000980178407840EA39
S3150800A22001200199088101998889488100988178D7
S3150800A230C07840EA0120019988810098017940791F
S3150800A24040EA01200199C88100988079019908742B
S3150800A2500198B0F9080040F65331884204DCFFE75C
S3150800A26001990120C883FFE70198B0F90800B0F505
S3150800A2707A6F04DDFFE701990020C883FFE701989C
S3150800A280B0F91E2047F6F460002182420846C8BF8E
S3150800A290012048F20C13CFF6FF739A42B8BF01218A
S3150800A2A0084368B1FFE701990020C8830198B0F90F
S3150800A2B0081000EE101AB8EEC00A80ED090AFFE78A
S3150800A2C001990F2008710199B1F90800B1F91E200A
S3150800A2D000EB4230486102B07047000081B08DF84B
S3150800A2E003009DF9030000280ED4FFE79DF903102B
S3150800A2F001F01F02012090404A094EF20011CEF2E9
S3150800A300000141F82200FFE701B070474EF60C50F5
S3150800A310CEF200000068C0F30220704782B08DF8C4
S3150800A320070000919DF9070000280AD4FFE7009866
S3150800A33000019DF907104EF20042CEF20002885441
S3150800A3400BE0009800019DF8071001F00F014EF68A
S3150800A3501452CEF200028854FFE702B0704700009C
S3150800A36083B00290029800F0070000904EF60C5158
S3150800A370CEF200010868019001984FF6FF021040DE
S3150800A38001900198009A40EA02200022C0F2FA528F
S3150800A390104301900198086003B0704784B08DEDB2
S3150800A3A0020ACDED010A8DED001A9DED020A9DED1A
S3150800A3B0011AB4EE410AF1EE10FA03DAFFE7019842
S3150800A3C003900FE09DED020A9DED001AB4EE410AD6
S3150800A3D0F1EE10FA03DDFFE70098039002E0029819
S3150800A3E00390FFE79DED030A04B070472DE9F0439B
S3150800A3F091B08DF8420040F61970C2F2000000785C
S3150800A40001280CD0FFE7FEF7BFFA40F61971C2F231
S3150800A4100001087000208DF8430000F083BC40F668
S3150800A4201870C2F20000007801280CD0FFE7FDF78B
S3150800A43021FE40F61871C2F20001087000208DF85E
S3150800A440430000F06FBC40F24840C2F2000090F8AA
S3150800A4504800012840F0C680FFE740F20C40C2F2EF
S3150800A46000000078012833D1FFE740F20C40C2F221
S3150800A4700000407860BBFFE740F24840C2F20000A7
S3150800A48090ED030A40F29440C2F2000090ED031AE0
S3150800A490B4EE410AF1EE10FA19DAFFE740F29440F9
S3150800A4A0C2F20000C26840F24841C2F20001CA6026
S3150800A4B0C06AC86240F25870C2F20000FFF790FE08
S3150800A4C040F61000C2F20000FFF78AFEFFE7FFE73A
S3150800A4D040F20C40C2F20000C078F0B9FFE740F243
S3150800A4E04840C2F2000090ED040A40F29440C2F2DD
S3150800A4F0000090ED041AB4EE410AF1EE10FA0BDAF8
S3150800A500FFE740F29440C2F20000006940F2484179
S3150800A510C2F200010861FFE7FFE740F20C40C2F211
S3150800A52000008078012824D1FFE740F24840C2F2B3
S3150800A530000090ED040A40F29440C2F2000090ED4B
S3150800A540041AB4EE410AF1EE10FA11DDFFE740F203
S3150800A5509440C2F20000006940F24841C2F200018C
S3150800A560086140F6A830C2F20000FFF739FEFFE79F
S3150800A570FFE740F20C40C2F200000078A8B9FFE7F6
S3150800A58040F20C40C2F20000407801280DD1FFE7E6
S3150800A59040F24840C2F20000C26840F29441C2F25A
S3150800A5A00001CA60C06AC862FFE740F20C40C2F206
S3150800A5B00000C078012814D1FFE740F20C40C2F22F
S3150800A5C00000807868B9FFE740F24840C2F2000010
S3150800A5D0026940F29441C2F200010A61006B086305
S3150800A5E0FFE7FFE740F24840C2F2000090F8480053
S3150800A5F0002840F0C680FFE740F20C40C2F2000097
S3150800A6000078012833D1FFE740F20C40C2F200007F
S3150800A610407860BBFFE740F24840C2F2000090ED88
S3150800A620030A40F29440C2F2000090ED031AB4EE19
S3150800A630410AF1EE10FA19DAFFE740F29440C2F245
S3150800A6400000C26840F24841C2F20001CA60C06A0E
S3150800A650C86240F25870C2F20000FFF7C1FD40F62A
S3150800A6601000C2F20000FFF7BBFDFFE7FFE740F26C
S3150800A6700C40C2F20000C078F0B9FFE740F248404B
S3150800A680C2F2000090ED020A40F29440C2F20000C5
S3150800A69090ED021AB4EE410AF1EE10FA0BDDFFE76F
S3150800A6A040F29440C2F20000806840F24841C2F28B
S3150800A6B000018860FFE7FFE740F20C40C2F20000A5
S3150800A6C08078012824D1FFE740F24840C2F2000012
S3150800A6D090ED020A40F29440C2F2000090ED021A90
S3150800A6E0B4EE410AF1EE10FA11DAFFE740F29440AF
S3150800A6F0C2F20000806840F24841C2F20001886058
S3150800A70040F6A830C2F20000FFF76AFDFFE7FFE750
S3150800A71040F20C40C2F200000078A8B9FFE740F208
S3150800A7200C40C2F20000407801280DD1FFE740F244
S3150800A7304840C2F20000C26840F29441C2F20001E9
S3150800A740CA60C06AC862FFE740F20C40C2F2000065
S3150800A750C078012814D1FFE740F20C40C2F200008D
S3150800A760807868B9FFE740F24840C2F20000826884
S3150800A77040F29441C2F200018A60806A8862FFE76B
S3150800A780FFE740F24840C2F2000090F8480001286E
S3150800A7902DD1FFE740F24840C2F2000090ED020AD0
S3150800A7A090ED0A1A30EE010A40F2E851C2F20001B1
S3150800A7B081ED090A90ED020A90ED0A1AB1EE400AF7
S3150800A7C030EE410A40F2A061C2F2000181ED090AA9
S3150800A7D090ED040A90ED0C1AB1EE400A30EE410AEB
S3150800A7E040F6A830C2F2000080ED090AFFE740F201
S3150800A7F04840C2F2000090F8480058BBFFE740F214
S3150800A8004840C2F2000090ED040A90ED0C1A30EEB2
S3150800A810010A40F2E851C2F2000181ED090A90ED01
S3150800A820040A90ED0C1AB1EE400A30EE410A40F2E5
S3150800A830A061C2F2000181ED090A90ED020A90EDCD
S3150800A8400A1A30EE010A40F6A830C2F2000080ED7E
S3150800A850090AFFE740F24840C2F200000F9090ED67
S3150800A860030AB1EE400A40F25871C2F2000181EDC6
S3150800A870090AC16840F61002C2F20002516290ED60
S3150800A880071A90ED0F0A9FEDF42A20EE020A30EE21
S3150800A890010A9FEDF21A30EE010A40F66041C2F253
S3150800A8A0000181ED090A90ED061A90ED0D0A9FED5B
S3150800A8B0EC2A20EE020A30EE410A40F68011C2F276
S3150800A8C0000181ED090A90ED051A90ED0E0A20EEB9
S3150800A8D0020A30EE010A40F6F021C2F2000181EDCB
S3150800A8E0090A006A40F23051C2F2000148629DF836
S3150800A8F04200002840F09F80FFE740F2E858C2F285
S3150800A90000084FF00009CDF83890C8F84090C8F80C
S3150800A9106C9040F2A067C2F20007C7F84090C7F8EB
S3150800A9206C9040F25876C2F20006C6F84090C6F817
S3150800A9306C9040F61005C2F20005C5F84090C5F8BF
S3150800A9406C9040F6A834C2F20004C4F84090C4F8EB
S3150800A9506C9040F6604EC2F2000ECEF84090CEF8EB
S3150800A9606C9040F6801CC2F2000CCCF86C9040F655
S3150800A970F021C2F20001C1F86C9040F6C802C2F29A
S3150800A9800002C2F86C9040F63823C2F20003C3F8FE
S3150800A9906C9040F23050C2F20000C0F84090C0F807
S3150800A9A06C9098ED050AB8EEC00A88ED090A97ED8D
S3150800A9B0050AB8EEC00A87ED090A96ED050AB8EE4B
S3150800A9C0C00A86ED090A95ED050AB8EEC00A85EDB6
S3150800A9D0090A94ED050AB8EEC00A84ED090A9EED47
S3150800A9E0050AB8EEC00A8EED090A92ED050AB8EE18
S3150800A9F0C00A82ED090A93ED050AB8EEC00A83ED8E
S3150800AA00090AD2F814E05C69A64400EE10EAB8EE2A
S3150800AA10C00A8CED090A52695B69D21A00EE102A3F
S3150800AA20B8EEC00A81ED090A90ED050AB8EEC00A2B
S3150800AA3080ED090AFFE740F25870C2F2000007905D
S3150800AA404FF4FA5103910A220592FDF7A1FB0399E7
S3150800AA50059A40F61000C2F200000890FDF798FB30
S3150800AA60059A40F2E850C2F20000099040F6C41177
S3150800AA700491FDF78DFB0499059A40F2A060C2F295
S3150800AA8000000A90FDF784FB059A40F6A830C2F24A
S3150800AA9000000B904FF47A61FDF77AFB059A40F6B1
S3150800AAA06040C2F200000C9046F2A811FDF770FB58
S3150800AAB00499059A40F23050C2F200000D90FDF755
S3150800AAC067FB079890ED090A40F2A800C2F2000059
S3150800AAD00690F5F7DDFF0698089991ED090A90307A
S3150800AAE0F5F7D6FF0698099991ED090A00F59070D1
S3150800AAF0F5F7CEFF06980A9991ED090A00F5D87080
S3150800AB00F5F7C6FF06980B9991ED090A00F510703E
S3150800AB10F5F7BEFF06980C9991ED090A00F5347011
S3150800AB20F5F7B6FF0798FEF727F90898FEF724F910
S3150800AB300998FEF721F90A98FEF71EF90B98FEF711
S3150800AB401BF90C98FEF718F90D98FEF715F940F65B
S3150800AB50C800C2F20000416940F63822C2F200027B
S3150800AB605369194400EE101AB8EEC00A40F21841AB
S3150800AB70C2F2000181ED000A41695269891A00EEA4
S3150800AB80101AB8EEC00A40F61851C2F2000181ED5B
S3150800AB90000AB0F90C0000EE100AB8EEC00AFDF77C
S3150800ABA05BFDB2EE041AB4EE410AF1EE10FA2ADAA7
S3150800ABB0FFE740F6C800C2F20000B0F90E0000EE4A
S3150800ABC0100AB8EEC00AFDF747FD9FED591AB4EE14
S3150800ABD0410AF1EE10FA15DDFFE740F21840C2F21D
S3150800ABE00000006840F68011C2F20001486240F693
S3150800ABF01850C2F20000006840F6F021C2F20001C7
S3150800AC004862FFE7FFE740F63820C2F20000B0F9D5
S3150800AC100C0000EE100AB8EEC00AFDF71DFDB2EEF4
S3150800AC20041AB4EE410AF1EE10FA31DAFFE740F6FB
S3150800AC303820C2F20000B0F90E0000EE100AB8EE95
S3150800AC40C00AFDF709FD9FED3A1AB4EE410AF1EE86
S3150800AC5010FA1CDD06E000BF000038420030D64579
S3150800AC600050D04540F21840C2F20000006840F695
S3150800AC708011C2F20001486240F61850C2F2000084
S3150800AC80006840F6F021C2F200014862FFE7FFE7DC
S3150800AC9040F68010C2F20000019090ED090A40F2D9
S3150800ACA01841C2F20001D1ED000AF9F7E1FF40F6BA
S3150800ACB0F020C2F20000029090ED090A40F6185101
S3150800ACC0C2F20001D1ED000AF9F7D2FF0199029804
S3150800ACD091ED220A90ED221A30EE010A40F6C800DC
S3150800ACE0C2F20000B0F90C1001EE101AF8EEC10A13
S3150800ACF0F9F7BEFF0199029891ED220A90ED221A02
S3150800AD0030EE410A40F63820C2F20000B0F90C10C5
S3150800AD1001EE101AF8EEC10AF9F7AAFF01208DF81C
S3150800AD204300FFE79DF8430011B0BDE8F08300BF7C
S3150800AD3000803B4580B588B007900691079890F843
S3150800AD40381001F00F00A0EB11108DF817000798C6
S3150800AD5090F8391001F00F00C0EB11108DF81600AD
S3150800AD60079890ED040ABDEEC00A10EE100AADF879
S3150800AD701400079890F83B1001F00F00A0EB111093
S3150800AD808DF81300079890F83D1090F83E0000F0F3
S3150800AD900F00C0EB11108DF81200079890F83B10C1
S3150800ADA001F00F00A0EB11108DF81100079890F82C
S3150800ADB0381001F00F00A0EB11108DF8100007985D
S3150800ADC090F8391001F00F00C0EB11108DF80F0044
S3150800ADD0079890ED0A0ABDEEC00A10EE100A8DF823
S3150800ADE00E00079890F83D1090F83E0000F00F000E
S3150800ADF0C0EB11108DF80D00079890ED040ABDEE12
S3150800AE00C00A10EE100A8DF80C00079890ED0A0A91
S3150800AE10BDEEC00A10EE100A8DF80B00079890F8E0
S3150800AE204500C008C00750B1FFE706994FF44870BF
S3150800AE30A1F846000699012081F8480017E006990E
S3150800AE4040F20E60A1F846000699002081F84800F5
S3150800AE5040F21540C2F200000078012806DBFFE741
S3150800AE60069940F21450A1F84600FFE7FFE740F2C2
S3150800AE701440C2F200000078002818DCFFE740F210
S3150800AE801540C2F200000078002810DCFFE740F207
S3150800AE901640C2F200000078002808DCFFE740F2FE
S3150800AEA01740C2F20000007801280DDBFFE740F2E8
S3150800AEB03201C2F200016420088040F22E01C2F27B
S3150800AEC00001322008700DE040F23201C2F20001A2
S3150800AED040F23E30088040F22E01C2F20001BE2048
S3150800AEE00870FFE7079890F83A100020B0EB111F9A
S3150800AEF03DD1FFE7079890F83A0000F00F000128C7
S3150800AF0001D1FFE732E040F23000C2F200000088CB
S3150800AF109DF9171048430699088040F23200C2F29C
S3150800AF20000000889DF9161048430699488040F2AB
S3150800AF302E00C2F200000078BDF8141048430699A6
S3150800AF40888040F22C00C2F2000000889DF8131099
S3150800AF5048430699C87140F23400C2F200000088DE
S3150800AF609DF81210484306998871FFE7FFE707988E
S3150800AF7090F83A100120B0EB111F11D1FFE707989E
S3150800AF8090F83A0000F00F00012809D1FFE707986A
S3150800AF900699FBF735FA07980699FAF739FCFFE799
S3150800AFA0079890F83A100120B0EB111F40F0A780DF
S3150800AFB0FFE7079890F83A0000F00F00012801D142
S3150800AFC0FFE790E040F23C00C2F2000000889DF9DD
S3150800AFD01110484300EE100AB8EEC01A069890ED14
S3150800AFE0030A30EE010A80ED030A40F23800C2F285
S3150800AFF0000000889DF91010484300EE100AB8EECC
S3150800B000C01A069890ED020A30EE010A80ED020A8F
S3150800B01040F21540C2F200000078022814D1FFE77A
S3150800B02040F23A00C2F2000000889DF91010484329
S3150800B03000EE100AB8EEC01A069890ED020A30EE35
S3150800B040010A80ED020AFFE740F24200C2F2000060
S3150800B05000889DF90F10484300EE100AB8EEC01A92
S3150800B060069890ED040A30EE010A80ED040A40F2D3
S3150800B0703E00C2F2000000889DF90E10484300EE1B
S3150800B080100AB8EEC01A069890ED050A30EE010AC5
S3150800B09080ED050A40F24000C2F2000000889DF9E2
S3150800B0A00D10484300EE100AB8EEC01A069890ED47
S3150800B0B0060A30EE010A80ED060A40F24400C2F2A2
S3150800B0C0000090ED001A9DF90C0000EE100AB8EE8B
S3150800B0D0C02A069890ED070A21EE021A30EE410AB8
S3150800B0E080ED070AFFE70699002008800699488040
S3150800B0F0069988800699C87106998871FFE740F213
S3150800B1003040C2F20000C07A01283DD1FFE741F283
S3150800B1100831C2F2000140F20230A1F80500002011
S3150800B12090BBFFE741F20830C2F20000D0F80F10DA
S3150800B130069AD163D0F8071081F00041069A516348
S3150800B140D0F80B10069A9163D0F8171001EE101A72
S3150800B150069991ED0A0A30EE010A81ED0A0AD0F83D
S3150800B160131001EE101A069991ED0C0A30EE010A39
S3150800B17081ED0C0AC07E012805D1FFE7079900205A
S3150800B18081F83500FFE7FFE740F23040C2F20000E1
S3150800B190C07AA8BBFFE741F20830C2F2000001906E
S3150800B1A00021C0F80710C0F80B10C0F80F10C0F83F
S3150800B1B01310C0F81710D0F80F10069AD163D0F8FC
S3150800B1C0071081F00041069A5163D0F80B10069AD1
S3150800B1D09163D0F8171001EE101A069991ED0A0A34
S3150800B1E030EE010A81ED0A0AD0F8130001EE100AC2
S3150800B1F0069890ED0C0A30EE010A80ED0C0AFFE77E
S3150800B200079890F83A0000F00F0001281BD1FFE7D5
S3150800B210079890F83A100120B0EB111F01D1FFE70B
S3150800B22010E007980699FBF7FBFB07980699FAF7CB
S3150800B23059FB07980699FAF707FE07980699FBF748
S3150800B24057F9FFE7FFE7079890F83500069981F860
S3150800B2502400079890F834100020B0EB111F14D082
S3150800B260FFE79DF90B0040F23601C2F2000109889A
S3150800B270484300EE100AB8EEC01A069890ED080A80
S3150800B28030EE010A80ED080AFFE708B080BD00002D
S3150800B29080B586B0002004900590F7F721FAFDF7EF
S3150800B2A081FFF9F755FEF9F7C3FDFAF725F8F9F71F
S3150800B2B05DFDF9F783FDFAF74BF8F9F7A7FDF9F7FE
S3150800B2C039FFF9F79DFFF9F719FFF9F7CBFFF9F7FA
S3150800B2D04DFFF9F7F1FFA820F5F78CFBF5F71EFAF5
S3150800B2E041F23C00C2F20000F8F768F940F61C701B
S3150800B2F0C2F20000F8F762F940F66470C2F2000084
S3150800B300F8F75CF9049940F6AC70C2F200000090B8
S3150800B310F8F724FD009804210391F8F71FFD40F67D
S3150800B3200040C4F2020002904FF4806101220192AB
S3150800B330F7F7AAF90298049A4FF48051F7F7A4F997
S3150800B340019A02984FF40051F7F79EF90298049A69
S3150800B3504FF40041F7F798F9019A40F60000C4F255
S3150800B36002004FF40061F7F78FF902980399049ADF
S3150800B370F7F78AF940F24841C2F2000140F2EE209E
S3150800B380A1F8440040F20E60A1F84600F9F79CFDCA
S3150800B39000F02AF8FFE7FEE782B0ADF806000020C5
S3150800B3A00090BDF90600842807D0FFE7BDF906001E
S3150800B3B00099084403300090FFE7009802B07047F0
S3150800B3C080B584B0039003980290029818B1FFE7FD
S3150800B3D00298019002E001200190FFE7019801F030
S3150800B3E00BFB002004B080BD80B501F0A3FB002054
S3150800B3F080BD0000B0B590B00E900D910E984069D2
S3150800B40038B3FFE70E98806918B3FFE70E9801680E
S3150800B410089141680B91016909910D990A91B0F952
S3150800B4200800FFF7B9FF0899099A0A9B84460B9802
S3150800B430DDF838E0DEF81440DEF81850EE46CEF8AF
S3150800B4400850CEF80440CEF800C002F03DF90C9042
S3150800B45020E00E980168049141680791018A0591D8
S3150800B4600D990691B0F90800FFF796FF0499059A19
S3150800B470069B84460798EE460CACCEF80440CEF8F8
S3150800B48000C002F0D1F8012803D0FFE700200F9092
S3150800B49003E0FFE70C980F90FFE70F9810B0B0BDD8
S3150800B4A080B584B00390029142F6CC00C2F2000047
S3150800B4B00068009041F26020C2F200000068043083
S3150800B4C001F052F888B9FFE741F26020C2F20000A5
S3150800B4D00068C16A012000FA01F242F27051C2F214
S3150800B4E0000108689043086000E0FFE70398013010
S3150800B4F080B9FFE7029868B1FFE741F26020C2F21F
S3150800B50000000068011D42F6A400C2F2000001F026
S3150800B510D1F83DE00098039908440190019841F25A
S3150800B5206021C2F2000109684860019800998842C2
S3150800B5300ED2FFE741F27020C2F20000006841F225
S3150800B5406021C2F200010968043101F07DF81EE0AD
S3150800B55041F26820C2F20000006841F26021C2F29E
S3150800B56000010968043101F06FF8019842F63001CC
S3150800B570C2F200010968884207D2FFE7019842F63D
S3150800B5803001C2F20001086000E0FFE7FFE7FFE7CD
S3150800B59004B080BD80B582B0019001F0B3F842F2E4
S3150800B5A06051C2F2000108680130086041F260206B
S3150800B5B0C2F20000006898B9FFE7019841F26021DD
S3150800B5C0C2F20001086042F26050C2F20000006850
S3150800B5D0012803D1FFE700F0F1FA00E0FFE71CE0DD
S3150800B5E042F69800C2F200000068A0B9FFE741F2EF
S3150800B5F06020C2F200000068C06A0199C96A8842E0
S3150800B60007D8FFE7019841F26021C2F200010860FD
S3150800B61000E0FFE700E0FFE7FFE742F26C50C2F206
S3150800B62000000168013101600068019948640198C9
S3150800B630C16A012000FA01F242F27051C2F2000119
S3150800B6400868104308600199C86A00EB800241F255
S3150800B6507820C2F2000000EB8200043101F02AF8DB
S3150800B66001F07CF842F69800C2F200000068C8B102
S3150800B670FFE741F26020C2F200000068C06A019943
S3150800B680C96A88420CD2FFE74EF60451CEF2000191
S3150800B6904FF080500860BFF34F8FBFF36F8F00E005
S3150800B6A0FFE700E0FFE702B080BD000080B584B088
S3150800B6B001F028F842F6D000C2F20000006800281F
S3150800B6C040D1FFE742F27450C2F20000029000F047
S3150800B6D09BFF42F28850C2F20000039000F094FFEC
S3150800B6E00299039841F26422C2F20002116041F203
S3150800B6F07421C2F20001086069460020086041F220
S3150800B7009412C2F2000241F20C23C2F200030A208C
S3150800B7100C2101F093FB014642F6D000C2F200006C
S3150800B7200160006860B1FFE742F6D000C2F200008F
S3150800B73000684DF6DD71C0F6000101F001F900E080
S3150800B740FFE700E0FFE701F009F804B080BD00005C
S3150800B75080B582B0FFE742F26450C2F2000000688A
S3150800B76008B3FFE700F0CEFF42F6B800C2F20000C9
S3150800B770C068C06801900198043000F0F5FE42F2F6
S3150800B7806051C2F2000108680138086042F264514B
S3150800B790C2F2000108680138086000F0DFFF01986E
S3150800B7A000F08CF8D7E702B080BD000080B582B003
S3150800B7B0019000910198006CB8B1FFE70199C8683B
S3150800B7C00A6C1044C86001988168C068884204D32E
S3150800B7D0FFE701990868C86000E0FFE70098019A4A
S3150800B7E0D168126CF4F72FFDFFE702B080BD0000A8
S3150800B7F080B586B0059004910392002002900598C2
S3150800B800806B01900598006C78B9FFE70598006889
S3150800B81048B9FFE70598806802F0C0F802900599D4
S3150800B8200020886000E0FFE741E00398B8B9FFE729
S3150800B830059A04995068126CF4F705FD059948684D
S3150800B8400A6C10444860059948688968884204D398
S3150800B850FFE705990868486000E0FFE726E0059AD3
S3150800B8600499D068126CF4F7EEFC0599C8680A6C5E
S3150800B870801AC86005980168C068884206D2FFE742
S3150800B880059988680A6C801AC86000E0FFE7039883
S3150800B890022809D1FFE7019820B1FFE7019801388E
S3150800B8A0019000E0FFE700E0FFE7FFE7FFE7019808
S3150800B8B0013005998863029806B080BD80B582B0CC
S3150800B8C00090009890F8590040B9FFE70098006B7F
S3150800B8D000F06AFF009800F067FF1CE0009890F8F7
S3150800B8E05900012804D1FFE7009800F05DFF11E038
S3150800B8F0009890F8590002280BD0FFE74FF0500047
S3150800B90080F31188BFF36F8FBFF34F8F0190FFE766
S3150800B910FEE7FFE7FFE702B080BD000082B00190B6
S3150800B92041F26420C2F2000000680068B0FA80F0B4
S3150800B9304009019908600198006848B9FFE741F293
S3150800B9406420C2F200000068C0680068009002E047
S3150800B95000200090FFE7009802B0704784B04FF4CB
S3150800B9609050009041F25630C2F2000001909DF8C6
S3150800B9700400400788B1FFE7019807300190019855
S3150800B98020F007000190019A41F25631C2F20001F7
S3150800B9900098891A08440090FFE7019802900299D6
S3150800B9A042F69C00C2F20000016000214160029844
S3150800B9B0009A10440190019808380190019820F0E7
S3150800B9C007000190019A41F26C20C2F20000026061
S3150800B9D00268516002681160029903910199039AFD
S3150800B9E0891A51600068039908600398406842F60E
S3150800B9F02C01C2F2000108600398406842F2C8515F
S3150800BA00C2F20001086042F29C51C2F200014FF0F6
S3150800BA100040086004B0704780B582B00190FFE727
S3150800BA20FFF796FE41F27820C2F20000006802286D
S3150800BA300CD3FFE74EF60451CEF200014FF08050CA
S3150800BA400860BFF34F8FBFF36F8F00E0FFE7E7E7AC
S3150800BA5080B584B0DDF818C00390029101928DF884
S3150800BA600330029818B9FFE70698006003E00198CA
S3150800BA7006990860FFE703980699C863029806992D
S3150800BA8008640698012101F061FA9DF803000699F9
S3150800BA9081F84C0004B080BD80B588B0DDF834C0AC
S3150800BAA0DDF830C0DDF82CC0DDF828C00690059119
S3150800BAB0049203930C98006B04998900A522F4F765
S3150800BAC0D4FB0C98006B049900EB810004380290B3
S3150800BAD0029820F0070002909DF80800400758B128
S3150800BAE0FFE74FF0500080F31188BFF36F8FBFF365
S3150800BAF04F8F0790FFE7FEE70598F8B1FFE70020AC
S3150800BB000190FFE701980F2813D8FFE70598019AD7
S3150800BB10805C0C99114481F8340005980199405CC1
S3150800BB2008B9FFE705E0FFE7FFE701980130019054
S3150800BB30E8E70C99002081F8430004E00C990020FE
S3150800BB4081F83400FFE70A98072803D3FFE70620A1
S3150800BB500A9000E0FFE70A980C99C8620A980C99BF
S3150800BB60C8640C990020009008650C98043000F011
S3150800BB7063FD0C98183000F05FFD00980C99096178
S3150800BB800A99C1F107010C9A91610C9949620C99BD
S3150800BB9048650C9981F8580002980699039A00F0AE
S3150800BBA0B3FC0C9908600B9820B1FFE70C980B9929
S3150800BBB0086000E0FFE708B080BD000080B584B0EB
S3150800BBC000200390FFE70398062810D8FFE703989C
S3150800BBD000EB800141F27820C2F2000000EB810000
S3150800BBE000F012FDFFE7039801300390EBE742F2FD
S3150800BBF0A050C2F20000019000F006FD42F2B450D7
S3150800BC00C2F20000029000F0FFFC42F64400C2F2C5
S3150800BC10000000F0F9FC42F6B800C2F2000000F09D
S3150800BC20F3FC42F6A400C2F2000000F0EDFC019914
S3150800BC30029841F26822C2F20002116041F27021B4
S3150800BC40C2F20001086004B080BD000083B0029013
S3150800BC5042F69C00C2F200000190FFE701980068D6
S3150800BC600299884205D2FFE7FFE70198006801902C
S3150800BC70F4E70198009000980199496808440299E8
S3150800BC80884209D1FFE7029842680199486810443A
S3150800BC9048600198029000E0FFE70298009000983B
S3150800BCA002994968084401990968884220D1FFE742
S3150800BCB00198006841F26C21C2F2000109688842C5
S3150800BCC00DD0FFE701980068426802994868104459
S3150800BCD048600198006800680299086007E041F228
S3150800BCE06C20C2F20000006802990860FFE704E0D1
S3150800BCF00198006802990860FFE70198029988424E
S3150800BD0004D0FFE702980199086000E0FFE703B056
S3150800BD107047000080B586B005900491039202939F
S3150800BD2000200190049805994860059800610498D8
S3150800BD300399884216D8FFE703980299401A05998D
S3150800BD408969884203D3FFE70120019009E041F29F
S3150800BD507420C2F2000000680599043100F074FCF2
S3150800BD60FFE717E003980299884208D2FFE704988C
S3150800BD700299884203D3FFE70120019009E041F2C6
S3150800BD806420C2F2000000680599043100F05CFCEA
S3150800BD90FFE7FFE7019806B080BD000080B582B0D6
S3150800BDA0019000F0AFFC0198806B18B9FFE70120FD
S3150800BDB0009002E000200090FFE700F0CFFC00981A
S3150800BDC002B080BD80B582B0019000F09BFC01985E
S3150800BDD0806B0199C96B884203D1FFE70120009067
S3150800BDE002E000200090FFE700F0B8FC009802B0DF
S3150800BDF080BD000008480068006880F308884FF096
S3150800BE00000080F3148862B661B6BFF34F8FBFF3A4
S3150800BE106F8F00DF00BF000008ED00E080B586B038
S3150800BE200490039141F26420C2F200000068C068E1
S3150800BE30C06801900198043000F096FB019890F8CC
S3150800BE4028004007002823D5FFE70198049B81694D
S3150800BE501944039AFFF75EFFC0B1FFE70198049AF9
S3150800BE60694600230B60194601F08CFF0290029880
S3150800BE7058B9FFE74FF0500080F31188BFF36F8F72
S3150800BE80BFF34F8F0590FFE7FEE700E0FFE707E007
S3150800BE90019991F8280000F0FE0081F82800FFE7D4
S3150800BEA00198016A884706B080BD000080B58CB04D
S3150800BEB0FFE742F6D000C2F20000006807A9002298
S3150800BEC001F05EFA002800F09B80FFE7079800283B
S3150800BED000F19580FFE7099806900698406928B111
S3150800BEE0FFE70698043000F03FFB00E0FFE705A8EF
S3150800BEF000F0FAF8039007980290092800F27D806E
S3150800BF000299DFE801F00505053D456605053D454D
S3150800BF10069991F8280040F0010081F82800069853
S3150800BF20089B81691944039AFFF7F4FE30B3FFE7CB
S3150800BF300698016A8847069890F82800400700285E
S3150800BF401AD5FFE70698089982690A4469460023C4
S3150800BF500B60194601F016FF0490049858B9FFE7DC
S3150800BF604FF0500080F31188BFF36F8FBFF34F8FE8
S3150800BF700B90FFE7FEE700E0FFE700E0FFE73DE0A4
S3150800BF80069991F8280000F0FE0081F8280035E0AF
S3150800BF90069991F8280040F0010081F828000898D1
S3150800BFA0069988610698806958B9FFE74FF05000EE
S3150800BFB080F31188BFF36F8FBFF34F8F0A90FFE7A7
S3150800BFC0FEE70698039B816919441A46FFF7A2FE05
S3150800BFD014E0069890F828008007002804D4FFE7A4
S3150800BFE0069800F0E1FB07E0069991F8280000F0B2
S3150800BFF0FE0081F82800FFE700E0FFE7FFE758E7C3
S3150800C0000CB080BD80B584B00390029100F002FEAA
S3150800C010684600F069F801900098D8BBFFE70298D7
S3150800C02060B9FFE703980199884207D8FFE701F04E
S3150800C030A3FD03980199FFF7F1FE2AE0029858B18B
S3150800C040FFE741F27420C2F2000000680068B0FA07
S3150800C05080F040090290FFE742F6D000C2F20000E5
S3150800C06000680399019A891A029A00F093FC01F074
S3150800C07083FD60B9FFE74EF60451CEF200014FF09A
S3150800C08080500860BFF34F8FBFF36F8F00E0FFE764
S3150800C090FFE702E001F070FDFFE704B080BD000095
S3150800C0A081B041F26820C2F200000068006840B919
S3150800C0B0FFE742F63001C2F200014FF0FF30086098
S3150800C0C00FE041F26820C2F200000068C068C0684C
S3150800C0D000900098406842F63001C2F200010860FC
S3150800C0E0FFE701B07047000080B582B0019001F00B
S3150800C0F06FFB0090009841F25C21C2F200010968CA
S3150800C100884206D2FFE700F011F80199012008607D
S3150800C11003E0019900200860FFE7009841F25C21DE
S3150800C120C2F200010860009802B080BD80B588B0F0
S3150800C130FFE741F26420C2F20000006800680028A8
S3150800C1404ED0FFE741F26420C2F200000168C968D8
S3150800C150096806910068C068C068039003980430AF
S3150800C16000F002FA0398016A8847039890F82800B5
S3150800C1704007002832D5FFE70698039989690844DD
S3150800C18005900598069988420FD9FFE705980399FF
S3150800C19048600398006141F26420C2F2000000681A
S3150800C1A00399043100F050FA17E00398069A694695
S3150800C1B000230B60194601F0E5FD0290029858B974
S3150800C1C0FFE74FF0500080F31188BFF36F8FBFF37E
S3150800C1D04F8F0790FFE7FEE7FFE700E0FFE7A8E7D6
S3150800C1E041F26422C2F200021068049041F27421FE
S3150800C1F0C2F20001086810600498086008B080BDA3
S3150800C20083B00020009040F25000C2F2000000689F
S3150800C210013058B1FFE74FF0500080F31188BFF3A3
S3150800C2206F8FBFF34F8F0290FFE7FEE74FF0500086
S3150800C23080F31188BFF36F8FBFF34F8F0190FFE72D
S3150800C240009808B9FFE7FBE703B0704780B584B0EC
S3150800C2500390FFE701A8FFF761FB02900298019996
S3150800C260FFF7D0FEFFF722FEF4E7000080B582B0A4
S3150800C270019000F047FA019890F845008DF8030000
S3150800C280FFE79DF90300012816DBFFE70198406ADE
S3150800C29058B1FFE70198243001F00CFC18B1FFE70C
S3150800C2A000F0F4FB00E0FFE700E005E09DF803007E
S3150800C2B001388DF80300E4E70199FF2081F845006D
S3150800C2C000F04CFA00F01EFA019890F844008DF838
S3150800C2D00200FFE79DF90200012816DBFFE7019837
S3150800C2E0006980B1FFE70198103001F0E3FB18B14F
S3150800C2F0FFE700F0CBFB00E0FFE79DF802000138FE
S3150800C3008DF8020000E000E0E4E70199FF2081F8DB
S3150800C310440000F023FA02B080BD000080B58AB060
S3150800C32006900020029000F075FC41F26C20C2F2E3
S3150800C3300000006818B9FFE7FFF710FB00E0FFE709
S3150800C340069842F29C51C2F200010968084240F080
S3150800C350C580FFE7069800B3FFE706980830069001
S3150800C3609DF818004007B0B1FFE7069820F00700CF
S3150800C370083006909DF81800400758B1FFE74FF0BF
S3150800C380500080F31188BFF36F8FBFF34F8F09906A
S3150800C390FFE7FEE700E0FFE700E0FFE70698002872
S3150800C3A000F09A80FFE7069842F2C851C2F20001EF
S3150800C3B00968884200F29080FFE742F69C00C2F2C4
S3150800C3C00000049000680590FFE705984168069A02
S3150800C3D000209142019007D2FFE7059800680028DF
S3150800C3E018BF01200190FFE70198C00730B1FFE7A9
S3150800C3F005980490059800680590E6E7059841F2C7
S3150800C4006C21C2F200010968884263D0FFE70498EC
S3150800C4100068083002900598006804990860059835
S3150800C42040680699401A112821D3FFE7059806990E
S3150800C430084403909DF80C00400758B1FFE74FF0F9
S3150800C440500080F31188BFF36F8FBFF34F8F0890AA
S3150800C450FFE7FEE7059840680699401A0399486081
S3150800C4600698059948600398FFF7F0FB00E0FFE798
S3150800C4700598426842F2C850C2F200000168891A5B
S3150800C4800160006842F62C01C2F200010968884280
S3150800C4900BD2FFE742F2C850C2F20000006842F62B
S3150800C4A02C01C2F20001086000E0FFE742F29C504E
S3150800C4B0C2F2000002680599486810434860059969
S3150800C4C00020086042F63801C2F20001086801300F
S3150800C4D0086000E0FFE700E0FFE700E0FFE701F0A3
S3150800C4E04BFB9DF80800400758B1FFE74FF0500096
S3150800C4F080F31188BFF36F8FBFF34F8F0790FFE765
S3150800C500FEE702980AB080BD83B0029001910092BE
S3150800C51002980438029002994FF0807008600298D9
S3150800C52004380290019820F00100029908600298E8
S3150800C5300438029002994CF20120C0F60000086007
S3150800C54002981438029000980299086002980438F4
S3150800C550029002996FF00200086002982038029053
S3150800C560029803B07047000082B0019001980069F4
S3150800C57000900198416880688860019948688968D0
S3150800C5804860009840680199884205D1FFE70198FC
S3150800C59080680099486000E0FFE70199002008617B
S3150800C5A000990868013808600098006802B070476A
S3150800C5B083B0029001910092029942F2D070C2F2C1
S3150800C5C000000860019942F2CC50C2F200000860EF
S3150800C5D000998020086003B07047000083B002907D
S3150800C5E001910092029942F6D840C2F20000086012
S3150800C5F0019942F6D400C2F20000086000994FF48F
S3150800C6008070086003B0704781B00090009901F10E
S3150800C6100800486000994FF0FF308860009901F1E2
S3150800C6200800C860009901F1080008610099002017
S3150800C630086001B07047000081B0009000990020A2
S3150800C640086101B07047000084B003900291029817
S3150800C650006800900098013020B9FFE70398006948
S3150800C660019010E0039808300190FFE701984068B0
S3150800C67000680099884205D8FFE7FFE701984068F7
S3150800C6800190F3E7FFE7019840680299486002982D
S3150800C6904168886001980299886002980199486003
S3150800C6A0039802990861039908680130086004B084
S3150800C6B07047000083B0029001910298406800908C
S3150800C6C000980199486000988068019988600198E7
S3150800C6D000998968486001980099886002980199CC
S3150800C6E00861029908680130086003B070470000C5
S3150800C6F0DFF80C00016841F4700101607047000022
S3150800C70088ED00E082B04FF0500080F31188BFF347
S3150800C7106F8FBFF34F8F019040F25000C2F20000B6
S3150800C7200168013101600068012814D1FFE74EF65F
S3150800C7300450CEF200000068000658B1FFE74FF03B
S3150800C740500080F31188BFF36F8FBFF34F8F0090AF
S3150800C750FFE7FEE7FFE702B07047000082B040F24D
S3150800C7605000C2F20000006858B9FFE74FF05000C9
S3150800C77080F31188BFF36F8FBFF34F8F0090FFE7E9
S3150800C780FEE740F25000C2F200000168013901607C
S3150800C790006830B9FFE700200190019880F31188FE
S3150800C7A0FFE702B07047000080B586B00390039893
S3150800C7B00290039800285CD0FFE702980838029098
S3150800C7C0029801900198406842F29C51C2F2000119
S3150800C7D0096808420BD1FFE74FF0500080F3118833
S3150800C7E0BFF36F8FBFF34F8F0590FFE7FEE7019802
S3150800C7F0006858B1FFE74FF0500080F31188BFF387
S3150800C8006F8FBFF34F8F0490FFE7FEE701984068EC
S3150800C81042F29C51C2F200010968084227D0FFE79C
S3150800C8200198006808BBFFE742F29C50C2F200007C
S3150800C8300268019948689043486000F0EBF901984E
S3150800C840426842F2C851C2F2000108681044086002
S3150800C8500198FFF7FBF942F63C01C2F200010868AD
S3150800C8600130086001F088F900E0FFE700E0FFE723
S3150800C870FFE706B080BD00004EF21001CEF20001BF
S3150800C880002008604EF21802CEF20002106040F254
S3150800C8902800C2F20000006844F6D352C1F26202D0
S3150800C8A0A0FB02024FF0FF3000EB92104EF214028A
S3150800C8B0CEF20002106007200860704784B0EFF3DC
S3150800C8C005800190019810281ED3FFE701984EF2C3
S3150800C8D0F031CEF20001405C8DF803009DF80300AC
S3150800C8E042F25651C2F20001097888420BDAFFE794
S3150800C8F04FF0500080F31188BFF36F8FBFF34F8F4F
S3150800C9000390FFE7FEE7FFE74EF60C50CEF2000075
S3150800C910006800F4E06042F25851C2F2000109686A
S3150800C92088420BD9FFE74FF0500080F31188BFF318
S3150800C9306F8FBFF34F8F0290FFE7FEE704B0704793
S3150800C94083B00290019100200090FFE70098072825
S3150800C9501DD8FFE7009942F65800C2F2000050F8C9
S3150800C960310070B9FFE70198009A42F65801C2F201
S3150800C970000141F832000298009A01EBC2014860B2
S3150800C98005E0FFE7FFE7009801300090DEE703B017
S3150800C9907047000080B584B0039002910192039815
S3150800C9A00090FFF7AFFE009890F94400013028B9CF
S3150800C9B0FFE70099002081F84400FFE7009890F906
S3150800C9C04500013028B9FFE70099002081F84500A5
S3150800C9D0FFE7FFF7C3FE0098806B38B9FFE70098BA
S3150800C9E024300299019A00F07BF800E0FFE70098EE
S3150800C9F0FFF73CFC04B080BD80B584B002900020EF
S3150800CA0001900298E0B1FFE742F26850C2F20000D6
S3150800CA10006858B1FFE74FF0500080F31188BFF364
S3150800CA206F8FBFF34F8F0390FFE7FEE700F0F2F832
S3150800CA3002980021FEF734FD01F09EF8019000E00F
S3150800CA40FFE7019860B9FFE74EF60451CEF2000100
S3150800CA504FF080500860BFF34F8FBFF36F8F00E031
S3150800CA60FFE704B080BD000081B0009042F63400B4
S3150800CA70C2F2000000680099086042F6CC00C2F2D3
S3150800CA80000000680099486001B0704742F63451CA
S3150800CA90C2F20001012008607047000080B584B02A
S3150800CAA002900191029858B9FFE74FF0500080F3C1
S3150800CAB01188BFF36F8FBFF34F8F0390FFE7FEE731
S3150800CAC0029841F26021C2F2000109681831FFF7A5
S3150800CAD0BBFD01980121FEF7E3FC04B080BD000010
S3150800CAE080B584B0029001910092029858B9FFE788
S3150800CAF04FF0500080F31188BFF36F8FBFF34F8F4D
S3150800CB000390FFE7FEE7029841F26021C2F20001B6
S3150800CB1009681831FFF7CEFD009820B1FFE74FF0FE
S3150800CB20FF300190FFE701980099FEF7B9FC04B0C1
S3150800CB3080BD000080B58AB000200390069005905D
S3150800CB4006A805A904AAFFF733FD039B049A0599CD
S3150800CB50DDF818C06846C0F808C0416003604BF6A7
S3150800CB601920C0F600004DF6D871C0F6000100F095
S3150800CB70ABFD014642F2CC70C2F2000001600068CB
S3150800CB8018B1FFE70120079002E000200790FFE7B1
S3150800CB900798012804D1FFE701F0AAF8079000E0FA
S3150800CBA0FFE70798012823D1FFE74FF0500080F3ED
S3150800CBB01188BFF36F8FBFF34F8F099042F630018C
S3150800CBC0C2F200014FF0FF30086042F69801C2F247
S3150800CBD000010120086042F6CC01C2F200010020E3
S3150800CBE0086000F07FF808B1FFE700E0FFE70FE014
S3150800CBF00798013058B9FFE74FF0500080F31188C5
S3150800CC00BFF36F8FBFF34F8F0890FFE7FEE7FFE78D
S3150800CC100AB080BD42F26851C2F2000108680130CC
S3150800CC200860704785B042F26850C2F2000000689A
S3150800CC3038B1FFE742F63451C2F20001012008601C
S3150800CC404DE042F63451C2F200010020086042F27B
S3150800CC507050C2F20000006804900498B0FA80F0A0
S3150800CC608DF80F009DF80F00C0F11F000190019884
S3150800CC7000EB800141F27820C2F2000050F8210052
S3150800CC8058B9FFE74FF0500080F31188BFF36F8F54
S3150800CC90BFF34F8F0290FFE7FEE7019800EB800194
S3150800CCA041F27820C2F2000000EB81000090009962
S3150800CCB0486840684860009948680831884205D144
S3150800CCC0FFE70099486840684860FFE700984068B1
S3150800CCD0C06841F26021C2F200010860FFE705B0B2
S3150800CCE07047000080B588B04EF60050CEF20000BE
S3150800CCF000684CF27121C4F20F1188420BD1FFE78C
S3150800CD004FF0500080F31188BFF36F8FBFF34F8F3A
S3150800CD100790FFE7FEE74EF60050CEF200000068E7
S3150800CD204CF27021C4F20F1188420BD1FFE74FF085
S3150800CD30500080F31188BFF36F8FBFF34F8F0690B3
S3150800CD40FFE7FEE74EF20040CEF2000003900178BE
S3150800CD500491FF21017000788DF80B009DF80B00F7
S3150800CD6000F0500042F25651C2F20001087042F239
S3150800CD705851C2F2000107200860FFE79DF80B0032
S3150800CD80000600280DD5FFE742F25851C2F200010D
S3150800CD900868013808609DF80B0040008DF80B0004
S3150800CDA0ECE742F25850C2F20000006803280BD0A4
S3150800CDB0FFE74FF0500080F31188BFF36F8FBFF382
S3150800CDC04F8F0590FFE7FEE742F25851C2F2000185
S3150800CDD0086800020860086800F4E06008600498C3
S3150800CDE04EF20041CEF2000108704EF62051CEF206
S3150800CDF00001086840F470000860086840F0704058
S3150800CE000860FFF739FD40F25001C2F20001002028
S3150800CE1001900860FFF76CFC4EF63471CEF2000103
S3150800CE20086840F040400860FEF7E4FFFFF7FAFEA6
S3150800CE30FFF7E6F9019808B080BD000080B590B00C
S3150800CE4084461298CDF828C00991089207938DF860
S3150800CE501B000A9858B9FFE74FF0500080F3118875
S3150800CE60BFF36F8FBFF34F8F0F90FFE7FEE707986B
S3150800CE7058B9FFE74FF0500080F31188BFF36F8F62
S3150800CE80BFF34F8F0E90FFE7FEE708990020039047
S3150800CE9031B1FFE70998B0FA80F040090390FFE73F
S3150800CEA00398C00758B1FFE74FF0500080F3118888
S3150800CEB0BFF36F8FBFF34F8F0D90FFE7FEE708991B
S3150800CEC00020029031B9FFE70998002818BF012011
S3150800CED00290FFE70298C00758B1FFE74FF05000ED
S3150800CEE080F31188BFF36F8FBFF34F8F0C90FFE766
S3150800CEF0FEE750200490049850280BD0FFE74FF027
S3150800CF00500080F31188BFF36F8FBFF34F8F0B90DC
S3150800CF10FFE7FEE7049807980590059888B1FFE7AC
S3150800CF200599012081F846000A980999089A9DF8FA
S3150800CF301B30DDF814C0EE46CEF800C0FEF788FDBB
S3150800CF4000E0FFE7059810B080BD000080B584B00A
S3150800CF500290019102980090009858B9FFE74FF0A7
S3150800CF60500080F31188BFF36F8FBFF34F8F039084
S3150800CF70FFE7FEE7FFF7C6FB00990B68C86B0A6C6C
S3150800CF8000FB0230886000990020886300990868D1
S3150800CF90486000990B68C86B0A6C013800FB0230C0
S3150800CFA0C8600099FF2081F84400009981F845007F
S3150800CFB00198D0B9FFE700980069A0B1FFE700988B
S3150800CFC0103000F077FD60B1FFE74EF60451CEF25F
S3150800CFD000014FF080500860BFF34F8FBFF36F8F8B
S3150800CFE000E0FFE700E0FFE708E000981030FFF7F1
S3150800CFF00BFB00982430FFF707FBFFE7FFF7AEFBB4
S3150800D000012004B080BD000080B592B00C900B9151
S3150800D0100A920993002008900C980490049858B92D
S3150800D020FFE74FF0500080F31188BFF36F8FBFF30F
S3150800D0304F8F1190FFE7FEE70B990020039039B94F
S3150800D040FFE70498006C002818BF01200390FFE74B
S3150800D0500398C00758B1FFE74FF0500080F31188D6
S3150800D060BFF36F8FBFF34F8F1090FFE7FEE7099965
S3150800D07000200229029007D1FFE70498C06B013807
S3150800D08018BF01200290FFE70298C00758B1FFE7D2
S3150800D0904FF0500080F31188BFF36F8FBFF34F8FA7
S3150800D0A00F90FFE7FEE700F077FB014600200190AE
S3150800D0B031B9FFE70A98002818BF01200190FFE759
S3150800D0C00198C00758B1FFE74FF0500080F3118868
S3150800D0D0BFF36F8FBFF34F8F0E90FFE7FEE7FFE7B3
S3150800D0E0FFF710FB0498806B0499C96B884204D338
S3150800D0F0FFE70998022834D1FFE704980B99099AA3
S3150800D100FEF776FB07900498406AA0B1FFE70498FB
S3150800D110243000F0CFFC60B1FFE74EF60451CEF2A2
S3150800D12000014FF080500860BFF34F8FBFF36F8F39
S3150800D13000E0FFE710E0079860B1FFE74EF60451FC
S3150800D140CEF200014FF080500860BFF34F8FBFF357
S3150800D1506F8F00E0FFE7FFE7FFF700FB01200D9068
S3150800D16065E00A9828B9FFE7FFF7F8FA00200D905E
S3150800D1705DE0089830B9FFE705A8FFF775FC0120C0
S3150800D180089000E0FFE7FFE7FFE7FFF7E7FAFFF79A
S3150800D19041FDFFF7B7FA049890F94400013028B921
S3150800D1A0FFE70499002081F84400FFE7049890F906
S3150800D1B04500013028B9FFE70499002081F84500A9
S3150800D1C0FFE7FFF7CBFA05A80AA900F0C7F928BBBD
S3150800D1D0FFE70498FEF7F6FDC8B1FFE7049810309C
S3150800D1E00A99FFF75BFC0498FFF740F800F0C4FCC7
S3150800D1F060B9FFE74EF60451CEF200014FF08050B9
S3150800D2000860BFF34F8FBFF36F8FFFE705E0049801
S3150800D210FFF72CF800F0B0FCFFE707E00498FFF7EB
S3150800D22025F800F0A9FC00200D9000E058E70D98BD
S3150800D23012B080BD80B592B00B900A9109920893FE
S3150800D2400B980590059858B9FFE74FF0500080F302
S3150800D2501188BFF36F8FBFF34F8F0E90FFE7FEE77E
S3150800D2600A990020029039B9FFE70598006C002852
S3150800D27018BF01200290FFE70298C00758B1FFE7E0
S3150800D2804FF0500080F31188BFF36F8FBFF34F8FB5
S3150800D2900D90FFE7FEE7089900200229019007D1C3
S3150800D2A0FFE70598C06B013818BF01200190FFE71A
S3150800D2B00198C00758B1FFE74FF0500080F3118876
S3150800D2C0BFF36F8FBFF34F8F0C90FFE7FEE7FFF7B3
S3150800D2D0F5FAEFF311814FF0500080F31188BFF390
S3150800D2E06F8FBFF34F8F10910F9010980690059887
S3150800D2F0806B0599C96B884204D3FFE70898022812
S3150800D30033D1FFE7059890F845008DF81300059886
S3150800D310806B039005980A99089AFEF769FA9DF9B1
S3150800D32013000130B8B9FFE70598406A88B1FFE7EE
S3150800D3300598243000F0BEFB48B1FFE7099820B1F4
S3150800D340FFE709990120086000E0FFE700E0FFE732
S3150800D35000E0FFE706E09DF813000130059981F823
S3150800D3604500FFE70120079002E000200790FFE74D
S3150800D37006981190119880F31188079812B080BD0D
S3150800D38080B58EB0099008910792002006900998FA
S3150800D3900390039858B9FFE74FF0500080F31188BF
S3150800D3A0BFF36F8FBFF34F8F0D90FFE7FEE7089926
S3150800D3B00020019039B9FFE70398006C002818BFD0
S3150800D3C001200190FFE70198C00758B1FFE74FF029
S3150800D3D0500080F31188BFF36F8FBFF34F8F0C9007
S3150800D3E0FFE7FEE700F0D8F901460020009031B9C2
S3150800D3F0FFE70798002818BF01200090FFE700986C
S3150800D400C00758B1FFE74FF0500080F31188BFF30B
S3150800D4106F8FBFF34F8F0B90FFE7FEE7FFE7FFF72E
S3150800D42071F90398806B0290029830B3FFE703986E
S3150800D4300899FEF7BBF9029801380399886303989F
S3150800D4400069A0B1FFE70398103000F033FB60B124
S3150800D450FFE74EF60451CEF200014FF08050086007
S3150800D460BFF34F8FBFF36F8F00E0FFE700E0FFE7E2
S3150800D470FFF774F901200A906DE0079828B9FFE7CD
S3150800D480FFF76CF900200A9065E0069830B9FFE7C7
S3150800D49004A8FFF7E9FA0120069000E0FFE7FFE796
S3150800D4A0FFE7FFF75BF9FFF7B5FBFFF72BF90398E3
S3150800D4B090F94400013028B9FFE70399002081F864
S3150800D4C04400FFE7039890F94500013028B9FFE7C3
S3150800D4D00399002081F84500FFE7FFF73FF904A804
S3150800D4E007A900F03BF830BBFFE70398FEF756FCA8
S3150800D4F0D0B1FFE7039824300799FFF7CFFA0398CE
S3150800D500FEF7B4FE00F038FB60B9FFE74EF60451AB
S3150800D510CEF200014FF080500860BFF34F8FBFF383
S3150800D5206F8F00E0FFE705E00398FEF79FFE00F027
S3150800D53023FBFFE70EE00398FEF798FE00F01CFBBE
S3150800D5400398FEF72BFC18B1FFE700200A9002E0CB
S3150800D550FFE7FFE763E70A980EB080BD80B588B09D
S3150800D56005900491059858B9FFE74FF0500080F3ED
S3150800D5701188BFF36F8FBFF34F8F0790FFE7FEE762
S3150800D580049858B9FFE74FF0500080F31188BFF3AD
S3150800D5906F8FBFF34F8F0690FFE7FEE7FFF7B2F8EE
S3150800D5A042F6CC00C2F20000006802900298059983
S3150800D5B04968401A019004980068013018B9FFE7D5
S3150800D5C0002003902BE042F63400C2F20000006807
S3150800D5D005990968884209D0FFE7029805994968BC
S3150800D5E0884203D3FFE70120039017E001980499C6
S3150800D5F0096888420BD2FFE7019A04990868801ADD
S3150800D60008600598FFF730FA0020039005E00499B2
S3150800D6100020086001200390FFE7FFE7FFE7FFF718
S3150800D6209DF8039808B080BD70B58CB0DDF844C08D
S3150800D630DDF840C00B900A91ADF826200893BDF896
S3150800D64026008000FEF76AFE0590059880B1FFE780
S3150800D6505C20FEF763FE0790079820B1FFE7059860
S3150800D6600799086303E00598FFF79EF8FFE702E0CD
S3150800D67000200790FFE70798F0B1FFE70798002614
S3150800D68080F859600B980A99BDF82620089BDDF8A2
S3150800D69040C0119C079DEE46CEF80C60CEF80850A7
S3150800D6A0CEF80440CEF800C0FEF7F6F90798FDF765
S3150800D6B071FF0120069003E04FF0FF300690FFE768
S3150800D6C006980CB070BD0000B0B58EB0DDF850C03D
S3150800D6D0DDF84CC0DDF848C00A9009910892079316
S3150800D6E0139858B9FFE74FF0500080F31188BFF33D
S3150800D6F06F8FBFF34F8F0D90FFE7FEE7149858B969
S3150800D700FFE74FF0500080F31188BFF36F8FBFF328
S3150800D7104F8F0C90FFE7FEE75C20049004985C2886
S3150800D7200BD0FFE74FF0500080F31188BFF36F8FDF
S3150800D730BFF34F8F0B90FFE7FEE70498149820B3CA
S3150800D740FFE7139808B3FFE714980690139806990D
S3150800D75008630699022081F859000A980999089AD7
S3150800D760079BDDF848C0069CEE460025CEF80C500F
S3150800D770CEF8084005ACCEF80440CEF800C0FEF757
S3150800D7808BF90698FDF706FF02E000200590FFE7F3
S3150800D79005980EB0B0BD000081B042F69800C2F2FE
S3150800D7A00000006818B9FFE7012000900DE042F27A
S3150800D7B06850C2F20000006818B9FFE7022000901E
S3150800D7C002E000200090FFE7FFE7009801B07047ED
S3150800D7D081B042F6CC00C2F20000006800900098C2
S3150800D7E001B0704780B586B00020029042F26850BA
S3150800D7F0C2F200000068002840F0C580FFE742F644
S3150800D800CC01C2F200010868013001900198086055
S3150800D810019858BBFFE741F26820C2F20000006891
S3150800D820006858B1FFE74FF0500080F31188BFF346
S3150800D8306F8FBFF34F8F0590FFE7FEE741F268222F
S3150800D840C2F200021068009041F27021C2F2000193
S3150800D850086810600098086042F63401C2F20001B8
S3150800D860086801300860FEF71BFC00E0FFE7019836
S3150800D87042F63001C2F200010968884262D3FFE726
S3150800D880FFE741F26820C2F200000068006840B96C
S3150800D890FFE742F63001C2F200014FF0FF300860A0
S3150800D8A04FE041F26820C2F200000068C068C06814
S3150800D8B0049004984068039001980399884207D217
S3150800D8C0FFE7039842F63001C2F20001086038E02B
S3150800D8D0FFE704980430FEF747FE0498806A28B1EB
S3150800D8E0FFE704981830FEF73FFE00E0FFE70498CC
S3150800D8F0C16A012000FA01F242F27051C2F2000137
S3150800D9000868104308600499C86A00EB800241F26F
S3150800D9107820C2F2000000EB82000431FEF7CAFE4E
S3150800D9200498C06A41F26021C2F200010968C96A16
S3150800D930884203D3FFE70120029000E0FFE7FFE7F4
S3150800D9409FE7FFE741F26020C2F200000068C06A64
S3150800D95000EB800141F27820C2F2000050F8210065
S3150800D960022803D3FFE70120029000E0FFE742F612
S3150800D9703450C2F20000006818B1FFE70120029097
S3150800D98000E0FFE707E042F64001C2F2000108683E
S3150800D99001300860FFE7029806B080BD80B586B002
S3150800D9A0039003980290002001900398002800F045
S3150800D9B07D80FFE7029841F26021C2F20001096802
S3150800D9C088420BD0FFE74FF0500080F31188BFF371
S3150800D9D06F8FBFF34F8F0590FFE7FEE70298006D44
S3150800D9E058B9FFE74FF0500080F31188BFF36F8FE7
S3150800D9F0BFF34F8F0490FFE7FEE70299086D0138E1
S3150800DA0008650299C86AC96C88424DD0FFE7029832
S3150800DA10006D002846D1FFE702980430FEF7A4FD02
S3150800DA20D0B9FFE70298C06A00EB800141F278207E
S3150800DA30C2F2000050F8210068B9FFE70298C16AEF
S3150800DA40012000FA01F242F27051C2F200010868A0
S3150800DA5090430860FFE700E0FFE70299C86CC862D8
S3150800DA600299C86AC0F1070088610298C16A012054
S3150800DA70009000FA01F242F27051C2F20001086801
S3150800DA80104308600299C86A00EB800241F27820C8
S3150800DA90C2F2000000EB82000431FEF70BFE00988C
S3150800DAA0019000E0FFE700E0FFE700E0FFE70198EC
S3150800DAB006B080BD80B584B002900298C068C06880
S3150800DAC00190019858B9FFE74FF0500080F311888C
S3150800DAD0BFF36F8FBFF34F8F0390FFE7FEE7019801
S3150800DAE01830FEF741FD42F26850C2F200000068A5
S3150800DAF0F0B9FFE701980430FEF736FD0198C16AD0
S3150800DB00012000FA01F242F27051C2F200010868DF
S3150800DB10104308600199C86A00EB800241F2782038
S3150800DB20C2F2000000EB82000431FEF7C3FD09E0F3
S3150800DB30019800F1180142F64400C2F20000FEF70F
S3150800DB40B9FDFFE70198C06A41F26021C2F20001FF
S3150800DB500968C96A884208D9FFE70120009042F699
S3150800DB603451C2F20001086002E000200090FFE78D
S3150800DB70009804B080BD000080B584B000200290F3
S3150800DB80019042F26850C2F20000006858B9FFE7F7
S3150800DB904FF0500080F31188BFF36F8FBFF34F8F9C
S3150800DBA00390FFE7FEE7FEF7ADFD42F26850C2F2CA
S3150800DBB000000168013901600068002840F0928081
S3150800DBC0FFE742F26050C2F200000068002800F049
S3150800DBD08880FFE7FFE742F64400C2F200000068CB
S3150800DBE0E0B3FFE742F64400C2F20000C068C0682E
S3150800DBF0029002981830FEF7B7FC02980430FEF738
S3150800DC00B3FC0298C16A012000FA01F242F270518F
S3150800DC10C2F200010868104308600299C86A00EB5E
S3150800DC20800241F27820C2F2000000EB8200043143
S3150800DC30FEF740FD0298C06A41F26021C2F2000177
S3150800DC400968C96A884207D3FFE742F63451C2F227
S3150800DC5000010120086000E0FFE7BCE7029818B160
S3150800DC60FFE7FEF71DFAFFE742F64000C2F20000A2
S3150800DC70006800900098E0B1FFE7FFE7FFF7B2FD04
S3150800DC8038B1FFE742F63451C2F2000101200860BC
S3150800DC9000E0FFE7009801380090FFE700980028A9
S3150800DCA0ECD1FFE742F64001C2F20001002008600D
S3150800DCB000E0FFE742F63450C2F20000006870B197
S3150800DCC0FFE7012001904EF60451CEF200014FF015
S3150800DCD080500860BFF34F8FBFF36F8F00E0FFE7F8
S3150800DCE0FFE700E0FFE7FEF739FD019804B080BDC5
S3150800DCF080B58AB000200890FDF7D8FC42F6D0001F
S3150800DD00C2F20000006858B3FFE7002004900790AD
S3150800DD10069007A806A905AAFEF760FC049B059AC3
S3150800DD200698DDF81CC06946C1F808C0486002209C
S3150800DD3008604CF24D20C0F600004DF6E271C0F6C0
S3150800DD400001FFF7C1FC014642F6D440C2F20000CA
S3150800DD500160006818B1FFE701200890FFE700E0BE
S3150800DD60FFE7089858B9FFE74FF0500080F311888D
S3150800DD70BFF36F8FBFF34F8F0990FFE7FEE7089851
S3150800DD800AB080BD80B58AB0DDF830C0089007912A
S3150800DD900692059300200490089858B9FFE74FF0BB
S3150800DDA0500080F31188BFF36F8FBFF34F8F099030
S3150800DDB0FFE7FEE742F6D000C2F200000068A8B30B
S3150800DDC0FFE707980190069802900898039007982D
S3150800DDD005281EDCFFE7FFF7DFFC02280CD1FFE76A
S3150800DDE042F6D000C2F2000000680C9A01A900238E
S3150800DDF0FFF70AF904900BE042F6D000C2F20000E1
S3150800DE00006801A900231A46FFF7FEF80490FFE709
S3150800DE100BE042F6D000C2F200000068059A01A99C
S3150800DE200023FFF707FA0490FFE700E0FFE70498EE
S3150800DE300AB080BD02E008C8121F08C1002AFAD13C
S3150800DE4070477047002001E001C1121F002AFBD16C
S3150800DE5070470000C4DF0008259100080000000094
S3150800DE6000000000000100000000000000000000A3
S3150800DE70CEDF00083991000800000000000000000D
S3150800DE80000100000000000000000000CDCCCC3DE1
S3150800DE9000000000000000000000000000007A45B5
S3150800DEA00000803E000000000000000000000000A6
S3150800DEB000E0AB459A99193E0AD7233C00000000BA
S3150800DEC00000A04200401C45CDCCCC3D000000001F
S3150800DED0000000000000000000007A45CDCCCC3DD3
S3150800DEE000000000000000000000000000007A4565
S3150800DEF00000C03F00000000000000000000000015
S3150800DF0000208046000020410000000000000000BC
S3150800DF100000000000A00C460000C03F0000000002
S3150800DF200000000000000000002080460000B0400D
S3150800DF300AD7A33E0000000000803B4500007A4651
S3150800DF400000C03F000000000000000000000000C4
S3150800DF5000208046B81E853D000000000000000035
S3150800DF600000A04200D004463333333F00000000CF
S3150800DF7052499D390000704100003442000030418A
S3150800DF800AD7A33B0000000000803B4500007A4604
S3150800DF900000AF436F12033B0000000000A08C4551
S3150800DFA000409C4600000000000000000102030437
S3150800DFB006070809000000000102030400061016FF
S3150800DFC000061016686561645F7461736B0072659C
S3150800DFD061645F7461736B0049444C4500546D720B
S3150800DFE05100546D722053766300000010E000085B
S3150800DFF0000000205800000034DE000868E0000831
S3150800E00058000020E030000044DE00080000000050
S3150800E01001000000010000000101010001000100EB
S3150800E0200101010000010002001002400004024044
S3150800E03000040240090000000024F4003200BE007B
S3150800E0403E033E033200B80B04015802C800B80B61
S3150800E0502C010401CDCC8C3F01000000100000000B
S30D0800E060AAAAAAAA0000000002
S705080001AD44
