:020000040800F2
:10000000088C0020A5020008716900084D42000814
:100010006D690008AD09000859940008000000004F
:10002000000000000000000000000000016D00085A
:10003000A90A000800000000116B0008256D0008E7
:10004000BF020008BF020008BF020008BF0200088C
:10005000BF020008BF020008BF020008BF0200087C
:10006000BF020008BF020008BF020008BF0200086C
:10007000BF020008BF020008910A00089D0A00089C
:10008000BF020008BF020008BF020008BF0200084C
:10009000B1090008BF020008BF020008BF02000843
:1000A000BF020008BF020008BF020008BF0200082C
:1000B000016E0008BF020008BF020008BF0200086E
:1000C000BF020008BF020008BF020008BF0200080C
:1000D000116C0008BF020008BF020008BF02000840
:1000E000BF020008BF020008BF0200080D6E000832
:1000F000BF020008BF020008BF020008BF020008DC
:10010000BF020008BF020008BF020008BF020008CB
:10011000BF020008BF020008BF020008BF020008BB
:10012000BF020008BF020008BF020008BF020008AB
:10013000BF0200080000000000000000BF0200082D
:10014000BF020008BF020008BF020008756900086E
:10015000BF020008BF020008BF020008BF0200087B
:10016000BF020008BF020008BF020008BF0200086B
:10017000BF020008BF020008BF0200080000000024
:1001800000000000BF0200080000000000000000A6
:10019000BF0200080000000000000000BF020008CD
:1001A000000000000000000000000000BF02000886
:1001B000BF020008BF020008BF020008BF0200081B
:1001C000BF02000800F002F800F05CF80AA090E816
:1001D000000C82448344AAF10107DA4501D100F002
:1001E00051F8AFF2090EBAE80F0013F0010F18BF73
:1001F000FB1A43F001031847A4CF0000C4CF00004E
:100200000A444FF0000C10F8013B13F0070408BF3C
:1002100010F8014B1D1108BF10F8015B641E05D0DA
:1002200010F8016B641E01F8016BF9D113F0080F8F
:100230001EBF10F8014BAD1C0C1B09D16D1E58BF21
:1002400001F801CBFAD505E014F8016B01F8016B58
:100250006D1EF9D59142D6D37047000000230024CB
:1002600000250026103A28BF78C1FBD8520728BFC6
:1002700030C148BF0B6070471FB50CF0DCFA1FBDE2
:1002800010B510BD00F038F91146FFF7F5FF0AF080
:100290004DFD00F056F903B4FFF7F2FF03BC00F088
:1002A00059F900000948804709480047FEE7FEE782
:1002B000FEE7FEE7FEE7FEE7FEE7FEE7FEE7FEE716
:1002C00004480549054A064B70470000E56D0008E3
:1002D000C501000808800020088C00200884002048
:1002E0000884002053EA020C00F069802DE9F04BED
:1002F0004FF00006002B1FBFB3FA83F503FA05F495
:1003000024FA05F65E4012BF1643B2FA82F502FAED
:1003100005F4C5F120051EBF22FA05FC44EA0C04D1
:10032000203556EA044C4FEA144418BF641C4FF0C1
:1003300000084FF00009904271EB030C39D30029FB
:1003400019BFB1FA81F701FA07F6B0FA80F700FA9F
:1003500007F6C7F120071EBF20FA07FC46EA0C0685
:100360002037B6FBF4FCA7EB0507103F07F01F0B87
:10037000CBF120062CFA06F60CFA0BFB44BFB34671
:100380000026202FA4BF5E464FF0000B5BEA060C50
:1003900008BF4FF0010B19EB0B0948EB0608ABFB4C
:1003A000027C06FB02CC0BFB03CCC01B71EB0C01E7
:1003B000C1E70B46024641464846BDE8F08B13B5FF
:1003C000084318BF4FF0FF300146AFF30080BDE88F
:1003D0001C40704710B5203AC0F00B80B1E81850AF
:1003E000A0E81850B1E81850A0E81850203ABFF41F
:1003F000F5AF5FEA027C24BFB1E81850A0E81850BE
:1004000044BF18C918C0BDE810405FEA827C24BF11
:1004100051F8043B40F8043B08BF7047D20728BF9F
:1004200031F8023B48BF11F8012B28BF20F8023BEE
:1004300048BF00F8012B70474FF000020429C0F0BC
:10044000128010F0030C00F01B80CCF1040CBCF106
:10045000020F18BF00F8012BA8BF20F8022BA1EB58
:100460000C0100F00DB85FEAC17C24BF00F8012B3D
:1004700000F8012B48BF00F8012B70474FF0000235
:1004800000B5134694469646203922BFA0E80C508A
:10049000A0E80C50B1F12001BFF4F7AF090728BF65
:1004A000A0E80C5048BF0CC05DF804EB890028BFE1
:1004B00040F8042B08BF704748BF20F8022B11F00A
:1004C000804F18BF00F8012B704770477047704786
:1004D00010B500F009F8006810BD10B5044600F032
:1004E00003F8046010BD000000487047A001002020
:1004F00000487047A00100207546FFF7F9FFAE469F
:1005000005006946534620F00700854618B020B51F
:10051000FFF7D6FEBDE820404FF000064FF0000781
:100520004FF000084FF0000BAC46ACE8C009ACE857
:10053000C009ACE8C009ACE8C00921F007018D464C
:10054000704710B50446AFF300802046BDE8104068
:10055000FFF7A1BE01491820ABBEFEE7260002004E
:100560007047000040F20040C4F202000221012264
:1005700001F0CCB840F20040C4F202000221002297
:1005800001F0C4B87047000040F20040C4F202001D
:100590000121012201F0BAB840F20040C4F2020089
:1005A0000121002201F0B2B87047000070B50028A8
:1005B0006CD04EF2180149F24002CEF20001C0F2B6
:1005C000020210F0030EA0F1010C38D051F8043CE7
:1005D0000D68002408E02C44A41BB54298BF1C44BD
:1005E000944235460DD200BF0E68B542F3D10E6875
:1005F000B542F0D10E68B542EDD10E68B542F3D0E8
:10060000E9E7BEF1010F63463CD051F8043C0D68A8
:10061000002407E02C44A41BB54298BF1C4494421C
:1006200035460ED20E68B542F4D10E68B542F1D10E
:100630000E68B542EED10E68B542F3D0EAE7034644
:1006400020E0BEF1020F01D1831E1BE051F8043CF3
:100650000E68002408E03444641BAE4298BF1C447A
:1006600094422E460DD200BF0D68AE42F3D10D6804
:10067000AE42F0D10D68AE42EDD10D68AE42F3D07E
:10068000E9E7C31E1FFA8CF0032805D270BD00BF36
:10069000043B180408BF70BD51F8040C0E68002418
:1006A00008E03444641BAE4298BF044494422E4692
:1006B0000ED200BF0D68AE42F3D10D68AE42F0D14C
:1006C0000D68AE42EDD10D68AE42F3D0E9E700BF50
:1006D00051F8040C0E68002408E03444641BAE4258
:1006E00098BF044494422E460ED200BF0D68AE421D
:1006F000F3D10D68AE42F0D10D68AE42EDD10D6878
:10070000AE42F3D0E9E700BF51F8040C0E680024B4
:1007100008E03444641BAE4298BF044494422E4621
:100720000ED200BF0D68AE42F3D10D68AE42F0D1DB
:100730000D68AE42EDD10D68AE42F3D0E9E700BFDF
:1007400051F8040C0E68002408E03444641BAE42E7
:1007500098BF044494422E469AD200BF0D68AE4220
:10076000F3D10D68AE42F0D10D68AE42EDD10D6807
:10077000AE42F3D0E9E7000080B54EF21801CEF2A8
:100780000001A82251F804CC00FB02FE08680023F7
:1007900008E003449B1A904298BF63447345104697
:1007A00028BF80BD0A689042F3D10A689042F0D118
:1007B0000A689042EDD10A689042F3D0E9E7000060
:1007C00010B5FFF7DFFEFFF7EFFE0AF09BF90446D6
:1007D0000AF00CF9204310BD2DE9F04F81B00092D2
:1007E0000E468146FFF7C6FE922000F0C7F8922021
:1007F00000F0C4F8552000F0C1F88046552000F004
:10080000BDF88346552000F0B9F88246552000F027
:10081000B5F80446552000F0B1F80746552000F021
:10082000ADF80546FFF79EFE48EA0B2000B200EE49
:10083000100A40F20000C2F2000090ED001AB8EE7B
:10084000C00A21EE000A86ED000A4AEA042190ED72
:10085000001A47EA052009B200B200EE101A02EEB3
:10086000100AB8EEC00AB8EEC22A21EE000A21EE44
:10087000021A86ED010A86ED021AFFF78DFE80202E
:1008800000F07CF8552000F079F80646552000F07D
:1008900075F8552000F072F88246552000F06EF889
:1008A0000546552000F06AF88346552000F066F8AA
:1008B0000446552000F062F80746552000F05EF827
:1008C0008046FFF761FE0F2E28D14AEA052000B2CC
:1008D00000EE100A40F20400C2F2000090ED001A8F
:1008E000B8EEC00A21EE000A89ED000A4BEA0421A5
:1008F00090ED001A47EA082009B200B200EE101A83
:1009000002EE100AB8EEC00AB8EEC22A21EE000AC2
:1009100021EE021A89ED010A89ED021AFFF72AFE7B
:10092000A22000F02BF8A22000F028F8552000F0BB
:1009300025F80446552000F021F80546FFF712FE81
:10094000E00040EA55104FF600010022CFF6FF719B
:10095000B2EB902F18BF084300EE100AB8EEC00AA1
:10096000B4EE001A20EE010AB3EE071A009830EE3A
:10097000010A80ED000A01B0BDE8F08F80B582B0B9
:100980008DF8070043F694204FF47A7CC2F2000001
:100990000DF107010DF106020123CDF800C002F0B0
:1009A00025FE9DF8060002B080BD0000FEE70000B5
:1009B00043F2A040C2F2000000F0F8B970B540F276
:1009C000002443F2A045C2F200040E2601200021BB
:1009D000C2F20005C4E90806C4E90011C4E9021125
:1009E000C4E90411C4E906102846214600F0DEF8E7
:1009F000284600F0C9FB2846022100F071F8666223
:100A0000666170BD002070470020704710B543F24A
:100A1000C414C2F2000442F21C11C2F200012046CA
:100A2000002206F055FC41F61C11C2F200012046DE
:100A300006F040FC002010BD10B543F2C414C2F211
:100A400000040146204606F035FC204606F00CFC6A
:100A5000002010BD0020704710B543F2C412C2F24E
:100A60000002D2F8BC22D2F81432002B1CBF0120A5
:100A700010BD43F2C414C2F200040A4601462046E7
:100A800006F026FC2046BDE8104006F0BFBC000082
:100A900043F2C840C2F2000000F0C4BB43F2285049
:100AA000C2F2000000F0BEBB7047000070470000BB
:100AB00040F2C020C2F2000090ED690A70470000C9
:100AC00040F2C020C2F2000090ED680A70470000BA
:100AD00040F2C020C2F2000090ED6A0A70470000A8
:100AE00090F82020013A012A04D8006800F114028D
:100AF000002004E000F1240201204FF4802113685B
:100B0000194311607047000010B590F820E0D0F84C
:100B100000C0AEF1010EBEF1010FDCF808E00DD807
:100B20001EF0E05F10D0CEF3016EBEF1030F11D1C5
:100B300000F1240101204FF4000233E000F1240110
:100B400001204FF480222DE000F1240101204FF418
:100B5000001227E0012000FA0EF01860886818B132
:100B60004B6840EAC30001E008684005D1E903345E
:100B700003430CEB0E10C0F88031C0F88441097DAE
:100B8000012905D100F5C2710B6843F480730B6035
:100B90005168C0F88C11126800F5C071C0F8882146
:100BA000002001220B681A430A6010BDB0B590F80E
:100BB0002020013A012A2FD846F20060C4F200003A
:100BC000026842F001020260026822F47C52026074
:100BD000D1F814E0CC694A6A0368012C43EA022286
:100BE00002600EF01F024FF0010303FA02F2C36924
:100BF0006FEA020C23EA0203C36113D02CBBC36863
:100C000003EA0C03C360CB688C8844EA034300EB1F
:100C1000CE0423640B4611E0416A41F48021416215
:100C20000120B0BDC3681343C3600B688C8844EADD
:100C3000034300EBCE04236401F10C038C681B8892
:100C400043EA044300EBCE04636443688D6943EADE
:100C50000204D1F810E0096A002D08BF03EA0C0471
:100C600044604369BEF1000F43EA020408BF03EA8F
:100C70000C040129446102D1C1691143C1610168B9
:100C800021F0010101600020B0BD000070470000AC
:100C900010B590F82040013C012C0CD8D0F800C0D1
:100CA00079B1DCF81040A4070FD100F12401012034
:100CB0004FF400126FE000F1240101204FF4802274
:100CC00069E0DCF80C40A40769D00CEB011CDCF8EF
:100CD000B0410CF5D87E14F004049460DCF8B04107
:100CE00019BFE4085460640D1460DEF80040002968
:100CF00004F00204D460DCF8B44104F00F04146181
:100D0000DCF8B441C4F307249461DCF8B4414FEA41
:100D100014445461DCF8B8211A70026802EB011225
:100D2000D2F8B8214FEA12225A70026802EB01127F
:100D3000D2F8B8214FEA12429A70026802EB01120F
:100D4000D2F8B8214FEA1262DA70026802EB01129F
:100D5000D2F8BC211A71026802EB0112D2F8BC2150
:100D60004FEA12225A71026802EB0112D2F8BC213A
:100D70004FEA12429A71026802EB0112D2F8BC21CA
:100D80004FEA1262DA71006814BF00F1100100F13D
:100D90000C01002020220B681A430A6010BD00F1EC
:100DA000240101204FF40012F5E700002DE9F04F77
:100DB00081B0044600684669D0F804908768D0F88E
:100DC0000CB0D0F810A0D0F81880F10703D100259E
:100DD00030071CD423E0F90710D00121BA07816045
:100DE00009D4780700F1AA80380700F1B0802046C6
:100DF00000F0F8F902E0204600F0F6F90025F805C9
:100E000000F18480F80300F1AA80300707D51BF0B9
:100E1000100004D0206845F400751021C1607007EF
:100E200008D51BF0080005D020680821C1602046C5
:100E300000F096F9B00706D52068C068800702D098
:100E4000204600F08FF9700607D51AF0100004D084
:100E5000206845F4806510210161B00608D51AF0BC
:100E6000080005D0206808210161204600F086F9BD
:100E7000F00606D520680069800702D0204600F001
:100E80007FF9B00308D519F0100005D020681021B3
:100E90004160204600F076F9F00308D519F008000B
:100EA00005D0206808214160204600F0A7F93004F1
:100EB00040F18F805FEA497040F1888006F48070CD
:100EC00008EA102028435FEA8871014648BF41F0D4
:100ED0000201B20558BF01465FEA48700D4648BF9F
:100EE00045F00405700558BF0D4630056ED518F065
:100EF00070006BD010380009052862D8DFE800F0D8
:100F0000035356595C5F45F008055AE020684FF4DA
:100F10008071BA0581600AD4780512D4380519D4D5
:100F2000204600F063F9F8037FF56FAF17E0204625
:100F300000F05EF9F8037FF568AF10E04FF400654C
:100F40005DE705F50055F8037FF55FAF07E04FF467
:100F5000805554E705F58045F8037FF556AF2068C6
:100F60004FF48031BA0381600AD478030FD4380378
:100F700013D4204600F03EF930073FF548AF4EE766
:100F8000204600F039F930073FF541AF47E705F556
:100F9000004530073FF53BAF41E705F580353007A9
:100FA0003FF535AF3BE745F010050AE045F0200579
:100FB00007E045F0400504E045F0800501E045F418
:100FC00080752068816921F07001816120680421A9
:100FD00041604DB1606A40EA05012046616201B09E
:100FE000BDE8F04FFFF752BE01B0BDE8F08F000042
:100FF000B0B5C8B1044690F8200010B9204600F002
:1010000071F82068016841F00101016000F084FB83
:10101000054600BF20684168C90707D100F07CFB86
:10102000401B0B28F6D312E00120B0BD016821F06F
:101030000201016000F070FB054600BF20684168B6
:1010400089070DD500F068FB401B0B28F6D3606ABA
:10105000052140F400306062012084F82010B0BD0A
:10106000217E0268012922F0800208BF80320260DE
:10107000617E0268012922F0400208BF403202600E
:10108000A17E0268012922F0200208BF20320260FE
:10109000E17E0268012922F0100218BF10320260BE
:1010A000217F0268012922F0080208BF083202608D
:1010B000617F0268012922F0040208BF0432026045
:1010C000D4E901C2D4E9033561691A432A431143C3
:1010D000ACF101021143C16100200121606284F87A
:1010E0002010B0BD80B586B0016846F20040C4F261
:1010F0000000814201D006B080BD002143F63002DD
:101100000191C4F20202136900F5D03043F000737C
:101110001361136903F000730193019B019113683C
:1011200043F002031360126802F002020192019A76
:101130004FF4407201920222CDE902210321049171
:101140000921059101A900F003FA142005210022CC
:1011500000F09AFB142000F087FB06B080BD000071
:101160007047000080B582B043F28412C2F20002E0
:101170006B460021FFF78CFD02B080BD7047000078
:101180007047000070470000B0B5044690F820009A
:1011900001281DD1022084F820002068016821F078
:1011A0000101016000F0B8FA054600BF2068406800
:1011B000C00713D000F0B0FA401B0B28F6D3606ACA
:1011C00040F400306062052084F820000120B0BDAA
:1011D000606A40F4002060620120B0BD00206062BF
:1011E000B0BD00007047000070470000704700006D
:1011F0007047000070470000704700007047000013
:1012000090F83510022909D1052180F835100068C1
:10121000016821F0010101600020704780214165D3
:1012200001207047F0B581B004460020009040F2E4
:10123000B800C2F200000268D4E9166048F2B513A3
:1012400037680821C1F64E3381403942A2FB03259D
:101250000CD0226813685B0708D5136823F00403D9
:101260001360B160616D41F0010161650121814050
:10127000394208D022685269120604D5B160616D06
:1012800041F00201616504218140394208D02268A1
:101290001268920704D5B160616D41F00401616587
:1012A00010218140394215D020680268120711D5FB
:1012B000B16002680168520306D4C90506D401680A
:1012C00021F00801016001E008033FD4216C09B15D
:1012D00020468847E16D202000FA01F23A4241D0D1
:1012E00020680368DB063DD5B26094F835300268AB
:1012F000052B1BD122F016020260426922F0800207
:101300004261226C0AB9A26C1AB1026822F008028A
:1013100002603F208840B060012084F83500216DD4
:101320000020002984F8340052D156E001685203AD
:1013300010D4C90512D4016821F010010160012008
:1013400084F83500002084F8340007E0A16C0029FF
:10135000BED1BFE7080301D4616C00E0E16B09B1C5
:1013600020468847606DC0B3606DC0072ED0052051
:1013700084F835002068A90A026822F001020260A0
:10138000009A01328A4200921AD80268D20717D016
:10139000009A01328A42009212D80268D2070FD016
:1013A000009A01328A4200920AD80268D20707D016
:1013B000009A01328A42009202D80268D207DFD135
:1013C000012084F83500002084F83400E16C21B15C
:1013D000204601B0BDE8F040084701B0F0BD000074
:1013E0002DE9F041044600F097F9002C4DD0054658
:1013F000022084F835000020216884F83400086851
:1014000020F00100086000BF0868C00706D000F0A7
:1014100083F9401B052865D82168F5E7086848F27C
:101420003F02CFF21002D4E90135024004F10C0E64
:101430009EE8C1511A432A4310433043384340EADF
:101440000800626A40EA0C00042A40EA0E031FD139
:10145000D4E90A5E206B4EEA030210430860486933
:10146000BEF1000F20F0030040EA050040F0040C3C
:1014700014D0B8F5005F39D0B8F1000F45D1022D76
:1014800046D0012D3BD04DB942E00120BDE8F081AE
:101490000B60486920F0070040EA020C6FF00F0073
:1014A0004AF6AB2250FA81F0CAF6AA22A0FB022328
:1014B0001A094CF65013C0F600039A5C40F2FF3351
:1014C0005F284FF03F00C1F814C021EA030100FA81
:1014D00002F088BF0431C4E916128860002301229B
:1014E00000201CE003222023032018E0032DD5D880
:1014F000012240230120DFE805F0120B1202AEF1B9
:10150000C070B0FA80F0400904E0032D04D3C5D1C7
:10151000CEF300600028C1D0012240230120636582
:1015200084F83520BDE8F081B0B5044600F0F4F849
:10153000054640F29610C2F200000078611C18BF08
:10154000044400BF00F0E8F8401BA042FAD3B0BD4D
:101550002DE9F04F82B000F13E4241F6000502F164
:10156000FF77C4F2020507224FEAB726A84208BF58
:101570000622062E38BF4FEAB7224FF0010A002498
:1015800000274FF00008009208E000BF023708F182
:101590000108202F04F1040400F0B4800E680AFA58
:1015A00008F916EA090FF1D0D1F804A00AF0030BEC
:1015B000ABF10106012E17D80322866802FA07FE56
:1015C000CA6826EA0E06BA40324382604268CAF30D
:1015D000001522EA090205FA08F54FEA480C6FEAFD
:1015E0000E062A4342600BE00322BA40D643BBF109
:1015F000030FBC4604D1BC464FF0030B22E000BFF2
:10160000C2688D68324005FA0CF52A43BBF1020F1F
:10161000C26017D16FF0030202EA5802024404F0DC
:101620001C030F25D2F820E005FA03FA0D692EEA13
:101630000A0E05FA03F343EA0E031362D1F804A07D
:101640000AF0030B02680BFA0CF332401A431AF447
:10165000403F4FF0010A026098D0002243F6440355
:101660000192C4F202031A6843F6004E42F480422B
:101670001A601A68C4F2010E02F480420192019AC3
:1016800028F003024FF6084C7244CFF6FF7C52F864
:101690000C3004F00C060F25B540AB43009D05FA55
:1016A00006F6334342F80C30DEF808204B6842EA75
:1016B000090643F60C4CDD0258BF22EA0906CEF8B3
:1016C0000860C4F2010CDCF800209D0242EA090621
:1016D00058BF22EA0906CCF80060DEF804209D031A
:1016E00042EA090658BF22EA0906CEF80460DEF88D
:1016F0000020DB0342EA090658BF22EA0906CEF8B9
:10170000006043E702B0BDE8F08F0000002A08BF88
:10171000090481617047000047F6F440C2F20000FE
:101720000068704740F2961047F6F441C2F200009C
:10173000C2F2000100780A68104408607047000097
:1017400080B543F60040C4F20200016841F4007124
:101750000160016841F480610160016841F48071B9
:101760000160032000F0BCF80F2000F005F800F045
:1017700059F8002080BD000070B586B0002543F602
:1017800040010195C4F202010A68044642F00102D8
:101790000A60096801A801F00101019101996946F7
:1017A00001F068FB049E002E18BF012601F088FBA3
:1017B0004DF68361B040C4F21B31A0FB01014FF034
:1017C000FF3000EB914143F63430C2F200004FF09D
:1017D000804240F2E733C0E90021C0E902530561CD
:1017E000856102F08BF80546C8B943F63430C2F281
:1017F000000002F027F9054688B91C2000F034F8F3
:101800000F2C0BD81C2021460022002500F03CF8AC
:1018100040F29810C2F20000046000E00125284662
:1018200006B070BD82B0002043F640010190C4F2C2
:1018300002014A6842F480424A604A6802F48042E7
:101840000192019A00900868002240F080500860E0
:1018500008680F2100F08050009000986FF00100A0
:1018600002B000F011B80000002848BF704700F037
:101870001F01012202FA01F14EF200124009CEF2DC
:10188000000242F82010704710B54EF60C5CCEF204
:10189000000CDCF80030C3F3022E8EF00704042C99
:1018A00028BF0424BEF103034FF0FF3E0EFA04F4F8
:1018B00038BF0023A14399400EFA03F39A43114322
:1018C00000F00F02043A624409010C3200F1604357
:1018D000B0F1FF3FC8BF03F56442117010BD0000B6
:1018E0004EF60C51CEF200010A684FF6FF031A4083
:1018F00060F30A2242F0806040F0FD70086070479B
:1019000001220168C0F80025002280F8F4248869CB
:1019100040F000608861486D40F0805040F0030264
:1019200000204A657047000010B50129044619D00F
:1019300079BB206A48B105F00DFA4EF61050CEF290
:101940000000016821F0060101602068D0F8001E47
:1019500021F00101C0F8001ED4F80805BDE81040D0
:1019600006F028B92068D0F8001E41F00101C0F847
:10197000001ED4F8080506F09FF9206A002808BF69
:1019800010BD4EF61050CEF20000016841F0060185
:10199000016010BD02680020516270472DE9F043DC
:1019A000D0F80080D8F82400B9B1D8F82830B1F1C7
:1019B000010E00EB13435CD05FFA8EF00121012889
:1019C00098BF0846471EFFB2032F00F0030C0BD24E
:1019D0000026BCF1000F31D14BE040EA0240C8F8CC
:1019E00028000020BDE8F08300F0FC0908F1F404B1
:1019F000002008F5827500BF54F8106F074603EB0E
:101A0000164047F00103DBB247F0020655F82330D9
:101A1000F6B255F8266000EB134000EB164347F092
:101A20000300C0B255F82010381DC6B24E4503EB76
:101A30001143E1D1791DBCF1000F1AD008EB8600EB
:101A4000D0F80401BCF1010F03EB104311D0C8B270
:101A500008EB8000D0F80401BCF1020F03EB104347
:101A600007D0481CC0B208EB8000D0F8040103EB9B
:101A7000104343EA024008EB8E01C1F80401002044
:101A8000BDE8F083D0F8080505F0B6BF01EBC10250
:101A9000D0F8083500EB8200C26C184605F016BF7E
:101AA00001EBC102D0F8083500EB8200D0F88C229F
:101AB000184605F065BF0000D0F8080505F09EBF88
:101AC00010B50446080601F00F0000EBC00104EB5E
:101AD000810205D402F51F71002382F87D3204E0F3
:101AE000012302F13C0182F83D3094F8BC240870D7
:101AF000012A04BF022010BD2068012284F8BC2402
:101B000006F092FD002084F8BC0410BDB0B5426818
:101B1000044601F00F00904284BF0120B0BD0906C9
:101B200009D400EBC00104EB810202F51F71002310
:101B300082F87D3208E000EBC00104EB8102012352
:101B400002F13C0182F83D3094F8BC240025012AC2
:101B50008D70087004BF0220B0BD2068012284F897
:101B6000BC2407F0ADF8284684F8BC54B0BD000092
:101B700001F00F0101EBC10100EB8100D0F89C02E4
:101B800070470000B0B50546080601F00F0000EBF5
:101B9000C00105EB810C05D40CF51F7100248CF8F5
:101BA0007D4204E001240CF13C018CF83D404C786E
:101BB0000870002CCA600B7118BF0881022B04BF8B
:101BC0000020487195F8BC04012804BF0220B0BD74
:101BD0002868012285F8BC2406F0E2FB002085F885
:101BE000BC04B0BD80B501F00F0C0CEBCC0100EBD8
:101BF000810ECEF894320023CEF89C328EF87D32DE
:101C00000369CEF88C22012B8EF87CC208BFCEF877
:101C1000902200680EF51F71DAB2BCF1000F03D0FC
:101C200007F094F8002080BD06F0A2FF002080BDE0
:101C3000B0B50446406801F00F05854284BF01201D
:101C4000B0BD080609D401EBC10004EB800000F52B
:101C50001F71002280F87D2208E005EBC50004EB2F
:101C60008000012200F13C0180F83D2094F8BC0482
:101C7000012201288A700D7004BF0220B0BD2068C7
:101C800084F8BC2407F044F82DB92068217C04F2C4
:101C9000C44206F0E7FF002084F8BC04B0BD000099
:101CA00010B501F00F0C0CEBCC0100EB810E71466E
:101CB00001F83CCF8B6100230B62036901244C7057
:101CC000012B0A6108BFCEF850200068DAB2BCF1DF
:101CD000000F03D007F03AF8002010BD06F048FFCF
:101CE000002010BD2DE9F04F8BB0056882462846D4
:101CF00007F022FA10B10BB0BDE8F08FDAF800005F
:101D000007F048FA0028F6D0D5F80808C0F30D21EE
:101D1000DAF80000CAF8FC1407F03CFA0146DAF8D9
:101D20000000890703D5416901F00201416105F511
:101D30000061039107F02EFA0146DAF80000C906A7
:101D400005953BD5816921F0100181612C6AC4F3AE
:101D50004340062804F00F0518D0022827D147F683
:101D6000F07014EA000622D005EBC5000AEB8007EC
:101D7000D7F88C1234090598224607F00FFAD7F8E5
:101D80008C0200EB1610C7F88C0207E005980AF2E7
:101D9000C441082207F002FAC4F30A1405EBC50097
:101DA0000AEB8000D0F89C122144C0F89C12DAF8AB
:101DB0000000816941F010018161059D07F0EAF999
:101DC0000003CDF828A040F1E480DAF8000007F025
:101DD000BFF9002800F0DD8006460AF2C4400AF58B
:101DE00027784FF430644FF0000B09901BE000BFE0
:101DF0002819022181605FEA8A6042BF28192021E8
:101E000081605FEA8A40DDF828A042BF28194FF4BC
:101E1000005181600BF1010B760804F1200408F1F8
:101E2000240800F0B680F007F4D0DAF800005FFA7A
:101E30008BF9494607F0A6F98246C0075AD02819FF
:101E4000012181600A9F38682118036C8A683F6904
:101E5000012F26D1170732D4970674D412F0280F19
:101E600048D143F20B07C4F65477BB4202D312F4B5
:101E700000422DD158F8042C0969BBF1000F6FF313
:101E8000DF41A2EB0101C8F800102FD10A9BD3F863
:101E90009422002A7BD0D3F88C020844C3F88C0229
:101EA00024E043F20B07C4F65477FF37BB4212D14C
:101EB00010040DD4900644BF2020886016E043F241
:101EC0000B00C4F65470834214D312F4004011D0B6
:101ED0004FF4004038E0BBF1000F07D10A99D1F868
:101EE000941219B90021099A06F0BCFE0A984946D5
:101EF000FFF7D6FD5FEA0A702AD52819082181600C
:101F00000A9843F20B020068C4F65472056C204430
:101F10008168571EBD4205D911F400411CBF4FF422
:101F2000004181600A9800F09BFCBD42059D0FD9DD
:101F30000A98006901280BD10A98099A00680121C2
:101F400006F090FE04E0202088605FEA0A70D4D496
:101F50005FEACA6042BF2819102181605FEA8A7077
:101F60007FF549AF6869000604D50399486840F4D5
:101F70008060486018F81D0C01287FF439AF0020FC
:101F800008F81D0C0A98494600F040FB30E7012193
:101F9000A9E7DAF8000007F0FDF8039E400340F1DE
:101FA000DD80DAF8000007F0CBF8002800F0D680DA
:101FB00005F5106104910AF2C4414FF0000B029143
:101FC0000FE0089F0BF00F02D7F83418012303FA33
:101FD00002F29143C7F8341840080BF1010B00F0EE
:101FE000BD80C107F8D00690DAF800005FFA8BF1E7
:101FF000099107F0B5F8049F0446C00728D00BF0FC
:102000000F00716B012202FA00F021EA00007063F8
:1020100007EB4B108260DAF81000012814D10BEBAB
:10202000CB000AEB8000D0E91212BBF1000F114483
:10203000C16409D1DAF8540030B9DAF80000029A24
:10204000012106F00FFE00BF09995046FFF71EFD63
:10205000200742BF07EB4B1008218160E00642BF1A
:1020600007EB4B1010218160600642BF07EB4B105D
:1020700040218160A00715D52846594606F0F2FF99
:102080000BEBCB000AEB800010F83F1F012905D1B4
:10209000002101700999504600F0B4FA07EB4B108B
:1020A000022181602006069896D50BEBCB010AEB46
:1020B0008104A14659F8542FC84658F8087FBA42FF
:1020C0008AD3DAF8005054F8483FD11B994288BFB0
:1020D0001946089505EB4B1CDCF818590331ADB2D5
:1020E000B5EB910F28BFBA4204D8059DBA423FF61E
:1020F00073AF66E704F1040ADAF800100CF5106516
:10210000079400BF0A98D41B9C42067C88BF1C46DB
:10211000DDE90802A3B2009607F064F9DAF80000DE
:10212000E31C0119D8F80000CAF800100719C8F814
:102130000070AA6996B2D9F80020B6EB930F28BFB9
:10214000BA4202D907980368DCE7DDF828A0039EAD
:10215000DDE90550BA423FF63FAF32E7DAF800005A
:1021600007F018F8002802D4DAF8000018E07068C8
:1021700020F0010070609AF8F404012807D10020D3
:102180008AF8F40450460021FFF7CEFB02E05046E7
:1021900000F04AFBDAF80000416901F000414161BA
:1021A00006F0F8FF000502D4DAF800000BE0B06892
:1021B000C00702D0504600F07BFBDAF8000041690E
:1021C00001F40061416106F0E5FF000118D5DAF87D
:1021D0000000416901F0006141619AF8F41419B1FD
:1021E000504600F065FB0BE001218AF8F414406DC5
:1021F0000121C0F38300CAF8F8045046FFF794FBAE
:10220000DAF8000006F0C6FFC00402D4DAF80000D5
:1022100000E1D5F80408102120F00100C5F80408F9
:10222000DAF8000006F01EFFDAF80400002800F0DB
:10223000C480411E032900F0030C01D200216BE091
:1022400020F0030E05F536634FF6A0564FF6C05545
:102250004FF6E0544FF6006000214FF67F37CFF67F
:10226000FF76CFF6FF75CFF6FF74CFF6FF7000BF95
:10227000A3F5187297609A59043122F400129A510A
:1022800043F8587C53F8602C8E4522F4001243F832
:10229000602C53F8602C42F0006243F8602CA3F5E8
:1022A000107297605A5922F400125A5143F8387C40
:1022B00053F8402C22F4001243F8402C53F8402CE1
:1022C00042F0006243F8402CA3F5087297601A5957
:1022D00022F400121A5143F8187C53F8202C22F4EF
:1022E000001243F8202C53F8202C42F0006243F8EF
:1022F000202CA3F5007297601A5822F400121A508D
:102300009F601A6822F400121A601A6842F0006294
:102310001A6003F18003ABD1059D039EBCF1000F51
:102320004BD005F5106000EB41124FF67F334F01A3
:102330009360C65905F5306226F40016C65102EBCB
:102340004116B360D659BCF1010F26F40016D651E0
:10235000D65946F00066D651039E2ED04F1C00EB96
:1023600047157E01AB60855902EB471725F4001530
:102370008551BB609359BCF1020F23F400139351B4
:10238000935943F000639351039E16D0023100EB42
:1023900041174FF67F364B01BE60C75827F4001730
:1023A000C75002EB41108660039ED05820F4001005
:1023B000D050D05840F00060D050F06940F001108B
:1023C000F061DAF8300040B1D6F8840040F00B003C
:1023D000C6F8840006F1440006E0706942F22B0161
:1023E0000843706106F1100001680AF2C44241F02E
:1023F0000B010160306820F4FE603060DAF8000004
:102400009AF8101006F02EFCDAF80000416901F489
:102410008051416106F0BEFE0146DAF800008904F1
:102420001AD506F003F8DAF8000006F077FEDAF8BD
:102430000040CAF80C0000F03DFD9AF80C2001465F
:10244000204606F043FF504600F0D8F9DAF80000C5
:10245000416901F40051416106F09CFE000702D47D
:10246000DAF8000008E0504600F0E2F9DAF800007F
:10247000416901F00801416106F08CFE000628D593
:102480000599886920F080008861DAF80400022844
:102490001FD30AF2A324012505E000BF01358542C0
:1024A00004F1240415D221780129F7D105F00F0099
:1024B00000EBC0000AEB80022806DAF8000002F107
:1024C0003C0158BF02F51F7106F03EFDDAF804002A
:1024D000E4E7DAF8000006F05DFEC00202D4DAF8A4
:1024E00000002EE0DAF80400022824D305990AF14E
:1024F000640501F512640126012705E00137203447
:10250000874205F1240516D221682A78012AF5D1DF
:10251000B1F1FF3FF2DC07F00F0000EBC0000AEB67
:102520008001DAF800003C3105F8016C06F00CFD82
:10253000DAF80400E2E7DAF80000416901F48011FA
:10254000416106F027FE059D800202D4DAF8000002
:1025500033E0DAF80400022829D3013805F53261A6
:102560000AF52972012305E0013801F1200102F189
:1025700024021CD00F681678012EF5D1B7F1FF3F69
:10258000F2DCDAF8FC6407F4803706F00106B742A3
:10259000EAD102F8013CAF6947F08007AF616F698B
:1025A0003F06E1D40399486840F400704860DAF8C7
:1025B0000000416901F40011416106F0EBFD4000AB
:1025C00002D4DAF8000008E05046FFF75BFADAF8C8
:1025D0000000416901F08041416106F0DBFD4007E8
:1025E0007FF589ABDAF800004468610704D55046EE
:1025F000FFF762FADAF800004168214341600BB04E
:10260000BDE8F08FD0F8080505F054BAD0F80805F9
:1026100005F064BA2DE9F04F8BB0002800F08680F9
:102620000446056890F8BD0428B9002084F8BC046D
:10263000204600F093F8032084F8BD04E86BC00541
:102640005CBF00202061206806F08AFA206804F14F
:102650001C0A0A90D4E90C5004F1040E9AE8C00751
:102660009EE80E58CDE9085003A880E8C0030A98F8
:102670008DE80058CDF81CA005F0E8FE002852D1E6
:1026800020680021002506F0DDFD616861B30120AE
:102690000023002203EBC30304EB830787F83C20ED
:1026A000D3B20132A7F84430D3B2994287F83D0043
:1026B00087F84050C7E912557D65EBD8002000230C
:1026C000002200BF03EBC30304EB830787F87C22DF
:1026D0000132D3B2994287F87D0287F88002C7E9B8
:1026E000A200C7F89402EDD8A06822680A90D4E945
:1026F0000C5004F1140E04F1240AD4E903379EE8C7
:1027000040589AE80007CDE9085002A880E8005830
:1027100010460A9ACDE90076CDE90589CDF81CA0CE
:1027200005F0E4FF30B1022084F8BD0401200BB0B5
:10273000BDE8F08F002084F83800012084F8BD0443
:10274000606A012802D12046FFF7DAF8206805F018
:10275000BDFF00200BB0BDE8F08F0000B0B59EB00B
:10276000044602A804305821FDF788FE2068B0F125
:10277000A04F01D01EB0B0BD4FF48070029002A8EF
:1027800000F0B0F8002818BFFEF790F9002543F6D6
:1027900030041995C4F20204206819A940F0010020
:1027A0002060206800F00100199019984FF4C05083
:1027B00019900220CDE91A0503201C900A201D90D3
:1027C0000020C4F20200FEF7C3FE6068052140F05D
:1027D0008000606001956069002240F48040606183
:1027E000606900F48040019001984320FFF74CF8A5
:1027F0004320FFF739F81EB0B0BD000010B5044605
:10280000C06828B1022818BFFEF750F9012100E086
:102810000021D4F8080505F0E5F9D4F80805BDE86D
:10282000104005F095B90000D0F8080505F0C2B9D0
:10283000D0F8080505F0C8B910B5044690F8BC04F6
:10284000012804BF022010BD012084F8BC0484F8D4
:102850003810206806F028FD002084F8BC0410BD64
:10286000D0F8082500F2C441104605F0D1B90000A7
:1028700010B5044690F8BC04012804BF022010BD26
:10288000A16A20680122012984F8BC2406D1A1692B
:10289000012903D0816B41F48031816306F0DAFBBA
:1028A000206805F003FF002084F8BC0410BD000080
:1028B00010B50446D0F8080505F0FEF92068D0F8F8
:1028C000001E41F00101C0F8001E206A002808BF68
:1028D00010BD4EF61050CEF20000016841F0060126
:1028E000016010BD2DE9F04381B00446006843F655
:1028F0008C06C107C4F2020604D14FF0000981071B
:102900000CD415E03168A26B21F0C0611143316035
:10291000B2FA82F14FEA5119810709D53168E26BA9
:1029200021F0C05111433160002A08BF4FF0010966
:10293000410704D44FF00008010711D41FE03168AB
:10294000226B21F4401111433160B2FA82F14FEA57
:102950005118B2F5801F08BF4FF0010901070ED5CD
:102960003168626B21F440011143B2F5800F316090
:1029700008BF4FF00109002A08BF4FF00108810687
:1029800058D50020009056F84C0C47F2000740F054
:10299000805046F84C0C56F84C0CC4F2000700F07E
:1029A000805000900098386840F480703860FEF7DE
:1029B000B3FE05463868C00505D4FEF7ADFE401BE2
:1029C0000228F7D93CE156F81C0C10F4407017D0DF
:1029D000216C01F44071884212D056F81C0C40F66C
:1029E0004061C4F24721012220F440700A600022B5
:1029F0000A6046F81C0C56F81C0CC00740F07581A4
:102A00002068216C56F8842C4FF6FF4701F4407380
:102A100022F4F812C0F6FF770F40B3F5407F08BFED
:102A20003A4346F8842C56F81C2C6FF31F3111439F
:102A300046F81C1CC1060AD4010613D4410619D459
:102A4000C1051FD481052AD4410530D438E094F85B
:102A5000580040F64061C4F24721C1F8A003206845
:102A60000106EBD5B168E26C21F440011143B1607D
:102A70004106E5D5B168A26C21F080611143B160D7
:102A8000C105DFD5B168626D21F000611143B1600D
:102A9000B2F1006F08BF4FF001088105D4D5B168CD
:102AA000626C21F080511143B160410508D5B168D5
:102AB000226D21F000511143B2F1005FB1601ED0D0
:102AC000B9F1000F1BD1B0F5006F18D0B8F1000FAD
:102AD0004FF0000000F01A816827C4F24727B86061
:102AE000FEF71AFE054600BF56F88C0C800040F138
:102AF000AB80FEF711FE401B0228F5D9A0E040F2A2
:102B00006809C4F247290020C9F80000FEF704FE56
:102B1000054600BF56F88C0C000105D5FEF7FCFDFC
:102B2000401B0228F6D98BE02068C10701D0A16BB9
:102B300019B1810714D5E16B91B956F8081C56F804
:102B4000082CD4E9013501F4403102F070621943D8
:102B50006769114341EA851141EA077146F8081C8B
:102B6000410703D5216BB1F5801F05D001071FD5A3
:102B7000616BB1F5800F1BD156F8081C56F8082C74
:102B8000D4E9013701F4403102F0E04219432569EC
:102B9000114341EA871141EA0561D4F828C046F89B
:102BA000081C3168ACF1010221F01F0111433160B2
:102BB000410520D5216DB1F1005F1CD156F808CC3C
:102BC00056F8082CE5680021CFF6FF71D4E90137EB
:102BD00001EBC5314FF0C06502F0E04205EA4C253B
:102BE00005F100751A432A436FF30F0142EA871279
:102BF000114346F8081C000511D5271D8FCF40EA68
:102C000081100021CFF6FF7101EBC2316FF30F018C
:102C100040EA0360084340EA077046F8080C0120C8
:102C2000C9F80000FEF778FD054600BF56F88C0C89
:102C300000013FF54BAFFEF76FFD401B0228F5D9B1
:102C4000032001B0BDE8F0832068410701D5216B66
:102C500019B101071AD5616BC1B956F8041CD4E942
:102C6000062301F44031656A114341EA831141EAC8
:102C70000561D4F82CC046F8041C31686FF0FF02DF
:102C800021F4F85102EB0C2211433160C00517D535
:102C9000606DB0F1006F13D156F8040C04F1180305
:102CA0000ECB002500F07060CFF6FF7505EBC33347
:102CB00008436FF30F0340EA8210184346F8040CF0
:102CC0000120B860FEF728FD044600BF56F88C0CC2
:102CD000800006D4FEF720FD001B0328F6D3032056
:102CE00014E0002001B0BDE8F083FEF715FD0546B5
:102CF00041F2883756F81C0C80073FF581AEFEF78D
:102D00000BFD401BB8424FF00300F3D901B0BDE802
:102D1000F08300002DE9F041002800F08B8043F69D
:102D20000808C4F202080446D8F8F8030D4600F07B
:102D30000F00884207D288F8F853D8F8F80300F05B
:102D40000F00A84276D12068810717D5410705D525
:102D5000D8F8001041F4E051C8F80010010705D57B
:102D6000D8F8001041F46041C8F80010D8F80010FD
:102D7000A26821F0F0011143C8F80010C0073FD14C
:102D8000D8F8F80300F00F00A84207D988F8F853E4
:102D9000D8F8F80300F00F00A8424BD12068410793
:102DA00007D5D8F80010E26821F4E0511143C8F8C3
:102DB0000010000708D5D8F80000216920F4604011
:102DC00040EAC100C8F8000000F08EF8D8F8001002
:102DD0004CF6A802C1F30311C0F60002515C40F2A8
:102DE000B80220FA01F140F29810C2F20000006827
:102DF000C2F200021160FEF7BFFC0020BDE8F081C6
:102E00006068811E022907D258F8081C89015CBF3E
:102E10000120BDE8F08110E0012807D158F8081C16
:102E200089035CBF0120BDE8F08106E058F8081C6A
:102E3000890702D40120BDE8F081D8F8001021F004
:102E400003010843C8F80000FEF766FC064641F29D
:102E5000883700BFD8F80000616800F00C00B0EBC4
:102E6000810F8DD0FEF758FC801BB842F2D90320A9
:102E7000BDE8F0810F22026043F60802C4F20202AC
:102E8000136803F003034360136803F0F0038360E7
:102E9000136803F4E053C360D2F800C04FF4E0536A
:102EA00003EADC030361D2F8F80300F00F000860C6
:102EB0007047000040F2B800C2F20000006870479E
:102EC00040F2B80043F60801C2F20000C4F2020169
:102ED000006809684CF6B802C1F38221C0F600020E
:102EE000515CC8407047000010B543F60404C4F2BA
:102EF00002046068C0F3810142F20040C0F2F400B5
:102F0000DFE801F04102072641F60030C0F2B700C9
:102F100010BD206821682368490241F60031C0F2E3
:102F2000B70100F03F02C3F388105CBF42F20041DA
:102F3000C0F2F401A1FB00010023FDF7D3F92168E1
:102F40000222C1F3014102EB4101B0FBF1F010BDDF
:102F5000206821682368490241F60031C0F2B701B8
:102F600000F03F02C3F388105CBF42F20041C0F2A0
:102F7000F401A1FB00010023FDF7B4F92168C1F3BE
:102F80000271B0FBF1F010BD2DE9F04182B00028D4
:102F900000F096800446007843F60006C007C4F2AD
:102FA00002062BD0B06800F00C00042820D0B068D6
:102FB00000F00C00082802D17068400218D4B068F4
:102FC00000F00C000C2802D17068400210D4606838
:102FD000B0F5803F07D0B0F5A02F40F037813068C2
:102FE00040F480203060306840F48030306037E159
:102FF0003068800302D56068002861D0207880079F
:1030000022D5B06810F00C0F11D0B06800F00C00A1
:10301000082802D17068400209D5B06800F00C00A1
:103020000C2840F09C807068400200F19880306865
:10303000800702D5E068012842D13068216920F07C
:10304000F80040EAC1003060207800073CD42078C6
:10305000400750D4A5698DB3B06800F00C00082873
:1030600040F0A480012D2BD07068E16900F480024B
:103070008A4225D1216A00F03F028A4220D147F6D8
:10308000C071626A0140B1EB821F19D1A26A0023AC
:10309000CFF6FF7303EBC23200F440316FF30F023F
:1030A00091420DD1E16A00F07062B2EB016F07D17D
:1030B000216B00F0E040B0EB017F01D100202DE159
:1030C000012002B0BDE8F0816069002840F20000F4
:1030D000C4F247205AD00121C0F8801EFEF71CFB25
:1030E000054600BF706F8007B1D4FEF715FB401B8B
:1030F0000228F7D9C1E0306C10F080580AD10020C6
:103100000190306C40F080503064306C00F08050A2
:103110000190019847F20007C4F200073868C00523
:103120000FD4386840F480703860FEF7F5FA054631
:103130003868C00505D4FEF7EFFA401B0228F7D91E
:103140009BE0A068012805D0052851D1306F40F0E0
:1031500004003067306F40F00100306752E0E068F3
:1031600000285ED00020C4F2472001210160FEF754
:10317000D3FA0546306880073FF55FAFFEF7CCFA1B
:10318000401B02284FF00300F4D9C7E00021C0F82B
:10319000801EFEF7C1FA0546706F80077FF557AFB6
:1031A000FEF7BAFA401B0228F6D966E00027C4F2FF
:1031B000472700203866FEF7AFFA022D05460BD1EF
:1031C000306880015DD5FEF7A7FA401B02284FF05A
:1031D0000300F5D9A2E000BF306880017FF56EAF33
:1031E000FEF79AFA401B02284FF00300F4D995E04D
:1031F000316F002821F001013167316F21F00401A6
:10320000316763D0FEF788FA054641F2883700BF80
:10321000306F80076BD4FEF77FFA401BB842F7D9B6
:103220002BE00020C4F2472000210160FEF774FA71
:10323000054600BF306880077FF506AFFEF76CFAE1
:10324000401B02284FF00300F4D967E031680028E2
:1032500021F480313160316821F4802131604FD018
:10326000FEF75AFA054600BF306880033FF5C6AE48
:10327000FEF752FA401B6428F6D9032002B0BDE8DD
:10328000F08104F11C052FCD246B08430021CFF6FB
:10329000FF7140EA821001EBC3316FF30F0140EA86
:1032A0000560084340EA0470706001203866FEF74C
:1032B00033FA0446306880013FF500AFFEF72CFA80
:1032C000001B02284FF00300F4D927E0FEF724FA90
:1032D000054641F2883700BF306F800707D5FEF7FB
:1032E0001BFA401BB8424FF00300F5D916E0B8F1C5
:1032F000000F7FF4AFAE306C20F080503064A9E650
:10330000FEF70AFA0546306880037FF577AEFEF7D0
:1033100003FA401B64284FF00300F4D902B0BDE863
:10332000F081000070470000B0B582B0044600682C
:103330004168826812F0400305D112F0010518BF00
:1033400011F040050ED1950704D511F0800501D08C
:10335000616C08E012F4B07F18BF11F0200507D1AE
:1033600002B0B0BD216C204602B0BDE8B0400847B5
:10337000BBB194F85130032B08D100210191C168F1
:10338000019180680190019802B0B0BD636D43F077
:103390000403636500230193C36801938368019369
:1033A000019B12F0200302F480720CD0636D43F095
:1033B000010363650023019383680193036823F08D
:1033C00040030360019B42B1626D42F008026265F6
:1033D0000022019282680192019A626D002ABFD098
:1033E0004268890722F0E00242604FF0010284F84F
:1033F00051201FD0416846F61D4521F00301416070
:10340000E06CC0F6000538B10565FDF7F9FE18B1AE
:10341000606D40F040006065A06C0028A0D005659C
:10342000FDF7EEFE00289BD0606D40F04000606527
:1034300002B0B0BD204602B0BDE8B040FFF772BF99
:1034400070B538B10446406A30B10020206104F103
:10345000140007E0012070BD6068B0F5827F03D0E2
:1034600004F11C00002101600026A66294F85100BE
:1034700020B9204684F8506000F03CF8022084F81F
:10348000510094E80F0001F48271056802F40442CF
:1034900025F040050560114403F4006223691144DE
:1034A00003F002026369114403F00102A369E569B4
:1034B000114403F40072114405F03802256A1144E6
:1034C00005F08002A56A114305F400521143016022
:1034D000626A042101EA134102F0100211444160C2
:1034E000C16921F40061C1610120666584F8510061
:1034F000304670BD2DE9F04186B00446016843F6C0
:103500000000C4F20000814202D006B0BDE8F081A4
:10351000002643F630010196C4F202010A6946F220
:10352000580842F480420A610A6900F5E63002F464
:1035300080420192019A01960A68C4F2020842F0A0
:1035400002020A60096801F00201019101994FF439
:10355000444101910221CDE9021603210491052184
:10356000059101A9FDF7F4FF43F2C845C2F2000539
:103570004FF440304FF48067C5E908062846C5E996
:103580000086C5E90266C5E90476C5E90666FDF769
:1035900027FF002818BFFDF789FAE564AC6343F202
:1035A000285508F11800C2F200054021C5E90006BF
:1035B00005F10800C2C04FF40030C5E908062846EE
:1035C000C5E90566EE61FDF70BFF002818BFFDF7A2
:1035D0006DFA242005210022A564AC63FEF754F99E
:1035E0002420FEF741F906B0BDE8F0812DE9F04353
:1035F00083B0044690F85000012803D1022003B0A4
:10360000BDE8F08301201E4615460F4684F85000A1
:10361000FEF782F894F85110814601290AD06068BB
:10362000B0F5827F70D1A06800284FF0020008BF7B
:1036300004296AD1002F4FF0010018BF002D64D07B
:10364000002E62D094F85100002104281CBF0520F0
:1036500084F851006165A563E687A6872763E6863F
:103660002068A686216461640168490603D4016864
:1036700041F0400101606168731EE268B1FA81F1B6
:10368000B3FA83F3DDF8288049095B09B2F5006FCE
:1036900041EA030142D131B137F8021BC16027630F
:1036A000E08E0138E086012608F10105E08E10B9B0
:1036B000E08F00286ED02068816889070CD5E18EE4
:1036C00051B1012E08D1216B002631F8022BC260C6
:1036D0002163E18E0139E1868168C9070AD0E18F53
:1036E00041B1C068A16B012621F8020BA163E08FF4
:1036F0000138E087FEF710F8002DD7D0A0EB0900C5
:103700004045D3D3032000E00220012184F851106A
:10371000002184F8501003B0BDE8F08339B1397846
:103720000173206B01302063E08E0138E0860126B2
:1037300008F10105E08E08B9E08F58B32068816870
:1037400089070ED5E18E61B1012E0AD1216B0026C9
:1037500009780173216B206801312163E18E013901
:10376000E1868168C9070BD0E18F49B1C068A16BC0
:1037700001260870A06B0130A063E08F0138E0875C
:10378000FDF7CAFF002DD5D0A0EB09004045D1D3ED
:103790000320BAE740F2B800C2F20000006849F620
:1037A0008171C1F25E61A0FB0101480D4FF47A7195
:1037B000484302906068B0F5827F0ED12046802198
:1037C00042464B4603F030FA58B3606D40F020009B
:1037D000606520206065012097E7029808B3029891
:1037E000013802902068806800061AD50298C0B19E
:1037F00002980138029020688068000611D502986E
:1038000078B102980138029020688068000608D5D7
:10381000029830B102980138029020688068000652
:10382000DBD4A06800284FF000007FF46EAF019059
:103830002168CA68019289680191019965E70000D1
:10384000704700007047000010B590F83C20012A36
:103850004FF002024FD080F83D200268D2F804E019
:10386000D2F808C00C682EF07003234341F2FF74B5
:10387000C4F20004A24253600DDC40F2FF73C4F2B4
:1038800000039A4215DCB2F1804F29D040F2004388
:10389000C4F2000322E040F2FF33C4F201039A4273
:1038A00012DC41F60003C4F200039A4218D0002350
:1038B00012E040F60003C4F200039A4210D040F632
:1038C0000043C4F2000309E044F20003C4F2010320
:1038D0009A4205D040F20043C4F201039A4204D157
:1038E00049682CF08003194391600121002280F87F
:1038F0003D1080F83C20104610BD0000002804BF99
:103900000120704710B5044690F83D0028B900200A
:1039100084F83C00204600F01FF8022084F83D00A7
:103920002068211D03F078FA012084F8460084F80D
:103930003E0084F83F0084F8400084F8410084F899
:10394000420084F8430084F8440084F8450084F879
:103950003D00002010BD000080B582B0006841F637
:103960000001C4F2000188421CBF02B080BD0020EB
:10397000019043F64000C4F202000168002241F0C9
:10398000400101600068052100F0400001900198AD
:103990002B20FDF779FF2B2002B0BDE88040FDF71A
:1039A00063BF000090F83D1001291CBF0120704743
:1039B000022180F83D10006841F2FF71C4F200015D
:1039C00088420DDC40F2FF71C4F20001884215DC30
:1039D000B0F1804F29D040F20041C4F2000122E052
:1039E00040F2FF31C4F20101884212DC41F60001CD
:1039F000C4F20001884218D0002112E040F6000114
:103A0000C4F20001884210D040F60041C4F2000127
:103A100009E044F20001C4F20101884205D040F2FD
:103A20000041C4F20101884206D1816801F007011A
:103A3000062904BF00207047016841F001010160C0
:103A40000020704790F83D1001291CBF01207047ED
:103A5000022180F83D10006841F2FF72C168C4F293
:103A60000002904241F00101C1600DDC40F2FF71A3
:103A7000C4F20001884215DCB0F1804F29D040F239
:103A80000041C4F2000122E040F2FF31C4F2010122
:103A9000884212DC41F60001C4F20001884218D0CD
:103AA000002112E040F60001C4F20001884210D06B
:103AB00040F60041C4F2000109E044F20001C4F202
:103AC0000101884205D040F20041C4F20101884260
:103AD00006D1816801F00701062904BF0020704764
:103AE000016841F0010101600020704780B590F845
:103AF0003C20012A4FF0020200F0BF8080F83D20F8
:103B0000D0F800C04FF67772DCF8083023EA0202E2
:103B1000CCF808200B684F2B28DC1F2B43DD202B13
:103B200044D0302B42D0402B40F0A980D1F804E0A3
:103B3000C968DCF82030DCF8202022F00102CCF843
:103B40002020DCF8182022F0F00242EA011123F0D4
:103B50000A0242EA0E02CCF81810CCF82020DCF859
:103B6000081041F0470121F030017DE06F2B25DD89
:103B7000B3F5005F46D0B3F5805F77D0702B7ED170
:103B8000D1E901E3C968DCF8082043EA0E0322F416
:103B90007F4243EA01211143CCF80810DCF80810F9
:103BA00041F0770160E00BB1102B68D1DCF8081010
:103BB00021F07001194341F0070155E0502B34D03A
:103BC000602B5CD1D1F804E0C968DCF8203023F028
:103BD0001003CCF82030DCF81830DCF8202023F477
:103BE000704322F0A00243EA013142EA0E12CCF8FF
:103BF0001810CCF82020DCF8081041F0670121F003
:103C0000100131E0D1E901E3C968DCF8082043EA9A
:103C10000E0322F47F4243EA01211143CCF808103D
:103C2000DCF8081041F480411EE0D1F804E0C968D6
:103C3000DCF82030DCF8202022F00102CCF8202033
:103C4000DCF8182022F0F00242EA011123F00A0207
:103C500042EA0E02CCF81810CCF82020DCF808104C
:103C600041F0570121F02001CCF808100022012179
:103C700080F83D10002180F83C10104680BD0122E4
:103C8000F5E700007047000010B5016804460869B8
:103C9000800744BFC8685FEA807038D4086940076D
:103CA00044BFC8685FEA40703DD40869000744BF5C
:103CB000C8685FEA007043D40869C00644BFC8689A
:103CC0005FEAC06048D40869C0071CBFC8685FEAE3
:103CD000C0704ED10869000644BFC8685FEA006042
:103CE0004FD40869400644BFC8685FEA406050D4BA
:103CF0000869800646BFC8685FEA806010BD6FF043
:103D0000200220460A61BDE81040FFF79BBD6FF01E
:103D100002000861012020778869800741D0204691
:103D2000FFF7B0FF43E06FF0040008610220207746
:103D3000886910F4407F3ED02046FFF7A3FF40E0A3
:103D40006FF00800086104202077C86980073CD024
:103D50002046FFF797FF3EE06FF010000861082053
:103D60002077C86910F4407F39D02046FFF78AFFDA
:103D70003BE06FF001000861204600F019FA21686D
:103D8000A8E76FF0800008612046FFF759FD216821
:103D9000A7E76FF040000861204600F055FA21685F
:103DA000A6E7204600F026F8204600F079F92168C1
:103DB0000020207772E7204600F01CF8204600F033
:103DC0006FF92168002020776FE7204600F012F895
:103DD000204600F065F92168002020776CE7204636
:103DE00000F008F8204600F05BF9216800202077F9
:103DF00069E70000704700002DE9F04190F83C3081
:103E0000012B04BF0220BDE8F0814FEAB202032A71
:103E100000F2FA80DFE802F0023E7DBC036840F267
:103E200000471A6A43F4806522F001021A621C6A94
:103E30001A46D3F804E052F818CF8E6824F0020432
:103E4000C4F20107BD4244EA060405D1CE6824F05D
:103E50000C0426F0040634430E68BD4207D1D1E9B4
:103E600005572EF4407E45EA0E0545EA070E2CF074
:103E700073073743C3F804E09F614F6809695F63C4
:103E80001C629F6947F008079F619F6927F004073C
:103E90009F61AFE0036840F200481A6A43F480650E
:103EA00022F010021A621C6A1A46D3F804E052F893
:103EB00018CF8F6824F02004C4F20108454544EA75
:103EC000071407D1CF686FF0400624F0C00406EA5B
:103ED000071634430F68454507D1D1E905562EF43E
:103EE000406E4EEA850545EA860E2CF4E64646EA23
:103EF0000727C3F804E09F614F6809699F631C624C
:103F00009F6947F400679F619F6927F480679F61FD
:103F10006FE0036840F200481A6A43F4806522F4B7
:103F200080721A621C6A1A46D3F804E052F81CCF59
:103F30008F6824F40074C4F20108454544EA07245C
:103F400008D1CF6840F2FF463F0224F4406427EADC
:103F5000060634430F68454507D1D1E905562EF4CE
:103F6000405E4EEA051545EA061E2CF073063743FF
:103F7000C3F804E0DF614F680969DF631C62DF6931
:103F800047F00807DF61DF6927F00407DF6131E0F0
:103F9000036840F200451A6A43F4806722F48052B5
:103FA0001A621A46D3F820C05C6852F81CEFD1F8A8
:103FB00000808E68C4F20105AF4204D14D6924F43B
:103FC000804444EA85142CF4005747EA06372EF45F
:103FD000E64646EA08265C60DE614E6809691E64B2
:103FE0001F62DF6947F40067DF61DF6927F48067DC
:103FF000DF6109021368194311600021002280F873
:104000003C200846BDE8F0810121F7E7002804BF05
:104010000120704710B5044690F83D0028B90020F3
:1040200084F83C00204600F01FF8022084F83D0090
:104030002068211D02F0F0FE012084F8460084F87B
:104040003E0084F83F0084F8400084F8410084F882
:10405000420084F8430084F8440084F8450084F862
:104060003D00002010BD000081B0006840F200411A
:10407000C4F20001884201D001B0704700200090D6
:1040800043F64000C4F20200016841F00201016001
:10409000006800F002000090009801B07047000036
:1040A0007047000041B1082910D0042914BF00F165
:1040B000410200F13F020BE090F83E20012A1CBFB4
:1040C00001207047022280F83E2012E000F14002F9
:1040D0001278012A1CBF012070470222082906D04D
:1040E000042914BF80F8412080F83F2001E080F8C7
:1040F0004020006801F01F010122036A02FA01F169
:1041000023EA01020262026A114341F2FF72C4F221
:104110000002904201620BDC40F2FF71C4F2000128
:10412000884213DCB0F1804F35D040F2004115E0F9
:1041300040F2FF31C4F20101884214DC41F6000173
:10414000C4F20001884226D0002114E040F60001AC
:10415000C4F2000188421ED040F60041C4F20001C2
:10416000884218D01EE044F20001C4F201018842E6
:1041700011D040F20041C4F20101884212D1416CD9
:1041800040F2004340F48062C4F2010341F4004174
:104190009A42416406D1816801F00701062904BFF3
:1041A00000207047016841F0010101600020704764
:1041B00010B504460068B0F1804F02D1FDF7B2FAA5
:1041C000206841F60001C4F20001884218BF10BD0A
:1041D00043F61C40C2F2000090ED000A47F6FC7165
:1041E000BDEEC00AC2F2000110EE100A91ED000A05
:1041F00000EB800043F6D8420001C2F20002BDEE9F
:10420000C00A508010EE100A00EB80000001108000
:1042100043F2AC10C2F2000090ED000A90ED021AD9
:10422000BDEEC00A10EE100ABDEEC10AD08010EE3D
:10423000103A43F2A040C2F2000040F20111938014
:10424000BDE8104002F0CABC70470000FEE7000065
:1042500085B0D0F8EC1091E80C10C968CDE90232B5
:10426000CDE9001C9DED030A9DED031A9DED022A88
:104270009DED023A20EE010A22EE032A9DED011A7D
:104280009DED013A30EE020A21EE031A9DED002A5F
:104290009DED003A31EE000A22EE031A31EE000ADB
:1042A0004FF07E510491B1EEC00A9DED041A81EEEB
:1042B000000A8DED040A049904919DED040AD0F8DA
:1042C000EC20D0F8001192ED001A20EE010A82EDE8
:1042D000000A9DED040A92ED011A92ED022A20EEE9
:1042E000010A82ED010A92ED033A9DED040A20EEE7
:1042F000020A82ED020A9DED040A20EE030A82ED15
:10430000030A40F2C022C2F200029DED020A92EDC1
:104310006F1A20EE010AB6EE001A20EE010A81EDB6
:10432000040A9DED010A92ED6F2A20EE020A20EEAA
:10433000010A81ED050A9DED030A92ED6F2A20EE38
:10434000420A20EE010A81ED0A0A9DED000A92ED73
:104350006F2A20EE020A20EE010A81ED0B0A9DED84
:10436000000A92ED6F2A20EE420A20EE010A81ED4A
:10437000100A9DED030A92ED6F2A20EE420A20EE0C
:10438000010A81ED110A9DED010A92ED6F2A20EEDE
:10439000020A20EE010A81ED160A9DED020A92ED55
:1043A0006F2A20EE420A20EE010A81ED170AD0F8AA
:1043B000F80092ED740A90ED1C1A44F2000181EEAF
:1043C000002A90ED230AC4F21C6180ED1C2A92EDB4
:1043D000741A80EE010A9FED091AB4EE412AF1EE3B
:1043E00010FAB4EE410A80ED230AC8BF0167F1EE6E
:1043F00010FAC8BFC0F88C1005B0704700401C46CA
:10440000B0B540F2C024C2F20004012020704CF686
:104410007740C3F22B20C4F8CC0104F5D87080ECAF
:10442000030AB7EE000A0025F4EE401A201D06210B
:104430000022032384F83851C4E95055C4E9525589
:1044400084ED6F2AF1EE10FAC8BFF0EE401AC4ED09
:10445000741A00F01FFE04F5E07004F5E473012106
:10446000012205F0FBFAD4F8EC104FF07E52C1E9BE
:104470000025C1E9025544F2CD41C0F6000144F2E5
:10448000512244F2095344F69D1504F1D00CC0F6B4
:104490000002C0F60003C0F600058CE82E0040F2D2
:1044A0000111D4F80401E1854CF6C001C0F6000109
:1044B0009022FBF78FFFD4F8FC0040F22801C2F2F3
:1044C00000019022FBF786FFB0BD000010B5044646
:1044D000D0F8F81040F22800C2F200009022FBF75A
:1044E00079FFD4F81C1140F27020C2F2000048227B
:1044F000FBF770FFD4F80C1140F22820C2F2000044
:104500004822FBF767FF10BD10B584B00446D0F811
:10451000EC0044F2E20190ED000A90ED011A90EDFA
:10452000022A30EE000A90ED033A8DED030A31EED7
:10453000010A8DED020A32EE020A8DED010A33EE18
:10454000030A8DED000AC2F200010988A27B237BD9
:10455000D4F80C0151435943FBF790FF9DED010A3C
:10456000D4F80C01B1EE400A80ED000A00994160D8
:104570009DED030A029A039B019CB1EE400A80ED77
:10458000020AC260C0E90623C0E9081403639DED76
:10459000020A9DED011AB1EE400AB1EE411A80ED1A
:1045A0000D0A80ED0E1AC16304B010BDB0B52DED3B
:1045B000088B84B040F2C024C2F20004B0EE429AEC
:1045C00094ED582A94ED593A94ED5A4A94ED6F5A65
:1045D00030EE420AB6EE00BA84ED5B0A20EE0B0A1A
:1045E00030EEC32A31EE441A20EE050A84ED5C2A2F
:1045F00084ED5D1A8DED030A22EE0B0A20EE050A0A
:104600008DED020A21EE0B0A20EE050A8DED010A5E
:10461000D4F804014CF6C001C0F600019022B0EEBF
:10462000628AB0EE61AAFBF7D5FE9DED030AD4F8CD
:1046300004019DED021A9DED012A0399019AB1EE44
:10464000400AB1EE411AB1EE422A80ED010A80ED36
:10465000021A80ED032A816102629DED020A029A2C
:10466000B1EE400A80ED090A02639DED010AC163C3
:104670000199B1EE400A80ED0D0AC0E912129DEDDC
:10468000030AB1EE400A80ED140AD4E9520108434E
:1046900006D094ED5E2A94ED5F1A94ED600A09E06D
:1046A00000200121B0EE480AB0EE491AB0EE4A2AC5
:1046B000C4E9521094ED643A94ED6F4A22EE032A55
:1046C00033EE045A24EE0A6A23EE011A24EE097A24
:1046D00082EE052A86EE056A81EE051A87EE057AD6
:1046E00023EE000A24EE083A80EE050A83EE053A2E
:1046F0000021002532EE062A84ED5E2A37EE011AEB
:1047000084ED5F1A21EE011A22EE022A33EE000A2E
:1047100084ED600A32EE011A20EE000A30EE010A42
:10472000B7EE001AB1EEC00A81EE001A84ED660AF7
:104730008DED001A94ED5E0A9DED001AA06820EE42
:10474000010A80ED000A94ED5F0A9DED001A20EE4B
:10475000010A80ED010A94ED600A9DED001A20EE39
:10476000010A80ED020A94ED5B0A94ED5C1A94ED67
:104770005D2A21EE011A20EE000A30EE010A22EE37
:10478000021A31EE000A9FED7E1AB1EEC00AB4EEB5
:10479000410A002084ED650AF1EE10FAB8BF01204D
:1047A00094ED660A9FED772A94ED6C1AB4EE420AF6
:1047B0009FED752A94ED6F3AF1EE10FAC8BF012112
:1047C0000840B4EE420A0021F1EE10FAB8BF012110
:1047D000084084F83901D4F8180121EE030A80ED6D
:1047E000000A94ED6C0A94ED6F1A20EE010A80ED38
:1047F000070A94ED6C0A94ED6F1A20EE010A80ED21
:104800000E0A94ED6C0A94ED6F1A20EE010A80ED09
:10481000150A94ED6D0A94ED6F1A20EE010A80EDF1
:104820001C0A94ED6D0A94ED6F1A20EE010A80EDDA
:10483000230AD4F8B801D4F81C110860D4F8B821C0
:10484000201D0A61D4F8B8210A6200F071FF606887
:1048500090ED000A84ED540A90ED011A84ED551A8A
:1048600090ED022A20EE010A84ED562A90ED033ADB
:1048700021EE011A84ED573A22EE033A3BEE411A3B
:1048800022EE022A30EE030A71EE420A04F5D070DD
:1048900004F0FCFD94ED680A9FED3C8A94ED551AF6
:1048A00020EE080A84ED680A94ED540A94ED562A25
:1048B00094ED573A22EE000A21EE031A30EE410A37
:1048C00030EE000A07F05EFB20EE080A84ED690A6C
:1048D00094ED540A94ED551A94ED572A94ED563AF6
:1048E00020EE020A21EE031A31EE000A23EE031A2B
:1048F0003BEE411A22EE022A71EE420A04F5D47010
:1049000004F0C4FD94ED6A0A606820EE080A84EDA4
:104910006A0A016994ED761A9FED1D2AC4F86011A8
:1049200030EE411A4069B4EE421AF1EE10FAC4F8C2
:104930006401C4F8685103DDB4F8D401013809E01A
:104940009FED142AB4F8D401B4EE421AF1EE10FA35
:1049500002DA0130A4F8D40100B201EE100A9FED92
:104960000E2AB8EEC11A21EE021A31EE001A84EDB9
:104970006B1A84ED760A04B0BDEC088BB0BD00BFA5
:104980009A99993ECDCC1441CDCC2441E12E65427B
:1049900000003443000034C30000B4432DE9F04F5D
:1049A00085B000F1780500F18008044628464146AC
:1049B00005F00EFF84F8C800B4F87800274627F801
:1049C000A80FB4F85A0004F15801A4F8AA00284628
:1049D0003A46009105F0B0FC84F8C8003888A34638
:1049E000B4F882102BF8B00FA4F8B2103846414644
:1049F0005A4605F0A1FC214684F8C80051F8900FF2
:104A0000254645F8A00F58462A4604F0A5FF84F82D
:104A1000C8002846594605F025F8D4F8EC1084F86B
:104A2000C80091E84C00C968A246CDE90116B4F867
:104A300078104FF00109CDE903322AF8B81FA4F825
:104A4000BA90D4F82C019DED030A9DED011A9DED5D
:104A5000042A9DED023A20EE010A23EE022A30EEEE
:104A6000420A30EE000A80ED000A9DED041A9DED29
:104A7000032A9DED023A9DED014A21EE021A23EE32
:104A8000043A31EE031A31EE011A80ED011A9DED60
:104A9000041A9DED042A9DED033A9DED034A21EE93
:104AA000021A24EE033A9DED022A9DED024A31EEF0
:104AB000431A22EE042A9DED013A9DED014A31EEA2
:104AC000421A23EE042A32EE011AB0EEC00A80ED3B
:104AD000021A04F0F7FE40F2C026C2F2000686ED8C
:104AE000610AD4F82C0190ED010AB0EEC00A04F07E
:104AF000E9FE86ED620AD4F82C0190ED020AB0EED0
:104B0000C00A04F0DFFE86ED630A204630F8481F35
:104B1000254625F8C01F51462A46A5F8029005F003
:104B2000D5FD298884F8C8003980584629463A4678
:104B3000A4F8AA9005F000FC84F8C8002888514623
:104B4000A4F8BA002846AAF8009005F041FE84F8BF
:104B5000C80006F5E0725046394605F0EDFB84F8D2
:104B6000C80096ED731A96ED720AB6EE002A21EE91
:104B7000022AB4EE420AF1EE10FA02DA86F838910F
:104B800006E096F83891B9F1000F18BF4FF001090F
:104B9000B4EE410AF1EE10FA19DDB9F1000F16D0AA
:104BA000D6E9501096F83921013140F10000002A71
:104BB00004BF10461146B1F1330270F10002C6E99C
:104BC0005010C0F01D81002086F8380121E09FEDD3
:104BD0009C2A31EE403A21EE022A83EE022A9FED12
:104BE000973AB9F1000F21EE031AB7EE003AB0EE92
:104BF000434AB4EE410A4FF0000018BFB0EE424AFB
:104C0000F1EE10FAC8BFB0EE443A86ED673AC6E955
:104C10005000002084F82C00B4F85800B4F882103A
:104C2000A4F8A8000098A4F8AA1041463A4605F056
:104C300083FB04F1980884F8C80038465946424678
:104C400005F07AFBB4F898C0B4F89A2084F8C8004C
:104C500002FB0CF3D4F81C21EBB30027002000BFAB
:104C600002EB870196ED670A91ED001A40F001070B
:104C7000FFB220EE010ABB4281ED000A2BD902EB04
:104C8000870196ED670A91ED001A40F00207FFB226
:104C900020EE010ABB4281ED000A1CD902EB87011C
:104CA00096ED670A91ED001A40F00307FFB220EE7F
:104CB000010ABB4281ED000A0DD902EB870196ED96
:104CC000670A91ED001A0430C7B220EE010ABB4218
:104CD00081ED000AC4D896ED610A9FED5A1A92ED53
:104CE0000C2A80EE010A0120294620EE020A82EDFC
:104CF0000C0A96ED610A92ED0D2A80EE010A20EE73
:104D0000020A82ED0D0A96ED610A92ED0E2A80EEFE
:104D1000010A20EE020A82ED0E0A96ED620A92ED79
:104D20000F2A80EE010A20EE020A82ED0F0A96EDAC
:104D3000620A92ED102A80EE010A20EE020A82ED4C
:104D4000100A96ED620A80EE010A92ED111A20EE29
:104D5000010A82ED110AA4F8BA0040465246A4F8AE
:104D6000B8C005F0E9FA84F8C80096F83811D4F80C
:104D7000BC00B9B396ED6F0A9FED331A90ED043A7B
:104D800020EE012AB4EE423AF1EE10FA05DD80ED94
:104D9000042A96ED6F0AB0EE423A9FED2C2A20EEDF
:104DA000024AB4EE443AF1EE10FABCBF80ED044A78
:104DB00096ED6F0A90ED053A20EE011AB4EE413AF5
:104DC000F1EE10FA05DD80ED051A96ED6F0AB0EEF2
:104DD000413A20EE020AB4EE403AF1EE10FAB8BFC2
:104DE00080ED050A0021C16004F1380004F13002B1
:104DF000514604F0B1FD84F8C80005B0BDE8F08F5D
:104E000044F2E205C2F200052A88237BD4F8E800C8
:104E1000D4F8EC105A43FBF7DDFA2A88237BD4F848
:104E2000F800D4F8FC105A435A43FBF7D3FA012098
:104E300084F82C0005B0BDE8F08F00BFCDCCCC3D90
:104E40006666663FDA0FC93F0AD7233C0AD723BC00
:104E5000F0B581B043F2AC1543F2741644F2E404A9
:104E6000C2F20005C2F20006C2F200042846314632
:104E70002246FBF7B1FC43F2A810C2F20000017811
:104E800059B9DFED641A96EC030A0121B0EE612AEC
:104E9000F0EE612A017001F00FF843F28117C2F2BF
:104EA00000073878012846D002287AD143F2B8109A
:104EB000C2F2000090ED011A90ED022A95ED014A30
:104EC00095ED025A90ED000A95ED003A74EE410A14
:104ED00035EE421AD6EC031A33EE400A85EC020A8C
:104EE00085ED021AFFF762FB9FED4A3A95EC030A43
:104EF000D6EC031AF0EE433AB0EE434A01F01CFB45
:104F000001F096FAFBF7D4FD43F61C40C2F2000014
:104F100080ED000AFBF7D4FD43F6D040C2F200005A
:104F200080ED000AFBF7D4FD47F6FC70C2F20000EA
:104F300080ED000A35E043F2A41143F2B810C2F24A
:104F40000001C2F200000A6895ED000A95ED011A11
:104F500095ED022A90ED003A90ED014A90ED025A4B
:104F6000013230EE030A31EE041A32EE052AB2F5B0
:104F70007A7F80ED000A80ED011A80ED022A0A6036
:104F80000FD39FED253A80EE030A81EE031A82EEDD
:104F9000032A80ED000A80ED011A80ED022A02202A
:104FA000387040F2B825C2F2000528684CF6CD41B1
:104FB000CCF6CC41414349F699124FEA7101C1F652
:104FC0009912914222D894ED000A43F6C434C2F2F9
:104FD0000004DFED120A204601F0D2FC94ED080A2D
:104FE000B5EE400AF1EE10FA03DA9FED0A0A00204E
:104FF000206243F67C30C2F20000BDEEC00A0068B9
:1050000010EE101A81632868012139700130286080
:1050100001B0F0BD0000000000007A440000204212
:1050200080B5DFED180A9FED161ADFED172AB2EEF4
:10503000040AF7EE001AB0EE602AFFF7E1F99FEDDF
:10504000130A43F6C4304CF65812C2F20000C0F600
:1050500000020021F0EE400A01F03EFD9FED0C0A37
:1050600001F0AAF943F67C30C2F200000421FFF7F8
:1050700019F800BFFBF7A4FB0028FBD180BD00BFDF
:105080008096184B6F12833A00000000000016440F
:1050900000007A442DE9F04744F2E2070446C2F2E8
:1050A00000070420388044F2E0008946C2F2000084
:1050B000082101800020207418469A46904684F802
:1050C0000C906273A37306F075F851466061FBF7AC
:1050D000B3F9388800FB0AF006F06CF83988A06153
:1050E00001FB0AF1FBF7CAF9388800FB0AF006F069
:1050F00061F83988E06101FB0AF1FBF7BFF93888F4
:1051000000FB09F006F056F83988206201FB09F12E
:10511000FBF7B4F9504606F04DF851466062FBF7D4
:105120008BF9388800FB09F006F044F839882060D4
:1051300001FB09F1FBF7A2F9388800FB0AF006F041
:1051400039F83988606001FB0AF1FBF797F9388874
:1051500000FB08F006F02EF83988A06001FB08F18A
:10516000FBF78CF9388800FB09F006F023F8398842
:10517000C4F8E80001FB09F1FBF780F9217BD4F8C2
:10518000E83004F13000012204F068FC388800FBAC
:1051900009F006F00FF83988C4F8EC0001FB09F1BA
:1051A000FBF76CF9217BD4F8EC3004F138000122D4
:1051B00004F054FCB8F1000F13D0388800FB08F05D
:1051C00005F0F8FF3988C4F8F00001FB08F1FBF79F
:1051D00055F9617BD4F8F03004F14000012204F06D
:1051E0003DFC388800FB0AF005F0E4FF3988C4F87C
:1051F000F40001FB0AF1FBF741F9A17BD4F8F4308C
:1052000004F14800012204F029FC388809FB09F662
:10521000704305F0CFFF3988C4F8F8007143FBF7FD
:105220002DF9217BD4F8F83004F150000A4604F03F
:1052300015FC3888704305F0BDFF3988C4F8FC00C0
:105240007143FBF71BF9217BD4F8FC3004F15800C3
:105250000A4604F003FC3888704305F0ABFF398838
:10526000C4F8000106FB01F005F0A4FF3988C4F87A
:105270000401D4F800017143FBF700F93988D4F830
:1052800004017143FBF7FAF8217BD4F8003104F1F3
:1052900060000A4604F0E2FB217BD4F8043104F1FB
:1052A00068000A4604F0DAFBB8F1000F13D0388822
:1052B00008FB09F5684305F07DFF3988C4F808014B
:1052C0006943FBF7DBF8217B627BD4F8083104F1FA
:1052D000700004F0C3FB38880AFB09F5684305F049
:1052E00069FF3988C4F80C0105FB01F005F062FF85
:1052F0003988C4F81001D4F80C016943FBF7BEF8F3
:105300003988D4F810016943FBF7B8F8227BA17BF8
:10531000D4F80C3104F1780004F0A0FB217BA27BCF
:10532000D4F8103104F1800004F098FB3888704301
:1053300005F040FF3988C4F814017143FBF79EF86B
:10534000217BD4F8143104F188000A4604F086FB6E
:1053500038880AFB0AF6704305F02CFF3988C4F838
:1053600018017143FBF78AF8A17BD4F8183104F1D6
:1053700090000A4604F072FB3888684305F01AFF73
:105380003988C4F81C016943FBF778F8217BA27BBC
:10539000D4F81C3104F1980004F060FB3888217BBC
:1053A0004843484305F006FF3988227BC4F82001B2
:1053B00051435143FBF762F83888217B4843484307
:1053C00005F0F8FE3988227BC4F82401514351438B
:1053D000FBF754F83888217B4843484305F0EAFE40
:1053E0003988227BC4F8280151435143FBF746F822
:1053F0003888217B484305F0DDFE3988227BC4F8DC
:105400002C015143FBF73AF83888217B484305F0DB
:10541000D1FE3988227BC4F83001D4F82C015143E5
:10542000FBF72CF8217BD4F8203104F1A0000A46C8
:1054300004F014FB217BD4F8243104F1A8000A46BF
:1054400004F00CFB217BD4F8283104F1B0000A46AB
:1054500004F004FB217BD4F82C3104F1B8000122C4
:1054600004F0FCFA217BD4F8303104F1C0000122B1
:1054700004F0F4FA002084F82C00A062BDE8F08764
:105480002DE9F04F83B00446C07B44F2E2080028C7
:10549000C2F2000868D00020B8F80020A37B207476
:1054A000D4F8F40061685A43FAF794FFB8F8001092
:1054B000A27B60685143FAF7E1FFB8F80010A27BC5
:1054C000D4F8180151435143FAF7D8FFB8F8001047
:1054D000227BA37BD4F80C0151435943FAF7CEFF4A
:1054E00094F80EC0BCF1000F2BD00020002104E086
:1054F0000131614500F1040023D2D4F8F4301F18C3
:1055000097ED000AB5EE400AF1EE10FAF0D0227CD9
:10551000676A03EB820383ED000AB954D4E90532CC
:10552000257B1758227C5B5CD4F80C6194F80EC084
:1055300012FB053306EB8303013243F8047C22742B
:10554000D6E794F810A0BAF1000F71D0E169626A51
:10555000D4F818C1AAF1010003280AF003008DE86D
:10556000051012D2002340E0B8F80020A37BD4F845
:10557000F40061685A43FAF72DFFB8F80010A27BD7
:1055800060685143FAF77AFF65E0082000EBCA092A
:10559000102000EB0A1504200AEB4A030C260AF03F
:1055A000FC0B013200EB8A0006EB8306002300BFF0
:1055B00002EB030E1EF8018C51F82870CCF8007035
:1055C000D75C043351F827709B454CF800709EF867
:1055D000017051F827704CF809709EF8027051F86C
:1055E00027704CF80670AC44E2D1009D44F2E2080A
:1055F000DDE90167C2F20008D5B1F05C03FB0A32B5
:1056000051F82000012D47F8220011D0581C325CBF
:1056100000FB0A0051F82220022D47F8202007D075
:10562000981C325C00FB0A0051F8221047F8201049
:10563000207BA4F878A0A4F87A00A4F88000A4F84D
:1056400082A0A4F890A0A4F892A0A4F89800A4F8CE
:105650009AA0A4F848A0B8F80020637BD4F8F00022
:10566000A1685A43FAF7B6FE03B0BDE8F08F000018
:105670002DE9F04381B0044690F82A0010B101B042
:10568000BDE8F08304F1780504F180092846494615
:1056900005F09EF884F8C800B4F87800264626F88D
:1056A000A80FB4F85A0004F15808A4F8AA00284634
:1056B0004146324604F040FE84F8C8003088274650
:1056C000B4F8821027F8B00FA4F8B210304649465B
:1056D0003A4604F031FE214684F8C80051F8900F94
:1056E000254645F8A00F38462A4604F035F984F8D7
:1056F000C8002846394604F0B5F984F8C800B4F863
:105700005800B4F882103080A4F8AA1040464946E8
:10571000324604F011FE84F8C800A5F108023046B4
:10572000394604F009FE84F8C80001B0BDE8F083F2
:105730002DE9F04F81B08346FFF7A2FEDBF8CC10D5
:1057400009B158468847584600F054F9DBF8D010A4
:1057500009B1584688479BF8290050BB0BF16005FA
:105760000BF168062846314605F032F80BF1580770
:105770008BF8C8000BF1500128463A4604F0DCFDD6
:10578000BBF858105D4625F8A81F35F83E1C8BF86D
:10579000C8006980384631462A4604F0CDFD8BF8B2
:1057A000C800A5F1200128463A4604F0D5F88BF848
:1057B000C800DBF8D41009B1584688479BF81000A0
:1057C00044F2E204C2F20004D8B35846FFF750FF97
:1057D000DBF8D81009B158468847584600F042F91E
:1057E000DBF8DC1009B1584688479BF82C000028EC
:1057F00040D1584630F8982F5D4625F8A82F2E4600
:1058000026F8082F35F84E2C35F82E3CA5F130013E
:105810006A812A466B80A5F1500704F08DFD85F85A
:10582000200028463946324604F086FD85F82000DF
:10583000A5F158023846314604F048FF85F82000AB
:1058400018E09BF80F000028BFD022889BF80C308E
:10585000DBF8E800DBF8EC105A43FAF7BBFD2288CE
:105860009BF80C30DBF8F800DBF8FC105A435A4385
:10587000FAF7B0FDDBF8E01009B1584688479BF80D
:105880000CA0BAF1000F00F0A180DBF82030DBF8AB
:10589000F8E0AAF1010003280AF0030904D200206D
:1058A000B9F1000F57D191E0082000EBCA0C10208D
:1058B0000AEB4A010C2200EB0A16042002EB8101DC
:1058C0000AF0FC02009303F1080500EB8A00524243
:1058D0000123744694ED001A15ED020A04EB00084A
:1058E000B4EE401AF1EE10FAB8BF84ED000A98ED5C
:1058F000001A15ED010A04EB0C07B4EE401AF1EEA4
:1059000010FAB8BF88ED000A97ED001A95ED000A6D
:105910000433B4EE401AF1EE10FAB8BF87ED000A76
:10592000671897ED001A95ED010A3444B4EE401A59
:10593000F1EE10FAB8BF87ED000AD718012F05F174
:105940001005C7D1581E44F2E204009BC2F20004C5
:10595000B9F1000F3AD000FB0A0103EB80020EEB15
:10596000810191ED001A92ED000AB4EE401AF1EEB9
:1059700010FAB8BF81ED000AB9F1010F26D0421C20
:1059800002FB0A2103EB82020EEB810191ED001A6A
:1059900092ED000AB4EE401AF1EE10FAB8BF81EDB4
:1059A000000AB9F1020F11D0811C01FB0A1003EBB0
:1059B00081010EEB800090ED001A91ED000AB4EE2B
:1059C000401AF1EE10FAB8BF80ED000A2288DBF829
:1059D0000000DBF8E81002FB0AF2FAF7FBFCDBF848
:1059E000E41009B158468847DBF8000001B0BDE873
:1059F000F08F000070B5044690F82800002818BF0A
:105A000070BD607B10B3207B254625F8B80F0126BA
:105A100004F1600004F130012A46A4F8BA6004F0F1
:105A20008BFC217B24F8C01F2072A4F15000A4F14C
:105A300080012246668004F07FFC2072A4F1880277
:105A40002846214603F088FF207270BD04F16000F3
:105A500004F1300104F1380204F06EFC84F8C8004F
:105A600070BD00002DE9F04381B0044690F82B0092
:105A700010B101B0BDE8F083204630F8781F25460C
:105A800025F8B81F04F138084FF0010941462A46AD
:105A9000A4F8BA9004F050FC84F8C800204630F80E
:105AA000481F274627F8C01F29463A46A4F8C29047
:105AB00004F00CFE264636F8981F84F8C8002980AA
:105AC000304639462A46A4F8BA9004F035FC84F8EA
:105AD000C800A6F168024046294603F03DFF84F85D
:105AE000C80001B0BDE8F08380B543F2A04046F2A3
:105AF0000041C2F20000C4F200010322002380E84A
:105B00000E0000F10C014FF4102C4FF4001E81E840
:105B1000085083618383FBF76BFA002808BF80BDC0
:105B2000BDE88040FAF7C2BF80B582B00020019086
:105B300043F63000C4F202000168002241F4001173
:105B400001600068052100F40010019001980E200A
:105B5000FBF79AFE0E20FBF787FE0F20052100229F
:105B6000FBF792FE0F2002B0BDE88040FBF77CBE41
:105B700010B58EB04CF67000C0F6000090E80E50E4
:105B8000D0E905400791CDE90C4007A80021089213
:105B90000993CDF828C0CDF82CE005F031F941F299
:105BA000F441C2F2000108604CF68C00C0F600001F
:105BB00090E81E5080698DE81E50069068460021CE
:105BC00005F01EF943F27011C2F2000108600EB038
:105BD00010BD00002DE9F04786B0002743F63000E5
:105BE00005970097C4F20200016840F6000841F0F2
:105BF000800101600168C4F2020801F08001009197
:105C0000009900970168002241F0040101600168D9
:105C100001F00401009100990097016841F0020130
:105C20000160016801F0020100910099009701688C
:105C300041F001010160006840F2012100F0010023
:105C4000009000984046FBF761FDA8F58065284666
:105C5000032100224FF00309FBF758FD01AE012498
:105C600040463146CDE90144CDE90377FBF770FCAE
:105C7000042001904FF4881A40463146CDE902A72E
:105C8000FBF766FC0820CDE9010A40463146039443
:105C9000FBF75EFC28463146CDE90194CDE9037758
:105CA000FBF756FC4FF40070CDE90104022004908C
:105CB000404631460394FBF74BFC06B0BDE8F08745
:105CC000B0B543F6942043F60001C2F20000C4F2DE
:105CD00000014FF48272002380E80E0000F10C01F5
:105CE0004FF0020C4FF0010E4FF40074202581E8B4
:105CF00008500A21C0E90645C0E90833C0E90A3165
:105D0000FDF79EFB002808BFB0BDBDE8B040FAF724
:105D1000CDBE000080B584B043F6EC2041F6000211
:105D20000021C2F20000C4F20002532340F2E73C1B
:105D30000391CDE90111C0E90023C0E9021C016112
:105D40008161FDF7DBFD002818BFFAF7AFFE4FF4C5
:105D50008050009043F6EC20C2F200006946FDF747
:105D6000C5FE002818BFFAF7A1FE04B080BD0000F0
:105D7000B0B590B040F2004543F67C30C4F2000567
:105D80000021C2F2000041F28732CDE90811CDE9CD
:105D90000611CDE90411C0E90051C0E90212016108
:105DA0008161FEF733F9002818BFFAF77FFE43F64A
:105DB0007C30C2F2000008A9FDF746FD002818BF9C
:105DC000FAF774FE602043F67C3401900020C2F2A2
:105DD0000004CDE90200059001A920460422FEF747
:105DE0000BF8002818BFFAF761FE2068A84201D01E
:105DF00010B0B0BD00200B9043F63000C4F202009A
:105E0000016841F00201016000680BA900F0020086
:105E10000B900B9820200B900220CDE90C00CDE9CF
:105E20000E0005F50030FBF793FB43F67C34C2F21D
:105E300000042046FDF7B6FD20460421FEF732F9A6
:105E400010B0B0BD80B543F2C41040F20801C2F2F8
:105E50000000C2F20001002201F0FEFC002818BF81
:105E6000FAF724FE43F2C41040F2BC01C2F2000073
:105E7000C2F2000101F048FF002818BFFAF716FE31
:105E800043F2C41040F26411C2F20000C2F20001F9
:105E900001F004FA002818BFFAF708FE43F2C41014
:105EA000C2F2000001F05AFF002808BF80BDBDE823
:105EB0008040FAF7FBBD000080B52DED108B82B05D
:105EC00020EEA03A20EE004A34EE033A21EE014AD9
:105ED00034EE033A4FF07E500090B1EEC33A9DEDA0
:105EE000004AB0EE428A84EE033AF5EE401AB0EE74
:105EF000629AB0EE61AAF1EE10FA8DED003A9DEDD6
:105F0000002A22EE20CA22EE01DA26D0B5EE408A1F
:105F1000F1EE10FA21D0B5EE409AF1EE10FA1CD055
:105F200028EE081A2AEE0A3A33EE011A29EE093A47
:105F300033EE011A4FF07E500190B1EEC11A9DED83
:105F4000013A83EE011A8DED011A9DED011A21EE41
:105F50000AAA21EE088A21EE099A22EE400AF0EE02
:105F60004D0A06F0A5F8B0EE40BAB0EE4C0AF0EEDD
:105F70004D0A06F09DF8B0EE40CA06F097FAB0EE72
:105F800040EAB0EE4C0A06F0E9F9B0EE40FAB0EEA5
:105F90004B0A06F0E3F9F0EE408AB0EE4B0A06F049
:105FA00085FA9FED62DAB5EE40AAF1EE10FA23D041
:105FB000B5EE408AF1EE10FA1ED0B5EE409AF1EE41
:105FC00010FA19D028EE001A2EEE011A2AEE282A0D
:105FD00029EE000A32EE011A20EE0F0A70EE010AD5
:105FE0002EEE090A28EE0F1A30EE410A06F060F88C
:105FF000B6EE001A20EE01DAB6EE00AA2CEE0A8AFE
:10600000B0EE480A06F0AAF92BEE0AAAB0EE409AC2
:10601000B0EE4A0A06F0A2F9B0EE40BAB0EE4D0A70
:1060200006F09CF9B0EE40CAB0EE480A06F03EFA1F
:10603000B0EE408AB0EE4A0A06F038FAB0EE40AA56
:10604000B0EE4D0A06F032FA29EE0B1A28EE0A2AB3
:1060500022EE003A21EE0C4A34EE033A2BEE084AC7
:1060600029EE0A5A20EE056A24EE0C7A37EE466ACB
:1060700024EE004A25EE0C5A2CEE022A21EE000AEC
:1060800035EE044A30EE420A26EE061A23EE032AC3
:1060900032EE011A24EE042A32EE011A20EE002A12
:1060A00032EE011A45F6DF1111EE100AC5F637710E
:1060B000A1EB6000BEEE005A02EE100A21EE051AB6
:1060C00021EE025A25EE025AB7EE087A35EE075A4B
:1060D00025EE022A21EE021A21EE021A31EE071AEB
:1060E00022EE011A43F6C04023EE012AC2F200005C
:1060F00080ED002A43F6C44026EE012AC2F20000D9
:1061000080ED002A43F6C84024EE012AC2F20000C6
:1061100080ED002A43F6CC4020EE010AC2F20000D6
:1061200080ED000A02B0BDEC108B80BD00000000C5
:10613000B0B582B0F5EE401A43F6184C43F6C043B2
:1061400043F6C44243F6C84143F6CC4EF1EE10FA92
:10615000C2F2000CC2F20003C2F20002C2F200015D
:10616000C2F2000E12D1B5EE402AF1EE10FA0DD1B6
:10617000F5EE402AF1EE10FA08D193ED003A92EDD7
:10618000002A91ED005A9EED004A9CE022EE023A70
:1061900021EEA14A34EE033A22EEA24A34EE033A4B
:1061A0004FF07E500090B1EEC33A9DED004AFEEEF6
:1061B000005A84EE033A44F2E800C2F200008DED8A
:1061C000003A9DED003A91ED005A63EE211A63EE1C
:1061D000023A23EE227A92ED002A93ED003A9EEDE8
:1061E000004A25EE036A62EE042A72EEC62A24EE05
:1061F000056A63EE024A74EE864A23EE036A36EEBF
:10620000256A64EE045A75EE865A24EE876A63EEB8
:10621000A56A27EE227A62EEA33AD0ED002A65EE57
:10622000A15A61EEA41AF5EE402A43F60C4036EE70
:10623000C66A37EE657AF1EE10FA71EEE31AC2F231
:1062400000002EDDDCED004A62EE863AD0ED005A09
:1062500043F6104463EEA43AC2F2000473EEA53A8A
:1062600062EE875AD4ED006A43F6144565EEA45AEF
:10627000C2F2000575EEA65A62EEA12AD5ED006ABB
:1062800062EEA42A72EEA62AC0ED003A33EE800A2E
:10629000C4ED005A75EEA00AC5ED002A32EE811A4F
:1062A0000BE00024046043F61040C2F200000460DA
:1062B00043F61440C2F20000046036EE000A77EEA6
:1062C000200A31EE811A9CED006AB6EE007A26EEC5
:1062D000076A20EE060A20EE867A21EE061A27EEDD
:1062E000056A62EE400A30EEC66A64EE010A36EED6
:1062F000606A61EE050A63EE001A71EEA00A64EEB0
:10630000071A70EEE10A61EE021A63EE072A72EED6
:10631000200A72EEE11A64EE002A22EE072A23EE2A
:10632000011A33EE066A72EEA11A31EE021A25EE58
:10633000000A75EE211A31EE400A20EEA01A26EE70
:10634000062A34EE000A32EE011A21EEA12A8EED61
:10635000000A32EE011A20EE000A30EE010A4FF078
:106360007E5083ED006AC2ED000AC1ED001A019073
:10637000B1EEC00A9DED011A81EE000A8DED010A11
:106380009DED010A93ED001A92ED002A20EE011A0C
:1063900083ED001A20EE021A91ED002A82ED001A18
:1063A00020EE021A9EED002A81ED001A20EE020A6C
:1063B0008EED000A02B0B0BD44F2E800C2F2000067
:1063C0000021016043F6C040C2F200004FF07E524F
:1063D000026043F6C440C2F20000B7EE001A01604A
:1063E00081EE000A43F6C840C2F20000016043F6A5
:1063F000CC40C2F20000016043F60C40C2F2000043
:10640000016043F61040C2F20000016043F6144000
:10641000C2F20000016043F28010C2F2000001707D
:1064200043F61840C2F2000080ED000A70470000F9
:106430002DE9F0412DED048B43F6C04843F6C447E7
:1064400043F6C84643F6CC45C2F20008C2F2000744
:10645000C2F20006C2F2000598ED000A96ED001A9D
:1064600095ED002A97ED003A21EE022A20EE030A6C
:1064700030EE020A23EE032AB6EE008A43F6D44435
:1064800038EE422A21EE011AC2F2000472EE410AED
:10649000204602F0FBFF94ED000A9FED269A98ED4E
:1064A000001A20EE090A84ED000A97ED000A96ED25
:1064B000002A95ED003A22EE011A20EE030A31EE91
:1064C000400A30EE000A05F05DFD43F6204020EE64
:1064D000090AC2F2000080ED000A97ED000A98ED6B
:1064E000001A95ED002A96ED003A21EE021A20EEF0
:1064F000030A30EE010A23EE031A48F2000438EED4
:10650000411A22EE022AC2F2000471EE420A20462B
:1065100002F0BCFF94ED000A43F2801020EE090A5D
:10652000C2F20000012184ED000A0170BDEC048B71
:10653000BDE8F081E12E65422DE9F0412DED108B93
:1065400088B0B5EE403AB0EE418AB0EE609AF1EE16
:1065500010FAB0EE40AA16D1F5EE403AF1EE10FA7C
:1065600011D1B5EE404AF1EE10FA0CD1B0EE4A0A64
:10657000F0EE490AB0EE481A08B0BDEC108BBDE849
:10658000F041FFF7D5BDF5EE401A43F6184843F643
:10659000C04743F6C44643F6C84543F6CC44F1EE43
:1065A00010FAC2F20008C2F20007C2F20006C2F2FC
:1065B0000005C2F200040AD1B5EE402AF1EE10FA4D
:1065C00005D1F5EE402AF1EE10FA00F0308122EE0E
:1065D000020A21EEA11A31EE000A22EEA21A31EED1
:1065E000000A4FF07E500590B1EEC00A9DED051AED
:1065F00081EE000A23EE031A8DED050A23EEA30AAD
:1066000031EE000A24EE041A31EE000A9DED055A1F
:106610000690B1EEC00A9DED061A65EE211A81EED4
:10662000000A65EE02BA65EE22DA8DED060A9DEDEE
:10663000060A94ED001A20EE03BA20EE23CA20EEDB
:1066400004DA95ED000AB6EE004A60EE00CA21EECB
:1066500001EA34EE6C6A97ED003A76EE4E6A96EDFA
:10666000006A23EE017A66EE000A70EEC75A60EE09
:1066700001EA66EE018A30EE871A26EE067A34EEDB
:1066800047FA3FEE4E4A6CEE253A6BEE264A63EE31
:1066900000FA2CEE044A2BEE011A63EE069A74EE11
:1066A000A33A7FEEA84A31EE041A3EEEE94A2DEEF7
:1066B000240A2DEE044A30EE230A34EE011A30EE9D
:1066C000000A31EE011A21EE011A20EE000A30EE26
:1066D000011AB1EEC10A63EE03AAB4EE400AF1EE6C
:1066E00010FA80F12E8138EEEF2A39EEAE3A2CEE18
:1066F000031A2BEE024A34EE011A3FEE6C4A2DEEDD
:10670000045A35EE011ABEEE005A31EE011A3AEE85
:10671000855A20EE266A22EE017A35EE0E5A36EEC2
:10672000076A20EE257A63EE010A24EE011A20EEB4
:10673000240A37EE207A30EE011A23EE2D0A2BEED2
:10674000854A34EE400A27EE0D4A6CEE010A30EE1F
:10675000C44A34EE000A25EE214A2DEE825A44F254
:10676000E80035EE444A21EE0B1A2DEE065A22EED1
:106770002B2A21EE833AC2F2000035EE411A33EEA5
:10678000422A90ED003A31EE041A26EE0C4A2BEE26
:10679000075A35EE444AB5EE403A43F60C40F1EE66
:1067A00010FA34EE022AC2F200002EDD98ED005AF3
:1067B00023EE004A90ED006A43F6104124EE054AAC
:1067C000C2F2000134EE064A23EE016A91ED007A2E
:1067D00043F6144226EE056AC2F2000236EE076A5C
:1067E00023EE023A92ED007A23EE053A33EE073AB1
:1067F00080ED004A34EE0AAA81ED006A36EE099A6D
:1068000082ED003A33EE088A0BE00021016043F686
:106810001040C2F20000016043F61440C2F20000D2
:10682000016030EE0AAA31EE099A32EE088A98ED3C
:10683000000AB6EE001A20EE010A95ED004A96ED28
:10684000005A2AEE001A29EE002AD4ED000A28EE9A
:10685000000A97ED003A22EE046A25EE417A37EEFF
:10686000466A20EE807A36EE476A20EE047A63EEBE
:10687000011A31EE877A60EE821A37EE617A60EEA5
:10688000051A63EE022A72EEE11A60EE812A25EE05
:10689000022A23EE000A33EE066A35EE077A72EE1C
:1068A000A11A30EE020A24EE011A74EE211A30EE1B
:1068B000410A27EE071A26EE062A30EE800A32EE4B
:1068C000011A21EEA12A84ED000A32EE011A20EE0F
:1068D000000A30EE010A4FF07E5087ED006A86ED27
:1068E000007AC5ED001A0790B1EEC00A9DED071AB7
:1068F00043F2801081EE000AC2F2000000218DED0B
:10690000070A9DED070A97ED001A96ED002A20EE82
:10691000011A87ED001A20EE021A95ED002A86ED85
:10692000001A20EE021A94ED002A85ED001A20EEDE
:10693000020A84ED000A017008B0BDEC108BBDE8BE
:10694000F081B0EE410ACDED045ACDED031ACDED44
:10695000026ACDED014A05F071FEDDED014ADDED83
:10696000026ADDED031ADDED045ABCE6FEE7000025
:106970007047000043F28850C2F20000FBF7B2B942
:10698000002857D0017890ED0F1A90ED102A80ED75
:10699000070A30EEC00A0029C0ED060A80ED0F0A92
:1069A00080ED101A80ED112A47D0012940F08F8028
:1069B00090ED015A90ED026A30EE414A31EE011A33
:1069C00090ED037A24EE054A20EE065A30EE410A95
:1069D00032EE000AD0E90C1280ED0C0A20EE070A14
:1069E00034EE051A90ED082A90ED043A80ED0B0A7A
:1069F00031EE000A32EE000AB4EE430AF1EE10FA6C
:106A000080ED094A80ED0A5AC0E90D1280ED080AAE
:106A1000C2BF80ED083AB0EE430A7047B1EE431AA8
:106A2000B4EE410AF1EE10FABCBF80ED081AB0EEE8
:106A3000410A70479FED270A704790ED024A90ED9A
:106A40000A6A90ED012A90ED053A24EE004A90ED95
:106A5000035A34EE064A20EE022AD0E90C1230EE38
:106A6000410AB4EE434A80ED0C0A20EE050AF1EE2D
:106A700010FA80ED092A80ED0A4AC0E90D1280ED76
:106A80000B0A06DCB1EE433AB4EE434AF1EE10FADB
:106A900003DAB0EE434A80ED0A3A32EE042A90ED72
:106AA000041A30EE020AB4EE410AF1EE10FA80ED5B
:106AB000080A07DCB1EE411AB4EE410AF1EE10FA11
:106AC000A8BF7047B0EE410A80ED081A704790EDFC
:106AD000080A704700000000002818BF002A00D1F3
:106AE000704780B50170116841605168816091689C
:106AF00080ED040AC160C0ED050A20302821F9F7B5
:106B0000BDFCBDE8804070470000000000000000B0
:106B1000EFF30980BFF36F8F154B1A681EF0100F4B
:106B200008BF20ED108A20E9F04F10602DE9090020
:106B30004FF0500080F31188BFF34F8FBFF36F8F7A
:106B400004F07AFE4FF0000080F31188BDE80900E0
:106B500019680868B0E8F04F1EF0100F08BFB0ECDD
:106B6000108A80F30988BFF36F8F704700BF00BFA2
:106B7000243C002010B58AB0DDE90CEC0491110A28
:106B80008DF80810190A8DF80A104FEA1E218DF8A9
:106B90000C104FEA1C218DF80E1043F2A04108247E
:106BA000C2F20001089400248842CDE906448DF821
:106BB00009208DF80B308DF80DE08DF80FC001D055
:106BC0000AB010BD43F2A040C2F2000004A902AA1C
:106BD00001ABF9F799FF0AB010BD000080B588B08D
:106BE000082306930023CDE9043343F2A043C2F205
:106BF00000039842029101D008B080BD43F2A0404A
:106C0000C2F2000002A901ABF9F77EFF08B080BD17
:106C100043F69420C2F20000FCF786BB806B002193
:106C2000C187C186FCF77EBB2DE9F04381B01E46CB
:106C300090460D468146FAF76FFD301A00EB0807C3
:106C4000FAF76AFD40F2B801C2F200010968C1F327
:106C5000CB3179430091D9F800108A682A40AA42C2
:106C60001AD1064608F1010404E000BF88682840F4
:106C7000A84211D1002CF9D0FAF74EFD801BB84282
:106C80000ED2009800990028A1F101010091D9F8D5
:106C9000001008BF0746E9E7002001B0BDE8F08317
:106CA000D9E900014268B1F5827F22F0E00242603A
:106CB0000BD1D9F80810B1F5004F02D0B1F5806FB3
:106CC00003D1016821F040010160D9F82810B1F525
:106CD000005F07D1016821F400510160016841F4AF
:106CE00000510160012089F85100002089F850000E
:106CF000032001B0BDE8F0830000000000000000A8
:106D0000074B19680868B0E8F04F80F30988BFF3B3
:106D10006F8F4FF0000080F31188704700BF00BFF5
:106D2000243C002080B54FF0500080F31188BFF361
:106D30006F8FBFF34F8F04F0B5FF30B14EF60450A4
:106D4000CEF200004FF080510160002080F31188E6
:106D500080BD0000B0B592B0002443F64000CDE9FC
:106D60000944CDE907440094C4F2020001680225F9
:106D700041F080510160006800F080500090009860
:106D800047F200000094C4F20000016841F4404161
:106D90000160006800F440400090009801200590D8
:106DA0004FF4803006904FF480000C9006200D9038
:106DB000A820CDE90E050720CDE9100505A80B9503
:106DC000FCF7E2F80F20CDE900054FF4A050039046
:106DD0004FF480500490684605210294FBF79AFF17
:106DE00012B0B0BD4EF68850CEF20000016841F4FA
:106DF000700101604FF0006140F8801C7047000096
:106E000043F63430C2F20000FCF73EBF43F6EC20FC
:106E1000C2F20000FCF738BF10B540F6FF3E036831
:106E2000C4F2000E40F2004C7045C4F2010C0FDCBD
:106E3000B0F1804F19D040F20042C4F200029042FB
:106E400013D040F60002C4F2000290420DD010E0D0
:106E500040F60042C4F20002904206D0604504D0E1
:106E60000022C4F20102904203D14A6823F0700369
:106E7000134341F6FF72C4F2000290420DDC7045EC
:106E80001FDCB0F1804F41D040F20042C4F200025A
:106E900090423BD040F6000221E043F6FF72C4F27C
:106EA0000102904220DC42F20002C4F20002904251
:106EB0002CD00022C4F20102904227D0604525D098
:106EC00028E040F60042C4F2000290421ED041F693
:106ED0000002C4F20002904218D041F60042C4F20F
:106EE0000002904212D015E044F20002C4F2010206
:106EF00090420BD044F60002C4F20102904205D049
:106F000044F20042C4F20102904203D1CA6823F461
:106F10004073134323F080024B69D1F800E08C6882
:106F20001A430260C46240F48062C0F828E06245FF
:106F300004BF096901630121416110BDB0B5D0F8FA
:106F4000D42200EB8202D2F8C03233B301F00F0535
:106F50008C4605EB850100EB810151F8184F64B1B7
:106F6000D0F8C8E205EBC5050EEB8505D5F848E07D
:106F7000B4FBFEF505FB1E458DB10024C3F8144299
:106F8000D2F8C402056935B1D3F8080203F50471DB
:106F90006246A84700242046B0BD0320B0BD0024AF
:106FA0000C6061460022002300F090FE2046B0BD38
:106FB000B0B50446D0F8D40204EB8000D0F8C0523B
:106FC00095B1204600F02AFDD4F8D412C5F80C0281
:106FD00004EB8101D1F8C412D5F80402CA6805F5A2
:106FE000037190470020B0BD0320B0BD70B5812172
:106FF000044600F059FC002520460121258700F0B9
:1070000053FC20468221A4F8785100F04DFCD4F8BE
:10701000D402E56404EB8000D0F8C01289B1D0F846
:10702000C40240688047D4F8D40204F5307656F89C
:10703000200001F0ADF9D4F8D40246F82050C4F88D
:10704000BC52002070BD000010B5D0F8D41200EB87
:107050008100D0F8C04284B1D0F8C41279B194F85C
:107060000002FF280BD08B6894F801222146984734
:10707000FF2084F80002002010BD032010BD002076
:1070800010BD0000014640F238100A22C2F2000092
:107090000A807047F0B581B040F2F407C2F20007F1
:1070A00004463846822100F051FB0646384601214D
:1070B00000F04CFB05463846812100F047FB002ECE
:1070C0001CBF1021B171002D1CBF4021A9800028D8
:1070D0001CBF40218180432140F2F400C2F2000035
:1070E000218001B0F0BD0000F0B581B040F2F4079E
:1070F000C2F2000704463846822100F027FB06460C
:107100003846012100F022FB05463846812100F077
:107110001DFB002E1CBF1021B171002D1CBF4FF4B0
:107120000071A98000281CBF4FF4007181804321A9
:1071300040F2F400C2F20000218001B0F0BD000076
:10714000F0B581B040F2F407C2F2000704463846B9
:10715000822100F0FBFA06463846012100F0F6FADB
:1071600005463846812100F0F1FA002E1CBF10219F
:10717000B171002D1CBF4021A98000281CBF4021F7
:107180008180432140F2F400C2F20000218001B06E
:10719000F0BD00002DE9F04104464FF4077001F006
:1071A000F9F800284DD04FF407710546F9F766F954
:1071B000D4F8D402402704EB8000C0F8C052207CF1
:1071C000C4F8BC52002808BF4FF400772046812144
:1071D00002223B46022600F095FC4FF001082046B3
:1071E000012102223B46A4F8388000F08BFC1020DD
:1071F000A4F84E002046822103220823A4F87881B7
:1072000000F080FCD4F8D4020027C5F8047204EB27
:107210008000D0F8C402A4F84C8000688047C5F80C
:107220001472C5F81872D5F804223AB1207C90B1D6
:1072300020460121402300F079FC00263046BDE8BD
:10724000F081D4F8D402002104EB8000C0F8C01211
:107250000220BDE8F081204601214FF4007300F0C8
:1072600065FC0020BDE8F08180B5D0F8D41200EBB9
:107270008101D1F8C01271B190F810C0D1F8042288
:1072800040230121BCF1000F08BF4FF4007300F050
:107290004DFC002080BD032080BD000000290FBFF1
:1072A0000320D0F8D42200EB8200C0F8C41218BF2B
:1072B00000207047D0F8D42200EB8200D0F8C00242
:1072C00000280EBF0320C0F8041200207047000001
:1072D000D0F8D43200EB8300D0F8C00200280FBFF2
:1072E0000320C0F80812C0F81022002070470000E8
:1072F00070B582B00446D0F8D4020D4604EB80008D
:10730000D0F8C06200218DF80710ADF80410C6B1A6
:10731000297811F0600216D0202A2BD1EA88002AA1
:107320002ED0090635D46878314686F8000220460A
:10733000402A28BF402286F8012200F0B1F800263A
:1073400060E003265EE068780B2844D80026DFE87A
:1073500000F006594242424242424242303C94F8D6
:107360009C0203283DD101A92046022200F0B2F878
:10737000002647E02046294600F086F8032641E033
:10738000D0F8C4022946836868780022002698470E
:1073900038E0D0F8C4023146836868789847EA88B4
:1073A00020463146072A28BF072200F093F800261E
:1073B00028E094F89C02032819D10DF1070120461A
:1073C000012200F087F800261CE094F89C020328B4
:1073D00013D1002616E02046294600F055F8032672
:1073E00010E02046294600F04FF803260AE0204628
:1073F000294600F049F8032604E02046294600F01B
:1074000043F80326304602B070BD000080B5D0F8C6
:10741000D41200EB8101D1F8C0223AB1D2F8141293
:1074200000294FF0010103D0084680BD032080BD34
:10743000C2F81412D2F81032D2F808228121C362A5
:1074400000F044FC0021084680BD000080B5D0F863
:10745000B82252689047002818BF032080BD000062
:10746000002070470020704780B513460A4600216F
:1074700000F05CFB002080BD80B513460A46002169
:1074800000F024FC002080BD10B58021044600F0EF
:10749000EFFB20460021BDE8104000F0E9BB0000F2
:1074A00080B513460A460321C0F894120021C0E9B2
:1074B000563300F03BFB002080BD000080B5052165
:1074C000C0F8941200210022002300F02FFB0020BE
:1074D00080BD000080B513460A460221C0F8941210
:1074E0000021C0E9063300F0F1FB002080BD000060
:1074F00080B50421C0F8941200210022002300F07E
:10750000E5FB002080BD000010B541F2FC44C2F252
:1075100000040A4602A0214600F034F9204610BDBE
:1075200043444320436F6E666967000040F2501089
:107530001222C2F200000A807047000010B541F22A
:10754000FC44C2F200040A4602A0214600F01AF9E7
:10755000204610BD43444320496E746572666163E2
:107560006500000040F278100422C2F200000A8098
:107570007047000010B541F2FC44C2F200040A4614
:1075800002A0214600F0FEF8204610BD53544D697C
:1075900063726F656C656374726F6E69637300000C
:1075A00010B541F2FC44C2F200040A4602A0214692
:1075B00000F0E8F8204610BD53544D333220566990
:1075C000727475616C20436F6D506F7274000000AF
:1075D000B0B547F61020C1F6FF70026883684FF01F
:1075E0001A0C9B18A1F800C000F0A3804FF0370CD4
:1075F0001A0F0CEB13714068B3F1204F38BF02F142
:10760000300140F27C12C2F20002917019014FF079
:10761000000E0CEB117582F803E0C3F30364B1F1C3
:10762000204F38BF04F13005190215710CEB1175AC
:1076300082F805E0C3F30354B1F1204F38BF04F1E1
:107640003005190395710CEB117582F807E0C3F34F
:107650000344B1F1204F38BF04F13005190415720D
:107660000CEB117582F809E0C3F30334B1F1204F3C
:1076700038BF04F13005190595720CEB117582F8CD
:107680000BE0C3F30324B1F1204F38BF04F1300500
:1076900019061573C3F303140CEB1175B1F1204FE8
:1076A0004FEA037103F00F0382F80DE038BF04F1D5
:1076B000300503F13704957382F80FE0B1F1204FE4
:1076C00038BF03F13004010F0CEB1073147482F80F
:1076D00011E0B0F1204F38BF01F1300301010CEB94
:1076E0001174937482F813E0C0F30363B1F1204F77
:1076F00038BF03F1300401021475C0F303530CEBDF
:107700001174B1F1204F4FEA003182F815E038BF13
:1077100003F130040CEB1173947582F817E0C0F399
:107720000340B1F1204F38BF00F13003137682F8E7
:1077300019E040F27C10C2F20000B0BD40F24410EB
:107740000C22C2F200000A807047000080B5B0F839
:1077500002C090F800E0F44511D9734650FA8EF05B
:107760004278052A03D182788A4208BF80BD53FA45
:107770008EF39AB2624502D290F800E0EEE7002064
:1077800080BD000010B5002864D00378B3B100F1CB
:10779000020E4FF0000C00BF1EF8013C8BB19EF8AA
:1077A00000308BB19EF801308BB19EF802300CF1A5
:1077B000040C002B0EF1040EEED10AE04FF0000C89
:1077C00007E04CF0010C04E04CF0020C01E04CF03E
:1077D000030C5FFA8CFC022303EB4C03138003229F
:1077E0000B704A7090F800E0BEF1000F32D0841C9C
:1077F00002224FF0000C19E0101DC0B20B5440F0F3
:10780000010001F800C06378002B08BF10BD901D77
:10781000C0B20B5440F0010001F800C094F802E03F
:107820000832BEF1000F04F1040413D0D3B201F802
:1078300003E043F0010301F803C014F8013C4BB12D
:10784000901CC0B20B5440F0010001F800C0237836
:10785000002BD1D110BD0000002804BF03207047C9
:107860000023C0F8B832C0F8C4320029C0F8D032C2
:1078700018BFC0F8B412012180F89C12027000F009
:10788000D1B8000080B5D0F8C802FAF73FF940F24D
:107890000032C100C0F2013222FA01F1032888BF90
:1078A0000321C8B280BD000080B5D0F8C802FAF745
:1078B00007F940F20032C100C0F2013222FA01F1B0
:1078C000032888BF0321C8B280BD0000B0B50446BC
:1078D00089B194F89C0203284FD1D4F8B8024269C8
:1078E000002A4AD00020C4F8D4022046904700283D
:1078F00008BF0020B0BDD4F89402022836D1D4E9E4
:10790000070188420DD9431A204611461A46E36101
:10791000FFF7B2FD204600210022002300F006F907
:1079200024E00FD1A16981420CD3D4F8980281429E
:1079300008D22046002100220025FFF79DFDC4F853
:107940009852E7E794F89C02032808D1D4F8B802CB
:10795000C16821B10020C4F8D402204688472046DF
:10796000802100F085F92046FFF7A8FD94F8A002D9
:1079700000281CBF002084F8A0020020B0BD000039
:1079800010B5044681B194F89C0203281FD1D4F8A5
:10799000B8028269DAB10020C4F8D40220469047C8
:1079A000002808BF002010BDD4F8940203280ED18F
:1079B000D4E9570398420CD9C01AC4F85C01984224
:1079C00038BF0346204611461A46FFF74DFD0020FA
:1079D00010BD94F89C02032808D1D4F8B8020169BC
:1079E00021B10020C4F8D402204688472046FFF782
:1079F0007FFD002010BD00000020704780B50121F0
:107A000080F89C12D0F8B81231B14A6801799047D9
:107A1000002818BF032080BD002080BDD0F8C80218
:107A2000FAF7A6B810B5017809B1002010BD43F2ED
:107A30008851C2F20001C1F80805C0F8C8124FF021
:107A4000A0400622C1E9000202200022C1E903028F
:107A5000C1E906020846C1E90822C1E90B22FAF78A
:107A6000D9FD002818BFF9F721F843F28854C2F273
:107A7000000420468021F9F78DFF20460021402296
:107A8000F9F78CFF204601218022F9F787FF0020BB
:107A900010BD0000D0F8C80201F07F0202EBC20264
:107AA00000EB820000F13E02090658BF00F27E2280
:107AB0001078704780B5D0F8D42200EB8202D2F85B
:107AC000B82242B190F89C32032B02D1126A02B163
:107AD0009047002080BD032080BD000080B5D0F815
:107AE000D42200EB8202D2F8B82242B190F89C3244
:107AF000032B02D1526A02B19047002080BD0320BF
:107B000080BD000080B59446D0F8C8021A4663468E
:107B1000FAF738F840F20032C100C0F2013222FA1E
:107B200001F1032888BF0321C8B280BD80B5D0F819
:107B3000C802FAF757F840F20032C100C0F2013231
:107B400022FA01F1032888BF0321C8B280BD0000DA
:107B5000F0B581B00126002580F89C62C0F89452EF
:107B600004464560D0F8B802C4F8A45284F8A05284
:107B700050B142683AB1204600219047054600289E
:107B800018BF032500E000252046002100224023E5
:107B90004027FFF7B7FF2046802100224023A4F8AA
:107BA0006461C4F86071FFF7ADFFA68428462762C0
:107BB00001B0F0BD90F89C12042904BF90F89D120A
:107BC00080F89C120020704780B590F89C12032921
:107BD00006D1D0F8B81219B1C969002918BF884771
:107BE000002080BD024600201174704780B5D0F897
:107BF000C802FAF721FE40F20032C100C0F20132A1
:107C000022FA01F1032888BF0321C8B280BD000019
:107C1000B0B500F2AA250446284600F069F8012014
:107C2000C4F8940294F8AA02B4F8B02200F01F013C
:107C30000229C4F8982208D001290CD089B920461D
:107C40002946BDE8B04000F08BB820462946BDE883
:107C5000B04000F099BA20462946BDE8B04000F097
:107C60004FBB00F080012046BDE8B040AFF300807C
:107C700080B5D0F8C802F9F7DBFF40F20032C1004E
:107C8000C0F2013222FA01F1032888BF0321C8B2F1
:107C900080BD000080B5D0F8C802FAF7E9FD40F2D7
:107CA0000032C100C0F2013222FA01F1032888BF7C
:107CB0000321C8B280BD0000014690F89C02042256
:107CC00081F89D02002081F89C22704780B5D0F891
:107CD000C802F9F7E5FF40F20032C100C0F20132FC
:107CE00022FA01F1032888BF0321C8B280BD000039
:107CF0000A7802704A7842704A8842808A88828074
:107D0000C988C1807047000010B582B004460020C9
:107D1000ADF80600B1B1D4F8D42204F52E70C4F841
:107D2000B81250F82200C16A21B10DF1060088474F
:107D3000C4F8D002D4F8D8020130C4F8D802002028
:107D400002B010BD032002B010BD0000D0F8B82270
:107D5000002A04BF0020704712681047FFF79ABF3F
:107D6000B0B582B00D460978044611F0600110D01C
:107D7000402901D020292FD1D4F8D402294604EB80
:107D80008000D0F8B8028268204602B0BDE8B0405A
:107D90001047687809283BD8DFE800F0052A3A4404
:107DA0003A536B3A8B9D94F89C020138022800F2FA
:107DB000AF80E888022840F0FB80D4F8A4020322B8
:107DC000002808BF0122214641F80C2F204602223C
:107DD000FFF780FB002508E020468021FFF748FFE1
:107DE000204600210025FFF743FF284602B0B0BD22
:107DF00094F89C020138022800F2948068880025DB
:107E00000128F2D12046C4F8A452FFF771FBECE739
:107E100020468021FFF72CFF204600210025FFF798
:107E200027FFE2E76888022800F0B080012840F0D0
:107E3000B5800120C4F8A4022046FFF759FB0025B5
:107E4000D3E7A888002859D1E888002856D1688847
:107E50007F2853D894F89C12032940F06181204672
:107E60008021FFF705FF204600210025FFF700FFD6
:107E7000BBE768884FF0FF3101EB102100220E298B
:107E8000ADF8062000F2EE80DFE811F00F00A6004A
:107E9000B300EC00EC00BF00C800EC00EC00EC000C
:107EA000EC00EC00EC00EC00D400D4F8B402026862
:107EB000C4E0E88801283FD194F89C02411E0229C1
:107EC00080F080800025214641F8085F204601228D
:107ED000FFF700FB89E7688841F2F845C2F2000528
:107EE00010F0FE0F287031D020468021FFF7C0FE31
:107EF00020460021FFF7BCFE032576E720468021BF
:107F0000FFF7B6FE204600210025FFF7B1FE6CE723
:107F100020468021FFF7ACFE204600210025FFF718
:107F2000A7FE62E720468021FFF7A2FE204600213F
:107F30000025FFF79DFE58E720468021FFF798FEB9
:107F4000204600210025FFF793FE4EE794F89C227F
:107F5000C1B2032A00F09580022A40F09B800029DC
:107F600000F0B08020466160FFF7F0FE002800F0CE
:107F7000E980054620468021FFF77AFE2046002151
:107F8000FFF776FE022084F89C022EE7687984F8D9
:107F9000A0022046FFF7ACFA002526E72046802104
:107FA000FFF766FE204600210025FFF761FE1CE773
:107FB00020468021FFF75CFE204600210025FFF7C8
:107FC00057FE12E7032840F07380211D204601224E
:107FD000FFF780FA002508E7217CD4F8B8020029D1
:107FE0000CBF816AC16A0DF1060088470146022074
:107FF0001EE0C0B2052835D8DFE800F003ACB0B40D
:10800000B8BCD4F8B402426817E0207C50BBD4F866
:10801000B802416B0DF10600884713E0207C08BBD5
:10802000D4F8B802016B0DF106008847014607201D
:10803000487008E0D4F8B402C2699AB1207C0DF10E
:10804000060190470146EA88B2B1BDF8060048B182
:10805000904238BF02462046ADF80620FFF73AFAB4
:108060000025C2E620468021FFF702FE20460021BF
:10807000FFF7FEFD0025B8E62046FFF739FA002598
:10808000B3E621B3606888422ED12046FFF730FA6C
:108090000025AAE620468021FFF7EAFD20460021C0
:1080A000FFF7E6FD29782046FFF7D0F903259CE687
:1080B00020468021FFF7DCFD204600210025FFF748
:1080C000D7FD92E62046FFF713FA00258DE6022041
:1080D00084F89C026160204600210025FFF7B6F974
:1080E0002046FFF705FA80E6C1B22046FFF7AEF959
:1080F000297820466160FFF729FE00283ED005461A
:1081000020468021FFF7B4FD20460021FFF7B0FD97
:1081100021792046FFF79AF9022084F89C0264E650
:10812000C5B284F89E0220462946FFF75FFD20462F
:10813000FFF7DEF9002D0CBF0120022084F89C021D
:10814000002552E62046FFF7D3F9032084F89C026D
:1081500000254AE6D4F8B40282686EE7D4F8B40287
:10816000C2686AE7D4F8B402026966E7D4F8B402D8
:10817000426962E7D4F8B40282695EE72046FFF7FD
:10818000B7F9002531E6000070B50E46097835795B
:1081900011F0600104460AD0402901D0202920D1E5
:1081A00020462946FFF75CF910B3002070BD7078B7
:1081B00058B3012842D0032871D194F89C020328B7
:1081C00040D1708840B915F07F0005D0F08818B90B
:1081D00020462946FFF74CFD2046FFF789F900208D
:1081E00070BD20468021FFF743FD204600215CE062
:1081F000D4F8B80282680020002AC4F8D402D4D08F
:1082000020463146BDE87040104794F89C02032890
:1082100023D0022808BF5FEA456040D105F07F0007
:1082200000EB800004EB800000F114012A0658BF27
:1082300000F5AA710020086020465CE094F89C02DA
:10824000032836D002282AD1680628D0204629469D
:10825000FFF70EFD2046802127E005F00F0101EB1E
:10826000810115F0800004EB810114BF898CB1F805
:108270006411A1B105F07F0101EB810104EB8101E3
:1082800001F11406002808BF01F5AA7668062ED071
:1082900020462946FFF7FEFB48B3012028E0204690
:1082A0008021FFF7E5FC20460021FFF7E1FC0020DC
:1082B00070BD708800287FF478AF680603D0204630
:1082C0002946FFF7DFFA2046FFF712F92046294634
:1082D000FFF7C6F800287FF468AFD4F8B8028268C8
:1082E0000020002AC4F8D4027FF48AAF5DE70020A2
:1082F0003060204631460222FFF7ECF8002070BDC6
:10830000B0B50D460978044611F0600118BF402948
:1083100013D194F89C020138022803D8A88810F0E1
:10832000FE0F17D020468021FFF7A2FC2046002137
:108330000025FFF79DFC2846B0BD2029E9D0204646
:108340008021FFF795FC204600210025FFF790FCD7
:108350002846B0BDC1B22046FFF784F808B103201B
:10836000B0BDD4F8B8028268002AF8D00020C4F862
:10837000D402204629469047E9880546002908BFCF
:10838000002DE5D12046FFF7B3F80020B0BD000076
:108390007047000041F2FC60C2F20000704700002C
:1083A00080B54B780A78012B02F00F031CD14FF0F7
:1083B000010CD0F81CE80CFA03F343EA0E03C0F8F2
:1083C0001C3800EB4210D0F800391B042BD4CB68CA
:1083D00000F5106091F804C001686FF3DF2343EAF1
:1083E0008C4341EA825118E04FF4803CD0F81CE8FD
:1083F0000CFA03F343EA0E03C0F81C3800EB4210FA
:10840000D0F8002B12040ED4CA6800F53060097948
:108410006FF3DF22036842EA8141194341F0805142
:1084200041F400410160002080BD00000146D0F809
:10843000000940F2FF729043C1F80009D1F8040826
:1084400040F480720020C1F80428704782B004997B
:10845000DDF808C0012940F64051C0F203016FD198
:10846000826B4FF6BF7322F480328263C268CFF60C
:10847000BD731A40C260C2680B9B22F44012012BEC
:10848000C26003D1C26842F48012C260002200922E
:10849000009A01320092009A8A4200F2A980026991
:1084A000002A1ED4009A01320092009A8A4200F2F9
:1084B0009F800269002A14D4009A01320092009A27
:1084C0008A4200F295800269002A0AD4009A013299
:1084D0000092009A8A4200F28B800269B2F1FF3F5B
:1084E000D6DC00220092026942F001020261009A89
:1084F00001320092009A8A427AD80269D2071AD0D1
:10850000009A01320092009A8A4271D80269D20719
:1085100011D0009A01320092009A8A4268D802690A
:10852000D20708D0009A01320092009A8A425FD89E
:108530000269D207DBD10021BCF1010F71D168E0E3
:10854000C268089B42F04002C26000220192019A78
:1085500001320192019A8A424FD80269002A1BD443
:10856000019A01320192019A8A4246D80269002A90
:1085700012D4019A01320192019A8A423DD80269CD
:10858000002A09D4019A01320192019A8A4234D810
:108590000269B2F1FF3FDADC00220192026942F087
:1085A00001020261019A01320192019A8A4224D8A1
:1085B0000269D2071AD0019A01320192019A8A42C5
:1085C0001BD80269D20711D0019A01320192019A97
:1085D0008A4212D80269D20708D0019A0132019268
:1085E000019A8A4209D80269D207DBD1002105E04D
:1085F0000321BCF1010F14D10BE00321826B002B8E
:1086000014BF22F4803242F480328263BCF1010F45
:1086100007D1826842F006028260826842F020023E
:108620008260084602B0704780B54B780A78012B0B
:108630002AD100EB4211D1F8003947F6000CCEF6F2
:10864000334C01F51061002B4FF0010E07D50B687C
:1086500043F000630B600B6843F080430B6002F053
:108660000F02D0F83C380EFA02F29343C0F83C38BF
:10867000D0F81C3823EA0202C0F81C28086800EA77
:108680000C0200200A6080BD00EB421303F530614C
:10869000D3F800EB47F60003CEF6334303F1707CCA
:1086A000BEF1FF3F4FF4803ED9DCD0E70146D0F861
:1086B000000E20F00300C1F8000ED1F8040820F0ED
:1086C00002020020C1F80428704700000146D0F8DB
:1086D000000E20F00300C1F8000ED1F8040840F0AD
:1086E00002020020C1F80428704700002DE9F04F75
:1086F00083B0DDF84CE00E9F0022BEF1000FC0F801
:108700000421C0F80821C0F80C21C0F81021C0F8DD
:108710001421C0F81821C0F81C21C0F82021C0F88D
:108720002421C0F82821C0F82C21C0F83021C0F83D
:108730003421C0F83821C0F83C2106D0826B00F506
:10874000006A42F40012826313E0D0F8042800F5B6
:10875000006A42F00202C0F80428826B22F4001280
:108760008263026842F040020260066846F08006BA
:1087700006600026C0F8006EDAF80060012FCAF823
:10878000006006D1DAF80070002B18BF47F001072F
:1087900003E0DAF8003043F00307DDF83090DDF84D
:1087A0003C8040F64055C0F203050023CAF8007033
:1087B0000193019B01330193019BAB4249D80369AB
:1087C000002B1BD4019B01330193019BAB4240D88A
:1087D0000369002B12D4019B01330193019BAB422F
:1087E00037D80369002B09D4019B01330193019B06
:1087F000AB422ED80369B3F1FF3FDADC00230193CB
:108800004FF484630361019B01330193019BAB42ED
:108810001FD803699B061AD5019B01330193019B65
:10882000AB4216D803699B0611D5019B0133019316
:10883000019BAB420DD803699B0608D5019B013310
:108840000193019BAB4204D803699B06DBD400244F
:1088500000E0012400230293029B01330293029B58
:10886000AB4247D80369002B1BD4029B0133029310
:10887000029BAB423ED80369002B12D4029B01330A
:108880000293029BAB4235D80369002B09D4029BAB
:1088900001330293029BAB422CD80369B3F1FF3F33
:1088A000DADC0023029310230361029B013302935D
:1088B000029BAB421ED80369DB061CD5029B013329
:1088C0000293029BAB4215D80369DB0613D5029BCA
:1088D00001330293029BAB420CD80369DB060AD535
:1088E000029B01330293029BAB4203D80369DB0670
:1088F000DBD400E001244FF0000B0029CAF810B0CF
:10890000CAF814B0CAF81CB000F0FC8000F510677B
:108910003B684FF0006505EA13134FF67F324E1E99
:108920003B60C7F810B0BA6073D08B1E032B06F003
:108930000302009403D22024002A42D162E026F0F0
:1089400003034FF0000E4FF090484FF67F3C4FF07E
:10895000000900BF00EB0904D4F82059043B08EAE1
:10896000E575C4F82059C4F830E9C4F828C9D4F82A
:10897000405909F1800908EAE575C4F84059C4F87E
:1089800050E9C4F848C9D4F8605908EAE575C4F854
:108990006059C4F870E9C4F868C9D4F8805908EA85
:1089A000E575C4F88059C4F890E9C4F888C9D1D1F4
:1089B00009F12004DDF84CE0DDF83C80DDF8309072
:1089C00002B33D594FF0904C0CEAE5753B193D510F
:1089D00000244FF67F37012A1C619F6012D01D6A68
:1089E000022A0CEAE5751D621C639F620AD01F6CA7
:1089F0004FF0904505EAE7771F6400271F654FF6A3
:108A00007F379F64009C00294FF67F324FF000654E
:108A100078D0D0F8003B002E05EA1313C0F8003BD5
:108A20004FF00003C0F8103BC0F8082B6AD00239A1
:108A3000032906F0030C04D22023BCF1000F3CD123
:108A400060E0009426F0030300274FF090464FF6B5
:108A50007F3400214518D5F8202B043B06EAE2724A
:108A6000C5F8202BC5F8307BC5F8284BD5F8402B2E
:108A700001F1800106EAE272C5F8402BC5F8507B8F
:108A8000C5F8484BD5F8602B06EAE272C5F8602BB2
:108A9000C5F8707BC5F8684BD5F8802B06EAE27202
:108AA000C5F8802BC5F8907BC5F8884BD2D1009CC7
:108AB00001F12003BCF1000F24D000F53062D6583C
:108AC0004FF0904707EAE676D118D65000264FF6C9
:108AD0007F33BCF1010F0E618B6013D00A6ABCF1C9
:108AE000020F07EAE2720A620E638B620AD00A6C16
:108AF0004FF0904303EAE2720A6400220A654FF6DF
:108B00007F328A64DAF81010B9F1000F21F4807115
:108B1000CAF810106FF08041C0F818B0416103D15D
:108B2000816941F010018161816943F60002C8F258
:108B30003C021143B8F1000F816103D0816941F01B
:108B400008018161BEF1010F05D1816941F08041C9
:108B500041F004018161204603B0BDE8F08F0000C0
:108B60000146806820F0010200208A607047000002
:108B7000F0B54B7891F800C0012B22D18C6900EB45
:108B80004C1E00264FF6FF75DEF81079CFF6F8760A
:108B9000CEF207050EF51063DCB33E401E611E6980
:108BA0002E401E61CE6805F10055B44284BF8E612F
:108BB00034461E69254046F400261E611E69354371
:108BC00032E000EB4C13D3F8100B6FF31200C3F834
:108BD000100BD3F8107B4FF6FF706FF3DC47C3F830
:108BE000107B8F69CE68002F03F5306318BF8E614C
:108BF000CE611F69CEF2070047F400271F6100F124
:108C000000501F6930403843012A186113D10869A8
:108C10000EE007EA05041C611C6944F400241C6191
:108C20001C6904EA06050024012A1D610AD148696D
:108C3000002818BF58614FF00441186808431860B5
:108C40000020F0BDDEF80019002C41F00441CEF800
:108C50000019F5D00CF00F01012202FA01F100F623
:108C60003403EAE7D0F840C043F20B03C4F6547370
:108C70009C4503D3D0F8003B002B1ED40023C0F842
:108C8000103BD0F8103B012943F40023C0F8103BFF
:108C9000D0F8103B43F01803C0F8103BD0F8103B5D
:108CA00043F0C043C0F8103B07D1C0F8142BD0F8F4
:108CB000001B41F08021C0F8001B0020704700001D
:108CC0004B780A78012B00EB42100DD1D0F8002927
:108CD00022F40012C0F80029097901F0FE010229EE
:108CE00013D100F510600CE0D0F8002B22F4001234
:108CF000C0F8002B097901F0FE01022905D100F529
:108D00003060016841F08051016000207047000030
:108D10004B780A78012B00EB421006D1D0F80019ED
:108D2000002900F5106106D50AE0D0F8001B0029E3
:108D300000F5306104D41AB1086820F08040086062
:108D4000086840F4001200200A607047F0B54B78C4
:108D500091F800C0012B35D1D1F818E000EB4C148C
:108D600000254FF6FF76D4F81079CFF6F875CEF2DD
:108D70000706BEF1000F04F510634DD03D401D61A4
:108D80001D6935401D61CD681F690EEB0506013E6A
:108D9000B6FBF5F50026C1F6F87606EAC5453D4373
:108DA0001D6175461E696FF3DF4535431D610D7901
:108DB000012D3AD11D6925F0C0451D611D6945F0A1
:108DC000005531E000EB4C13D3F8107B4FF6FF7CDD
:108DD0006FF31207C3F8107BD3F8107BC0F2070CB7
:108DE0006FF3DC47C3F8107B8F69CE68002F03F563
:108DF000306348D03744013FB7FBF6F7BDB26E434E
:108E0000CE610025C1F6F8751C6905EAC7472743FE
:108E100006EA0C061F613DE03E401E611E6946F4F5
:108E200000261E611E6935401D61012A12D14A6962
:108E3000002A18BFC4F814290979012942D1D0F8B1
:108E40000818D4F80009C9054CBF40F0805040F024
:108E5000005036E000F510634FEA4C141D5945F000
:108E600004451D510D79012D33D1D0F80858E6582D
:108E7000ED054FF0805558BF4FF000553543E55094
:108E800092B30020F0BD1F6906EA0C0637431F614C
:108E90004FF400261F69012A47EA06071F6103D124
:108EA0000A69002A18BF5A61097901290AD1D0F844
:108EB00008081968C0054FF0805058BF4FF00050A7
:108EC000084318604FF004411868084318600020F8
:108ED000F0BDBEF1000FD4D00CF00F01012202FA58
:108EE00001F100F63403EFE75FEA0E42C9D0032335
:108EF00013FA8EF64FF0FF33096903EB960300F582
:108F000080504FEA0C32032BC6F381030ED3B7080F
:108F100027F003040F68043C17504F6817508F6800
:108F20001750CF6801F110011750F3D1002BA8D0D2
:108F30000F68012B1750A4D04F68022B1750A0D0F8
:108F4000896811500020F0BD81B0002200924A785B
:108F5000012A3BD10A7800F5106152018858B0F11E
:108F6000FF3F3BDC505842F2107340F0006050501D
:108F7000505840F0804050500098013000900098C8
:108F8000984263D85058B0F1FF3F27DC0098013079
:108F900000900098984259D85058B0F1FF3F1DDC1E
:108FA000009801300090009898424FD85058B0F186
:108FB000FF3F13DC0098013000900098984245D89C
:108FC000505800284FF00000D6D43DE00A7800F554
:108FD000306152018858B0F1FF3F02DD002001B03E
:108FE0007047505842F2107340F000605050505893
:108FF00040F0804050500098013000900098984216
:1090000024D85058B0F1FF3FE8DC009801300090C0
:10901000009898421AD85058B0F1FF3FDEDC009813
:10902000013000900098984210D85058B0F1FF3F9E
:10903000D4DC0098013000900098984206D850582F
:1090400000284FF00000D6D401B07047012001B0D5
:10905000704700000146806840F0010200208A60ED
:109060007047000081B040F64052C0F20302002376
:109070000093009B01330093009B93424AD80369FD
:10908000002B1BD4009B01330093009B934241D8DB
:109090000369002B12D4009B01330093009B934281
:1090A00038D80369002B09D4009B01330093009B3F
:1090B00093422FD80369B3F1FF3FDADC8901002323
:1090C0002031009301610099013100910099914292
:1090D00020D8016989061AD50099013100910099BB
:1090E000914217D80169890611D500990131009183
:1090F000009991420ED80169890608D5009901317D
:1091000000910099914205D801698906DBD40020BD
:1091100001B07047032001B070470000D0F8080884
:1091200000F0060180074FF0020058BF0F20002911
:1091300008BF084670470000406900F00100704712
:10914000D0F81818D0F81C08084080B2704700000A
:10915000D0F81818D0F81C080840000C7047000020
:10916000D0F810C8D0F8343801F00F0223FA02F218
:10917000D20100EB4110D2B2D0F8080942EA0C014A
:109180000840704700EB4111D1F8081BD0F81408D3
:1091900008407047416980690840704710B59308DE
:1091A00002F0030E2BD05A1E032A03F0030C0FD338
:1091B00023F003034FF480528458043B0C6084581E
:1091C0004C6084588C608458CC6001F11001F3D15C
:1091D000BCF1000F13D04FF4805284580B46BCF101
:1091E000010F43F8044B04D11946BEF1000F09D119
:1091F0001DE08258BCF1020F4A601AD10831BEF15D
:10920000000F14D04FF4805280580A46BEF1010F6F
:1092100002F8010B04BF104610BD020ABEF1020F96
:109220004A7004BF881C10BD000C887003310846CA
:1092300010BD4FF4805282588A600C31BEF1000F8D
:10924000E0D1F4E7B0B50446C06820F0C040E0606B
:1092500091B1012926D1E068002540F00050E0607E
:109260000120F8F761F96069C00705F1010014D128
:10927000312D0546F4D310E0E068002540F0804031
:10928000E06000BF0120F8F74FF96069C00705F101
:10929000010002D0312D0546F4D33238B0FA80F007
:1092A0004009B0BD0120B0BD0246D0F8000801F071
:1092B0007F0120F4FE60C2F80008D2F8000840EAFE
:1092C00001110020C2F8001870470000022A02466F
:1092D0000DD145F24030CFF6277043F200530844D9
:1092E000C0F20C0398420DD24FF4705001E04FF4DD
:1092F0001050D16821F47051D160D1680143002031
:10930000D160704741F64060CFF61B7044F24023B5
:109310000844C0F20F03984202D24FF46050E8E7CD
:10932000A1F5740044F68073A0F51050C0F212034A
:10933000984202D24FF45050DBE7A1F183704DF216
:109340002063A0F5E740C0F21303984202D24FF425
:109350004050CEE74BF26060CFF6E5604EF26033EE
:109360000844C0F21603984202D24FF43050C0E7CE
:109370004DF20030CFF6CE6047F240730844C0F2A1
:109380001B03984202D24FF42050B2E745F6C0309A
:10939000CFF6B36049F2C0130844C0F221039842EB
:1093A00002D24FF41050A4E7A1F1B77047F2205356
:1093B000A0F55850C0F23803984202D24FF4005042
:1093C00097E745F2E040CFF6596049F6E0430144A3
:1093D000C0F241034FF4C050994238BF4FF4E050FF
:1093E00087E7000010B5DDF808C0BCF1000F01D020
:1093F000002010BD002BFBD003F1030E4FF0FF3314
:1094000003EB9E0300F580541203032BCEF3810C73
:1094100010D34FEA9E0323F0030300BF0868043B08
:1094200010514868105188681051C86801F1100146
:109430001051F3D1BCF1000FDAD00868BCF1010F74
:109440001051D5D04868BCF1020F10511CBF88687C
:109450001051002010BD0000FEE7000082B043F272
:10946000A04413251226C2F2000400BF02F0E8FA5D
:10947000204640F201111022112300960195FDF7BC
:1094800079FB022001F0AEFCF0E70000F5EE400AA7
:10949000F1EE10FA4FDD80EE200AB1EE402AB5EE73
:1094A000400AB0EE401AF1EE10FAB8BFB0EE421A20
:1094B000B7EE002AB4EE421AF1EE10FA40F39780AC
:1094C00082EE011A9FEDF42A9FEDF43A21EE022A72
:1094D00032EE032A9FEDF23A21EE022A32EE032AFF
:1094E0009FEDF03A21EE022A32EE032A9FEDEE3A8A
:1094F00021EE022A32EE032A9FEDEC3A21EE022AF7
:1095000032EE032A9FEDEA3A21EE022A32EE032AD6
:109510009FEDE83A21EE022A32EE032A9FEDE63A69
:1095200021EE022A32EE032A9FEDD03A21EE021AF2
:1095300031EE031A8FE0F5EE400AF1EE10FA80F2F8
:109540009880B5EE400AF1EE10FA40F39F8080EE6D
:10955000200AB1EE402AB5EE400AB0EE401AF1EE14
:1095600010FAB8BFB0EE421AB7EE002AB4EE421AB3
:10957000F1EE10FA40F3EB8082EE011A9FEDC62A5D
:109580009FEDC63A21EE022A32EE032A9FEDC43A3D
:1095900021EE022A32EE032A9FEDC23A21EE022A80
:1095A00032EE032A9FEDC03A21EE022A32EE032A60
:1095B0009FEDBE3A21EE022A32EE032A9FEDBC3A1D
:1095C00021EE022A32EE032A9FEDBA3A21EE022A58
:1095D00032EE032A9FEDB83A21EE022A32EE032A38
:1095E0009FEDA23A21EE021A31EE031AE3E09FED5D
:1095F000A12A9FEDA13A21EE022A32EE032A9FED25
:109600009F3A21EE022A32EE032A9FED9D3A21EE87
:10961000022A32EE032A9FED9B3A21EE022A32EE15
:10962000032A9FED993A21EE022A32EE032A9FED9A
:10963000973A21EE022A32EE032A9FED953A21EE67
:10964000022A32EE032A9FED933A21EE022A32EEED
:10965000032A21EE021AB5EE400AB1EE412AF1EEDC
:1096600010FAB8BFB0EE421A80ED001A002040B2E6
:109670007047F5EE400AF1EE10FA65D1B5EE400AFA
:10968000F1EE10FA58DD9FED791AEDE7B5EE400ADC
:10969000F1EE10FA80F29D8080EE200AB1EE402AB1
:1096A000B5EE400AB0EE401AF1EE10FAB8BFB0EED7
:1096B000421AB7EE002AB4EE421AF1EE10FA40F365
:1096C000938082EE011A9FED742A9FED743A21EE89
:1096D000022A32EE032A9FED723A21EE022A32EE7E
:1096E000032A9FED703A21EE022A32EE032A9FED03
:1096F0006E3A21EE022A32EE032A9FED6C3A21EEF9
:10970000022A32EE032A9FED6A3A21EE022A32EE55
:10971000032A9FED683A21EE022A32EE032A9FEDDA
:10972000663A21EE022A32EE032A9FED503A21EEEC
:10973000021A31EE031A8BE0B5EE400AF1EE10FA90
:1097400002DA9FED4B1A8FE7FC2040B270479FED85
:10975000492A9FED493A21EE022A32EE032A9FED73
:10976000473A21EE022A32EE032A9FED453A21EED6
:10977000022A32EE032A9FED433A21EE022A32EE0C
:10978000032A9FED413A21EE022A32EE032A9FED91
:109790003F3A21EE022A32EE032A9FED3D3A21EEB6
:1097A000022A32EE032A9FED3B3A21EE022A32EEE4
:1097B000032A21EE021AB5EE400A9FED410AB1EEEE
:1097C000412AF1EE10FAB8BFB0EE421A31EE001A9B
:1097D0004AE740F6DB7210EE101AC4F2490262F357
:1097E0001E0101EE101A3FE79FED222A9FED223A5B
:1097F00021EE022A32EE032A9FED203A21EE022AC0
:1098000032EE032A9FED1E3A21EE022A32EE032A9F
:109810009FED1C3A21EE022A32EE032A9FED1A3AFE
:1098200021EE022A32EE032A9FED183A21EE022A97
:1098300032EE032A9FED163A21EE022A32EE032A77
:109840009FED143A21EE022A32EE032A21EE021A8B
:10985000B5EE400A9FED190AB1EE412AF1EE10FA79
:10986000B8BFB0EE421A31EE001AFDE6DB0FC93F79
:10987000DB0FC9BFA59204BDE745093E08B732BE5C
:10988000EBFCA9BC3C695D3E435690BBE565AABEB6
:10989000C90CC0B70100803FA592043DE74509BE51
:1098A00008B7323EEBFCA93C3C695DBE4356903B99
:1098B000E565AA3EC90CC037010080BFDB0F49C077
:1098C000DB0F49409FED211A9FED212A20EE010A6E
:1098D000B5EE001A30EE010ABDEEC01A11EE100A04
:1098E000B5EE400AF1EE10FAB8BF013801EE100AE9
:1098F000B8EEC11A30EE410A20EE020ABDEEC01ADF
:109900009FED142A11EE100A410A30EE021A4CF6AD
:1099100064111CBF0020B0EE410AC0F6000101EE48
:10992000100A01EB8001B8EE411A30EE410A91EDC8
:10993000001A91ED012AB7EE003A33EE403A20EEDC
:10994000020A23EE011A31EE000A704783F9223E23
:1099500000000044000000C410B503880C88A34236
:1099600026D1B0F802C04C88A44521D11488A34266
:109970001ED15488A4451BD10CFB03F4DCB3406812
:109980004968D2F804E014F00302A4F1010C2FD0CE
:1099900090ED000A91ED001A012A30EE010A8EEDD9
:1099A000000A08D1043004310EF1040E64461FE0B1
:1099B000FD2358B210BD90ED010A91ED011A022A63
:1099C00030EE010A8EED010A05D1083008310EF1A2
:1099D000080E023C0CE090ED020A91ED021A0C30E8
:1099E00030EE010A0C318EED020A0EF10C0E033C32
:1099F000BCF1030F02D2002358B210BDA0F1100237
:109A0000AEF110001039002392ED040A91ED041A12
:109A1000043C30EE010A80ED040A92ED050A91ED56
:109A2000051A30EE010A80ED050A92ED060A91ED65
:109A3000061A30EE010A80ED060A92ED070A91ED52
:109A4000071A02F1100230EE010A80ED070A00F158
:109A5000100001F11001D7D158B210BD0180428031
:109A6000436070472DE9F04F81B02DED028B9EB021
:109A7000B0F80080428890453DD11D920B884A88FD
:109A800093424FF0FD0208BF984535D140689FEDE5
:109A9000ED8AB8F1000F019000F0FD83D1F8049039
:109AA0004FF07E50B8F10105C9F80000CDF81480E0
:109AB000CDF8309000F001816FF0030000EB8804D6
:109AC00009F104002146F6F7D9FC002009EB8806CD
:109AD00049F828004FF07E50B8F1020A46F8040F0A
:109AE00000F0E780A8F1030003280AF0030B0AD274
:109AF00001211C919CE0FD2250B21EB0BDEC028BF6
:109B000001B0BDE8F08F2AF003001590102000EBA3
:109B10000810139008EB8800870008EB48004FEA14
:109B200088014FEA08138000DDF83090CDE910B4C9
:109B30004FEAC8041C90A1F11405081D0022142648
:109B400014931B930B461290169100BF09EB030070
:109B5000CDE9197400F1080705F10C013846CDE98B
:109B60001732F6F78BFCA6F10C0109EB0400F6F7AF
:109B700085FC16984FF07E5107EB000B395005F12C
:109B800008010BF1040054464FF07E58F6F776FCBE
:109B90001C98A6F108014844F6F770FCDDF848A0CF
:109BA000291D0BEB0A07381D4BF80A80A046F6F773
:109BB00065FCDDF86CB0311F09EB0B00F6F75EFCBD
:109BC00007EB0A044FF07E5047F80A00199F201D4A
:109BD0002946F6F753FC09EB07003146F6F74EFC31
:109BE000DDE9173213994FF07E5044F80A001A9CB1
:109BF00014980B441C990444074483440144159869
:109C00000432A8F1040A10369042A5F11005CDF8EF
:109C10006CB01C919AD10599DDF83090D04345186D
:109C200009EB0300DDE910B48846061D501C1C90AA
:109C3000BBF1000F3DD01C9F301DA4EB8701F6F750
:109C40001DFC06EB85050137B9002846F6F716FC22
:109C50004FF07E56BBF1010F45F8276029D005EB88
:109C60008705281DA4EB8701F6F708FC1C9805EB77
:109C70008A05871CB9002846F6F700FCBBF1020FE5
:109C800045F8276015D005EB8705281DA4EB870153
:109C9000AAF10106F6F7F2FB1C990C2005EB8606EB
:109CA00000EB810530462946F6F7E8FB4FF07E5081
:109CB0007051B8F1000F00F0EE821D9BA8F1040571
:109CC000981E1390581E1C90D81E109018010490D6
:109CD000042000EB8300029003EB43008000079018
:109CE000D8000890019803F00302014600214FEAD2
:109CF000830C4FF0000A069101460B90CDF80CC082
:109D000016E000BF119F02980B99099B0A9D04372A
:109D10000144DDF81480DDF83090DDF80CC0013B23
:109D20000AF1010AA5F101050B91394600F0B5824F
:109D30001D9811910AFB00F001EB800696ED000AD8
:109D40001399B5EE400AA1EB0A01F1EE10FA09EB06
:109D5000800E19911B96CDE9093544D1A8EB0A0074
:109D6000022839D31D996FEA0A000B9B084401278A
:109D7000002103EB0C0494ED001AB5EE401AF1EE4D
:109D800010FA40F0EC81AE1C26D0089E9C1994ED90
:109D9000001AB5EE401AF1EE10FA40F0E4816E1CA4
:109DA0001AD0079E9C1994ED001AB5EE401AF1EEF8
:109DB00010FA40F0DA817DB1049E334493ED001A2D
:109DC000B5EE401AF1EE10FA40F0D481043D614442
:109DD000EE1C07F10407CCD10698012840F0A382BD
:109DE00001201B9E06901D991C98A1EB0A0396ED7D
:109DF000008A1946A0EB0A005D1E4FF07E511A93AF
:109E000031604BD010F003010CD096ED010A371DE4
:109E100080EE080A012986ED010A06D11A99023955
:109E20001CE000BF2946374618E097ED010A3E1DA9
:109E300080EE080A022987ED010A05D11A993746F2
:109E400003390BE00000000096ED010A1A9980EE3C
:109E5000080A371D043986ED010A00BF199E032E3A
:109E60001CD3103F97ED050A97ED061A97ED072AC8
:109E700097ED083A80EE080A81EE081A82EE082A69
:109E800083EE083A043987ED050A87ED061A87ED57
:109E9000072A87ED083A07F11007E3D11D997746A5
:109EA00002B39EED000A0EF1040780EE080A012AB3
:109EB0008EED000A02D11C9914E000BF97ED000A54
:109EC0003E1D80EE080A022A87ED000A02D113998E
:109ED000374607E096ED000A109980EE080A371D14
:109EE00086ED000A1C9E032E1CD3103F97ED040A3A
:109EF00097ED051A97ED062A97ED073A80EE080AC6
:109F000081EE081A82EE082A83EE083A043987EDBA
:109F1000040A87ED051A87ED062A87ED073A07F14F
:109F20001007E3D11B9EC446311D17911A99DDF825
:109F300030808B1E159306F108031493CB1E043951
:109F40000D910EF1040118910EF1080116910EF118
:109F50000C011291119900F003000F9306F10C030C
:109F60004FF000090E930DE01A9B01EB83041D993D
:109F700008EB810804EB8A01BCF1010C09F101092D
:109F80003FF4C0AED145EFD091ED008A96ED001AB6
:109F9000734628EE011A9646B1EE480A38EE411A89
:109FA0000C1D002D81ED001A68D0AB4690B3179EB2
:109FB00091ED012A96ED001A012820EE011A31EEEA
:109FC000021A81ED011A04D1DDF854B001F1080440
:109FD00020E0149E91ED022A96ED001A022820EE50
:109FE000011A31EE021A81ED021A04D1DDF83CB0FB
:109FF00001F10C040EE00E9E91ED032A96ED001A7D
:10A00000DDF834B020EE011A31EE021A01F110042D
:10A0100081ED031A1999032930D3002172186718AA
:10A0200092ED011A97ED002A20EE011A31EE021A84
:10A0300087ED001A92ED021A97ED012A20EE011A1F
:10A0400031EE021A87ED011A92ED031A97ED022AFA
:10A0500020EE011A31EE021A87ED021A92ED041A6F
:10A0600097ED032A20EE011A31EE021ABBF1040B20
:10A0700001F1100187ED031AD0D10C447246BEF1F4
:10A08000000F11D093ED001A98ED002A20EE011A6E
:10A090009E4631EE021A012A88ED001A08D11C9959
:10A0A000189E08F1040825E01D999E461E4621E0F1
:10A0B000189998ED012A91ED001A022A20EE011A52
:10A0C00031EE021A88ED011A04D11399169E08F197
:10A0D00008080FE0169998ED022A91ED001A1099E0
:10A0E00020EE011A31EE021A129E88ED021A08F1D2
:10A0F0000C0800BF1C9F032F2FD3103E96ED041AAF
:10A1000098ED002A20EE011A31EE021A88ED001AAD
:10A1100096ED051A98ED012A20EE011A31EE021A89
:10A1200088ED011A96ED061A98ED022A20EE011A22
:10A1300031EE021A88ED021A96ED071A98ED032AFD
:10A1400020EE011A31EE021A08F11007103688EDE0
:10A15000031A0439B846D1D1B8461B9E0AE71D99A7
:10A1600007FB01FC08E0791C00E0B91C1D9B01FB0A
:10A1700003FC01E08C441C461B99002884ED000A76
:10A1800081ED001A45D010F003030ED0DDF86C808D
:10A19000264656F8045F58F8047F012B3760C8F84C
:10A1A000005005D10138344617E0DDF86C8014E02A
:10A1B000264656F8085F58F8047F022B3760C8F827
:10A1C000005002D10238344607E054F80C3F58F8EA
:10A1D000045F03382560C8F800301999032918D3A3
:10A1E000002300BFE51808EB0306776869686F6015
:10A1F0007160B168AF68A960B760F168EF68E96045
:10A20000F76031692F69043803F110032961376160
:10A21000E8D10EEB8C005AB1DEF8001007687346E7
:10A2200040F8041B012A43F8047B04D11C9913E075
:10A230001D99734610E01968076840F8041B022A4C
:10A2400043F8047B01D1139906E01968076840F8C8
:10A25000041B109943F8047BDDE91B67DDF81480CB
:10A26000032F01D20120BDE51038103B50F8107FBC
:10A2700053F8106F043906601F605F6846684760D6
:10A280005E609F68866887609E60DF68C668C7609A
:10A29000DE60EBD1A4E5002006900698002201289C
:10A2A0003FF42AACB5EE408AF1EE10FA7FF424AC0C
:10A2B0001D98002200FB08F070B30199434201F1A0
:10A2C0000807002117ED020AB5EE400AF1EE10FA78
:10A2D00023D15E18751C1DD017ED010AB5EE400A9A
:10A2E000F1EE10FA22D1B51C14D097ED000AB5EEAC
:10A2F000400AF1EE10FA1BD103360BD097ED010A9C
:10A30000B5EE400AF1EE10FA14D104315E1807F1EF
:10A310001007D7D1014600E00021814208BF6FF04D
:10A320000402FFF7E9BBFB22FFF7E6BB0131F4E7CC
:10A330000231F2E70331F0E72DE9F04F8DB0B0F8CC
:10A3400002B00B889B4540F0B381048813889C427F
:10A3500040F0B081B1F802A053889A4540F0AC813A
:10A3600045685068D1F804C006900AF001000590D5
:10A370000CEB8A00029000EB8A00019000EB8A004F
:10A380000090ABF10300ABF102010990AAF10100CA
:10A390009FEDCD0AABF101090BF003064FEA8A07E6
:10A3A0000A9104900CF104000021039008E000BF22
:10A3B0000799089C5144013C05EB8B0500F07E8118
:10A3C0000598CDE907140028069800EB810805D10F
:10A3D00061465346BAF1010FEAD05EE0BBF1000FCF
:10A3E000B0EE401A51D059462B466246B0EE401AA4
:10A3F000F6B195ED001A9CED002A012E21EE021A0D
:10A4000006D1029A2B1D4946B9F1030F13D23CE045
:10A41000029895ED012A90ED003A022E22EE032AD1
:10A4200032EE011A40F032810A99019A05F10803CF
:10A43000B9F1030F29D3A3F1100000BF92ED002A58
:10A4400090ED043A3A4490ED054A23EE022A92ED4B
:10A45000003A3A4490ED065A32EE011A24EE032AED
:10A4600092ED003A3A4490ED076A32EE011A25EE79
:10A47000032A92ED003A32EE011A26EE032A10303A
:10A4800032EE011A04393A44D8D1DDE90313A8ECBD
:10A49000011ABAF1010F3FF48BAF05F108002A1D34
:10A4A0000C9005F10C000B900BE000BF023BAAEBF7
:10A4B000030088ED011A08F108080CEB80013FF455
:10A4C00077AFBBF1000FB0EE401A67D086B195EDC3
:10A4D000001A91ED002A012E21EE021A01EB8A01E9
:10A4E0000ED1CE461446B9F1030F2DD256E000BF6F
:10A4F000DE462C46B0EE401AB9F1030F24D24DE0EF
:10A5000092ED002A91ED003A022E22EE032A32EE5D
:10A51000011A01EB8A0106D1DDF828E00C9CB9F1A3
:10A52000030F11D23AE00C9891ED003A90ED002A19
:10A53000DDF824E022EE032A0B9C32EE011A01EB37
:10A540008A01B9F1030F29D3A4F1100091ED002A7B
:10A5500090ED043A394490ED054A23EE022A91ED3C
:10A56000003A394490ED065A32EE011A24EE032ADD
:10A5700091ED003A394490ED076A32EE011A25EE6A
:10A58000032A91ED003A32EE011A26EE032A10302A
:10A5900032EE011ABEF1040E3944D7D188ED001A0B
:10A5A000BBF1000FB0EE401A3FF480AFAAEB0300FE
:10A5B0000CEB800000F1040186B195ED001A91EDDD
:10A5C000002A012E21EE021A01EB8A010FD14C461E
:10A5D0001046B9F1030FFFF469AF2DE05C46284641
:10A5E000B0EE401AB9F1030FFFF460AF24E092ED32
:10A5F000002A91ED003A022E22EE032A32EE011AD1
:10A6000001EB8A0106D10A9C0C98B9F1030FFFF403
:10A610004DAF11E00C9891ED003A90ED002A099CA5
:10A6200022EE032A0B9832EE011A01EB8A01B9F1EE
:10A63000030FFFF43BAF00BF103800BF91ED002ABD
:10A6400090ED043A394490ED054A23EE022A91ED4B
:10A65000003A394490ED065A32EE011A24EE032AEC
:10A6600091ED003A394490ED076A32EE011A25EE79
:10A67000032A91ED003A32EE011A26EE032A103039
:10A6800032EE011A043C3944D8D10FE7019895ED18
:10A69000022A90ED003A099922EE032A009A05F168
:10A6A0000C0332EE011AB9F1030FBFF4C4AEECE6AD
:10A6B000FD2004E0FD2002E0FD2000E0002040B28B
:10A6C0000DB0BDE8F08F00BF0000000010B503889A
:10A6D0000C88A34226D1B0F802C04C88A44521D1F1
:10A6E0001488A3421ED15488A4451BD10CFB03F44B
:10A6F000DCB340684968D2F804E014F00302A4F126
:10A70000010C2FD090ED000A91ED001A012A30EED5
:10A71000410A8EED000A08D1043004310EF1040E16
:10A7200064461FE0FD2358B210BD90ED010A91ED83
:10A73000011A022A30EE410A8EED010A05D10830D5
:10A7400008310EF1080E023C0CE090ED020A91ED8A
:10A75000021A0C3030EE410A0C318EED020A0EF175
:10A760000C0E033CBCF1030F02D2002358B210BD03
:10A77000A0F11002AEF110001039002392ED040A8E
:10A7800091ED041A043C30EE410A80ED040A92ED8A
:10A79000050A91ED051A30EE410A80ED050A92EDA9
:10A7A000060A91ED061A30EE410A80ED060A92ED96
:10A7B000070A91ED071A02F1100230EE410A80ED0E
:10A7C000070A00F1100001F11001D7D158B210BDF5
:10A7D0002DE9F04F83B0B0F800A04A88924529D106
:10A7E000B0F802B00A88934526D14B684568ABF1B2
:10A7F000010CBAF1010F0AF00100009021D10021F3
:10A80000009800284FF0000018BFBBF1000F14D0D3
:10A810001BF0030003EB810100F0C8802A4652F8C8
:10A82000043B01280B6001EB8A0140F0AE80E34657
:10A830001546BBE0FD2000E0FD2040B203B0BDE8BE
:10A84000F08FABF102002AF001060BF0030E02902C
:10A85000ABF103004FEA8A070021019004E000BF3A
:10A8600025460231B142CBD0BBF1000F10D0BEF172
:10A87000000F03EB81000DD02C4654F8042BBEF1E1
:10A88000010F026000EB8A0009D1624619E000BFA7
:10A890002C4632E05A46BCF1030F17D22DE06A680D
:10A8A000BEF1020F026000EB8A0003D1029A05F1AB
:10A8B000080406E0AA6805F10C040260019A00EBA6
:10A8C0008A002546BCF1030F17D300BF2C6800EBAC
:10A8D000070804606C6808EB0709C451A86805F113
:10A8E000100448F80700E86809EB070549F8070075
:10A8F000043A05EB07002546E8D1BBF1000FAFD0C5
:10A9000041F00100BEF1000F03EB80000AD02546A4
:10A9100055F8042BBEF1010F026000EB8A0006D14E
:10A92000624616E05A46BCF1030F9AD316E06268FD
:10A93000BEF1020F026000EB8A0003D1029A04F11B
:10A94000080506E0A26804F10C050260019A00EB1C
:10A950008A002C46BCF1030FFFF483AFB146984642
:10A960002568C31905606568DE19C551A06804F142
:10A970001005D851E068F319F051043A03EB0700D1
:10A980002C46EDD143464E466BE76A6802280A60C2
:10A9900001EB8A0103D10835ABF1020B06E0A86890
:10A9A0000C35086001EB8A01ABF1030BBCF1030F1E
:10A9B00001D2002041E7A5F110004FEA8A0200BF52
:10A9C00050F8103F8F180B604368BBF1040B8B509D
:10A9D000816807EB0203B950C16803EB0207995085
:10A9E00007EB0201ECD1002027E700002DE9F04140
:10A9F000F5F7C0FD8020F5F7C1FF5520F5F7BEFF44
:10AA00005520F5F7BBFFF5F7ADFD9620F5F7B4FE41
:10AA1000F5F7B0FD8020F5F7B1FF5520F5F7AEFF53
:10AA20005520F5F7ABFFF5F79DFD9620F5F7A4FE51
:10AA3000F5F7A0FD7E20F5F7A1FFB620F5F79EFF04
:10AA4000F5F790FD5020F5F7B1FDF5F793FD802067
:10AA5000F5F794FF5520F5F791FF5520F5F78EFF98
:10AA6000F5F780FD9620F5F787FEF5F783FD80204A
:10AA7000F5F784FF5520F5F781FF5520F5F77EFFA8
:10AA80000446F5F76FFD9620F5F776FE1E2C1CBFE9
:10AA9000FF20BDE8F0814DF276180026C0F60008D0
:10AAA000F5F768FD06EB460018F8005008EB0007C4
:10AAB0007C782846F5F762FF2046F5F75FFFF5F74B
:10AAC00051FD9620F5F758FEF5F754FD45F080004E
:10AAD000F5F754FF5520F5F751FF5520F5F74EFFD8
:10AAE0000546F5F73FFD9620F5F746FEA54205D150
:10AAF0000136062ED4D10020BDE8F081B878BDE83B
:10AB0000F0810000B0B5F5F747FD8020F5F736FF7E
:10AB10005520F5F733FFF5F737FD9620F5F72CFEB6
:10AB2000F5F73AFD8020F5F729FF5520F5F726FFC8
:10AB3000F5F72AFD9620F5F71FFEF5F72DFD1420F9
:10AB4000F5F71CFFB620F5F719FFF5F71DFD5020AE
:10AB5000F5F72CFDF5F720FD8020F5F70FFF5520C8
:10AB6000F5F70CFFF5F710FD9620F5F705FEF5F764
:10AB700013FD8020F5F702FF5520F5F7FFFE044690
:10AB8000F5F702FD9620F5F7F7FD0F2C1CBFFF200F
:10AB9000B0BDF5F701FD0F20F5F7F0FE0020002510
:10ABA000F5F7ECFEF5F7F0FC9620F5F7E5FDF5F787
:10ABB000F3FC8F20F5F7E2FE5520F5F7DFFE0446A3
:10ABC000F5F7E2FC9620F5F7D7FDDCBBF5F7E4FCE2
:10ABD0001020F5F7D3FE8220F5F7D0FEF5F7D4FC70
:10ABE0009620F5F7C9FDF5F7D7FC9020F5F7C6FEDE
:10ABF0005520F5F7C3FE0446F5F7C6FC9620F5F799
:10AC0000BBFD822C1DD1F5F7C7FC1120F5F7B6FE70
:10AC10000020F5F7B3FEF5F7B7FC9620F5F7ACFD8D
:10AC2000F5F7BAFC9120F5F7A9FE5520F5F7A6FE39
:10AC30000446F5F7A9FC9620F5F79EFD5CB10225C8
:10AC400000E001254DF2881105EB4500C0F600013A
:10AC500008448078B0BDF5F79FFC1520F5F78EFE0F
:10AC60008020F5F78BFEF5F78FFC9620F5F784FD35
:10AC7000F5F792FC9520F5F781FE5520F5F77EFE5D
:10AC80000446F5F781FC9620F5F776FD802C1DD162
:10AC9000F5F782FC1620F5F771FE0020F5F76EFE41
:10ACA000F5F772FC9620F5F767FDF5F775FC962031
:10ACB000F5F764FE5520F5F761FE0446F5F764FCF0
:10ACC0009620F5F759FD1CB10425BBE70325B9E72C
:10ACD000F5F762FC1820F5F751FE0120F5F74EFE5E
:10ACE000F5F752FC9620F5F747FDF5F755FC98204F
:10ACF000F5F744FE5520F5F741FE0446F5F744FC10
:10AD00009620F5F739FD012C04BF0020B0BD0525C4
:10AD100098E7000080B5FBF795F8FAF781F900BFD6
:10AD2000FAF796F8012000F05DF8F9E792B0F6F72F
:10AD300007FD002443F64000CDE90944CDE907446E
:10AD40000094C4F202000168022541F080510160C4
:10AD5000006800F080500090009847F200000094D6
:10AD6000C4F20000016841F440410160006800F451
:10AD7000404000900098012005904FF480300690EC
:10AD80004FF480000C9006200D90A820CDE90E0510
:10AD90000720CDE9100505A80B95F8F7F5F80F2069
:10ADA000CDE900054FF4A05003904FF4805004907B
:10ADB000684605210294F7F7ADFFFAF70BFFFAF7A3
:10ADC000B3FEFAF77DFFFAF7D3FFFAF78DFEFAF735
:10ADD000A1FFF5F7F3FDFAF7CBFE00F00BF800BF8B
:10ADE000FEE7000080B5002808BF012000F048FC05
:10ADF000002080BD80B500F0A5FC002080BD0000D3
:10AE0000B0B584B043698E4693B1846984B1058935
:10AE1000D0E9001C026928B2843D18BFC51CCDE9E9
:10AE2000005360467346029400F000FF04B0B0BDCA
:10AE30000589D0E90013028A28B2843D18BFC51CD9
:10AE400003AC184673460095019400F0BFFE0399C9
:10AE5000012818BF0021084604B0B0BD2DE9F04319
:10AE600081B0044600F044FB47F6F840C2F200000F
:10AE7000016843F6244601310160C2F200063168E0
:10AE800047F6C07743F63445C2F20007C2F2000528
:10AE900049B13868002851D13068E16AC06A8842F7
:10AEA00098BF34604AE034600068012846D12846E3
:10AEB00000F0C6FA05F1140000F0C2FA05F128000E
:10AEC00000F0BEFA05F13C0000F0BAFA05F15000BE
:10AED00000F0B6FA05F1640000F0B2FA05F178006E
:10AEE00000F0AEFA47F61058C2F20008404600F0F3
:10AEF000A7FA47F62459C2F20009484600F0A0FA22
:10AF000047F6AC70C2F2000000F09AFA47F6E07023
:10AF1000C2F2000000F094FA47F6CC70C2F20000D2
:10AF200000F08EFA43F62840C2F20000C0F800801C
:10AF300043F63040C2F20000C0F8009047F60450DB
:10AF4000C2F20000016847F6085201310160E06A70
:10AF5000C2F20002012113688140194300EB800016
:10AF6000116005EB8000211D00F0AAFA00F0E4FA60
:10AF7000386878B13068E16AC06A88420AD24EF611
:10AF80000450CEF200004FF080510160BFF34F8FAC
:10AF9000BFF36F8F01B0BDE8F083000047F6FC45BA
:10AFA00043F6344A4EF6045847F6E07747F6F8463B
:10AFB000C2F20005C2F2000ACEF200084FF080593A
:10AFC000C2F20007C2F2000603E000BF204600F014
:10AFD000CBFA2868C8B100F08BFAF868C468201D65
:10AFE00000F00EFA306801383060286801382860B7
:10AFF00000F0A2FA94F851000228EAD00128E5D026
:10B0000070B9206B00F0B0FAE0E7DAF8000002282F
:10B01000DFD3C8F80090BFF34F8FBFF36F8FD8E72F
:10B020004FF0500080F31188BFF36F8FBFF34F8F45
:10B03000FEE700002DE9F047DDE909878246386B1D
:10B04000089C00EB820004389946002920F007068E
:10B0500055D0087887F83400087800284BD0487815
:10B0600087F835004878002845D0887887F836007A
:10B07000887800283FD0C87887F83700C878D0B3E0
:10B08000087987F838000879A8B3487987F8390033
:10B09000487980B3887987F83A00887958B3C879B5
:10B0A00087F83B00C87930B3087A87F83C00087A03
:10B0B00008B3487A87F83D00487AE0B1887A87F883
:10B0C0003E00887AB8B1C87A87F83F00C87A90B154
:10B0D000087B87F84000087B68B1487B87F841000F
:10B0E000487B40B1887B87F84200887B00281CBFE2
:10B0F000C87B87F84300002087F8430002E0002067
:10B1000087F834000025381D062C28BF0624FC6271
:10B11000C7E9114500F0A0F907F1180000F09CF90B
:10B1200084F00700B861304651464A463F617F626D
:10B13000FD6487F8505000F04FF9B8F1000F386007
:10B1400018BFC8F80070BDE8F08700000848006824
:10B15000006880F308884FF0000080F3148862B61E
:10B1600061B6BFF34F8FBFF36F8F00DF00BF0000EA
:10B1700008ED00E081B00020009040F29C10C2F287
:10B18000000000684FF0500181F31188BFF36F8F0A
:10B19000BFF34F8F013007D0FEE700BF009830B9F2
:10B1A000009820B9009810B900980028F6D001B096
:10B1B000704700002DE9F041044600F035FB43F6EE
:10B1C0002C41C2F20001086847F60C58C2F2000890
:10B1D00030B198F80000002818BF4FF0004033E06D
:10B1E00044F2EC00C2F20000C31D23F0070310F08C
:10B1F0000702A0EB030718BF184647F6C473C2F254
:10B2000000030026C3E900064FF47053002A18BF5C
:10B2100007F57053C218083A22F007020A60C2E923
:10B2200000660B68121AC0E9003247F69470C2F249
:10B230000000026047F63850C2F2000002600120B0
:10B2400088F800004FF00040002C4FF0000500F09F
:10B25000B280204040F0AF8004F1100020F00702DF
:10B26000600708BF04F10802002A4FF0000500F053
:10B27000A28047F6385EC2F2000EDEF8000082427D
:10B2800000F2998047F6C473C2F20003186845685B
:10B29000954228D20468BCB106466568954218D22A
:10B2A0002768B7B17D68954216D23B68A3B15D6847
:10B2B000954214D21E6896B17568954212D23468D0
:10B2C0003046002CE9D10EE047F6C473C2F2000309
:10B2D00009E02046334606E03846234603E0184698
:10B2E0003B4600E030460F68B84212D0D3F800C0A9
:10B2F0000668AC1A112C1E603CD385186B070AD067
:10B300004FF0500080F31188BFF36F8FBFF34F8F62
:10B31000FEE700254FE06C60426047F6C472C2F25F
:10B32000000200BF1468AC420AD22268AA420AD2C4
:10B330001468AC4204D222682346AA42F2D303E046
:10B340001346224600E023465E686C689F19AF42B0
:10B3500002D134441D465C602E19964206D109681C
:10B360008A4203D0D2E9002121446960AB422A60BD
:10B3700018BF1D6047F694724168DEF80030C2F2D3
:10B38000000214685B1AA342CEF8003038BF136085
:10B3900098F800200CF10805002A4FF0000218BFB1
:10B3A00041F00041026047F6A072C2F20002136849
:10B3B0004160581C106000F035FD680709D04FF05F
:10B3C000500080F31188BFF36F8FBFF34F8F00BF22
:10B3D000FEE72846BDE8F08103464BF27510C0F643
:10B3E00000004FF0807C21F0010103E903106FF0B1
:10B3F000020043F8240CA3F1440043F8202C7047CA
:10B40000D0E9013201699A60D1F804C082688445AC
:10B41000536008BF4A600022026108680138086072
:10B420000868704747F64073C2F20003036047F6AE
:10B430003C50C2F20000086080201060704700009D
:10B440004FF0FF31024642F8081F00214260C0E978
:10B450000322016070470000002101617047000075
:10B4600010B5D1F800E01EF1010213D000F108047C
:10B4700062681368734511D853681C68744510D806
:10B480005A68146874450ED854682368A4467345F6
:10B49000EED90AE00269D2F804C006E094462246DA
:10B4A00003E09C4601E094461A46C1F804C0CCF87B
:10B4B00008108A605160086101680131016010BDA7
:10B4C000D0F800C0436808619A684B608A609A6847
:10B4D000996051600CF1010101607047DFF80C00C8
:10B4E000016841F4700101607047000088ED00E0E0
:10B4F0004FF0500080F31188BFF36F8FBFF34F8F71
:10B5000040F29C10C2F2000001684A1C026001B1C6
:10B5100070474EF60450CEF200000068000608BFE7
:10B5200070474FF0500080F31188BFF36F8FBFF367
:10B530004F8F00BFFEE7000040F29C10C2F20000F7
:10B54000016839B10139016018BF7047002080F3EC
:10B55000118870474FF0500080F31188BFF36F8F50
:10B56000BFF34F8FFEE70000B0B5002808BFB0BDA5
:10B57000044647F60C50C2F20000007854F8041C50
:10B58000002818BF4FF0004008420CD0A4F1080575
:10B590002A6892B14FF0500080F31188BFF36F8F8B
:10B5A000BFF34F8FFEE74FF0500080F31188BFF3D9
:10B5B0006F8FBFF34F8F00BFFEE721EA000044F812
:10B5C000040C00F031F947F63850C2F2000054F88C
:10B5D000041C02680A44026047F6C470C2F200000C
:10B5E0000368AB420AD21868A8420AD20368AB4289
:10B5F00004D218681A46A842F2D303E0024618465D
:10B6000000E01A465368D418AC4202D119441546DA
:10B6100051606B1883420AD143F62C43C2F20003F7
:10B620001B68984203D0D0E9000319446960286080
:10B6300047F6A470AA4218BF1560C2F20000016864
:10B6400001310160BDE8B04000F0ECBB4EF21000EB
:10B65000CEF2000000210160816040F2B801C2F228
:10B660000001096844F6D352C1F26202A1FB021242
:10B670004FF0FF3101EB92114160072101607047EB
:10B6800070B5002851D0044647F60050C2F20000C1
:10B69000016841B14FF0500080F31188BFF36F8F04
:10B6A000BFF34F8FFEE7016843F624450131016087
:10B6B00047F6F470C2F20000C2F20005066828687E
:10B6C0000430FFF79DFE60B9286847F60852C06A4B
:10B6D000C2F200020121136801FA00F023EA00001F
:10B6E00010602868A419446009D343F63040C2F2C0
:10B6F0000000006829680431FFF7B2FE10E043F64D
:10B700002840C2F20000006829680431FFF7A8FE53
:10B7100047F69870C2F2000001688C4238BF04609E
:10B7200000F080FB002818BF70BD4EF60450CEF22A
:10B7300000004FF080510160BFF34F8FBFF36F8F58
:10B7400070BD0000B0B588B00020CDE9050006A8A6
:10B7500005A904AAFFF766FE0598002842D0069CBA
:10B76000002C48D05421049A0791079954294CD1B0
:10B7700007992063022084F8510007A80025CDE92D
:10B7800000504AF69D70C0F6000025A100230294E7
:10B79000FFF750FC2046FFF761FB079847F63C7126
:10B7A000C2F200010860D8B14FF0500080F3118858
:10B7B000BFF36F8FBFF34F8F47F69870C2F2000050
:10B7C0004FF0FF31016047F6C070C2F20000012166
:10B7D000016047F6F470C2F20000056000F032F933
:10B7E00008B0B0BD4FF0500080F31188BFF36F8FE9
:10B7F000BFF34F8FFEE74FF0500080F31188BFF387
:10B800006F8FBFF34F8F00BFFEE74FF0500080F304
:10B810001188BFF36F8FBFF34F8F00BFFEE700BFEC
:10B8200049444C450000000047F60050C2F20000B9
:10B83000016801310160704747F60050C2F2000014
:10B84000006830B147F6F870C2F2000001210160D3
:10B85000704747F6F870C2F200000021016047F619
:10B860000850C2F200000068B0FA80F0C0B2C0F127
:10B870001F0043F6344100EB8000C2F2000151F892
:10B8800020208AB101EB800151F8040F40680A1DA5
:10B890009042086001D140680860C06843F62441C6
:10B8A000C2F20001086070474FF0500080F3118829
:10B8B000BFF36F8FBFF34F8FFEE7000070B543F209
:10B8C000A01643F61C40C2F20006C2F20000318806
:10B8D00002684B1C43F6E040C2F20000140A8D1CC3
:10B8E0009BB2C454130CCC1CADB242544355120E3F
:10B8F000A5B2425543F6D042C2F200020B1D1268B7
:10B900004D1D9BB2C254130AADB24355CD1D130C4D
:10B91000120EADB28C1D425547F6FC72A4B2C2F2B3
:10B920000002035501F10803126801F109059BB2F9
:10B93000C254130AADB2435501F10B05130C120E9C
:10B94000ADB201F10A04425543F62042A4B2C2F25C
:10B950000002035501F10C03126801F10D059BB2C1
:10B96000C254130AADB2435501F10F05130C120E68
:10B97000ADB201F10E04425543F6D442A4B2C2F274
:10B980000002035501F11003126801F111059BB289
:10B99000C254130AADB2435501F11305130C120E34
:10B9A000ADB201F11204425548F20002A4B2C2F253
:10B9B0000002035501F11403126801F115059BB251
:10B9C000C254130AADB2435501F11705130C120E00
:10B9D000ADB201F11604425544F2E402A4B2C2F23F
:10B9E0000002035501F11803126801F119059BB219
:10B9F000C254130A01F11A04ADB24355130C01F1FC
:10BA00001B05A4B20355120E01F11C03ADB2425541
:10BA100001F11D029BB20024C45401F11E0392B235
:10BA2000845401F11F029BB280252031C55431801E
:10BA300092B27F2389B28354F5F70EF8348070BD3B
:10BA4000FFF73CBFB0B584B04EF2004CCEF2000C14
:10BA50004CF27021C4F20F11DCF800294B1C9A4201
:10BA600009D14FF0500080F31188BFF36F8FBFF3FF
:10BA70004F8F00BFFEE7DCF800298A4209D14FF062
:10BA8000500080F31188BFF36F8FBFF34F8F00BF5B
:10BA9000FEE79CF8001047F6EC420291FF218CF87B
:10BAA00000109CF80010C2F200028DF807109DF8FB
:10BAB000071001F05001117047F6F041C2F2000189
:10BAC00007220A609DF90720B2F1FF3F67DC0322DD
:10BAD000D31C0B609DF8070040008DF807009DF90E
:10BAE0000700B0F1FF3F23DC931C0B609DF80700BB
:10BAF00040008DF807009DF90700B0F1FF3F17DC0B
:10BB0000531C0B609DF8070040008DF807009DF95D
:10BB10000700B0F1FF3F0BDC0A609DF80700043A14
:10BB200040008DF807009DF907000028D0D4131DB0
:10BB3000032B34D14FF44070086002988CF8000059
:10BB4000DCF8200940F47000CCF82009DCF820096A
:10BB500040F07040CCF82009FFF778FD40F29C14CB
:10BB6000C2F2000400252560FFF7B8FC4EF63470E1
:10BB7000CEF20000016841F040410160FFF7E6FAB3
:10BB8000FFF75AFE039520684FF0500181F31188AA
:10BB9000BFF36F8FBFF34F8F013010D0FEE74FF030
:10BBA000500080F31188BFF36F8FBFF34F8F00BF3A
:10BBB000FEE7039830B9039820B9039810B90398A9
:10BBC0000028F6D0002004B0B0BD00002DE9F043FD
:10BBD00083B007469000984615468946FFF7EAFA73
:10BBE000F0B106465420FFF7E5FAB0B10446DDE9AE
:10BBF0000A100022266384F85120CDE9001038464F
:10BC000049462A4643460294FFF714FA2046FFF7B6
:10BC100025F9012003B0BDE8F0833046FFF7A4FC0E
:10BC20004FF0FF3003B0BDE8F083000070B586B080
:10BC30000B9CCCB10C9E06B354250495049D542D49
:10BC400025D1049DDDF828C0022586F8515005ADA8
:10BC50003463CDE900C50296FFF7ECF93046FFF7F3
:10BC6000FDF8059806B070BD4FF0500080F31188C4
:10BC7000BFF36F8FBFF34F8FFEE74FF0500080F39D
:10BC80001188BFF36F8FBFF34F8F00BFFEE74FF0F8
:10BC9000500080F31188BFF36F8FBFF34F8F00BF49
:10BCA000FEE700002DE9F04F81B047F60050C2F2E8
:10BCB0000000006840B147F6A870C2F200000168B9
:10BCC000002401310160A9E047F6F470C2F20000DF
:10BCD00001684E1C06602ED343F62840C2F20000D5
:10BCE0000168096849B14FF0500080F31188BFF333
:10BCF0006F8FBFF34F8F00BFFEE743F63042C2F2B3
:10BD00000002016813680360116047F69C71C2F27B
:10BD100000010A6801320A600168096821B10068FF
:10BD2000C068C068406801E04FF0FF3047F6987186
:10BD3000C2F20001086047F69871C2F2000108687B
:10BD400043F6244A8642C2F2000A01D200244FE0A0
:10BD500043F6284BC2F2000BDBF800000024006819
:10BD6000E0B347F608590127C2F2000920E000BFFE
:10BD7000D8F82C00D9F8001007FA00F21143C9F8DE
:10BD8000001043F6344100EB8000C2F2000101EBE9
:10BD900080002946FFF794FBD8F82C00DAF8001051
:10BDA000C96ADBF800208842106828BF3C46C0B151
:10BDB000DBF80000C068D0F80C80454655F8040F49
:10BDC000864210D32846FFF71BFBD8F8280000282E
:10BDD000CED008F11800FFF713FBC9E74FF0FF3092
:10BDE00005E04FF0FF3047F69871C2F2000108609D
:10BDF000DAF8000043F63441C06AC2F2000100EBF9
:10BE0000800051F82000012847F6F870C2F20000C7
:10BE100088BF01240068002818BF0124204601B013
:10BE2000BDE8F08F2DE9F04F81B047F60054C2F223
:10BE30000004206868B1FFF75BFB206801382060D0
:10BE4000206880B10024FFF777FB204601B0BDE8F1
:10BE5000F08F4FF0500080F31188BFF36F8FBFF366
:10BE60004F8F00BFFEE747F6F840C2F200000068BF
:10BE7000002847D047F6AC76C2F20006306847F695
:10BE8000F8780028C2F2000845D047F6085543F676
:10BE9000344943F6244A4FF0010BC2F20005C2F2C6
:10BEA0000009C2F2000A00BFF068C76807F1180075
:10BEB000FFF7A6FA3C1D2046FFF7A2FAF86A2968A8
:10BEC0000BFA00F2114300EB8000296009EB8000BF
:10BED0002146FFF7F5FAF86ADAF80010C96A8842D5
:10BEE00028BFC8F800B030680028DDD143F62840EC
:10BEF000C2F200000168096831B10068C068C0681A
:10BF0000406803E000249EE74FF0FF3047F6987149
:10BF1000C2F20001086047F6A874C2F20004256866
:10BF200055B10126FFF7BEFE002818BFC8F8006013
:10BF3000013DF7D100202060D8F8000060B14EF636
:10BF40000450CEF200004FF080510160BFF34F8FDC
:10BF50000124BFF36F8F76E7002474E741000802E5
:10BF600018BF04200A0E18BF40F001004FF07F42B6
:10BF700032EA010108BF40F00200012808BF052095
:10BF80007047000010B54FF00E402DED028BB0EE63
:10BF9000408A18EE104A00EB4400B0F1506F4AD8C6
:10BFA0004FF0FC40B0EB440F22D2B0EEC80AF7EEDF
:10BFB000000A30EEC00AF6EE000A60EE208A18EEA3
:10BFC000900A00F019FC01EE100A14F0004F1DBF9A
:10BFD000DFED2D0A9FED2D0AB1EE411ADFED2C0A9F
:10BFE00008BF9FED2C0AF8EE001A21EE218A05E029
:10BFF000DFED290A68EE088AB0EE600A9FED271A85
:10C00000DFED271A30EE080A48EE811A9FED251A57
:10C0100008EEA11ADFED241A48EE811A9FED231ACB
:10C0200008EEA11A68EE281ABDEC028B01EE810A17
:10C0300030EE200A10BD4FF0E440B0EB440F0CD9B5
:10C0400018EE100AFFF78AFF042808BF00F022FB51
:10C05000B0EE480ABDEC028B10BD4FF07F40B0EB54
:10C06000440F07D2B0EE480ABDEC028BBDE8104089
:10C0700000F001BB0120F4F730FABDEC028BBDE803
:10C08000104000F0FFBA00000000C9BF22AAFDB9AD
:10C090000000C93F22AAFD390000000024FE1C3D1B
:10C0A000C78AD83C1E67383D1B93993DAFAA2A3EEC
:10C0B00070B54FF068422DED048BF0EE408A18EE1B
:10C0C000900AB0EE608A18EE101A02EB4003B3F14A
:10C0D000654F3CBF02EB4102B2F1654F7DD200BF1C
:10C0E000C0F3C753C1F3C7529A1A1B2A09DD10F0D7
:10C0F000004F14BF9FED830A9FED830ABDEC048BB4
:10C1000070BD12F11A0F36DA11F0004F09D010F09D
:10C11000004F0CBF9FED7D0A9FED7D0ABDEC048BA7
:10C1200070BD88EE889A19EE100AFFF717FF0428F1
:10C1300008BF00F0AFFA18EE900AFFF70FFF0546B0
:10C1400018EE100AFFF70AFF044619EE100AFFF76F
:10C1500005FF042D18BF052D08D1042C18BF052C90
:10C1600004D1002804BF0220F4F7B7F9B0EE490A61
:10C17000BDEC048B70BD4200B2EB410F3AD910F018
:10C18000004F19BFDFED630A9FED630ADFED630A1D
:10C190009FED630AB0EE481A0A46B1EE688A80F055
:10C1A0000041F0EE418A10460A1A5200B2F1807F37
:10C1B00034D2484010F0004FDFED5A1A9FED5A2A52
:10C1C0001DBFBEEE001A70EEE10A30EE420AB6EE76
:10C1D000001A08BF70EEA10A00E040E008BF30EE90
:10C1E000020AB0EE682A01EE482A08EE818AC2EE01
:10C1F000081A15E011F0004F04BF9FED4C0AF0EE55
:10C20000400AD1D010F0004F19BFDFED490A9FED71
:10C21000490ADFED490A9FED490AC5E7C8EE881AC9
:10C2200021EEA11A9FED462ADFED462A41EE022AB1
:10C230009FED452A01EE222ADFED442A41EE022A33
:10C240009FED432ABDEC048B01EE222A21EE811AD8
:10C2500001EE020A30EE210A30EE200A70BD4FF0E6
:10C260007F42B2EB400F28BFB2EB410F09D2F0EE94
:10C27000480AB0EE680ABDEC048BBDE8704000F0DF
:10C28000FDB940EA01035B0008BF41F0FF410BD05C
:10C29000B2EB400F08BFB2EB410F08D120F0804055
:10C2A00008EE900A21F0804108EE101A18E7B2EB70
:10C2B000400F12BF5FEA410340F0FF4001F0004130
:10C2C0003FF40EAFB2EB410F12BF5FEA400200F045
:10C2D000004041F0FF413FF403AF4A0092EA4003BF
:10C2E0003FF5FEAE002AACBF9FED1A0A9FED1A0A79
:10C2F00068EE808A28EE008A18EE900A18EE101A6E
:10C30000EEE60000DB0FC9BFDB0FC93FDB0F494082
:10C31000DB0F49C00000C9BF22AAFDB90000C93F18
:10C3200022AAFD390060ED3EC30ACE3700000000AE
:10C33000000049C022AA7DBA0000494022AA7D3AE5
:10C340002DAD65BD8FB8D53D0FB511BE61C84C3E52
:10C35000A8AAAABE0000804F0000802F10EE101A7D
:10C3600008B5444A6846B2EB410F28D94FF0E64081
:10C37000B0EB410F94BF00204FF0FF3000900098C9
:10C38000002861DB60EE000A10F0010F45D010F0CC
:10C39000020FDFED391A9FED391A00EEA11ADFED19
:10C3A000381A40EE811A21EEA01AF0EE400A40EE53
:10C3B000010A08BFF1EE600AB0EE600A08BD314B19
:10C3C00021F0004293423CD911F0004FDFED2E0ADC
:10C3D00020EE201ADFED2D0A19BF31EE601A71EE42
:10C3E000200A31EE201A71EE600ABDEEE01A11EE5D
:10C3F000100A9FED271A00F0030000EEC10A9FED1E
:10C40000251A009000EEC10A9FED231A00EEC10A22
:10C410009FED221A00EEC10AB1E79FED211A9FEDB0
:10C42000210A10F0020F00EE810A9FED1F1A00EEA4
:10C43000801AB7EE000A00EE810A18BFB1EE400A7A
:10C4400008BD00F02FF99AE710EE100A4000B0F195
:10C450007F4F3CBFB7EE000A08BD07D14FF0010087
:10C46000F4F73BF8BDE8084000F00CB9BDE808401F
:10C4700000F001B9B61F927E336D4CB9DA82083CE8
:10C48000A0AA2ABE490E494683F9223F0000004B6C
:10C490000000C93F00A0FD390020A2331A61342CEE
:10C4A000B93AB2BACA9F2A3DDDFFFFBE00B510EE11
:10C4B000101A2DED028B81B0524A6846B2EB410F43
:10C4C0002ED94FF0E640B0EB410F94BF00204FF063
:10C4D000FF3000900098B0EE408A00286ADB10F030
:10C4E000010F4BD068EE080A9FED471A9FED470AEF
:10C4F00000EE810A9FED461A10F0020F00EE801A3E
:10C50000B7EE000A00EE810A02BF01B0BDEC028B5B
:10C5100000BD00BF01B0B1EE400ABDEC028B00BD12
:10C520003C4B21F00042934241D911F0004FDFED26
:10C530003A0A20EE201ADFED390A19BF31EE601AEF
:10C5400071EE200A31EE201A71EE600ABDEEE01A9B
:10C5500011EE100A9FED321A00F0030000EEC10A3E
:10C560009FED301A009000EEC10A9FED2F1A00EEE9
:10C57000C10A9FED2E1A00EEC10AABE728EE080AA9
:10C580009FED2B1ADFED2B0A10F0020F40EE010A8F
:10C590009FED291A00EE201A61EE000AB0EE480A5B
:10C5A00008EE200AB6D101B0BDEC028B00BD00F050
:10C5B00079F88FE718EE100A4000B0F17F4F0DD2E6
:10C5C00018EE100AFFF7CAFC042808BF00F062F852
:10C5D000B0EE480A01B0BDEC028B00BD09D10120CC
:10C5E000F3F77BFF01B0BDEC028B5DF804EB00F0CC
:10C5F00049B801B0B0EE480ABDEC028B5DF804EB1F
:10C6000000F039B8B61F927EB93AB2BACA9F2A3D35
:10C61000DDFFFFBE490E494683F9223F0000004B73
:10C620000000C93F00A0FD390020A2331A61342C5C
:10C63000336D4CB9DA82083CA0AA2ABE10B52DEDA4
:10C64000028BB1EEC08A18EE100A20F00040C0F153
:10C65000FF40C00F0AD010EE100A20F00040C0F1D9
:10C66000FF40C00F04BF0120F3F737FFB0EE480AC8
:10C67000BDEC028B10BD30EE000A704730EE200A90
:10C6800070470000DFED020A80EEA00A704700004C
:10C69000000000009FED020A20EE000A7047000033
:10C6A000000000102DE9F0014FF07F42B2EB410F86
:10C6B0009FBF4FF0FF310160BDE8F00170474FF0C0
:10C6C000004242EA0123C1F3C752783A551112F0F1
:10C6D0001F0C434CCCF120067C44C1F3C752A2F19D
:10C6E00078024FEA621204EB820254F8254008BF38
:10C6F000D2E9015612D0556804FA0CF425FA06F76F
:10C700003C43976805FA0CF527FA06F8D26807FA51
:10C710000CFCF24045EA08054CEA0206A4FB034C77
:10C72000A5FB0352A6FB03631D449D4234BF0126B3
:10C7300000261319334416B1934202D903E0934201
:10C7400001D2012200E00022624402F1200C920694
:10C75000DC0C42EA443200EE102A5B03DFED210AD2
:10C76000F8EEC01A00EE103A4FEA9C1C11F0004F90
:10C77000B8EE400AC0F800C020EE201A00EE105AB1
:10C78000DFED190AB8EE400A20EE200A71EE810AA8
:10C7900070EE800A10EE902A02F500626FF30B0231
:10C7A00000EE902A70EEE11A31EEC11ADFED101A98
:10C7B00030EE411A9FED0D0A20EE800A01EE210AAB
:10C7C0009FED0C1A00EE810A04BFBDE8F00170472E
:10C7D000CCF180510160BDE8F001B1EE400A704734
:10C7E00074010000000000360000802C22AAFD2900
:10C7F000DB0FC92F0000C92F10B500EE100A2DED78
:10C80000028BB1EEC08A18EE100A20F00040C0F191
:10C81000FF40C00F0AD010EE100A20F00040C0F117
:10C82000FF40C00F04BF0120F3F757FE18EE100AB7
:10C83000BDEC028B10BDF1EE100A4FF6FF71C0F295
:10C84000C03120EA010040F04070E1EE100A70476C
:10C85000000000006E83F9A22915444ED15727FC31
:10C86000C0DD34F5999562DB4190433CAB6351FEEA
:10C8700068D1000815AD00080300000000000000AA
:10C8800000040000A0040020A014002071D10008C2
:10C890005D940008FDFF00000000000000020000A1
:10C8A0001C2900201C3100200000000000000000B6
:10C8B0000102030406070809000000000102030446
:10C8C0000000803F000000000000000000000000A9
:10C8D0000000000000000000000000000000803F99
:10C8E0000000000000000000000000000000000048
:10C8F00000000000000000000000803F0000000079
:10C900000000000000000000000000000000000027
:10C91000000000000000803F000000000000000058
:10C920000000000000000000000000000000000007
:10C930000000803F00000000000000000000000038
:10C940000000000000000000000000000000803F28
:10C950000006101600061016000048440AD7A33C33
:10C960000000A04000000000920E493CB10AC93C02
:10C970002BC3163D2EFB483D752B7B3D04A9963DF0
:10C9800080B6AF3D36BDC83D2FBCE13D73B2FA3D28
:10C9900087CF093E8340163EB5AB223EA2102F3E04
:10C9A000CF6E3B3EC2C5473E0115543E135C603E10
:10C9B0007F9A6C3ECCCF783EC07D823E938E883E7F
:10C9C000229A8E3E32A0943E86A09A3EE59AA03EE0
:10C9D000128FA63ED47CAC3EEF63B23E2A44B83EF2
:10C9E000491DBE3E15EFC33E53B9C93ECA7BCF3E7B
:10C9F0004136D53E80E8DA3E4F92E03E7533E63E62
:10CA0000BBCBEB3EEA5AF13ECBE0F63E275DFC3E67
:10CA1000E4E7003F3D9C033F824B063F9BF5083F08
:10CA20006B9A0B3FDA390E3FCDD3103F2A68133F84
:10CA3000D9F6153FC07F183FC6021B3FD17F1D3F6F
:10CA4000CBF61F3F9967223F25D2243F5636273F1A
:10CA50001594293F4AEB2B3FDE3B2E3FBB85303FF1
:10CA6000C9C8323FF304353F233A373F4268393F64
:10CA70003B8F3B3FF9AE3D3F67C73F3F70D8413FDB
:10CA800001E2433F03E4453F65DE473F12D1493FA2
:10CA9000F8BB4B3F029F4D3F207A4F3F3D4D513FEA
:10CAA0004918533F31DB543FE595563F5348583FB3
:10CAB0006AF2593F1A945B3F532D5D3F05BE5E3FBE
:10CAC0002146603F97C5613F5A3C633F59AA643F86
:10CAD000880F663FD86B673F3CBF683FA7096A3F36
:10CAE0000C4B6B3F5E836C3F93B26D3F9ED86E3FA5
:10CAF00073F56F3F0809713F5213723F4714733F3C
:10CB0000DD0B743F0BFA743FC6DE753F07BA763F04
:10CB1000C58B773FF853783F9812793F9DC7793F8F
:10CB200002737A3FBE147B3FCDAC7B3F283B7C3FFA
:10CB3000C9BF7C3FAC3A7D3FCCAB7D3F23137E3FEA
:10CB4000B0707E3F6DC47E3F580E7F3F6D4E7F3F7D
:10CB5000AB847F3F0FB17F3F97D37F3F43EC7F3F55
:10CB600011FB7F3F0000803F11FB7F3F43EC7F3F85
:10CB700097D37F3F0FB17F3FAB847F3F6D4E7F3FA9
:10CB8000580E7F3F6DC47E3FB0707E3F23137E3FC3
:10CB9000CCAB7D3FAC3A7D3FC9BF7C3F283B7C3F5F
:10CBA000CDAC7B3FBE147B3F02737A3F9DC7793F7C
:10CBB0009812793FF853783FC58B773F07BA763F95
:10CBC000C6DE753F0BFA743FDD0B743F4714733FAD
:10CBD0005213723F0809713F73F56F3F9ED86E3F45
:10CBE00093B26D3F5E836C3F0C4B6B3FA7096A3F6E
:10CBF0003CBF683FD86B673F880F663F59AA643FC8
:10CC00005A3C633F97C5613F2146603F05BE5E3F8A
:10CC1000532D5D3F1A945B3F6AF2593F5348583F8A
:10CC2000E595563F31DB543F4918533F3D4D513F49
:10CC3000207A4F3F029F4D3FF8BB4B3F12D1493FF7
:10CC400065DE473F03E4453F01E2433F70D8413F83
:10CC500067C73F3FF9AE3D3F3B8F3B3F4268393F9F
:10CC6000233A373FF304353FC9C8323FBB85303FD5
:10CC7000DE3B2E3F4AEB2B3F1594293F5636273F8C
:10CC800025D2243F9967223FCBF61F3FD17F1D3F1E
:10CC9000C6021B3FC07F183FD9F6153F2A68133FD5
:10CCA000CDD3103FDA390E3F6B9A0B3F9BF5083F0F
:10CCB000824B063F3D9C033FE4E7003F275DFC3E7F
:10CCC000CBE0F63EEA5AF13EBBCBEB3E7533E63E97
:10CCD0004F92E03E80E8DA3E4136D53ECA7BCF3EF9
:10CCE00053B9C93E15EFC33E491DBE3E2A44B83E66
:10CCF000EF63B23ED47CAC3E128FA63EE59AA03ED6
:10CD000086A09A3E32A0943E229A8E3E938E883E12
:10CD1000C07D823ECCCF783E7F9A6C3E135C603EF5
:10CD20000115543EC2C5473ECF6E3B3EA2102F3E7A
:10CD3000B5AB223E8340163E87CF093E73B2FA3D23
:10CD40002FBCE13D36BDC83D80B6AF3D04A9963D40
:10CD5000752B7B3D2EFB483D2BC3163DB10AC93CCC
:10CD6000920E493C00000000920E49BCB10AC9BCB9
:10CD70002BC316BD2EFB48BD752B7BBD04A996BDEC
:10CD800080B6AFBD36BDC8BD2FBCE1BD73B2FABD24
:10CD900087CF09BE834016BEB5AB22BEA2102FBE00
:10CDA000CF6E3BBEC2C547BE011554BE135C60BE0C
:10CDB0007F9A6CBECCCF78BEC07D82BE938E88BE7B
:10CDC000229A8EBE32A094BE86A09ABEE59AA0BEDC
:10CDD000128FA6BED47CACBEEF63B2BE2A44B8BEEE
:10CDE000491DBEBE15EFC3BE53B9C9BECA7BCFBE77
:10CDF0004136D5BE80E8DABE4F92E0BE7533E6BE5E
:10CE0000BBCBEBBEEA5AF1BECBE0F6BE275DFCBE63
:10CE1000E4E700BF3D9C03BF824B06BF9BF508BF04
:10CE20006B9A0BBFDA390EBFCDD310BF2A6813BF80
:10CE3000D9F615BFC07F18BFC6021BBFD17F1DBF6B
:10CE4000CBF61FBF996722BF25D224BF563627BF16
:10CE5000159429BF4AEB2BBFDE3B2EBFBB8530BFED
:10CE6000C9C832BFF30435BF233A37BF426839BF60
:10CE70003B8F3BBFF9AE3DBF67C73FBF70D841BFD7
:10CE800001E243BF03E445BF65DE47BF12D149BF9E
:10CE9000F8BB4BBF029F4DBF207A4FBF3D4D51BFE6
:10CEA000491853BF31DB54BFE59556BF534858BFAF
:10CEB0006AF259BF1A945BBF532D5DBF05BE5EBFBA
:10CEC000214660BF97C561BF5A3C63BF59AA64BF82
:10CED000880F66BFD86B67BF3CBF68BFA7096ABF32
:10CEE0000C4B6BBF5E836CBF93B26DBF9ED86EBFA1
:10CEF00073F56FBF080971BF521372BF471473BF38
:10CF0000DD0B74BF0BFA74BFC6DE75BF07BA76BF00
:10CF1000C58B77BFF85378BF981279BF9DC779BF8B
:10CF200002737ABFBE147BBFCDAC7BBF283B7CBFF6
:10CF3000C9BF7CBFAC3A7DBFCCAB7DBF23137EBFE6
:10CF4000B0707EBF6DC47EBF580E7FBF6D4E7FBF79
:10CF5000AB847FBF0FB17FBF97D37FBF43EC7FBF51
:10CF600011FB7FBF000080BF11FB7FBF43EC7FBF81
:10CF700097D37FBF0FB17FBFAB847FBF6D4E7FBFA5
:10CF8000580E7FBF6DC47EBFB0707EBF23137EBFBF
:10CF9000CCAB7DBFAC3A7DBFC9BF7CBF283B7CBF5B
:10CFA000CDAC7BBFBE147BBF02737ABF9DC779BF78
:10CFB000981279BFF85378BFC58B77BF07BA76BF91
:10CFC000C6DE75BF0BFA74BFDD0B74BF471473BFA9
:10CFD000521372BF080971BF73F56FBF9ED86EBF41
:10CFE00093B26DBF5E836CBF0C4B6BBFA7096ABF6A
:10CFF0003CBF68BFD86B67BF880F66BF59AA64BFC4
:10D000005A3C63BF97C561BF214660BF05BE5EBF86
:10D01000532D5DBF1A945BBF6AF259BF534858BF86
:10D02000E59556BF31DB54BF491853BF3D4D51BF45
:10D03000207A4FBF029F4DBFF8BB4BBF12D149BFF3
:10D0400065DE47BF03E445BF01E243BF70D841BF7F
:10D0500067C73FBFF9AE3DBF3B8F3BBF426839BF9B
:10D06000233A37BFF30435BFC9C832BFBB8530BFD1
:10D07000DE3B2EBF4AEB2BBF159429BF563627BF88
:10D0800025D224BF996722BFCBF61FBFD17F1DBF1A
:10D09000C6021BBFC07F18BFD9F615BF2A6813BFD1
:10D0A000CDD310BFDA390EBF6B9A0BBF9BF508BF0B
:10D0B000824B06BF3D9C03BFE4E700BF275DFCBE7B
:10D0C000CBE0F6BEEA5AF1BEBBCBEBBE7533E6BE93
:10D0D0004F92E0BE80E8DABE4136D5BECA7BCFBEF5
:10D0E00053B9C9BE15EFC3BE491DBEBE2A44B8BE62
:10D0F000EF63B2BED47CACBE128FA6BEE59AA0BED2
:10D1000086A09ABE32A094BE229A8EBE938E88BE0E
:10D11000C07D82BECCCF78BE7F9A6CBE135C60BEF1
:10D12000011554BEC2C547BECF6E3BBEA2102FBE76
:10D13000B5AB22BE834016BE87CF09BE73B2FABD1F
:10D140002FBCE1BD36BDC8BD80B6AFBD04A996BD3C
:10D15000752B7BBD2EFB48BD2BC316BDB10AC9BCC8
:10D16000920E49BC0000008054454D505F494D551A
:10D1700000566F6661007D04017C000240AB0341F4
:10D1800000055308065804070F0008108209110013
:10D190000A15800B16000C18010D0000C0D1000804
:10D1A00000000020A001000000020008A0D200083A
:10D1B000A0010020688A00005C0200080000000056
:10D1C000100BE7416B3A58A08B3A2D751B0865048C
:10D1D0001A75041AA1041AD1041A09042A3D04126A
:10D1E00077120808081250C347CDCCCC3D04095330
:10D1F0001C110B1AC8421C111324F4139571140846
:10D20000ED6F1C08F172A0311B4970AC19101AB1F6
:10D2100004C11AE9181A95041A41301A850814092C
:10D22000024313020125C03209041B01020B13053E
:10D23000241610010524011009010424020205240A
:10D240000617010705820308151009040133020AB5
:10D250002E0705010240072A810711130A06320230
:10D260003340011C050F0C302B1002111B12015111
:10D2700012021E4083044057651B0203211B0D0A46
:10D280007419041A05041A39041A550407180403FA
:10D2900009041A03120132101AAA0100000000004A
:04000005080001C529
:00000001FF
