S31508000000B0B6002061020008A35A0008893B000820
S31508000010A15A000855120008916A0008000000005D
S31508000020000000000000000000000000A101000818
S31508000030E118000800000000FD010008B962000888
S315080000407B0200087B0200087B0200087B0200088E
S315080000507B0200087B0200087B0200087B0200087E
S315080000607B020008E3180008E91800087B0200086C
S315080000707B0200087B0200087B0200087B0200085E
S315080000807B0200087B0200087B0200087B0200084E
S31508000090591200087B0200087B020008EF180008C6
S315080000A07B0200087B0200087B0200087B0200082E
S315080000B0856300087B0200087B0200087B020008B3
S315080000C07B0200087B0200087B0200087B0200080E
S315080000D07B020008796A00087B0200087B02000898
S315080000E07B0200087B0200087B0200087B020008EE
S315080000F07B020008916300087B0200087B02000867
S315080001007B0200087B0200087B0200087B020008CD
S315080001107B0200087B0200087B0200087B020008BD
S315080001207B020008751600087B0200087B0200089F
S315080001307B0200087B0200087B0200087B0200089D
S31508000140651200087B0200087B0200087B02000893
S31508000150811600088D16000899160008856A000899
S315080001607B0200087B0200087B0200087B0200086D
S315080001707B0200087B0200087B02000800000000E2
S315080001807B0200087B020008DFF810D000F040FE72
S315080001900048004719750008AFF30080B0B6002084
S315080001A02C4B19680868B0E8F04F80F30988BFF34C
S315080001B06F8F4FF0000080F3118870470000000031
S315080001C008480068006880F308884FF0000080F34C
S315080001D0148862B661B6BFF34F8FBFF36F8F00DF27
S315080001E000BF00BF08ED00E0DFF80C00016841F42D
S315080001F070010160704700BF88ED00E0EFF30980E9
S31508000200BFF36F8F134B1A681EF0100F08BF20ED4F
S31508000210108A20E9F04F106009B44FF0500080F3BF
S315080002201188BFF34F8FBFF36F8F08F087F84FF031
S31508000230000080F3118809BC19680868B0E8F04F17
S315080002401EF0100F08BFB0EC108A80F30988BFF3C0
S315080002506F8F704738000020EFF305807047000065
S315080002600648804706480047FEE7FEE7FEE7FEE742
S31508000270FEE7FEE7FEE7FEE7FEE7FEE7696300083E
S31508000280890100089FED1A1AF5EE000A40EE010AE8
S31508000290BDEEE00AF5EEC00A10EE100AF1EE10FA0D
S315080002A038BF401E00EE100A1349F7EE001AB8EEE2
S315080002B0C00A30EEC00ADFED0F0A20EE200AFCEE77
S315080002C0C00A10EE900AC0F3080000EE900A01EB8F
S315080002D08000F8EE600A90ED011A70EE600A90ED63
S315080002E0000A71EEE01A21EE800A00EE810A7047D4
S315080002F083F9223E00000044E88E0008B5EEC00AE5
S31508000300F1EE10FA07D2DFED1E0AB4EEE00AF1EEBE
S3150800031010FAA8BF7047DFED1B0AB5EEC00A60EEFB
S31508000320200ABDEEE01A11EE100AF1EE10FA38BFF7
S31508000330401E00EE100A1549F7EE001AB8EEC00A7C
S3150800034030EEC00ADFED100A60EE200ABCEEE00AC5
S3150800035010EE100AC0F3080000EE100A01EB800048
S31508000360B8EE400A90ED011A70EEC00A90ED000A48
S3150800037071EEE01A21EE800A00EE810A704700004D
S31508000380CD024CB483F9223E00000044E88E0008F2
S3150800039070B405880E884468D1F804C05368B5421D
S315080003A008D140884988884201BF11888D42518802
S315080003B0884203D070BC6FF00200704705FB00F15D
S315080003C0880827D094ED001ADCED000A94ED010A9E
S315080003D0DCED011A31EE201AD4ED020A70EE211A6C
S315080003E09CED020A83ED001AC3ED011A94ED031A77
S315080003F0DCED031A30EE800A401E71EE210A83ED09
S31508000400020A04F11004C3ED030A03F110030CF108
S31508000410100CD7D111F0030030D0B0F1004F30D214
S3150800042000282BDD211F1B1FACF1040210F0010F61
S315080004300AD091ED010AD2ED010A091D121D30EE0E
S31508000440200A83ED010A1B1D400817D091ED010A09
S31508000450D2ED010A401E30EE200A83ED010A91ED25
S31508000460020AD2ED020A01F1080102F1080230EE91
S31508000470200A83ED020A03F10803E7D170BC0020C5
S315080004807047B4EC010A401EFCEC010A30EE200A63
S31508000490A3EC010AF5D1F1E7018042804360704779
S315080004A02DE9F34F84B0049840680090486801909D
S315080004B00498B0F800E04588DFEDFE0A00200290B7
S315080004C0B0EE600AAE4506D108884988884204BF5E
S315080004D07146864504D06FF0020006B0BDE8F08F7D
S315080004E001985FEA010C18BFB7EE001A3DD000BFAD
S315080004F0BEEB0C0117D0B1F1004F80F01F82002926
S3150800050011DD021F11F0010F1CBFC2ED010A121DF9
S315080005104B1006D0C2ED010AC2ED020A08325B1E74
S31508000520F8D100EB8100BCF10102A0EC011A19D048
S31508000530B2F1004F80F00882002A13DD031F12F083
S31508000540010F1CBFC3ED010A1B1D511008D000BFC7
S31508000550C3ED010AC3ED020A491E03F10803F7D1E8
S3150800056000EB8200BCF1010CC2D14FF000080395E4
S31508000570002D14BFB0EE602A002000F0BF8100BF36
S31508000580009908FB05F001EB800B0199DBED002AC9
S3150800059001EB80000346F0EE421AC64552D9AEEB8F
S315080005A00802ABEB850112F0010F17D001EB8501AC
S315080005B091ED000AB5EEC00AF1EE10FA07DDB4EEC9
S315080005C0E10AF1EE10FA09DDF0EE401A06E0B1EEA6
S315080005D0400AF4EEC01AF1EE10FAF5D3521031D0F3
S315080005E001EB850C9CED000AB5EEC00AF1EE10FA97
S315080005F005DDB4EEE10AF1EE10FA09DD06E0B1EE2A
S31508000600400AF4EEC01AF1EE10FA01D2F0EE401AE2
S3150800061001EBC50191ED000AB5EEC00AF1EE10FA3C
S3150800062005DDB4EEE10AF1EE10FA09DD06E0B1EEF9
S31508000630400AF4EEC01AF1EE10FA01D2F0EE401AB2
S31508000640521ECDD1F5EEC01AF1EE10FA00F0738104
S31508000650F5EEC02A0126F1EE10FA0099D4BFB1EEE4
S31508000660620AB0EE620AB4EE610AF1EE10FA1CBF35
S31508000670AEEB0802B2F1010C47D005FB08F201EB1C
S31508000680820292ED001A00BFB0EE410A05FB06F49D
S31508000690B5EEC00A00EB8404F1EE10FACCBFF0EE1A
S315080006A0400AF1EE400AF4EE610AF1EE10FA28D19A
S315080006B0B5EB080C11D0BCF1004F7DD2BCF1000F90
S315080006C00BDD00BF92ED000AD1ED000ABCF1010C6A
S315080006D0E2EC010AA1EC010AF4D129000ED0B1F12D
S315080006E0004F6AD2002909DD94ED000AD0ED000A10
S315080006F0491EE4EC010AA0EC010AF5D1012002909A
S315080007000BE0761CBCF1010CBED10298012804D07E
S31508000710F5EEC02AF1EE10FA7ED09BED000AB5EB95
S3150800072008009A465946064622D0B0F1004F74D2C0
S3150800073000281DDD091F10F0010F06D0F0EE400A53
S3150800074080EEA01A81ED011A091D401010D000BFD5
S31508000750D1ED010A401E80EE801A81ED011A91ED55
S31508000760021AC1EE000AC1ED020A01F10801EFD131
S31508000770280026D0B0F1004F7ED2002821DDAAF14C
S31508000780040110F0010F06D0D1ED010A80EE801A9F
S3150800079081ED011A091D401013D000BFD1ED010AE1
S315080007A0401E80EE801A81ED011AD1ED020A80EE14
S315080007B0801A81ED021A01E0CBE0D6E001F10801CA
S315080007C0ECD1DDE900124FF000095FEA0E0773D09D
S315080007D0C14504BF01EB860102EB850274D091ED99
S315080007E0000ADC465046331E35D01C46B6F1004F8B
S315080007F07ED2002C2FDD0B1FABF1040C16F0010F77
S315080008000FD0F0EE400ADCED011AB0EE601A00EEE9
S31508000810E11A83ED011A01E08DE0B1E01B1D0CF130
S31508000820040C741015D000BFD3ED010A9CED011A13
S3150800083040EE410AC3ED010AD3ED020A9CED021A05
S315080008400CF1080C40EE410AC3ED020A0833641E97
S31508000850EAD101EB86012B0036D0B3F1004F72D2F4
S31508000860002B31DDA2F1040CAAF1040013F0010FEC
S315080008700CD0DCED010A00E08BE090ED011A001DBA
S3150800088040EE410ACCED010A0CF1040C5C1019D0BB
S31508000890DCED010A90ED011A40EE410ACCED010AA1
S315080008A0DCED020A90ED021A083040EE410ACCED62
S315080008B0020A03E0000000000DE005E0641E0CF1EA
S315080008C0080CE5D102EB830201EB88017F1E09F1D2
S315080008D001097FF47DAF009808F10108001D00901A
S315080008E00398401E03907FF44BAE0299012900E05D
S315080008F058E004BF06B0BDE8F08F00BFB5EEC00AE9
S31508000900F1EE10FA7FF4E9AD04990EFB05F3002B1E
S315080009104A684FF000010BD902EB810C9CED000AE6
S31508000920B5EEC00AF1EE10FA02D1491C8B42F3D893
S315080009308B427FF4D2AD6FF00400CEE5E0EC010AFD
S31508000940491EFBD1EFE538E0E0EC010A521EFBD167
S3150800095008E692ED000AD1ED000ABCF1010CE2ECC2
S31508000960010AA1EC010AF4D1B7E694ED000AD0ED2C
S31508000970000A491EE4EC010AA0EC010AF5D1BDE61D
S31508000980D1ED000A401E80EE801AA1EC011AF7D1BB
S31508000990EEE6D3ED000A401E80EE801AA3EC011A9B
S315080009A0F7D10EE7BCEC011AD1ED000A5B1E40EE4A
S315080009B0410AE1EC010AF5D14DE7B0EC011AD2ED96
S315080009C0000A5B1E40EE410AE2EC010AF5D17BE71C
S315080009D02DE9F04F82B04668536801930588478829
S315080009E04B88002000900888874201BFB2F800C0F3
S315080009F06545528893421EBF6FF0020002B0BDE8FB
S31508000A00F08F9FED412A4FEA970EC7F3400B00BFC0
S31508000A10DDE9000202EB800A4A6898464FF00009B1
S31508000A20B0EE420AB4465FEA0E0025D092ED001AEF
S31508000A30DCED001A02EB8302DCED010A01EE810A05
S31508000A4092ED001A02EB8302401ED2ED001A02EB69
S31508000A50830200EE810A9CED021ADCED030A00040B
S31508000A600CF1100C000C01EE210A92ED001A02EBB3
S31508000A70830200EE810AD9D117F0030026D0ACF123
S31508000A800404A2EB830210F0010F08D002EB8302E4
S31508000A90D4ED010A92ED001A241D00EE810A5FEAE0
S31508000AA00B0013D002EB830CD4ED010A9CED001A5F
S31508000AB002EBC302401E00EE810AD4ED020A92ED53
S31508000AC0001A04F1080400EE810AEBD109F10100CD
S31508000AD0AAEC010A1FFA80F9486800EB8902A8F116
S31508000AE001001FFA80F8B8F1000F99D1009806EBBB
S31508000AF08706184480B20090681E05042D0C87D11D
S31508000B0002B00020BDE8F08F0000000070B4058830
S31508000B100E884468D1F804C05368B54208D14088A5
S31508000B204988884201BF11888D425188884203D07E
S31508000B3070BC6FF00200704705FB00F1880827D0EB
S31508000B4094ED001ADCED000A94ED010ADCED011AB9
S31508000B5031EE601AD4ED020A70EE611A9CED020AB3
S31508000B6083ED001AC3ED011A94ED031ADCED031A9E
S31508000B7030EEC00A401E71EE610A83ED020A04F1E6
S31508000B801004C3ED030A03F110030CF1100CD7D1BE
S31508000B9011F0030030D0B0F1004F30D200282BDD21
S31508000BA0211F1B1FACF1040210F0010F0AD091EDB2
S31508000BB0010AD2ED010A091D121D30EE600A83ED05
S31508000BC0010A1B1D400817D091ED010AD2ED010A52
S31508000BD0401E30EE600A83ED010A91ED020AD2ED5D
S31508000BE0020A01F1080102F1080230EE600A83EDFB
S31508000BF0020A03F10803E7D170BC00207047B4EC81
S31508000C00010A401EFCEC010A30EE600AA3EC010A58
S31508000C10F5D1F1E72DE9F04F02884768B0F8028070
S31508000C204888D1F8049082B04FF0000A16468242EE
S31508000C3007BF098888456FF0020002B018BFBDE8F3
S31508000C40F08F4FEA980B02EB42000190C8F3400080
S31508000C50CDF8000009EB8A01BBF1000F33D00198EB
S31508000C6001EB820C01EB80043B46E64601EBC2052C
S31508000C704FEA0B0093ED000A401E81ED000A93ED42
S31508000C80010A01EB02118CED000A93ED020A0CEB46
S31508000C90021C85ED000A93ED030A05EB021584EDA7
S31508000CA0000A04EB021403F11003E3D10EEB8200F1
S31508000CB000EB820000EB8201ABF10100504307EB29
S31508000CC00B1701EB001118F0030C21D03B1FA1EB09
S31508000CD082011CF0010F06D093ED010A01EB820197
S31508000CE01B1D81ED000A009880B100BF93ED010A33
S31508000CF001EB820401EBC20184ED000A93ED020ABE
S31508000D00401E81ED000A03F10803EFD107EB8C07BB
S31508000D100AF101001FFA80FA701E0604360C99D1F2
S31508000D2002B00020BDE8F08F2DE9F05F05460020EF
S31508000D3092469B4688460646814640241BE028463E
S31508000D4041464746224600F053F853465A46C01ACB
S31508000D50914110D311461846224600F03AF82D1A4A
S31508000D6067EB01084F4622460120002100F031F8C2
S31508000D7017EB00094E41201EA4F10104DFDC4846AA
S31508000D8031462A464346BDE8F09F40EA01039B07E1
S31508000D9003D009E008C9121F08C0042AFAD203E0E2
S31508000DA011F8013B00F8013B521EF9D27047D2B246
S31508000DB001E000F8012B491EFBD270470022F6E736
S31508000DC010B513460A4604461946FFF7F0FF2046B3
S31508000DD010BD202A04DB203A00FA02F100207047F1
S31508000DE09140C2F1200320FA03F31943904070475B
S31508000DF0202A04DB203A21FA02F00021704721FA62
S31508000E0002F3D040C2F120029140084319467047C8
S31508000E10064C074D06E0E06840F0010394E8070039
S31508000E2098471034AC42F6D3FFF7B2F92497000876
S31508000E304497000870B58C1810F8015B15F0070385
S31508000E4001D110F8013B2A1106D110F8012B03E055
S31508000E5010F8016B01F8016B5B1EF9D12B0705D45D
S31508000E600023521E0DD401F8013BFAE710F8013BA6
S31508000E70CB1A921C03E013F8015B01F8015B521EC2
S31508000E80F9D5A142D8D3002070BD00000122102157
S31508000E90014801F031BB0000000002400022102189
S31508000EA0014801F029BB000000000240012211465A
S31508000EB0014801F021BB0000000402400022012184
S31508000EC0014801F019BB00000004024070B5054650
S31508000ED0FFF7E4FF922000F02DF90622654912205B
S31508000EE000F00AF9FFF7D2FF624CA4F11C066078FD
S31508000EF02178000200B2084300EE100AD6ED030A74
S31508000F00B8EEC00A60EE200A95ED080A60EE800A7F
S31508000F10C5ED000AE078A178000200B2084300EEA9
S31508000F20900A96ED031AF8EEE00A60EE810A60EE82
S31508000F30800AC5ED010A60792179000200B20843EA
S31508000F4000EE900A3081F8EEE00A60EE810A20EEA3
S31508000F50800A85ED020AFFF7B1FF08222146002024
S31508000F6000F0CAF8FFF7A2FF20780F285AD1F078C8
S31508000F70A1780028E0784FEA002000B240EA010094
S31508000F802BD000EE100AD5ED090AB8EEC01A96ED78
S31508000F90040A51EE000AC5ED030A607921790002B8
S31508000FA000B2084300EE900A95ED0A1AF8EEE00A38
S31508000FB010EE801A85ED041AE079A179000200B2D4
S31508000FC0084300EE900A308195ED0B1AF8EEE00A18
S31508000FD010EE801A85ED051A24E000EE100AF8EEE8
S31508000FE0C00A96ED040A60EE800AC5ED030A607928
S31508000FF02179000200B2084300EE900AF8EEE00AF2
S3150800100060EE800AC5ED040AE079A179000200B213
S31508001010084300EE900A3081F8EEE00A20EE800AD6
S3150800102085ED050AFFF73AFFA22000F083F80222B1
S315080010301049222000F060F8FFF728FF2078617831
S31508001040C00040EA51103081B0F5806F02DBA0F590
S3150800105000603081B6F90800B4EE001A00EE100AF6
S31508001060F8EEC00AB3EE070A00EE810A85ED070A14
S3150800107070BD0000A800002070B50D461649174C33
S3150800108008600020A07005F0E9FFA1780843A07069
S3150800109006F078F8A1780843A0701DB1104800F052
S315080010A0E7F816E00E489FED0F0A80ED090A9FED56
S315080010B00E0A80ED0A0A80ED0B0A9FED0C0A80EDF8
S315080010C00C0A9FED0B0A80ED080A9FED0A0A80EDCF
S315080010D0060AA07870BD0000880000208C00002059
S315080010E0B4650020AC38223BB016CE393F161B41FA
S315080010F0C48B813F0000204270B514460D4640F06F
S31508001100800000F017F806E0552000F013F8641E7A
S3150800111005F8010BE4B2002CF6D170BD10B50C46EB
S3150800112040F0800000F006F8552000F003F8207023
S3150800113010BD000001B582B04FF47A7000900548E2
S31508001140012301AA02A9006801F04AFE9DF80400DD
S315080011500EBD00008800002010B50C46FFF7EAFF18
S315080011602046BDE81040FFF7E5BFB6EE000AD2ED0F
S31508001170020AF0EE401A92ED031A40EEE01A90EDDC
S31508001180002AD2ED012AD0ED013A22EEA03A41EE2C
S31508001190411A21EE822AD2ED001A01EEC13A22EE58
S315080011A0811A01EEA01A03EE232AD0ED020AF0EE08
S315080011B0001A01EE202A62EE210AC1ED000A92ED1C
S315080011C0011AD2ED023A92ED002AD2ED030A61EE37
S315080011D0232A90ED003A90ED014A42EE202A62EE6B
S315080011E0832AB0EE403A01EE413A00EEE03A63EE69
S315080011F0A00A42EE410A43EE042A90ED021A40EE96
S31508001200812A62EEA10AC1ED010A92ED011AD2ED18
S31508001210032AD2ED020A92ED003A21EE222A60EE66
S31508001220A22AD0ED003A01EE410A03EE602A43EE07
S31508001230012A90ED013A00EEE00A22EE232AD0EDCB
S31508001240020A02EE832A00EE202A22EE210A81ED06
S31508001250020A7047FEE70000014800F03FBC0000A4
S31508001260746B0020014800F039BC00009C6B00201C
S315080012702DE9F04F04462DED048B89B0002000902F
S31508001280019000F09DFAED4DDFF8B4B3DFF8B493A2
S3150800129085ED050A02AE0DF114084FF07C5A00BF21
S315080012A000F08EFAD5ED050A30EE600A10EE100A47
S315080012B0584512DD9FEDE40A84ED090A9FEDE30A1D
S315080012C084ED0A0A84ED0B0A9FEDE10A84ED0C0A07
S315080012D09FEDE00A84ED060A8BE19FEDDF0A00F038
S315080012E033FA9FEDDE0A002784ED0C0A84ED090A1D
S315080012F084ED0A0A84ED0B0AFBE000BFFFF7CEFD7A
S315080013009220FFF717FF062269461220FFF7F4FE20
S31508001310FFF7BCFD9DF801009DF80010000200B221
S31508001320084300EE100AD5ED030AB8EEC00A60EECF
S31508001330201AC4ED001A9DF803009DF80210000259
S3150800134000B2084300EE100A95ED031AB8EEC00A7B
S3150800135060EE010AC4ED010A9DF805009DF8041027
S31508001360000200B2084300EE100AB8EEC00A20EEEA
S31508001370011A21EEA10A84ED021A00EEA00A01EE76
S31508001380010A05F021FEB0EE408A94ED0C0A30EE13
S31508001390080A84ED0C0AFFF791FD08226946002029
S315080013A0FFF7AAFEFFF782FD9DF800000F2840D13F
S315080013B09DF803009DF80210000200B2084300EEF3
S315080013C0100AD5ED040AB8EEC00A20EE200A84ED0C
S315080013D0030A94ED091A31EE000A84ED090A9DF80C
S315080013E005009DF80410000200B2084300EE100A3A
S315080013F0B8EEC00A20EE200A84ED040A94ED0A1A13
S3150800140031EE000A84ED0A0A9DF807009DF80610D9
S31508001410000200B2084300EE100AB8EEC00A20EE39
S31508001420200A84ED050AD4ED0B0A30EE800A84ED15
S315080014300B0A002F7ED0B4EEC98AF1EE10FA01DD50
S31508001440B0EE489AB4EEE88AF1EE10FA01D2F0EE60
S31508001450488A00204FEA080204EB800191ED030A4E
S3150800146006EB8001D1ED000AB4EEE00AF1EE10FABF
S3150800147001DD81ED000A02EB8001D1ED000AB4EE30
S31508001480E00AF1EE10FA01D281ED000A401CC0B262
S315080014900328E1D339EE680A0020424685ED060A9C
S315080014A04FEA090106EB8003D3ED000A02EB80033D
S315080014B093ED001A01EB8003401C70EEC10AC0B21E
S315080014C00328C3ED000AEDD310EE100A504514DCCC
S315080014D063480A68824210DC4A6882420DDCD9F801
S315080014E00810814209DC9FED5F0A00F02DF97F1C88
S315080014F0BFB2E8888742FFF401AFE988D4ED0C0A49
S3150800150000EE101A2F460020B8EE400A80EE801A28
S3150800151084ED0C1A00EE101A04EB8002401CB8EE9B
S31508001520400AD2ED090AC0B2032880EE801A82ED7D
S31508001530091A00E06AE0EDD3FFF7B0FCA220FFF736
S31508001540F9FD022269462220FFF7D6FDFFF79EFC29
S315080015509DF800009DF80110C00040EA5110B0F552
S31508001560806F01DBA0F5006000EE100AB4EE001AE9
S31508001570F8EEC00AB3EE070A00EE810A84ED060A01
S31508001580B888401CB880B86950453FF789AE94EDD5
S315080015900C0ADFED350A30EE600AB0EEC00A10EE2E
S315080015A0100A5045F1DC2E48D9F800104A46814207
S315080015B0EBDC51688142E8DCD9F808108142E4DCAA
S315080015C094ED090A2948B0EEC00A10EE101A8142B5
S315080015D0DBDC94ED0A0AB0EEC00A10EE101A81425E
S315080015E0D3DC94ED0B0AB0EEC00A10EE101A814255
S315080015F0CBDC94ED0C0ADFED1E0A80EE801A84ED32
S31508001600081A09B0BDEC048BBDE8F08FB0EE489A15
S31508001610F0EE488A0020414604EB800292ED030A68
S3150800162006EB800282ED000A01EB8002401CC0B284
S3150800163082ED000A0328EFD32CE700008C00002077
S3150800164000002041A8650020AC38223BB016CE39F0
S315080016503F161B41000020420AD7A33B00000000AA
S315080016609A99193E6F12033ACDCC1C410AD7233CEE
S31508001670C3F51C41014800F0EDBC0000EC750020E4
S31508001680014800F0E7BC00008C750020014800F016
S31508001690E1BC00004C760020014800F0DBBC0000ED
S315080016A02C75002001681823CAB2103AB2FBF3F26F
S315080016B0054B6FF30901032A9B5CC36500D9091D15
S315080016C08165084670470000988D000810B50146E8
S315080016D000208B698A6A4FF0C07453B1B3F5005F76
S315080016E015D072B1012A0CD0022A0AD0032A09D1D0
S315080016F004E01AB1012A06D0022A03D1C96AC9012F
S3150800170000D5012010BDC96AA142FAD010BD002A31
S31508001710F7D0012AF2D0022AF3D0032AF3D010BD5B
S31508001720074808B540680090014606480269914294
S3150800173002D2C168491CC1600099016108BD000058
S31508001740001000E0E80000200A4948680A4AD2ED7D
S31508001750000A4A68121AF8EE601A01EE102AB8EE64
S31508001760411A60EE211AB4EEE11AF1EE10FAF0D33E
S3150800177070470000001000E0E800002000B50E49A0
S315080017802DED028B81B0496800910168009A511AC3
S3150800179000EE101A0949F8EE400A91ED000A0260B7
S315080017A0B8EE400A80EE808AFFF7BAFF01B0B0EEC5
S315080017B0480ABDEC028B00BD001000E0E8000020DE
S315080017C010B500F043F80C489FED0C1A818890ED8F
S315080017D0000A00EE901AC088B8EE400AF8EE600AD1
S315080017E000EE810A00EE900A9FED051AF8EE600AEF
S315080017F000EE810A10BD0000180100206F12833A1E
S31508001800BD3786350D490A6842F080720A600C4970
S3150800181000224A600B6843F001030B6009494FF444
S315080018207A734843B0FBF3F30749C1E90003054B54
S31508001830B0FBF3F0C1E9020270470000FCED00E0DE
S31508001840001000E040420F00E80000202DE9F843B0
S31508001850214840680090FFF763FF204F0024009E50
S31508001860F8684FF0FF312546E0FB0165C7E90E65CC
S31508001870D7F800802346424630462946FFF754FAF1
S31508001880A0FB083CC7E9060101FB08C100FB0411DF
S31508001890F61A65EB0105C7E9086507F13008002364
S315080018A0C8F80000D7F8049030464A462946FFF79C
S315080018B03BFA80B2A8F8040000FB09F0301A65EB81
S315080018C00405C7E90A0529460023BA68FFF72CFA72
S315080018D0A8F80600BDE8F883001000E0E80000203C
S315080018E07047082000F004BD102000F001BD10B5B7
S315080018F0202000F0FDFC402000F0FAFCBDE8104076
S31508001900802000F0F5BCB6EE000AD2ED020AF0EE31
S31508001910401A92ED031A40EEE01A90ED002AD2ED35
S31508001920012AD0ED013A22EEA03A41EE411A21EE03
S31508001930822AD2ED001A01EE813A22EE811A01EED0
S31508001940E01A03EE232AD0ED020AF0EE001A01EEA1
S31508001950202A62EE210AC1ED000A92ED011AD2EDA3
S31508001960023A92ED002AD2ED030A61EE232A90ED9F
S31508001970003A90ED014A42EE602A62EE832AB0EE02
S31508001980403A01EE413A00EEE03A63EEA00A42EE32
S31508001990010A43EE042A90ED021A40EE812A62EE0D
S315080019A0A10AC1ED010A92ED011AD2ED032AD2ED80
S315080019B0020A92ED003A21EE222A60EEA22AD0ED22
S315080019C0003A01EE410A03EE202A43EE412A90ED41
S315080019D0013A00EEE00A22EE232AD0ED020A02EED0
S315080019E0832A00EE202A22EE210A81ED020A704798
S315080019F07047704730B590F82040012C05D0022C6E
S31508001A0003D0416A41F480215DE00468002955D07D
S31508001A102469A40754D04FF4D874056804EB01145C
S31508001A202D5915F00405956005682D594ED0ED0819
S31508001A30556005682C5904F00204D4604FF4DA7432
S31508001A40056804EB01142D5905F00F0515610568A5
S31508001A502D59C5F30725956105682C59240C546141
S31508001A604FF4DC72046802EB0112A4581C70046877
S31508001A70A458240A5C700468A458240C9C70046852
S31508001A80A258120EDA704FF4DE72046802EB0112E5
S31508001A90A4581C710468A458240A5C710468A458E4
S31508001AA0240C9C710468A258120EDA71006881B180
S31508001AB0016941F020010161002030BDE468A8E712
S31508001AC0416A41F400114162012030BD6D0D156077
S31508001AD0AFE7C16841F02001C160EDE72DE9F05F8D
S31508001AE00546006800244669D0F804908768D0F84F
S31508001AF00CB0D0F810A0D0F81880F10748D0F90734
S31508001B0014D001218160B80703D5284600F01AFAD7
S31508001B100CE0780702D54FF4006407E0380702D5D1
S31508001B204FF4805402E0284600F00BFAF80516D563
S31508001B3029684FF480708860B80503D5284600F0F8
S31508001B4003FA0CE0780502D544F4005407E038059A
S31508001B5002D544F4804402E0284600F0F4F9F8037C
S31508001B6016D529684FF480308860B80303D528460F
S31508001B7000F0ECF90CE0780302D544F4004407E0E1
S31508001B80380302D544F4803402E0284600F0DDF933
S31508001B90300707D55FEACB6004D52968102044F4DE
S31508001BA00074C86070074FF0080707D55FEA0B7026
S31508001BB004D52868C760284600F09AF9B00706D504
S31508001BC02868C068800702D0284600F093F9700696
S31508001BD007D55FEACA6004D52968102044F48064F2
S31508001BE00861B00607D55FEA0A7004D52868076158
S31508001BF0284600F0A3F9F00606D52868006980078C
S31508001C0002D0284600F09BF9B00308D55FEAC96000
S31508001C1005D5296810204860284600F091F9F00398
S31508001C2007D55FEA097004D528684760284600F09A
S31508001C308EF9300446D55FEA497040D5F00504D5DB
S31508001C405FEAC87001D044F00104B00504D55FEA24
S31508001C50887001D544F00204700504D55FEA48701F
S31508001C6001D544F00404300529D518F0700F26D0A4
S31508001C7008F07000402815D006DC102809D0202866
S31508001C800AD0302816D10AE050280ED0602811D183
S31508001C900EE044F008040DE044F010040AE044F0B5
S31508001CA0200407E044F0400404E044F0800401E026
S31508001CB044F480742868816921F07001816129687B
S31508001CC004204860002C05D0686A204368622846CC
S31508001CD0FFF78FFEBDE8F09F70B5040003D094F8B7
S31508001CE0200010B104E0012070BD204600F082F803
S31508001CF02068016841F00101016000F003FC054617
S31508001D00052604E000F0FEFB401B0A2811D82068CF
S31508001D104068C007F6D02068016821F0020101601A
S31508001D2000F0F0FB05460BE000F0ECFB401B0A2830
S31508001D3006D9606A40F40030606284F82060D2E711
S31508001D40206840688007EFD4207E01282068016853
S31508001D503DD021F080010160607E0128206801687D
S31508001D6038D021F040010160A07E01282068016872
S31508001D7033D021F020010160E07E01282068016847
S31508001D802ED041F010010160207F012820680168EB
S31508001D9029D021F008010160607F012820680168C8
S31508001DA024D021F004010160D4E902010843D4E9F2
S31508001DB00412114308436168491E08432168C86133
S31508001DC000206062012084F82000002070BD41F0E8
S31508001DD08001C0E741F04001C5E741F02001CAE7AC
S31508001DE021F01001CFE741F00801D4E741F00401E2
S31508001DF0D9E70000F0B587B0044614216846FEF717
S31508001E00DDFF364B3648DFF8D0E01968D4F800C055
S31508001E10334A03250226092710300024491CF445B5
S31508001E2022D11960012907D1016841F000710160CA
S31508001E30006800F000700590106840F00800106017
S31508001E401068CDE9005600F00800CDE9047069462F
S31508001E502448CDE9024500F057FA0022052114204E
S31508001E6000F0EEFB142032E0DFF87CE0F44530D1D8
S31508001E70D0F800C04CF0806CC0F800C0D0F800C0A4
S31508001E8001290CF0806CCDF814C0196007D10168DF
S31508001E9041F000710160006800F00070059010685C
S31508001EA040F002001060106802AB00F002000590D6
S31508001EB06020CDE9000683E8B00069460B4800F0CB
S31508001EC023FA00220521402000F0BAFB402000F04A
S31508001ED0A9FB07B0F0BD0000006400403C030020E9
S31508001EE030380240000C02400068004000040240FE
S31508001EF07047000010B504460C4B0D4A0021FFF749
S31508001F0079FD0C490A488C420FD1026807480A49EC
S31508001F10512A02D0522A08D103E002680A604268B0
S31508001F204A6002688A604068C86010BD40020020A6
S31508001F30C86900209C6B0020E46900207047704740
S31508001F4070477047704770477047704770477047CB
S31508001F5010B5040002D0607910B106E0012010BD6A
S31508001F6000202071204600F005F80120607100204D
S31508001F7010BD000008B500680649884208D1064821
S31508001F80016841F480510160006800F480500090B7
S31508001F9008BD000000300240303802402DE9F0410B
S31508001FA00446876D00F0AEFA064694F8350000251B
S31508001FB0022806D08020606584F834500120BDE8E8
S31508001FC0F0812068016821F01601016020684169E6
S31508001FD021F080014161206C08B9A06C20B120680D
S31508001FE0016821F0080101602068016821F00101FB
S31508001FF001600CE000F086FA801B052807D920202E
S315080020006065032084F8350084F83450D7E72068E3
S315080020100068C007EED194F85C103F208840B8608D
S31508002020012084F8350084F834500020C7E790F87A
S315080020303510022903D0802141650120704705210A
S3150800204080F835100068016821F001010160002060
S31508002050704700002DE9F84304464FF00009CDF813
S31508002060009063484FF41651A56D0068B0FBF1F770
S315080020702E6894F85C10082000FA01F131420FD05E
S3150800208021680A6852070BD50A6822F004020A601A
S3150800209094F85C108840A860606D40F001006065A7
S315080020A094F85C104FF0010808FA01F0304208D0A5
S315080020B021684969090604D5A860606D40F00200E8
S315080020C0606594F85C1004208840304208D0216886
S315080020D00968890704D5A860606D40F0040060654A
S315080020E094F85C1010208840304218D0216809689E
S315080020F0090714D5A86020680168490304D5006853
S31508002100000308D5A16C07E00168C90503D4016876
S3150800211021F008010160216C09B12046884794F82E
S315080021205C1020208840304231D021680968C906F1
S315080021302DD5A86094F8350005282068016806D0D2
S31508002140490347D5006800031DD4616C1CE021F0E3
S31508002150160101602068416921F080014161206C07
S3150800216008B9A06C20B12068016821F00801016057
S3150800217094F85C103F208840A86084F8358084F87D
S315080021803490216D1FE0E16B09B120468847606DE8
S3150800219000282BD0606DC00714D0052084F83500C0
S315080021A02068016821F0010101600098401C009038
S315080021B0B84203D820680068C007F6D184F835808D
S315080021C084F83490E16C002910D001B02046BDE8AF
S315080021D0F04308470168C905D5D4016821F0100104
S315080021E0016084F8358084F83490CCE7BDE8F8833C
S315080021F0580300202DE9F041044600F083F906460D
S315080022005CB1022084F83500002584F83450206833
S31508002210016821F0010101600DE00120BDE8F081AF
S3150800222000F070F9801B052805D920206065032079
S3150800223084F83500F2E720680068C007F0D1226804
S31508002240116820480140D4E901031843D4E903364C
S315080022503343184363691843A3691843E36918436A
S31508002260236A18430843616A042903D1D4E90B1386
S3150800227019430843106020684069666A20F0070120
S3150800228030460E43012704280CD1A06A0643E06AAB
S3150800229040B12046FFF71AFA20B14020606584F85D
S315080022A03570BAE7206846612046FFF7FBF994F8CF
S315080022B05C203F2191408160656584F83570002077
S315080022C0ACE700003F8010F070B5044600F01AF93C
S315080022D00546601C02D004480078044400F012F950
S315080022E0401BA042FAD370BD0000002070470000D2
S315080022F0044910B50A68024202D00860FFF7F6FFE3
S3150800230010BD0000143C01402DE9F84FDFF8BCA1D0
S315080023100022012503264FF00F090AF1040BAAF142
S31508002320040E00BF0B6805FA02F42340A34270D1DD
S315080023300F7907F00307012F01D0022F16D18768FE
S315080023404FEA420806FA08FC27EA0C07D1F80CC03F
S315080023500CFA08FC4CEA070CC0F808C04768A74303
S315080023600C79C4F3001494403C4344600C79E4436C
S31508002370A4070AD0C4684FEA420C06FA0CF7BC4315
S315080023808F6807FA0CF72743C7600C7904F0030433
S31508002390022C12D1D40800EB840CDCF82040570735
S315080023A0FF0E09FA07F824EA0804D1F8108008FA9B
S315080023B007F848EA0408CCF8208004684FEA420C7B
S315080023C006FA0CF7BC430F7907F0030707FA0CF770
S315080023D0274307604C6814F4403F70D03C4C27688C
S315080023E047F480472760246822F0030704F48044F2
S315080023F00094384C07EB040CDCF8084897074FEABA
S31508002400177809FA08F7BC43334FB84202D10027B8
S3150800241024E054E0314FB84201D101271EE0304F85
S31508002420B84201D1022719E02E4FB84201D103273D
S3150800243014E02D4FB84201D104270FE02B4FB842C4
S3150800244001D105270AE02A4FB84201D1062705E03F
S31508002450284FB84201D1072700E0082707FA08F7EE
S315080024602743CCF80878DAF800405746D1F804C074
S315080024709C435FEACC2C00D51C433C60DBF800404B
S315080024805F46D1F804C09C435FEA8C2C00D51C43F8
S315080024903C60DEF800407746D1F804C09C435FEA0A
S315080024A08C3C00D51C433C60084F083F3C68D1F87B
S315080024B004C09C435FEACC3C00D51C433C60521CDC
S315080024C0102AFFF42FAFBDE8F88F0000083C014042
S315080024D04438024000300140000002400004024037
S315080024E000080240000C024000100240001402409E
S315080024F000180240001C02400AB1816170470904B5
S31508002500FBE70000014880687047000000000020D3
S3150800251002488168027811448160704700000020F3
S315080025200B4810B5016841F400710160016841F477
S3150800253080610160016841F480710160032000F048
S315080025409FF8002000F006F800F050F8002010BDB3
S31508002550003C024030B50546204887B00024016893
S3150800256041F001010160006806A900F00100009031
S3150800257001A800F031F90498B0B100F04DF9400017
S3150800258017494FF08042B0FBF1F11648491E026028
S3150800259040F2E732C0E90324C0E90114846100F07F
S315080025A085FD040003D015E000F036F9E8E70D488C
S315080025B000F0D6FD04000DD11C2000F033F8102DD4
S315080025C007D2002229461C2000F03AF80648056082
S315080025D000E0012407B0204630BD00004038024024
S315080025E040420F0084730020040000200C4882B08B
S315080025F0016841F480410160006800F48040009061
S315080026000748001F016841F08051016000680022F8
S3150800261000F0805000900F21901E02B000F010B814
S3150800262044380240002809DB00F01F0201219140CE
S315080026304009800000F1E020C0F800117047000052
S31508002640F0B40E4B1B680C46C3F30223C3F107050F
S31508002650042D00D90425191D072901D2002300E0FD
S31508002660DB1E012606FA05F1491E214099409E40C7
S31508002670761E16403143F0BC04F01EBA0CED00E09D
S31508002680064900F0070208684FF6FF03184040EABB
S315080026900220034A10430860704700000CED00E072
S315080026A00000FA052DE9F0470E46050065D0DFF86B
S315080026B01481D8F80000F7B200F00700B04207D23C
S315080026C088F80070D8F8000000F00700B04254D12E
S315080026D028683D4C810712D5400703D5206840F489
S315080026E0E05020602878000703D5206840F4604051
S315080026F020602068A96820F0F00008432060287848
S31508002700C0072DD0304968680839012812D0022838
S3150800271013D0032811D00968890700292DDA216802
S3150800272021F0030101432160FFF7ECFE814641F2E7
S31508002730883A0EE009688903EFE709688901ECE73A
S31508002740FFF7E0FEA0EB0901514502D90320BDE8D9
S31508002750F0872068696800F00C00B0EB810FEFD1B4
S31508002760D8F80010404601F00701B14207D90770B2
S31508002770006800F00700B04201D00120E7E728789A
S31508002780400705D52068E96820F4E0500843206032
S315080027902878000706D52068296920F4604040EAB1
S315080027A0C100206000F058F82168084AC1F30311F7
S315080027B0515CC8400649086006480068FFF7CAFE2B
S315080027C00020C4E7003C024008380240D08E0008CA
S315080027D058030020040000200F2202600C4A1368E8
S315080027E003F003034360136803F0F0038360136880
S315080027F003F4E053C36012684FF4E05303EAD202CD
S3150800280002610448006800F007000860704700008D
S3150800281008380240003C0240044805490068096837
S31508002820044AC1F38221515CC8407047580300200E
S3150800283008380240E08E000804480549006809681F
S31508002840044AC1F34231515CC8407047580300201E
S3150800285008380240E08E0008154810B5006810F0E8
S315080028600C02144813D01449042A0FD0082A0ED192
S315080028700F4C241F2268236802F03F025B0207D52B
S315080028802068C0F38810A0FB010106E0084610BDC9
S315080028902168C1F38811A1FB00010023FEF744FA61
S315080028A02168C1F30141491C4900B0FBF1F010BD94
S315080028B0083802400024F400001BB7002DE9F84F41
S315080028C004006ED02078DFF84C93C007A9F1040500
S315080028D04AD009F104000168C1F38101012908D031
S315080028E00068C0F3810002280AD1D9F80000400226
S315080028F006D52868800337D560680028E1D033E01C
S315080029006068B0F5803F10D0B0F5A02F286810D0C9
S3150800291020F480302860286820F4802028606068C9
S31508002920A8B1FFF7EFFD06460DE0286840F48030B1
S31508002930F4E740F480202860F7E700BFFFF7E2FDE0
S31508002940801B642873D828688003F7D50CE0FFF746
S31508002950D9FD064605E000BFFFF7D4FD801B6428B5
S31508002960F0D828688003F7D42078DFF8AC8280078F
S315080029704FF0000A3ED5A748001D016811F00C0F5C
S3150800298008D00068C0F3810002280BD1D9F80000EE
S31508002990400207D42868800716D5E068012800D1C8
S315080029A012E033E1E068B8B10120C8F80000FFF78B
S315080029B0A9FD064605E000BFFFF7A4FD801B022817
S315080029C0C0D828688007F7D52868216920F0F8005C
S315080029D040EAC10028600DE0C8F800A0FFF792FDA4
S315080029E0064604E0FFF78EFD801B02281FD82868DC
S315080029F08007F7D42078000722D5864F8748616973
S31508002A00703771B101210160FFF77CFD064604E0CD
S31508002A10FFF778FD801B022809D838688007F7D5A4
S31508002A200EE0C0F800A0FFF76DFD064605E082E05F
S31508002A30FFF768FD801B02287DD838688007F7D421
S31508002A402078400768D5DFF8CCB100270BF13C0B9E
S31508002A50DBF80000C0000BD4DBF8001041F0805111
S31508002A60CBF80010DBF80000012700F0805000903A
S31508002A706B4E3068C00510D4306840F48070306002
S31508002A80FFF740FD009005E0FFF73CFD0099401A6E
S31508002A90022850D83068C005F6D55E4EA0686C3658
S31508002AA001280FD00528306810D020F001003060CA
S31508002AB0306820F004003060A068B8B1FFF722FD46
S31508002AC000900FE0306840F00100F4E740F00400A1
S31508002AD03060F7E7FFF716FD0099411A41F2883092
S31508002AE0814266D830688007F4D50EE0FFF70AFD04
S31508002AF0009007E0FFF706FD0099411A41F2883079
S31508002B00814256D830688007F4D42FB1DBF800101C
S31508002B1021F08051CBF80010A069C8B33D49091DC2
S31508002B200968C1F3810102294AD00228504607D014
S31508002B30C8F8600000E03CE0FFF7E4FC04463BE030
S31508002B404746C8F86000FFF7DDFC064605E000BF0B
S31508002B50FFF7D8FC801B02282BD828688001F7D4F9
S31508002B60D4E907010843A16A2E4A490802EB014144
S31508002B70626A41EA8211084394F82C1040EA01611E
S31508002B80C9F8001001203866FFF7BCFC044606E0C9
S31508002B903EE000BFFFF7B6FC001B022809D82868EC
S31508002BA08001F7D534E000BFFFF7ACFC001B022814
S31508002BB002D90320BDE8F88F28688001F4D427E0FD
S31508002BC00128F7D0D9F80000E26900F480019142A3
S31508002BD01CD1226A00F03F01914217D147F6C07115
S31508002BE0626A0140B1EB821F10D1A26A4FF0FF332F
S31508002BF000F4403103EB5202B1EB024F06D194F8D0
S31508002C002C1000F07060B0EB016F01D00120D1E705
S31508002C100020CFE70438024000004742800E4742B2
S31508002C20007000400000FFFF70B5040009D0606A1C
S31508002C30002540B125616561A56294F8510040B14F
S31508002C400CE0012070BD6068B0F5827FF4D0E561C4
S31508002C50F2E784F85050204600F044F8022084F841
S31508002C6051002068016821F040010160A08821898F
S31508002C7000F4827001F404410843A18901F400615B
S31508002C800843217C01F002010843217D01F001017E
S31508002C900843218B01F400710843217F01F03801B4
S31508002CA0084394F8201001F080010843218D01F4AF
S31508002CB00051084321680860A069042101EA104010
S31508002CC094F8241001F01001084321684860206830
S31508002CD0C16921F40061C1616565012084F851006C
S31508002CE0002070BD2DE9F04387B0064614216846DA
S31508002CF0FEF764F834493068884261D133480025C4
S31508002D00016841F480510160006800F48050059024
S31508002D102E481438016841F002010160016801F08B
S31508002D2002010591016841F0010101600068022471
S31508002D3000F001000590182001274FF003084FF016
S31508002D4005098DE8910369462148FFF7DDFA8020D9
S31508002D508DE8910369461F48FFF7D6FA1F4C1E48AF
S31508002D604FF0C0672060C4E901754FF48068C4E974
S31508002D70035865617812A561C4E907502046656263
S31508002D80FFF738FA08B1FEF733FEF464A663134C6E
S31508002D90114860341830E4E802074020A4E821010D
S31508002DA0C00244F81459A561C4E907500B48656286
S31508002DB06030FFF71FFA08B1FEF71AFEB464A6637F
S31508002DC007B0BDE8F08300000030014044380240F7
S31508002DD0000402400000024040640240C472002021
S31508002DE02DE9F84F044690F8500000270A9E1D4624
S31508002DF092468B464FF0010901280ED0012084F82F
S31508002E005000FFF77FFB804694F85100616801285F
S31508002E100CD0B1F5827F07D102E00220BDE8F88F19
S31508002E20A16809B9042801D00227C2E0BBF1000F46
S31508002E3027D0BAF1000F24D01DB394F85100042806
S31508002E4002D0052084F8510000206065C4F838A037
S31508002E50E587A587C4F830B0E586A5862064606452
S31508002E6020680168490603D4016841F04001016001
S31508002E70E068B0F5006F606805D0E8B3012D46D06C
S31508002E807FE0012795E008B1012D39D1206B216833
S31508002E900088C860206B801C2063E08E401EE08698
S31508002EA02EE02068816889070FD5E18E69B1B9F1EE
S31508002EB0010F0AD1216B0988C160206B801C206331
S31508002EC0E08E401EE0864FF0000920688168C90739
S31508002ED00CD0E18F51B1C068A16B0880A06B801C33
S31508002EE0A063E08F401EE0874FF00109FFF70AFB59
S31508002EF0A0EB0800B04200E009E001D3701C50D1F5
S31508002F00E08E0028CDD1E08F0028CAD13FE0206BA3
S31508002F10216800780873206B401C2063E08E401EF1
S31508002F20E0862EE02068816889070FD5E18E69B1B1
S31508002F30B9F1010F0AD1216B09780173206B401C86
S31508002F402063E08E401EE0864FF000092068816805
S31508002F50C9070CD0E18F51B1C068A16B0870A06B8E
S31508002F60401CA063E08F401EE0874FF00109FFF781
S31508002F70C9FAA0EB0800B04202D3701C01D010E0D9
S31508002F807EB1E08E0028CDD1E08F0028CAD1424616
S31508002F903146204603F000F928B101272020606554
S31508002FA007E0032705E0A06818B92068C1688068AB
S31508002FB00090012084F85100002084F8500038461B
S31508002FC02CE77047704710B590F83C20012A22D0AC
S31508002FD0012280F83C20CA688C6822F44072224399
S31508002FE04C6822F4806222430C6822F40062224371
S31508002FF00C6922F4805222434C6922F4005222437F
S31508003000C969002322F480420A4301684A6480F8A9
S315080030103C30002010BD022010BD000070B590F8AD
S315080030203C20012A32D0012480F83C40022280F854
S315080030303D2003685A689D6822F070060A68324384
S315080030405A60134B02689A4214D0B2F1804F11D0DD
S31508003050104B9A420ED0104B9A420BD00F4B9A4205
S3150800306008D00F4B9A4205D00E4B9A4202D00E4B0F
S315080030709A4204D1496825F080031943916080F883
S315080030803D40002180F83C10084670BD022070BD06
S31508003090000001400004004000080040000C004009
S315080030A000040140004001400018004010B504002B
S315080030B003D094F83D0010B107E0012010BD0020B0
S315080030C084F83C00204600F01FF8022084F83D00F2
S315080030D0211D206803F062F9012084F8460084F86F
S315080030E03E0084F83F0084F8400084F8410084F8E4
S315080030F0420084F8430084F8440084F8450084F8C4
S315080031003D00002010BD000008B50068114988423E
S3150800311009D11148016841F400310160006800F4E2
S315080031200030009008BD0D498842FBD10A48001FAF
S31508003130016841F4807101600068002200F4807023
S31508003140009005212D20FFF77BFABDE808402D20C9
S31508003150FFF768BA004401404438024000200040A6
S3150800316090F83D10012901D001207047022180F80E
S315080031703D100168CA6842F00102CA600068114938
S31508003180884214D0B0F1804F11D00F4988420ED032
S315080031900E4988420BD00E49884208D00D4988420C
S315080031A005D00D49884202D00C49884204D181686D
S315080031B001F00701062903D0016841F00101016009
S315080031C0002070470000014000040040000800404D
S315080031D0000C004000040140004001400018004077
S315080031E0704770B50446006801694FF00005C94389
S315080031F0890715D4C168C943890711D4E91E016135
S3150800320001202077206880698007204602D0FFF7D2
S31508003210E7FF04E000F0DAF8204600F07FF92577AA
S3150800322020680169C943490717D4C168C9434907D2
S3150800323013D46FF0040101610220207720688069A9
S3150800324010F4407F204602D0FFF7CAFF04E000F0E2
S31508003250BDF8204600F062F9257720680169C94360
S31508003260090716D4C168C943090712D46FF00801C3
S315080032700161042020772068C0698007204602D0B3
S31508003280FFF7AEFF04E000F0A1F8204600F046F98B
S31508003290257720680169C943C90617D4C168C94397
S315080032A0C90613D46FF01001016108202077206841
S315080032B0C06910F4407F204602D0FFF791FF04E072
S315080032C000F084F8204600F029F92577206801697E
S315080032D0C943C90708D1C168C943C90704D1891EAA
S315080032E00161204600F080F920680169C943090692
S315080032F009D4C168C943090605D46FF08001016184
S315080033002046FFF75EFE20680169C943490609D4CD
S31508003310C168C943490605D46FF0400101612046DA
S3150800332000F069F920680169C94389060BD4C168A8
S31508003330C943890607D46FF0200101612046BDE81C
S315080033407040FFF73FBE70BD30B587B00446142104
S315080033506846FDF733FD2468174D002217480221F9
S315080033600123AC4210D1046844F0100404600068DC
S3150800337000F0100005904FF428508DE807006946C4
S315080033800F48CDE9032312E00E4A944211D1026890
S3150800339042F020020260006800F0200005904020FC
S315080033A08DE80B000320CDE9031069460648FEF7B1
S315080033B0ABFF07B030BD00000000014030380240C6
S315080033C0001002400044014000140240704770B5E6
S315080033D0044690F83C0000260D4601280FD001202F
S315080033E084F83C006AB1042A1DD0082A2FD00C2A7A
S315080033F03FD00126002084F83C00304670BD0220EC
S3150800340070BD206803F03CF82068816941F0080126
S3150800341081612068816921F00401816120688169E0
S315080034202A69114311E0206803F05AF82068816977
S3150800343041F4006181612068816921F480618161BC
S31508003440206881692A6941EA02218161D2E72068F8
S3150800345003F07CF82068C16941F00801C161206861
S31508003460C16921F00401C1612068C1692A69114353
S3150800347011E0206803F09EF82068C16941F40061F4
S31508003480C1612068C16921F48061C1612068C16990
S315080034902A6941EA0221C161ACE710B5040003D0EC
S315080034A094F83D0010B107E0012010BD002084F813
S315080034B03C00204600F01EF8022084F83D00211D3D
S315080034C0206802F06BFF012084F8460084F83E006D
S315080034D084F83F0084F8400084F8410084F84200EC
S315080034E084F8430084F8440084F8450084F83D00D5
S315080034F0002010BD08B500680649884208D106486C
S31508003500016841F001010160006800F001000090C7
S3150800351008BD000000000140443802407047000022
S3150800352010B50446022249B104290ED0082913D041
S3150800353094F84100012816D0012010BD94F83E00E9
S315080035400128F9D184F83E200FE094F83F000128BD
S31508003550F2D184F83F2008E094F840000128EBD126
S3150800356084F8402001E084F841200122206802F016
S3150800357079FF16492068164A884201D0904203D13D
S31508003580436C43F4004343642068884213D0B0F187
S31508003590804F10D00F4988420DD00F4988420AD073
S315080035A00E49884207D0904205D00D49884202D07C
S315080035B00C49884204D1816801F00701062903D025
S315080035C0016841F001010160002010BD00000140C2
S315080035D0000401400004004000080040000C0040C0
S315080035E000400140001800400068B0F1804F01D14A
S315080035F0FEF78EBF7047704770477047F8B5016889
S3150800360004460868CA684B6910F00F0F4FF00005AA
S3150800361059D003F0010602F49077374365D0C10705
S3150800362005D0D10503D5216C41F00101216441077C
S3150800363005D5D90703D0216C41F002012164810721
S3150800364005D5D90703D0216C41F00401216401078F
S3150800365007D502F02001314303D0216C41F008015F
S315080036602164216C00293AD0800604D5900602D53B
S31508003670204603F01AF920684069216CC0F38010CF
S31508003680090700D460B3204603F0E8F820684069CB
S31508003690400621D52068143050E8001F21F040016B
S315080036A040E80012002AF5D1A06BA8B16C49016563
S315080036B0A06BFEF7BCFC002811D0A06B016D01B011
S315080036C0BDE8F040084783060FD593060DD520467A
S315080036D0BDE8F84003F0E9B82046FFF78EFFF8BDCD
S315080036E02046FFF78AFF2564F8BD266B2023012EA6
S315080036F079D1C60677D5D60675D508684868009084
S315080037004869400640D5A16B086840680004000C6B
S31508003710EAD0A28D8242E7D9E085C869B0F5807FF4
S315080037202DD020680C3050E8001F21F4807140E845
S315080037300012002AF5D12068143050E8001F21F045
S31508003740010140E80012002AF5D12068143050E83B
S31508003750001F21F0400140E80012002AF5D184F844
S315080037603E30256320680C3050E8001F21F0100118
S3150800377040E80012002AF5D1A06BFEF70FFCA08DD9
S31508003780E18D401A81B229E0A08DE18D401A81B2FF
S31508003790E08D0028A8D00029A6D020680C3050E873
S315080037A0002F22F4907240E80026002EF5D12068FA
S315080037B0143050E8002F22F0010240E80026002EBF
S315080037C0F5D184F83E30256320680C3050E8002F88
S315080037D022F0100240E80023002BF5D12046FFF71F
S315080037E00BFFF8BDFFE705062BD5150629D594F876
S315080037F03D002128F5D1A068B0F5805F01D1206988
S31508003800B0B1206A411C2162216800784860E08CCA
S31508003810401E0004000CE084E3D12068C16821F052
S315080038208001C1602068C16841F04001C160D8E7E5
S31508003830206A0088C0F308004860206A801C20625D
S31508003840E5E74006CDD55006CBD5CA68204622F016
S315080038504002CA6084F83D3000F017F9C1E700005D
S315080038604D68000870B5040004D094F83D000025A2
S3150800387010B106E0012070BD84F83C50204600F0E7
S3150800388023F8242084F83D002068C16821F40051FB
S31508003890C160204603F06AF82068016921F4904166
S315080038A001612068416921F02A0141612068C168E7
S315080038B041F40051C1602564202084F83D0084F855
S315080038C03E00002070BD00002DE9F04786B0044692
S315080038D014216846FDF772FA6348624B226862490A
S315080038E014380226032700254FF0400A4FF4806952
S315080038F09A4260D10A6842F010020A60096801F02B
S3150800390010010591016841F002010160016801F0AA
S3150800391002010591016841F001010160006802AAEF
S3150800392000F0010005908020CDE900064FF0070859
S3150800393082E8A00169464D48FEF7E6FC3002CDE96B
S31508003940000602AA694682E8A0014948FEF7DCFC9F
S31508003950494E48484FF00068C6E903597561B56194
S31508003960F5613562756286E801054F463046FEF711
S3150800397041FC08B1FEF73CF86663B4633E4E3D4829
S31508003980603630383060C6E90185C6E90357756187
S31508003990B561F561356230467562FEF72BFC08B1F4
S315080039A0FEF726F8A663002205212520B463FEF754
S315080039B047FE252051E0314B9A4250D10A6842F021
S315080039C020020A60096801F020010591016841F0AA
S315080039D0400101600068029500F0400005904FF430
S315080039E08440CDE900060820CDE9037069462448DD
S315080039F0FEF78AFC204E1F48C036903830604FF0DC
S31508003A002068C6E90185C6E903597561B561F5619E
S31508003A1035624F4630467562FEF7ECFB08B1FDF796
S31508003A20E7FFA663B463174E1248C6E903577561E4
S31508003A30B561F56135621838756286E80105304664
S31508003A40FEF7D8FB08B1FDF7D3FF66630022052110
S31508003A504720B463FEF7F4FD4720FEF7E3FD06B002
S31508003A60BDE8F087001001404438024000040240D7
S31508003A7000000240B86402402C7500200014014082
S31508003A80001802404C7600207047704770B504460F
S31508003A9000203C4D2074A27B288861684243D4F8F4
S31508003AA0F400FDF772F9A17B288841436068FDF7A9
S31508003AB085F9A07B10FB00F128884143D4F818014A
S31508003AC0FDF77CF9207BA17B10FB01F12888414397
S31508003AD0D4F80C01FDF772F900202BE0D4F8F410A5
S31508003AE001EB800292ED000AB5EEC00AF1EE10FA7B
S31508003AF01ED0227C01EB820181ED000A227C616ADC
S31508003B008854A169227B01EB8001237C91ED000A90
S31508003B106169095C12FB03116FF0030202EB810174
S31508003B20D4F80C21114481ED000A217C491C21742A
S31508003B30401CC0B2A17B8142D0D8002010E0636A45
S31508003B40E2691B5C02EB830292ED000A10FB01019D
S31508003B50D4F81821401C02EB8101C0B281ED000A9D
S31508003B60217C8142EBD8C8B224F8780F14F86C0C83
S31508003B70608020816181218361832084618424F8A7
S31508003B80301C70BD38030020FEE70000F0B58D4CF0
S31508003B900F462DED068B054687B01646D0ED040A6E
S31508003BA094ED050A884830EEC00AB0EEC00A10EE59
S31508003BB0101A814219DC95ED050A94ED061A30EEC5
S31508003BC0410AB0EEC00A10EE101A81420DDC95EDDE
S31508003BD0060A94ED071A30EE410AB0EEC00A10EE56
S31508003BE0101A814201DC2878F0B39FED789A80EEAE
S31508003BF0890AFCF747FBF0EE400AF0EE609AD5ED2D
S31508003C00050A80EE890AFCF73DFBD5ED060AF0EEBB
S31508003C10401A80EE890AB0EE61AAFCF733FBD5EDAF
S31508003C20040AF0EE40AA80EE890AFCF767FBF0EE7C
S31508003C30400AB0EE608AD5ED050A80EE890AFCF7DF
S31508003C405DFBD5ED060AF0EE408A80EE890AFCF7A0
S31508003C5055FB29EEAA2A68EE280AB0EE401AB0EEFD
S31508003C60420A00EE810A00E02BE084ED080A2AEEFB
S31508003C70080A6AEE880A002084ED090A29EE810AF4
S31508003C8000EEE80A84ED0A0A29EEA80A20EE010ADF
S31508003C900AEEC80A84ED0B0A29EE8A0A84ED0C0A94
S31508003CA028EE410A02EE680A84ED0D0A2AEE410A58
S31508003CB084ED0E0A2AEE2A0AC4ED0F8A84ED100A4C
S31508003CC0287000204FEA0D0107EB800292ED000AEA
S31508003CD005EB8002D2ED010A01EB8002401C20EEC2
S31508003CE0200AC0B2032882ED000AEDD39DED000A32
S31508003CF0D4ED085A9DED011A94ED094A20EE252ABD
S31508003D00DDED020AD4ED0A1A002004EE012A03A901
S31508003D1001EEA02A87ED002A94ED0B3AD4ED0C2A81
S31508003D2094ED0D2A60EE033A42EE813A42EE203ACD
S31508003D30C7ED013AD4ED0E3AD4ED0F4A94ED105A78
S31508003D4020EE230A04EE810A05EE200A87ED020A10
S31508003D5006EB800292ED000A01EB8002401CC0B21D
S31508003D6082ED000A0328F3D39DED031ADDED040A5C
S31508003D709DED050A61EE255A44EE205A41EE805A19
S31508003D8061EE031A21EE231A42EEA01A04EEA01AD7
S31508003D90C6ED005A42EE001A05EE001AC6ED011AE3
S31508003DA086ED021A95ED040A84ED050A95ED050AD5
S31508003DB084ED060A95ED060A84ED070A07B0BDEC00
S31508003DC0068BF0BD280100206F12833AE12E65426A
S31508003DD010B504462DED048BD0F8EC00D0ED009A12
S31508003DE090ED019AD0ED028A29EEA90A90ED038A90
S31508003DF009EE090A08EEA80A08EE080A03F070FB9D
S31508003E005FF00000D4F8EC1001EB8001401CD1ED06
S31508003E10000AC0B2042860EE800AC1ED000AF1D398
S31508003E203E48D4F8001190ED6F0A60EE090AB6EE26
S31508003E30000A60EE800AC1ED040AD0ED6F0AD4F8D4
S31508003E40001160EEA80A60EE800AC1ED050AD0ED01
S31508003E506F0AD4F8001120EEA91AFEEE000A21EE28
S31508003E60201A81ED0A1A90ED6F1AD4F8001121EE86
S31508003E70081A21EE001A81ED0B1A90ED6F1AD4F884
S31508003E80001121EE081A21EE201A81ED101A90ED84
S31508003E906F1AD4F8001121EE291A21EE201A81EDA5
S31508003EA0111A90ED6F1AD4F8001121EE281A21EE96
S31508003EB0000A81ED160A90ED6F0AD4F8001120EE7B
S31508003EC0090A20EE200A81ED170AD4F8F810D0ED79
S31508003ED0740A91ED1C0A80EE201A81ED1C1AD4F89A
S31508003EE0F810D0ED740A0E4891ED230A80EE201AD8
S31508003EF09FED0C0A81ED231AD4F8F8100A6F824256
S31508003F0001DD81ED1C0AD4F8F810D1F88C20824224
S31508003F1001DD81ED230ABDEC048B10BD306700205E
S31508003F2000401C4600401C4670B52C4C01252DED62
S31508003F30028B04F5D8702570B7EE008A80EC030A68
S31508003F4000209FED270A84ED730A84F83801C4E936
S31508003F505000C4E9520011EE900AB0F17E5F01DD0F
S31508003F60F0EE481AC4ED741A84ED642A032300227D
S31508003F700621201D00F00EFE1A4B01221146A3F160
S31508003F800800FCF789FA54F8EC0F9FED170A9022FF
S31508003F9080ED008A54F86409184980ED010A606EBC
S31508003FA080ED020A606E80ED030A1048A06410488E
S31508003FB0E064104820651048606504F85A5C04F807
S31508003FC0595CE06FFCF7E1FE606F9022BDEC028B56
S31508003FD00B49BDE87040FCF7D8BE000030670020EA
S31508003FE077CC2B32F8680020000000000540000856
S31508003FF0D13D00083940000811450008D08D000859
S31508004000B001002010B50446902254F8F81F08485D
S31508004010FCF7BBFE48220748616AFCF7B6FE05486E
S3150800402061694822BDE810404830FCF7AEBE000082
S31508004030B00100201069002070B50446B0EE000AF1
S3150800404054F8EC0F2B4DD0ED000A60EE800AC5ED52
S31508004050090AD0ED010A60EE800AC5ED0A0AD0ED1C
S31508004060020A60EE800AC5ED0B0AD0ED030A20EEBF
S31508004070800A85ED0C0A14F8DE0C14F8E01C10FB17
S3150800408001F11D4800884143206AFCF797FED5EDEB
S315080040900B1A206AB1EE612A80ED002A206AD5ED56
S315080040A00C0AC0ED010A95ED090A206AB1EE401A1C
S315080040B080ED021A206A95ED0A1A80ED031A206A25
S315080040C080ED061A206A80ED070A206AC0ED080A04
S315080040D0206AC0ED091A206A80ED0C0A206AB1EE42
S315080040E0410A80ED0D0A206A80ED0E2A206AC0ED8D
S315080040F00F0A70BD6C0100203803002070B5F74C1C
S315080041002DED088BB0EE438AF0EE629AB0EE42AA25
S31508004110F0EE61AA2078B0EE419AB0EE60BAF0EE01
S3150800412040BADFEDEF8A58B9B0EE682AF7EE001A02
S315080041309FEDEC1ADFEDEC0AB2EE040AFFF7F4FE87
S3150800414084ED6F8A94ED580AE84D90227BEEC00AFA
S31508004150E749C4ED5B0A94ED590A3BEE401A84ED33
S315080041605C1A94ED5A0A79EE401AB6EE000A60EE29
S31508004170800AC4ED5D1A60EE880AC5ED000A61EE94
S31508004180000A21EE800A60EE880A20EE080AC5EDCC
S31508004190010A85ED020AD4F8040104F58274FCF7D5
S315080041A0F4FD95ED000A2068B1EE402A80ED012A5B
S315080041B095ED011A2068F1EE412AC0ED022AD5EDE7
S315080041C0021A2068F1EE610AC0ED030A206880ED44
S315080041D0060A2068C0ED081A2068C0ED092A20687A
S315080041E080ED0C1A2068C0ED0D0A206880ED0F0AD4
S315080041F02068C0ED121A206880ED131A54F8440B93
S3150800420080ED142A74E85201084305D1C4ED5EAA6C
S3150800421084ED5FAAC4ED609A94ED5E0AD4ED640A53
S3150800422094ED6F1A20EE202A31EE200AC2EE001A0B
S3150800423021EE2A2AC2EE002A31EEA22A84ED5E2A4F
S31508004240D4ED5F1A61EEA02AC2EE801A61EE0A2A40
S3150800425021EE291A82EE803A71EE831AC4ED5F1AAE
S31508004260D4ED602A62EEA02AC2EE800AC1EE002AC8
S3150800427022EE020A01EEA10A70EEA20AC4ED600A55
S3150800428000EEA00A03F02CF985ED030A5FF00000A2
S3150800429004EB8001D1ED5E0AA16801EB800160EEB6
S315080042A0800A401CC0B2C1ED000A0328F0D394ED81
S315080042B05B0AD4ED5C0A20EE000A00EEA00AD4EDF3
S315080042C05D0A00EEA00A03F00BF9B7EE008A8949E9
S315080042D0C8EE000AC4ED650A95ED031A10EE900AB9
S315080042E088EE010A884284ED660A0BDA10EE100A97
S315080042F08149884206DD10EE100A8049884201DAB3
S31508004300012000E0002084F8390194ED6C0AD4ED10
S315080043106F0AD4F8180120EE200A80ED000A94ED01
S315080043206C0AD4ED6F0AD4F8180120EE200A80ED45
S31508004330070A94ED6C0AD4ED6F0AD4F8180120EE3A
S31508004340200A80ED0E0A94ED6C0AD4ED6F0AD4F8B3
S31508004350180120EE200A80ED150A94ED6D0AD4EDB9
S315080043606F0AD4F8180120EE200A80ED1C0A94ED95
S315080043706D0AD4ED6F0AD4F8180120EE200A80EDF4
S31508004380230AD4F81C0194ED6E0A80ED000AD4F8CD
S315080043901C0194ED6E0A80ED040AD4F81C0194ED14
S315080043A06E0A80ED080A201D00F0DEFE606890EDBA
S315080043B0001A84ED541A90ED010A61EE012A84ED83
S315080043C0550AD0ED021AC4ED561A90ED032A40EEAE
S315080043D0002A84ED572AD0ED040A21EE021AC4ED0C
S315080043E0580AD0ED050AC4ED590A00EE211AC4EDA3
S315080043F05A8AF0EE008AF0EE480A52EEA80A21EE32
S31508004400280A02F08BFC9FED3E9AF0EE480A20EE51
S31508004410090A84ED6A0A94ED541A94ED570A61EE76
S31508004420011A40EE001A51EEA80AD4ED551A21EEEB
S31508004430211AD4ED561A01EE801A21EE280A02F046
S315080044406DFC20EE090A84ED690A94ED550AD4ED4F
S31508004450570A94ED561A20EE200AD4ED540A00EEB7
S31508004460C10AF8EE000A20EE200A02F0C1FB20EE8F
S31508004470090A244984ED680A94ED6A0AD4ED760A95
S3150800448070EE600A10EE900A884203DDB4F8D40193
S31508004490401E07E010EE900A1B49884204D9B4F87A
S315080044A0D401401CA4F8D401B4F9D401DFED171ADD
S315080044B000EE900AB8EEE01AF0EE400A41EE210A44
S315080044C0C4ED6B0A84ED760AF4E95201401C41F109
S315080044D00001C4E90001BDEC088B70BD30670020FF
S315080044E0000000008096184B6F12833A6C0100207A
S315080044F0D08D00089A99993ECDCC1441CDCC244153
S31508004500E12E654200003443000034C30000B44382
S315080045102DE9F84F00F180010446783005460091F0
S31508004520FCF778FB84F8C800B4F87800A4F8A8006B
S31508004530B4F85A00A4F8AA0004F1A80204F1580134
S3150800454091468B462846FCF743FA84F8C800B4F827
S31508004550A800A4F8B000B4F88200A4F8B20004F1E8
S31508004560B002904648460099FCF732FA84F8C8002B
S31508004570B4F89000A4F8A000B4F89200A4F8A20039
S3150800458004F1A002154604F190014046FBF700FF2E
S3150800459084F8C80041462846B034FBF781FF2076E8
S315080045A0E16BBF480126D1ED001AB0EE002AC0ED36
S315080045B00D1AD1ED010A0027C0ED0E0A91ED020A87
S315080045C0B84D80ED0F0A91ED031A80ED101A60EED2
S315080045D0812A34F8380C2081668141EEC02AE06FC2
S315080045E062EE822AC0ED002A61EEA02A61EEA11AC7
S315080045F0E06F40EE012A40EEE01A22EE822A40EEF3
S31508004600401A80ED012AE06FB4F1B00441EE011AB8
S31508004610C0ED021AD4F82C0100EB870090ED000AD1
S31508004620B0EEC00A02F058FA05EB87007F1CFFB20D
S3150800463080ED610A032FEDD3B4F84800A4F8C00052
S3150800464004F1C00204F1B801A4F8C26017468A460C
S3150800465004F14800FCF75AFA84F8C800B4F8C00018
S31508004660A4F8A80024F8AA6F4A4639464046FCF73B
S31508004670AFF9A077E681E08A208251463846FCF7F2
S31508004680C9FAA077884A49465046FCF7A1F9A077A7
S3150800469095ED730AB6EE001AD5ED720A20EE011AE8
S315080046A0AA3CF4EEC10AF1EE10FA01D285F8386197
S315080046B0F4EEC00A0020F1EE10FA35DD95F838114F
S315080046C089B395F8391139B1D5E95021521C41F110
S315080046D00001C5E9502102E00021C5E95011D5E9DC
S315080046E050234FF0320C0021BCEB0202994102D252
S315080046F085F8380136E06D4D14F80C2F28884243AA
S31508004700D4E937017434FCF740FB14F8740C10FB39
S3150800471000F228884243D4E91E01FCF736FB04F868
S31508004720546CBDE8F88FFFE79FED611A20EE011A79
S31508004730F4EEC10AF1EE10FA0DDD95F8381151B113
S3150800474070EE600A9FED5B1A20EE010A80EE801A71
S3150800475085ED671A03E0B7EE000A85ED670A0021C2
S31508004760C5E9501184F82C00B4F85800A4F8A8003C
S31508004770B4F88200A4F8AA004A4658466C34009950
S31508004780FCF726F904F85C0FA4F13002934641467B
S315080047904846C83CFCF71CF984F8C80000200DE020
S315080047A0D4F81C11D5ED670A01EB8001401C91ED88
S315080047B0000AC0B220EE200A81ED000AB4F898106B
S315080047C0B4F89A2051438142EADC04209FED3A0A64
S315080047D0002105EB800C00EB400300BF9CED5D1A41
S315080047E0D4F81C2103EB0108C1EE000A02EB88028B
S315080047F0491C92ED001AC9B2032960EE810AC2ED7E
S31508004800000AEBD3401CC0B20628E1D334F8980F4F
S3150800481052462084668439465846FCF7D9F884F807
S31508004820300095F83801983C50B39FED240ADFED27
S31508004830240A0420D4F8BC1095ED6F1A01EB800108
S3150800484021EE001AD1ED001AF4EEC11AF1EE10FAB3
S3150800485001DD81ED001AD4F8BC1095ED6F1A01EB55
S31508004860800121EE201AD1ED001AF4EEC11AF1EEFC
S3150800487010FA01D281ED001A401CC0B20628D9D31D
S31508004880D4F8BC009FED0F0A04F1300280ED030A4C
S31508004890514604F13800FBF77BFD84F8C80040E771
S315080048A06C01002030670020F068002038030020E3
S315080048B0CDCCCC3D6666663FDA0FC93F0AD7233CA6
S315080048C00AD723BC00000000114810B590ED070A6E
S315080048D01048D0ED030A104801F000FA0E4890ED92
S315080048E00D0A02F0EBFD00EE100A9FED0C1ADFED43
S315080048F00C0AB8EEC00A02F0D1FDBCEEC00ABDE84B
S31508004900104010EE100A002182B2064801F07ABE65
S31508004910B465002028010020E86500200000804FCB
S31508004920000000001474002010B52348B7EE000AF2
S315080049302DED028B012180ED010A80ED020A9FED23
S315080049401F8A80ED030A80ED048A80ED058A80EDD2
S31508004950068A0170B0EE482AF7EE001A9FED181A7B
S31508004960DFED180AB2EE040AFFF7DEFA0022114656
S31508004970F0EE484AB0EE484AF0EE483AB0EE483A09
S31508004980F0EE482AB3EE042ADFED0F1AB0EE481A05
S31508004990DFED0E0A9FED0E0A0E4801F0C5FB002159
S315080049A00D48FEF7BDFD04489FED0C0A803880EDE2
S315080049B0100ABDEC028B10BD146700200000000031
S315080049C08096184B6F12833A00007A44000096438B
S315080049D00000FA44E86500201474002096430B3C56
S315080049E070B563492DED028B88B007C904AB83E81F
S315080049F007006048FCF7C2FE5E4D5F4885ED010A78
S31508004A00D5ED020A30EE800A85ED020AFCF75EFA59
S31508004A1059485A4C90ED000A04F11C0284ED070A25
S31508004A2090ED010AA2F10C0184ED080A90ED020A44
S31508004A3084ED090A90ED030A84ED040A90ED040A50
S31508004A4084ED050A90ED050A01F1700084ED060A69
S31508004A50FFF79CF8D4ED090A94ED070A02F05EF90F
S31508004A609FED478A20EE080ADFED460A80EE201AF7
S31508004A7084ED1A1AD4ED090A94ED080A02F04EF9E3
S31508004A8020EE080ADFED400A04F1100080EE201A35
S31508004A9084ED1B1A95ED013A90EC060AFFF72EFBFA
S31508004AA03A4E20464ECE80E84E00024600F14401BA
S31508004AB02F482438FCF759FB2D48224602F15001AD
S31508004AC01838FCF752FB2A48224602F15C010C38DA
S31508004AD0FCF74BFB2246694604A8FCF714FF95ED44
S31508004AE0010A00204FEA0D0204EB800102EB800365
S31508004AF0D1ED070A93ED001A401CC0B270EEC10A48
S31508004B00032820EE802AD4ED100A30EE801AC2EE71
S31508004B10011A91ED0A2A62EE200A80EE812A71EEC8
S31508004B20820AC1ED0A0ADFD3144A02F13401A1F15F
S31508004B300C00FCF71AFB164890ED6A0A84ED1E0A6B
S31508004B4090ED690A84ED1D0A90ED680A84ED1C0A49
S31508004B5090ED6B0A84ED1F0A287CC00701D1FFF788
S31508004B60B3FE2869401C286108B0BDEC028B70BDF5
S31508004B70C48D000828010020B46500209466002032
S31508004B8000003443DB0F49C0DB0F49408068002032
S31508004B90306700202DE9F047DFF8DC830D46042155
S31508004BA0A8F800100821A8F8021005734273837349
S31508004BB04FF000091E46044680F810901746304606
S31508004BC002F0ECFC31466061FCF7F8F8B8F8000032
S31508004BD0704302F0E3FCA061B8F800107143FCF7DB
S31508004BE0EDF8B8F80000704302F0D8FCE061B8F8B8
S31508004BF000107143FCF7E2F8B8F80000684302F0C9
S31508004C00CDFC2062B8F800106943FCF7D7F83046A7
S31508004C1002F0C4FC31466062FCF7D0F8B8F8000030
S31508004C20684302F0BBFC2060B8F800106943FCF743
S31508004C30C5F8B8F80000704302F0B0FC6060B8F838
S31508004C4000107143FCF7BAF8B8F80000784302F090
S31508004C50A5FCA060B8F800107943FCF7AFF8B8F8DF
S31508004C600000684302F09AFCC4F8E800B8F800109F
S31508004C706943FCF7A3F8217B012204F13000D4F83C
S31508004C80E830FBF709FCB8F80000684302F086FC38
S31508004C90C4F8EC00B8F800106943FCF78FF8217BDC
S31508004CA0012204F13800D4F8EC30FBF7F5FB9FB18C
S31508004CB0B8F80000784302F071FCC4F8F000B8F8C0
S31508004CC000107943FCF77AF8617B012204F1400071
S31508004CD0D4F8F030FBF7E0FBB8F80000704302F0B8
S31508004CE05DFCC4F8F400B8F800107143FCF766F8E8
S31508004CF0A17B012204F14800D4F8F430FBF7CCFB81
S31508004D00B8F800006843684302F048FCC4F8F800A5
S31508004D10B8F8001069436943FCF750F8217B04F1A1
S31508004D2050000A46D4F8F830FBF7B6FBB8F800008E
S31508004D306843684302F032FCC4F8FC00B8F8001077
S31508004D4069436943FCF73AF8217B04F158000A469F
S31508004D50D4F8FC30FBF7A0FBB8F8000068436843BA
S31508004D6002F01CFCC4F80001B8F800008834684357
S31508004D70684302F013FCE067B8F80010A06F6943B7
S31508004D806943FCF71BF8B8F80010E06F69436943FC
S31508004D90FCF714F854F8783FA4F1A00014F8F41CB2
S31508004DA0A4F580740A46FBF777FB217B04F16800BB
S31508004DB00A46D4F80431FBF76FFBAFB1B8F8000028
S31508004DC06843784302F0EAFBC4F80801B8F8001013
S31508004DD069437943FBF7F2FF627B217B04F170009C
S31508004DE0D4F80831FBF758FBB8F80000474670437B
S31508004DF0684302F0D3FBC4F80C013888943468433E
S31508004E00704302F0CBFBE0673988A06F71436943B2
S31508004E10FBF7D4FF3988E06F69437143FBF7CEFF90
S31508004E2014F8882C14F8861CA4F11C00A36F943C73
S31508004E30FBF732FBA27B217B04F18000D4F810310A
S31508004E40FBF72AFB38886843684302F0A7FBC4F8D7
S31508004E501401398869436943FBF7B0FF217B04F1E4
S31508004E6088000A46D4F81431FBF716FB38887043D5
S31508004E70704302F093FBC4F81801398871437143F3
S31508004E80FBF79CFFA17B04F190000A46D4F8183181
S31508004E90FBF702FB38886843704302F07FFBC4F8CF
S31508004EA01C01398869437143FBF788FFA27B217B84
S31508004EB004F19800D4F81C31FBF7EEFA207B10FBBE
S31508004EC000F03988484302F069FBC4F82001207BCA
S31508004ED010FB00F03988484302F060FBC4F824014F
S31508004EE0207B10FB00F03988484302F057FBC4F8D2
S31508004EF02801207B3988484302F050FBC4F82C016E
S31508004F00207B3988484302F049FBC4F83001217BED
S31508004F1004F1A0000A46D4F82031FBF7BDFA217B3C
S31508004F2004F1A8000A46D4F82431FBF7B5FA217B28
S31508004F3004F1B0000A46D4F82831FBF7ADFA217B14
S31508004F40012204F1B800D4F82C31FBF7A5FA217B2D
S31508004F50012204F1C000D4F83031FBF79DFA04F8B9
S31508004F60289F84F8019084F8029084F8039084F8C6
S31508004F700490BDE8F08700003803002070B50446A9
S31508004F80C07B0F4D18B12046FEF780FD0DE0A27BD1
S31508004F90288861684243D4F8F400FBF7F6FEA17B43
S31508004FA0288841436068FBF709FF627B2888A16867
S31508004FB04243D4F8F000BDE87040FBF7E6BE0000B7
S31508004FC0380300202DE9F041044690F82C0000280B
S31508004FD02BD1B4F89800A4F8A800B4F87A10A4F86D
S31508004FE0AA10A4F8B000B4F85A00A4F8B20004F164
S31508004FF0A802174604F1780104F19800FBF7E8FCCB
S3150800500084F8C80004F1B00204F1580116460D46AA
S315080050103846FBF7DDFC84F8C80004F15002314637
S315080050202846FBF773FD84F8C800BDE8F0812DE932
S31508005030F041044690F8290000282CD104F16801B3
S3150800504004F160000F460546FBF7E4FD84F8C80046
S3150800505004F15802164604F150012846FBF7B8FC3D
S3150800506084F8C800B4F85800A4F8A800B4F86A0090
S31508005070A4F8AA0004F1A802154639463046FBF7FB
S31508005080A7FC84F8C800324604F188012846FBF7D5
S315080050907FF984F8C800BDE8F0812DE9F047044699
S315080050A090F82A0000285CD104F1800104F1780008
S315080050B089460546FBF7AEFD84F8C800B4F87800C3
S315080050C0A4F8A800B4F85A00A4F8AA0004F1A802A3
S315080050D004F1580190460F462846FBF779FC84F8F8
S315080050E0C800B4F8A800A4F8B000B4F88200A4F880
S315080050F0B20004F1B002154649464046FBF768FC83
S3150800510084F8C800B4F89000A4F8A000B4F8920097
S31508005110A4F8A20004F1A002164604F1900128465C
S31508005120FBF736F984F8C80029463046AA34FBF757
S31508005130B7F9A07734F8520C24F8020C34F8280C86
S315080051402080424649463846FBF742FC04F81E0FC3
S31508005150A4F1300229464046C83CFBF739FC84F8DE
S31508005160C800BDE8F087000070B50446FFF706FFE3
S31508005170D4F8CC1009B120468847204600F068F8D4
S31508005180D4F8D01009B1204688472046FFF74FFFCC
S31508005190D4F8D41009B120468847207C2B4DC0B9D5
S315080051A0E07BB0B1227B28884243D4E93A01FBF779
S315080051B0ECFD207B10FB00F228884243D4E93E012F
S315080051C0FBF7E3FDD4F8E01009B120468847002034
S315080051D02AE02046FFF761FFD4F8D81009B1204627
S315080051E08847204600F06EF8D4F8DC1009B120464E
S315080051F088472046FFF7E6FEE4E700BF10FB0101FB
S31508005200D4F8F82002EB8101226AD1ED000A02EBFC
S31508005210800292ED000AF4EEC00AF1EE10FA01D20D
S3150800522081ED000A401CC0B2217B8142E6D8CAB291
S315080052302888D4F8E81042432068FBF7A6FDD4F87E
S31508005240E41009B120468847206870BD380300205D
S315080052502DE9F041044690F8280000282AD1627BFF
S3150800526004F1300104F1600004F1380522B3227B11
S31508005270A4F8B820012604F1B802A4F8BA601746C3
S31508005280FBF7A6FB84F8C800207BA4F8C000A4F8A6
S31508005290C26004F1C002164604F1400104F1700030
S315080052A0FBF796FB04F8C80F2A4631463846FBF743
S315080052B06FF82070BDE8F0812A46FBF789FB84F871
S315080052C0C800F7E72DE9F041044690F82B000028BE
S315080052D038D1B4F87800A4F8B800012504F1B8026A
S315080052E004F13801A4F8BA5090460F4604F1780044
S315080052F0FBF76EFB84F8C800B4F84800A4F8C000B1
S3150800530004F1C002A4F8C2501646414604F148000A
S31508005310FBF7FCFB84F8C800B4F89800A4F8B800BA
S31508005320A4F8BA504246314604F19800FBF750FB00
S3150800533084F8C80004F1300241463846FBF728F8DD
S3150800534084F8C800BDE8F0810F4810B50D49016022
S315080053500321416000214FF410228160C0E9031245
S315080053604FF400124261017641768176C176017763
S315080053704177FCF7B1FC002803D0BDE81040FCF7E4
S3150800538037BB10BD00640040746B00200F4810B591
S315080053900D4901600321416000214FF4102281600C
S315080053A0C0E903124FF40012426101764176817614
S315080053B0C17601774177FCF78FFC002803D0BDE85A
S315080053C01040FCF715BB10BD006800409C6B002020
S315080053D0074910B5054808600846FCF7B9FD0028D6
S315080053E003D0BDE81040FCF703BB10BD00300240F7
S315080053F0400300201D4808B5016841F4800101609A
S315080054000068002200F48000009005213920FDF78D
S3150800541017F93920FDF706F9002205213A20FDF78C
S315080054200FF93A20FDF7FEF8002205213B20FDF78B
S3150800543007F93B20FDF7F6F8002205214420FDF781
S31508005440FFF84420FDF7EEF8002205214520FDF778
S31508005450F7F84520FDF7E6F8002205214620FDF776
S31508005460EFF8BDE808404620FDF7DCB830380240C2
S3150800547010B59CB01C2216496846FBF786FC00212D
S31508005480684602F0CDF8134C11491C2220601C31E5
S3150800549007A8FBF77AFC002107A802F0C1F80C4917
S315080054A060601C2238310EA8FBF76FFC00210EA89D
S315080054B002F0B6F80649A0601C22543115A8FBF77D
S315080054C064FC002115A802F0ABF8E0601CB010BD22
S315080054D0608E0008480300202DE9F04F87B014219C
S315080054E06846FBF76BFC78480025016841F0020125
S315080054F00160016801F002010591016841F040016F
S315080055000160016801F040010591016841F001015F
S315080055100160016801F001010591016841F0080187
S315080055200160016801F008010591016841F0040174
S315080055300160016801F004010591016841F4807178
S315080055400160016801F480710591016841F08001EC
S315080055500160016801F080010591016841F02001B0
S315080055600160016801F020010591016841F0100110
S3150800557001600068DFF854B100F010004FF4807441
S315080055800590002221465846FCF7B6FFDFF8409101
S31508005590012240214846FCF7AFFFDFF838814FF477
S315080055A0E057002239464046FCF7A6FFDFF828A157
S315080055B0012210215046FCF79FFF012241F201010A
S315080055C04648FCF799FF4FF440600226CDE90006ED
S315080055D00320CDE902500720049069465846FCF797
S315080055E093FEC02000904FF48810CDE90105694666
S315080055F03B48FCF789FE00940124CDE9014569463C
S3150800560058460395FCF780FE4020CDE90004029435
S31508005610694648460394FCF777FE0097CDE90145AD
S31508005620694640460395FCF76FFE08204FF40417B9
S31508005630CDE90007694602944846FCF765FECDE9C0
S315080056400045694650460294FCF75EFE1020CDE9F7
S315080056500004CDE9024669465046FCF755FE30205F
S31508005660CDE90007694602945846FCF74DFE20032B
S31508005670CDE900040294694618480394FCF744FEF1
S31508005680CDE902460094694614480194FCF73CFEAD
S31508005690002205210920FCF7D3FF0920FCF7C2FFE9
S315080056A0002205210A20FCF7CBFF0A20FCF7BAFFE7
S315080056B0002205211720FCF7C3FF1720FCF7B2FFCD
S315080056C007B0BDE8F08F00003038024000080240FD
S315080056D000180240001C024000000240000402407C
S315080056E000200240104810B50E4901604FF482713F
S315080056F04160002102228160C0E903120122426151
S31508005700520282611022C0E90721416281620A21A0
S31508005710C162FDF789FA002803D0BDE81040FCF7FE
S3150800572067B910BD003001406C72002010B588B012
S315080057301C216846FBF742FB154814490024016002
S315080057405321C0E9011440F2CF71C0E90314846102
S31508005750FDF7ACFC08B1FCF74BF90D48FDF79DFECB
S3150800576008B1FCF745F96020CDE90004029400224F
S31508005770694607480494FDF72AFE08B1FCF738F98C
S315080057800348FDF7E1FD08B010BD000000440140E4
S31508005790147400200B4810B5094901605321416073
S315080057A0002140F2CF72C0E9021201618161FDF762
S315080057B07DFC002803D0BDE81040FCF719B910BDE0
S315080057C0002000405C74002010B592B000240F94AD
S315080057D01C2168461094FBF7F1FA202107A8FBF76D
S315080057E0EDFA284826490160A721C0E9011440F2CC
S315080057F0CF71C0E9031444618461FDF74EFE08B118
S31508005800FCF7F6F80F940FA91E481094FDF706FC4E
S3150800581008B1FCF7EDF86020CDE900040294039482
S31508005820049405940022694616480694FDF7CFFDB0
S3150800583008B1FCF7DDF8042269461248FDF7C7FDF2
S3150800584008B1FCF7D5F8082269460E48FDF7BFFDF2
S3150800585008B1FCF7CDF80794089409944FF4005062
S315080058600A94CDE90B4007A906480E94FDF7ABFB51
S3150800587008B1FCF7BDF80348FDF766FD12B010BD88
S3150800588000000140CC73002010B50E4C0C480C21CA
S3150800589020604FF4E13060600020A060E060C4E959
S315080058A00401A061E0612046FDF7DCFF08B1FCF7C2
S315080058B09FF82068C16841F01001C16010BD000062
S315080058C000100140A474002010B50E4C0C480C21A1
S315080058D020604FF4E13060600020A060E060C4E919
S315080058E00401A061E0612046FDF7BCFF08B1FCF7A2
S315080058F07FF82068C16841F01001C16010BD000042
S3150800590000140140E874002070B59FED390A394C3F
S31508005910F7EE001AB0EE401A84ED000A84ED010A8B
S3150800592084ED020A84ED030A84ED040A84ED050A6F
S31508005930F0EE400A04F1180000F07AFE94EC030A2F
S31508005940F7EE001A04F1640000F072FE94ED050A01
S31508005950D4ED020AD4ED001A04F1B00030EE601A54
S3150800596094ED040AD4ED010A70EE600A94ED030A78
S3150800597030EE610AF7EE001A00F05AFE1E48D4ED22
S31508005980050AD4ED031A90ED1F0A30EE601A90ED61
S315080059901C0AD4ED040A70EE600A90ED1D0A04F1A3
S315080059A0FC0030EE610ADFED151A00F041FE04F541
S315080059B0B472A2F11801A1F10800FBF709F804F581
S315080059C0B872A2F11801154601F11000FBF700F8AC
S315080059D004F5BC721446A2F118012846FAF7F8FF36
S315080059E02046BDE87040064A02F10801FAF7F0BF02
S315080059F000000000F4690020946600200000C842F8
S31508005A0048020020234B10B50422114603F598706E
S31508005A10FAF742FD1F4B04224C33114603F1EC0002
S31508005A20FAF73AFD1B4B04229833114603F1A800F6
S31508005A30FAF732FD174B0422E433114603F16400EA
S31508005A40FAF72AFD0422144B11461448FAF724FDE6
S31508005A50114B12480422403311460830FAF71CFD50
S31508005A600D4B0E480422803311461030FAF714FD08
S31508005A70094B0122D0330421A3F1D800FAF70CFD13
S31508005A80054B0122C033BDE810400421A3F1D00024
S31508005A90FAF702BD0C6A0020580200205C6B002051
S31508005AA0FEE7704770B50446D0F8060090ED011A77
S31508005AB0784880ED031A0020042217E0D4F806106F
S31508005AC002EB8003CD1801EB8001D5ED001A71EECB
S31508005AD0C11AC1ED001AD4F80A100B4401EB800173
S31508005AE0D3ED001A401CC1ED001A80B22188491E68
S31508005AF08142E3DC2188D4F806006FF0070202EB46
S31508005B008102024492ED001A6FF0030202EB810152
S31508005B1031EE000A084480ED000A2188D4F80A000C
S31508005B2002EB81010844C0ED000AD4F8020021887E
S31508005B30884202D2401CC4F80200102104F11A005F
S31508005B40FBF73CF92088D4F80210431A99B23BE0D7
S31508005B50D4F80620D4F81A5002EB810200EE905AC7
S31508005B6092ED000A40EE000A10EE905AC4F81A5058
S31508005B70D4F81E50D2ED000A00EE105A30EE800A14
S31508005B8010EE105AC4F81E50D2ED000AD4F80A20B6
S31508005B90D4F8225002EB810200EE105A92ED001A58
S31508005BA0491C89B200EE810A10EE105AC4F8225038
S31508005BB0D2ED000AD4F8262000EE102A30EE800A2C
S31508005BC010EE102AC4F826208842C1D800EE100A22
S31508005BD0D4F82210D4F82620B8EE400A00EE901A1F
S31508005BE0D4F81E1001EE102A60EE800A00EE101A94
S31508005BF0D4F81A2040EE410A00EE100A01EE102AE7
S31508005C00B8EE400A21EE001A00EE101A002100EE46
S31508005C10401A80EE810A10EE102AC4F80E20C4F845
S31508005C20161099B224E000BFD4F8063000EE902A88
S31508005C3003EB810393ED001AD4F8123000EE103A04
S31508005C40D4F80A3000EE810A03EB8103491CD3ED30
S31508005C50000AD4F8163089B230EE600AF0EEC00AAF
S31508005C6000EE103A30EE800A10EE103AC4F81630FC
S31508005C708842D9D800EE100A54F8161FB8EE401A12
S31508005C8000EE901A80EE810A10EE100A00EE102A35
S31508005C90206070BDD400002070B50446002524F8A5
S31508005CA0021B8E002560304602F0B8F86060304668
S31508005CB002F0B4F8A060E560256160683146FBF73C
S31508005CC07DF8A0683146A41EFBF778F804F11A009F
S31508005CD0BDE870401021FBF771B8000070B50446A6
S31508005CE02DED028BB0EE608A90F89800F0EE408AAF
S31508005CF0000649D5606B00EE100A206C00EE900A8B
S31508005D009FEDFE1A60EE810AB4EEE00AF1EE10FA93
S31508005D103AD32068FA4A00EE100AB0EEC00A10EE2E
S31508005D20101A914230DB216900EE100A00EE901A33
S31508005D30F44930EE600AF0EEC00A00EE100AB0EE42
S31508005D40C01A80EE810A10EE100A88420ADD54F85D
S31508005D50990F6168401C44F8040B41F1000144F8AE
S31508005D609D1904E00021C4F89910C4F89D10D4F8D0
S31508005D709920D4F89D104FF4FA7300209A1A884196
S31508005D8002D2012084F8A10004F18C00FBF7F6FC8E
S31508005D9010EE100A18EE101AC4F8900018EE900AC1
S31508005DA008EE101A206108EE900A216038EE680A9B
S31508005DB010EE100AA061D4F8A21009B1204688474F
S31508005DC0A06900EE100AB5EEC00AF1EE10FA00EE70
S31508005DD0100A01DCB1EE400AA16C00EE901AB4EE8E
S31508005DE0E00AF1EE10FA78DDD4F89420616804F13F
S31508005DF06203E2B300EE101A116800EE901A70EE14
S31508005E00200A00EE100A20EE800A10EE101A6162CF
S31508005E10A16800EE101A516800EE901AD4F8901096
S31508005E2070EE200A00EE100A60EE800A00EE101AE4
S31508005E3020EE800A10EE105A2563B4F86050022D41
S31508005E404CD900EE900A00EE101A1846FFF72AFE03
S31508005E50E06800EE900AD4F89400806801EE100A13
S31508005E6070EE810A20EE200A10EE100A4DE0FFE7D8
S31508005E7000EE901A00EE100A20EE800A10EE101AB4
S31508005E8000EE100A6162A16800EE901AD4F890102C
S31508005E9060EE800A00EE101A20EE800A10EE102A34
S31508005EA02263B4F86020022A0AD900EE900A00EEAE
S31508005EB0101A1846FFF7F6FDE06800EE900AD1E7DB
S31508005EC000EE100AE06900EE900AE06870EE600ADB
S31508005ED000EE100A20EE801A11E016E1E3689268D7
S31508005EE000EE103A00EE902A30EE201A00EE100A64
S31508005EF0E06900EE900A30EE600A21EE001A00EE24
S31508005F00101AC1EE000A10EE900AE062D4F8A61044
S31508005F1009B12046884794F89810480721D5D4F83F
S31508005F209400B6EE000AE8B3A268406800EE902A2C
S31508005F3001EE100AA06970EE811A00EE900AE06977
S31508005F4001EE100A70EE810A20EE800A61EE800AE0
S31508005F50D4F8900000EE100A20EE800A10EE100A1F
S31508005F602063880602D5204601F094F994F8980033
S31508005F70800702D5204601F0E7F994F898205006E4
S31508005F8027D5E06AE16D00EE900AD4F8900000EE9D
S31508005F90100A60EE801A00EE901A00EE100A30EE33
S31508005FA0800A00E03AE081EE801AE36B00EE101AF0
S31508005FB000EE903A60EE801A00EE101A00EE900A93
S31508005FC030EE200AC1EE800A31EE200A10EE100AE1
S31508005FD0E062D00702D0204601F013FAA06A00EE6C
S31508005FE0100A206B00EE900A30EE200A10EE100A16
S31508005FF0A062626A00EE100A00EE902AE06A70EE6D
S31508006000800A00EE100A30EE800A10EE100A60636D
S3150800601094F89810C90611D4606B34E0A06900EEB4
S31508006020900AE06901EE100AA06870EE810A60EE37
S31508006030800A00EE100A60EE800A89E700EE100A70
S31508006040D4F89000A16D00EE900AA36B60EE201ABA
S3150800605000EE901A00EE100A30EE800A00EE903A32
S3150800606081EE801A00EE101A60EE801A00EE101A01
S3150800607000EE900A30EE200AC1EE800A31EE200AC0
S3150800608010EE100A606300EE900A206C00EE100A0B
S31508006090F4EEC00AF1EE10FA00DD6063616B00EE03
S315080060A0100A00EE901AB1EE400AF4EEC00AF1EEBC
S315080060B010FA06D200EE100AB1EE400A10EE101AD7
S315080060C0616300EE102A00EE900AB4EEE00AF1EEE3
S315080060D010FA00DD6062616A00EE100A00EE901A9E
S315080060E0B1EE400AF4EEC00AF1EE10FA0DD200EE57
S315080060F0100AB1EE400A10EE100A05E06F12833A54
S3150800610017B7D1383333733F606220696061606BBB
S31508006110A063E16AE163A169E161216B216200EE96
S31508006120100ABDEC028B70BD70B5044611EE100A5C
S315080061300025A06410EE900A1646606410EE100A58
S31508006140206411EE900A2560606012EE100AA060C5
S3150800615012EE900AE06013EE100A2563206513EE2E
S31508006160900A606514EE100AA06514EE900AE065C0
S31508006170A4F8601004F16200FFF78EFDC4F88C5095
S3150800618084F898600021C4F89910C4F89D1084F822
S31508006190A150656370BD000038B504461248134B1C
S315080061A00068B0FBF3F04FF47A73584300906068C8
S315080061B0B0F5827F0DD10B46009200228021204641
S315080061C000F016F870B1606D40F02000606503209D
S315080061D038BD009830B1401E009020688068C043E2
S315080061E00006F6D5002038BD5803002000366E019B
S315080061F02DE9F8431E46914688460446089DFCF755
S3150800620081F9401B351AFCF77DF9074625480068D1
S31508006210C0F3CB30684338E0701C37D0FCF772F90E
S31508006220C01BA84203D215B1009860B32CE02068C1
S31508006230416821F0E00141606068B0F5827F0BD1CA
S31508006240A068B0F5004F02D0B0F5806F04D1206881
S31508006250016821F040010160A06AB0F5005F09D12C
S315080062602068016821F4005101602068016841F442
S3150800627000510160012084F85100002084F8500084
S315080062800320BDE8F8830025401E00902068816839
S3150800629038EA010004D000214945BDD10020F0E7C5
S315080062A00121F9E758030020FEF73EFBFEF798FBAD
S315080062B0012001F0A9F9F9E710B5502080F31188FB
S315080062C0BFF34F8FBFF36F8F02F0B4FB18B10449C9
S315080062D04FF080500860002080F3118810BD000040
S315080062E004ED00E030B593B030216846FAF766FD54
S315080062F014210CA8FAF762FD19480025016841F037
S3150800630080510160006800F08050119015480168BE
S3150800631041F4804101600068022400F48040119035
S3150800632001200090000401908001CDE90640062076
S315080063300890A820CDE9090407200B906846FCF7C9
S31508006340BDFA0CA90F2081E831004FF4A0500F9038
S31508006350E002109005210CA8FCF7A4F913B030BD93
S3150800636040380240007000400548016841F4700159
S31508006370016003494FF000608039086070470000EB
S3150800638088ED00E00148FCF72CBF0000847300206C
S315080063900148FCF726BF00005C740020F0B50268CF
S315080063A0254C264D264E274F274B4FF0804CA042B2
S315080063B009D0604507D0A84205D0B04203D0B842FC
S315080063C001D0984204D122F0700E4A6842EA0E02C1
S315080063D0A0421BD0604519D0A84217D0B04215D0AC
S315080063E0B84213D0984211D0184DA8420ED0184D75
S315080063F0A8420BD0174DA84208D0174DA84205D081
S31508006400164DA84202D0164DA84203D122F4407573
S31508006410CA682A434D6922F080022A4302608A68C4
S31508006420C2620A688262A04201D0984201D1096913
S31508006430016301214161F0BD0000014000040040F4
S3150800644000080040000C00400004014000400140E4
S31508006450004401400048014000180040001C00406C
S315080064600020004010B501F01F030121046A99407D
S315080064708C430462016A9A401143016210BD000010
S31508006480F0B5026A22F001020262036A4268846970
S31508006490124E24F073050C682C4323F002058B6812
S315080064A02B430D4DA84201D0B04205D123F0080771
S315080064B0CB683B4323F00403A84201D0B04205D180
S315080064C04D6922F4407215438A692A434260846101
S315080064D0496841630362F0BD0000014000040140C1
S315080064E0F0B5026A22F010020262026A4368846901
S315080064F00D6824F4E64444EA05248D6822F0200257
S3150800650042EA05120F4D104EA84201D0B04206D1FC
S31508006510CF6822F0800242EA071222F04002A8421F
S3150800652001D0B04207D14D6923F4406343EA85039D
S315080065308D6943EA85034360846149688163026221
S31508006540F0BD00000000014000040140F0B5026AF9
S3150800655022F480720262026A4368C46922F40072F5
S3150800656024F073050C68124E2C438D6842EA052206
S315080065700E4DA84201D0B04206D1CF6822F400627F
S3150800658042EA072222F48062A84201D0B04207D12B
S315080065904D6923F4405343EA05138D6943EA05130D
S315080065A04360C4614968C1630262F0BD00000140EE
S315080065B00004014030B5026A22F480520262046A7D
S315080065C04268C3690D6823F4E64343EA05238D68E8
S315080065D024F4005444EA0534084DA84202D0084D74
S315080065E0A84204D14D6922F4804242EA85124260EB
S315080065F0C36149680164046230BD000000000140BF
S31508006600000401400068C36A934201D2C26A92B28A
S3150800661039B1042907D0082907D00C2900D102640A
S3150800662070474263704782637047C26370470000D1
S3150800663010B504462DED068BB0EE618ADFED801AA3
S3150800664020EE210A9FED7F2A80EE029A20EEA10A0B
S31508006650C0EE028A21EE210AC0EE029AB0EE690A5D
S31508006660F9F710FEB0EE40AAB0EE490AF9F70AFEAD
S315080066702AEE00AAB0EE680AF9F740FEF0EE40AA44
S31508006680B0EE690AF9F73AFE6AEE80AAB0EE490A50
S31508006690F9F734FE0AEEC0AAB0EE690A84ED00AA3C
S315080066A0F9F72CFEB1EE40AAB0EE680AF9F7EAFD52
S315080066B02AEE000A84ED010AB0EE690AF9F7E2FD4E
S315080066C0B0EE40AAB0EE490AF9F718FE2AEE00AA7B
S315080066D0B0EE690AF9F712FEF0EE40AAB0EE680AC3
S315080066E0F9F70CFE6AEE80AAB0EE490AF9F7CAFD78
S315080066F00AEE80AAB0EE490A84ED02AAF9F7C2FDAD
S3150800670020EE08AAB0EE690AF9F7BCFD2AEE000ADF
S3150800671084ED030AB0EE690AF9F7F0FDB0EE40AA77
S31508006720B0EE490AF9F7AEFD2AEE00AAB0EE690AFC
S31508006730F9F7A8FDF0EE40AAB0EE680AF9F7DEFD13
S315080067406AEE80AAB0EE490AF9F7D8FD0AEEC0AAA1
S31508006750B0EE690A84ED04AAF9F794FDB1EE40AAF1
S31508006760B0EE680AF9F78EFD2AEE000A84ED050AEE
S31508006770B0EE690AF9F7C2FDB0EE40AAB0EE490AD2
S31508006780F9F7BCFD2AEE00AAB0EE690AF9F77AFD18
S31508006790F0EE40AAB0EE680AF9F7B0FD6AEE80AAF4
S315080067A0B0EE490AF9F76EFD0AEE80AAB0EE490A7C
S315080067B084ED06AAF9F766FD20EE08AAB0EE690A86
S315080067C0F9F79CFD2AEE000A84ED070AB0EE680A7E
S315080067D0F9F758FDF1EE409AB0EE490AF9F78EFD41
S315080067E029EE800A84ED080AB0EE680AF9F786FDF4
S315080067F084ED090AB0EE680AF9F744FDF0EE408A1E
S31508006800B0EE490AF9F73EFD28EE800A84ED0A0A39
S31508006810B0EE490AF9F772FD20EE080A84ED0B0A74
S315080068209FED090A84ED0C0A84ED0D0A84ED0E0A23
S31508006830B7EE000A84ED0F0ABDEC068B10BD00000A
S31508006840DB0F4940000034430000000010B5806BA0
S315080068500021C185C184FCF7D0FE10BD01680C314A
S3150800686051E8002F22F4907241E80023002BF5D15D
S315080068700168143151E8002F22F0010241E8002393
S31508006880002BF5D1016B012909D101680C3151E8BA
S31508006890002F22F0100241E80023002BF5D1202119
S315080068A080F83E1000210163704708B590F83E1045
S315080068B0222901D0022008BD82684FF480539A42EB
S315080068C001D1016921B1816A9A421BD04AB10AE015
S315080068D00268816A5268C2F308020A80816A891CC2
S315080068E008E0026972B10268526802F07F020A7013
S315080068F0816A491C8162C18D491E0904090CC1853A
S3150800690003D019E002685268F1E70168CA6822F004
S315080069102002CA600168CA6822F48072CA600168E7
S315080069204A6922F001024A61202180F83E10016B73
S31508006930012903D0FDF7A8F8002008BD002101634E
S3150800694001680C3151E8002F22F0100241E80023BB
S31508006950002BF5D101680A68D20602D50A6849688B
S315080069600091818DFCF748FEE6E7000070B5044605
S3150800697000680169E26821F4405111430161216907
S31508006980A068E26908436169114308432168CA6837
S3150800699049F20C639A430243CA6020684169A269B6
S315080069A021F440711143416131492068884202D07F
S315080069B03049884202D1FBF73FFF01E0FBF72CFF85
S315080069C0E2690023192164253226B2F5004F626870
S315080069D028D0A0FB0101930F9200FAF7A5F901460A
S315080069E0B0FBF5F06FF01802504301EB800006EBA0
S315080069F00010B0FBF5F000F0F002B1FBF5F002EB89
S31508006A000012B1FBF5F06FF01803584301EB800054
S31508006A1006EB0010B0FBF5F000F00F0021681044FB
S31508006A20886070BDA0FB010192185B41FAF77CF9FA
S31508006A300146B0FBF5F00201B1FBF5F06FF0180363
S31508006A40584301EB800006EBC000B0FBF5F000F000
S31508006A50F80002EB4002B1FBF5F0584301EB800069
S31508006A6006EBC000B0FBF5F000F00700D6E7000023
S31508006A7000100140001401400148FCF7BFBD0000AA
S31508006A80A47400200148FCF7B9BD0000E874002092
S31508006A90FEE74100080218BF04200A0E18BF40F09E
S31508006AA001004FF07F4232EA010108BF40F00200C0
S31508006AB0012808BF052070470907090E002804DBCE
S31508006AC000F1E02080F80014704700F00F0000F194
S31508006AD0E02080F8141D704710B510EE104A4FF0EC
S31508006AE01A402DED028B00EB4400B0F1C85F4AD87E
S31508006AF04FF0FC40B0EB440F22D2B0EEC00AF7EEDE
S31508006B00000A30EEC00AF6EE000A20EE208A18EED9
S31508006B10100A01F007FA00EE100A14F0004F1DBF24
S31508006B209FED281ADFED280AB1EE400A9FED271AD5
S31508006B3008BFF0EE410AF8EE001A20EE210A05E039
S31508006B4020EE008A9FED221ADFED220ADFED221AD7
S31508006B509FED222A70EEC00A20EE080A08EE212AC6
S31508006B60DFED1F1A48EE021A9FED1E2A08EE212AAB
S31508006B70DFED1D1A48EE021ABDEC028B40EE610AE3
S31508006B8030EE810A10BD4FF0CC40B0EB440F82BF07
S31508006B909FED160ABDEC028B10BD4FF07F40B0EB9F
S31508006BA0440F05D2BDEC028BBDE8104000F029BAAF
S31508006BB0012000F04DFABDEC028BBDE8104000F054
S31508006BC027BA00000000494022AA7D3A00000000CA
S31508006BD00000C93F22AAFD3924FE1C3DC78AD83CBD
S31508006BE01E67383D1B93993DAFAA2A3EDB0FC93F66
S31508006BF010B54FF00E402DED028BB0EE408A18EE20
S31508006C00104A00EB4400B0F1506F4AD84FF0FC40F0
S31508006C10B0EB440F22D2B0EEC80AF7EE000A30EE07
S31508006C20C00AF6EE000A60EE208A18EE900A01F015
S31508006C3079F901EE100A14F0004F1DBFDFED2D0A99
S31508006C409FED2D0AB1EE411ADFED2C0A08BF9FED24
S31508006C502C0AF8EE001A21EE218A05E0DFED290A52
S31508006C6068EE088AB0EE600A9FED271ADFED271A4C
S31508006C7030EE080A48EE811A9FED251A08EEA11A89
S31508006C80DFED241A48EE811A9FED231A08EEA11AA1
S31508006C9068EE281ABDEC028B01EE810A30EE200A56
S31508006CA010BD4FF0E440B0EB440F0CD918EE100AB3
S31508006CB0FFF7EFFE042808BF00F0B2F9B0EE480A65
S31508006CC0BDEC028B10BD4FF07F40B0EB440F07D2EE
S31508006CD0B0EE480ABDEC028BBDE8104000F091B951
S31508006CE0012000F0B5F9BDEC028BBDE8104000F0BC
S31508006CF08FB900000000C9BF22AAFDB90000C93F2C
S31508006D0022AAFD390000000024FE1C3DC78AD83C93
S31508006D101E67383D1B93993DAFAA2A3E70B54FF0C2
S31508006D2068422DED048BF0EE408A18EE900AB0EE1C
S31508006D30608A18EE101A02EB4003B3F1654F3CBFA8
S31508006D4002EB4102B2F1654F7DD200BFC0F3C753D3
S31508006D50C1F3C7529A1A1B2A09DD10F0004F14BF57
S31508006D609FED830A9FED830ABDEC048B70BD12F17B
S31508006D701A0F36DA11F0004F09D010F0004F0CBF89
S31508006D809FED7D0A9FED7D0ABDEC048B70BD88EEF4
S31508006D90889A19EE100AFFF77CFE042808BF00F04F
S31508006DA03FF918EE900AFFF774FE054618EE100A2A
S31508006DB0FFF76FFE044619EE100AFFF76AFE042D68
S31508006DC018BF052D08D1042C18BF052C04D100289E
S31508006DD004BF022000F03CF9B0EE490ABDEC048B72
S31508006DE070BD4200B2EB410F3AD910F0004F19BFFF
S31508006DF0DFED630A9FED630ADFED630A9FED630A21
S31508006E00B0EE481A0A46B1EE688A80F00041F0EE04
S31508006E10418A10460A1A5200B2F1807F34D248409D
S31508006E2010F0004FDFED5A1A9FED5A2A1DBFBEEE2D
S31508006E30001A70EEE10A30EE420AB6EE001A08BFF2
S31508006E4070EEA10A00E040E008BF30EE020AB0EE9C
S31508006E50682A01EE482A08EE818AC2EE081A15E069
S31508006E6011F0004F04BF9FED4C0AF0EE400AD1D056
S31508006E7010F0004F19BFDFED490A9FED490ADFED13
S31508006E80490A9FED490AC5E7C8EE881A21EEA11AF4
S31508006E909FED462ADFED462A41EE022A9FED452A56
S31508006EA001EE222ADFED442A41EE022A9FED432A0B
S31508006EB0BDEC048B01EE222A21EE811A01EE020AAC
S31508006EC030EE210A30EE200A70BD4FF07F42B2EB59
S31508006ED0400F28BFB2EB410F09D2F0EE480AB0EED8
S31508006EE0680ABDEC048BBDE8704000F08DB840EA36
S31508006EF001035B0008BF41F0FF410BD0B2EB400F26
S31508006F0008BFB2EB410F08D120F0804008EE900A86
S31508006F1021F0804108EE101A18E7B2EB400F12BFB5
S31508006F205FEA410340F0FF4001F000413FF40EAF35
S31508006F30B2EB410F12BF5FEA400200F0004041F099
S31508006F40FF413FF403AF4A0092EA40033FF5FEAE25
S31508006F50002AACBF9FED1A0A9FED1A0A68EE808ACE
S31508006F6028EE008A18EE900A18EE101AEEE60000CF
S31508006F70DB0FC9BFDB0FC93FDB0F4940DB0F49C039
S31508006F800000C9BF22AAFDB90000C93F22AAFD39DF
S31508006F900060ED3EC30ACE3700000000000049C07D
S31508006FA022AA7DBA0000494022AA7D3A2DAD65BDC8
S31508006FB08FB8D53D0FB511BE61C84C3EA8AAAABE6A
S31508006FC00000804F0000802F10B52DED028BB1EE2A
S31508006FD0C08A18EE100A20F00040C0F1FF40C00F2A
S31508006FE00AD010EE100A20F00040C0F1FF40C00F92
S31508006FF004BF012000F02CF8B0EE480ABDEC028B65
S3150800700010BD30EE000A704730EE200A70470000C7
S31508007010DFED020A80EEA00A7047000000000000BB
S315080070209FED020A20EE000A7047000000000010DB
S3150800703002E008C8121F08C1002AFAD17047704733
S31508007040002001E001C1121F002AFBD17047000091
S3150800705001490860704700006403002070B5F9F71D
S315080070601DFF8020FAF766F85520FAF763F85520D1
S31508007070FAF760F8424C2070F9F708FF0120FBF791
S3150800708023F9F9F70BFF8020FAF754F85520FAF799
S3150800709051F85520FAF74EF82070F9F7F7FE012057
S315080070A0FBF712F9F9F7FAFEB6217E20FAF754F83B
S315080070B0F9F7ECFE5020FBF707F9F9F7EFFE802009
S315080070C0FAF738F85520FAF735F85520FAF732F86E
S315080070D02070F9F7DBFE0120FBF7F6F8F9F7DEFE7C
S315080070E08020FAF727F85520FAF724F85520FAF7FA
S315080070F021F82070F9F7CAFE0120FBF7E5F8207899
S315080071001E2801D0FF2070BD1D4D0020607024355B
S31508007110F9F7C4FE607800EB40004119285C49780D
S31508007120FAF71AF8F9F7B2FE0120FBF7CDF8F9F7E6
S31508007130B5FE607800EB4000285C40F08000F9F767
S31508007140F9FF5520F9F7F6FF5520F9F7F3FF2070F8
S31508007150F9F79CFE0120FBF7B7F86078237800EB77
S31508007160400129444A789A4203D08978A278114383
S31508007170A170401CC0B260700628C9D3002070BD3B
S315080071808C00002070B5F9F799FE3C490020F9F704
S31508007190C5FFF9F78BFE0120FBF796F8F9F78EFE87
S315080071A036490020F9F7BAFFF9F780FE0120FBF708
S315080071B08BF8F9F783FEB6211420F9F7CDFFF9F716
S315080071C075FE5020FBF780F8F9F778FE2B4900206A
S315080071D0F9F7A4FFF9F76AFE0120FBF775F8F9F746
S315080071E06DFE26490020F9F799FFF9F75FFE0120A1
S315080071F0FBF76AF8214C20780F2801D0FF2070BDD4
S315080072001E4D002060703635F9F758FE607800EBA1
S3150800721040004119285C4978F9F79EFFF9F746FEC0
S315080072200120FBF751F8F9F749FE6078134900EB9E
S315080072304000285CF9F772FFF9F738FE0120FBF7E2
S3150800724043F86078227800EB400129444978914256
S315080072500BD0401EC0B20949607000EB40002431D3
S315080072600844A17880780843A0706078401CC0B2B2
S3150800727060700628C8D3002070BD00008C0000206E
S3150800728010B5FEF7BFFB00BFFEF73EFB012000F07E
S31508007290BBF9F9E78169826A00EE101A00EE902AB6
S315080072A020EE200AB5EEC00AF1EE10FA4ADD00EE2D
S315080072B0101AB5EEC00AF1EE10FA00EE101A01DC4B
S315080072C0B1EE400A436D00EE903AB4EEE00AF1EEF4
S315080072D010FA37D9026D00EE903A00EE102A70EED9
S315080072E0200A00EE101AB5EEC00AF1EE10FA00EE0A
S315080072F0101A01DCB1EE400AF4EEC00AF1EE10FAFB
S315080073001EDB00EE101A00EE902AB5EEC00AF1EE6A
S3150800731010FA00EE101A01DCB1EE400A016B70EEAD
S31508007320C00A00EE103A30EE801A00EE102AC1EEBE
S31508007330000A00EE101A20EE800A10EE101A00E07D
S31508007340002101637047000070B50446D0F89450D8
S3150800735000F16202B0F860300169D0F89000D5B14A
S31508007360022B36D900EE101AF1EE400A00EE100A8A
S315080073701046FEF797FBE06800EE900AD4F89400F2
S31508007380806801EE100A70EE810A00BF20EE200A1E
S3150800739010EE100A1BE0022B0CD900EE101AF1EEC3
S315080073A0400A00EE100A1046FEF77CFBE06800EE85
S315080073B0900AEBE7626900EE101A00EE902AE1687F
S315080073C070EEC00A00EE101A20EE801A12E0E06293
S315080073D070BDE26800EE102AAA6800EE902A62697B
S315080073E030EE201A00EE902A00EE101A30EEC00A8F
S315080073F021EE001A00EE100AC1EE000A10EE900AFD
S31508007400E5E7026B816A00EE902A00EE101A426ADE
S3150800741070EE200A01EE102A00EE101AC26A31EE4A
S31508007420001A00EE102A31EE000AB5EEC00AF1EE97
S3150800743010FA01DCB1EE400A026C01EE102A0022B5
S31508007440B4EEC10AF1EE10FA0CDD836900EE101AEB
S3150800745001EE103A21EE000AB5EEC00AF1EE10FA76
S3150800746000DD0263416C00EE101AB4EEE00AF1EE9C
S3150800747010FA01D20263816200EE101AB1EE400AD8
S31508007480B4EEE00AF1EE10FA07DD00EE101A026318
S31508007490B1EE400A10EE101A81627047B4EEE00AA7
S315080074A0F1EE10FA02D2B0EE600A7047B4EEC10AE5
S315080074B0F1EE10FAF9DDB0EE410A7047FDEEC00AAA
S315080074C010EE900A00EE900AF8EEE00A30EE600A36
S315080074D010EE101AB1F17C5F00DD401C7047000009
S315080074E010EE100AF6EE000A074960EE200AA1EB34
S315080074F0600000EE100A20EE801AF7EE080A41EE48
S31508007500400A20EE800A7047865A375F10B5012078
S3150800751000F07AF8FBE70000FBF702F8FEF7E2FE58
S31508007520FDF7DAFFFDF766FFFEF7DCF8FEF7FEF873
S31508007530FDF70AFFFDF72AFFFEF746F9FEF72AF9D7
S31508007540FEF7A2F9FEF7C0F9FDF742FFA820FAF701
S3150800755059F901210C48F9F78FFD0028F9D10B4C90
S31508007560012291022046FAF7C7FF0122D1022046DE
S31508007570FAF7C2FF012211032046FAF7BDFFFDF70D
S3150800758077FF00F048F8FEE76C720020001C024006
S3150800759001460020842900D0C81C7047F0B50B307E
S315080075A0154D20F007010024144A0FE003688B42AA
S315080075B00BD38B4205D95E1A43184768C3E900679F
S315080075C000E04368136002C004E0021D106800284A
S315080075D0ECD12046002802D1286808B10020F0BD69
S315080075E0064A07481060074A121A22F00702C0E93D
S315080075F0002401202860D7E7600300205C030020F0
S31508007600B4760020B096002010B500B9012000F02D
S31508007610E1FD002010BD10B500F044FE002010BDAD
S315080076207FB50D4604464169B0F9080081B1A169E4
S3150800763071B1FFF7ADFFD4E905128DE80700D4E96B
S3150800764000102B46226901F0B6F9039004B070BD0C
S31508007650FFF79EFF03A9CDE90001208A2B4682B2D7
S31508007660D4E9001001F07AF9012801D00020EDE7ED
S315080076700398EBE72DE9F0411A4C0F460546E668F4
S315080076802168002081F852002068001D00F06EFC79
S3150800769038B9206890F82C10012088402169814368
S315080076A02161681C07D137B12168BDE8F0410E4851
S315080076B0091D00F0ABBC20683544B5424560216819
S315080076C005D2A06BBDE8F041091D00F087BC606BD0
S315080076D0091D00F083FCA06A854200D2A562BDE8B8
S315080076E0F081000038000020846400202DE9F04174
S315080076F0054600F097FC2E4CA068401CA060206848
S315080077002C4F10B1606940B32DE02560A0680128B0
S3150800771029D1002606EB860007EB800000F050FC16
S31508007720761C072EF6D323488C3000F049FC2148F6
S31508007730A03000F045FC1F48B43000F041FC1D485D
S31508007740C83000F03DFC1B48DC3000F039FC194815
S315080077508C3060631430A06305E02068E96AC06A6B
S31508007760884200D82560606A401C6062E96A012088
S31508007770226988401043206101EB810007EB8000F5
S31508007780291D00F043FC00F06DFC606900280CD050
S315080077902068E96AC06A884207D207494FF08050D4
S315080077A00860BFF34F8FBFF36F8FBDE8F08100000D
S315080077B038000020A863002004ED00E038B500F08A
S315080077C031FC104C2068C8B90F4800F0F9FB0E4888
S315080077D0143000F0F5FB0C48E060143020610A4BC9
S315080077E00020E83B009003F1480210210A2000F02F
S315080077F04DFE206010B105A100F0B6FCBDE838408A
S3150800780000F030BC7400002080650020546D725171
S315080078100000000030B4026C0B46002A0BD0C16889
S315080078201144C1608468A14201D30168C16030BCBB
S315080078301846F9F7AABA30BC70472DE9F041856BAE
S31508007840174604460026026C82B1C7B1E068F9F70C
S315080078509CFAE168206C091AE1602268914202D21A
S31508007860A168081AE060022F16D017E02068A8B9A8
S31508007870A06801F045F906460020A0600EE06068A1
S31508007880F9F783FA216C606808446060A168884249
S3150800789004D32068606001E005B16D1E6D1CA56308
S315080078A03046BDE8F08110B5044690F8510058B14D
S315080078B001280CD002280FD0502080F31188BFF37E
S315080078C04F8FBFF36F8FFEE7206B00F0DFFB20467C
S315080078D0BDE8104000F0DABB10BD000010484FF4B8
S315080078E0C041420706D0C01D0D4920F00700411AC5
S315080078F0C1F5C0410B4A00230144C2E90003083917
S31508007900183A21F0070111604B600B600B1AC0E9A9
S31508007910001393604FF000405360506170470000B9
S315080079206803002024000020144E154CA6F1C80751
S315080079304FF08058DFF84C9012E000BF00F072FB61
S31508007940F068C568281D00F011FBA068401EA060FD
S315080079506068401E606000F085FB2846FFF7A3FFBD
S3150800796060680028EAD138680128F9D9C9F8008082
S31508007970BFF34F8FBFF36F8FF2E7000070640020EC
S315080079803800002004ED00E00346009829B10260A3
S31508007990C0E90F31012100F0ADBD0060F8E7000035
S315080079A02DE9F05F8846DDE90B941546834691007C
S315080079B09A460A9EA522206BF9F7F9F96FF003019A
S315080079C0206B01EB8501084420F00707780707D0EC
S315080079D0502080F31188BFF34F8FBFF36F8FFEE7F8
S315080079E00025B8F1000F0FD05FF00000221818F834
S315080079F0001082F8341018F8001011B1401C102835
S31508007A00F4D384F8435001E084F83450072E00D3A9
S31508007A100626E662C4E91165201D00F0DCFA04F1C9
S31508007A20180000F0D8FA2461C6F107006462A06164
S31508007A30E56484F8505084F8525052465946384600
S31508007A4000F05AFA2060B9F1000F01D0C9F80040D9
S31508007A50BDE8F09F30B5114900E011460A68824238
S31508007A60FBD34B685C18844203D1406818444860CD
S31508007A70084643681C18944209D1084C183C2468E7
S31508007A80A24209D052681A4442600A681268026023
S31508007A90814200D0086030BD0460F9E72400002068
S31508007AA070B5002441600B4D0061914206D8D11A89
S31508007AB08269914206D2011D286907E09A4203D2DB
S31508007AC0994201D3012403E0011DE86800F086FA13
S31508007AD0204670BD7400002010B5044600F0A2FAD6
S31508007AE0A06B28B15FF0000400F0BCFA204610BD78
S31508007AF00124F9E730B589B03C4D6EE004980028BA
S31508007B0006DADDE90601059A90470498002864DB41
S31508007B10069C606910B1201D00F028FA03A800F041
S31508007B20D7F8024604980A2857D2DFE800F0050578
S31508007B30052D334A05052D3394F8240040F001003D
S31508007B4084F824000599A069059B01442046FFF79F
S31508007B50A7FF68B3216A2046884794F8240040079F
S31508007B603BD5002000900598A169002342181946C4
S31508007B70204601F0DDF8D8B9502080F31188BFF30C
S31508007B804F8FBFF36F8FFEE714F8240F20F0010024
S31508007B90207022E094F8240040F0010084F82400C4
S31508007BA00598A06128B1811813462046FFF778FF8B
S31508007BB013E0502080F31188BFF34F8FBFF36F8F08
S31508007BC0FEE794F82400810703D4204600F05EFA05
S31508007BD003E020F0010084F82400002204A92868A4
S31508007BE000F0DCFD002889D109B030BD7400002002
S31508007BF02DE9FC410F46054600F098FB01A800F068
S31508007C0067F80446019818B101F000F8BDE8FC8150
S31508007C10254EAFB130690068D0B30027291B3A4614
S31508007C20306800F0B5FA00F0F1FF0028EED11F49E0
S31508007C304FF080500860BFF34F8FBFF36F8FE5E7B3
S31508007C40A542EBD800F0E2FFF0682746C068C46892
S31508007C50201D00F08BF994F82400410719D5A06976
S31508007C602B4641193A462046FFF71AFFA8B10020CD
S31508007C700346014600902A46204601F059F860B9A5
S31508007C80502080F31188BFF34F8FBFF36F8FFEE745
S31508007C9007E020F0010084F82400216A204688477E
S31508007CA0B4E70127BAE700007400002004ED00E0FD
S31508007CB00648416B096829B1416BC968C9684968B2
S31508007CC0816270474FF0FF31FAE700003800002064
S31508007CD070B5054600F0A8FE064E0446B068844214
S31508007CE003D200F009F8012000E0002028602046B1
S31508007CF0B46070BD74000020F8B5194D20E0C06866
S31508007D00C4680668201D00F031F9216A20468847B4
S31508007D1094F82400400713D5A0693044B04206D928
S31508007D2024616060211DE86800F058F908E0002029
S31508007D300346014600903246204600F0F9FF38B166
S31508007D40E86801680029DAD12969C5E90310F8BD90
S31508007D50502080F31188BFF34F8FBFF36F8FFEE774
S31508007D607400002008484068401C4FF0500080F31B
S31508007D70118804D0BFF34F8FBFF36F8FFEE7BFF3B1
S31508007D804F8FBFF36F8FFEE72C000020074CE0688B
S31508007D90016841B1C0680021D0F80000FFF728FF4C
S31508007DA0FFF7A8FEF3E701210020F7E7740000209B
S31508007DB02DE9F041044600F035F994F9455004F1EF
S31508007DC0240609E0606A48B1304600F0E5FE08B1CD
S31508007DD000F02EFA6D1E6DB2002DF3DC4FF0FF3663
S31508007DE084F8456000F03EF900F01CF994F9445017
S31508007DF004F1100709E0206948B1384600F0CCFEC6
S31508007E0008B100F015FA6D1E6DB2002DF3DC84F88A
S31508007E104460BDE8F04100F025B900002DE9F041C5
S31508007E200546002700F082FA324E306808B9FFF797
S31508007E3055FD706905424ED1C5B3083568070ED0A1
S31508007E4005F00700C0F108000544680707D0502070
S31508007E5080F31188BFF34F8FBFF36F8FFEE72DB303
S31508007E607068854237D82348183001460C6801E007
S31508007E7020460C466168A94202D221680029F7D13A
S31508007E8031688C4227D00768216801606068083726
S31508007E90411B10290FD96019420708D0502080F3DA
S31508007EA01188BFF34F8FBFF36F8FFEE713E0416072
S31508007EB06560FFF7CFFD61687068401A7060B26848
S31508007EC0904200D2B060706901430020C4E9000105
S31508007ED0F068401CF06000F099FE780707D0502043
S31508007EE080F31188BFF34F8FBFF36F8FFEE73846D5
S31508007EF0BDE8F0810C00002010B5031F4FF0807418
S31508007F001C601B1F21F001011960191F044B0B602F
S31508007F1014390A60091F6FF0020244380A6010BD5E
S31508007F20657D000810B500EE100A2DED028BB1EE46
S31508007F30C08A18EE100A20F00040C0F1FF40C00FBA
S31508007F400AD010EE100A20F00040C0F1FF40C00F22
S31508007F5004BF0120FFF77CF818EE100ABDEC028B6F
S31508007F6010BD10B50120FFF74FFBFBE7D0E9013242
S31508007F7001699A60D0E901235A604A68824201D1B0
S31508007F8082684A60002202610868401E0860086824
S31508007F9070470000034B036003F15400086080201B
S31508007FA010607047C46B0020044B036003F1540053
S31508007FB008604FF48070106070470000186E00204B
S31508007FC000F108014FF0FF32C0E90112C1600161FA
S31508007FD000210160704700210161704730B50B68C8
S31508007FE05A1C02D000F1080202E0026904E02246A7
S31508007FF0546825689D42FAD953684B6099608A602F
S31508008000516008610168491C016030BD42684A60D8
S3150800801093688B6093685960916008610168491C90
S3150800802001607047502080F31188BFF34F8FBFF36C
S315080080306F8F0A494868401C486001280CD10848D7
S31508008040006810F0FF0F07D0502080F31188BFF3A7
S315080080504F8FBFF36F8FFEE7704700002C0000209C
S3150800806004ED00E00849486828B1401E486001D17F
S3150800807080F311887047502080F31188BFF34F8F23
S31508008080BFF36F8FFEE700002C00002070B50028B4
S315080080902AD0164DA0F1080460686969084207D11C
S315080080A0502080F31188BFF34F8FBFF36F8FFEE721
S315080080B022683AB1502080F31188BFF34F8FBFF37F
S315080080C06F8FFEE78843606000F030F96068696882
S315080080D0084468602046FFF7BDFC2869401C2861F3
S315080080E0BDE8704000F092BD70BD00000C00002095
S315080080F04FF0E02000210161816105494FF47A7251
S315080081000968B1FBF2F1491E416107210161704717
S315080081105803002010B5F8F79FF8114910280ED318
S3150800812000F1E02090F8F0030A78904207D2502038
S3150800813080F31188BFF34F8FBFF36F8FFEE70948AF
S315080081400068896800F4E060884207D9502080F307
S315080081501188BFF34F8FBFF36F8FFEE710BD000086
S315080081602C0000200CED00E010B5084B002200BFE3
S3150800817053F832401CB1521C082AF9D310BD43F8F3
S31508008180321003EBC201486010BD0000686300208E
S3150800819070B515460E460446FFF744FF94F9441099
S315080081A00020491C01D184F8440094F94510491C63
S315080081B001D184F84500FFF755FFA06B28B92A4678
S315080081C0314604F1240000F051F82046BDE870401D
S315080081D0FFF7EEBD10B5020014D00F48006B38B19A
S315080081E0502080F31188BFF34F8FBFF36F8FFEE7E0
S315080081F000F09CF800211046FFF73CFA00F006FD57
S31508008200002807D105494FF080500860BFF34F8F0B
S31508008210BFF36F8F10BD00003800002004ED00E0AA
S3150800822002490A6A0260C96841607047380000203E
S3150800823001490120C86170473800002010B50C4676
S3150800824050B1094909681831FFF7C8FE2046BDE84C
S3150800825010400121FFF70EBA502080F31188BFF3B2
S315080082604F8FBFF36F8FFEE73800002070B51446B6
S315080082700D4668B10A4909681831FFF7C7FE0CB1FF
S315080082804FF0FF3521462846BDE87040FFF7F2B9A2
S31508008290502080F31188BFF34F8FBFF36F8FFEE72F
S315080082A03800002030B587B00024039405AA04A935
S315080082B003A80494FFF76EFEDDE903010094CDE9F7
S315080082C00110002315A11748059A00F074FB164DF6
S315080082D00028E8621FD000F0FBFC012809D0401CEA
S315080082E019D1502080F31188BFF34F8FBFF36F8FDA
S315080082F0FEE7502080F31188BFF34F8FBFF36F8FCF
S315080083004FF0FF30A86201206861EC6007B0BDE855
S31508008310304000F041B807B030BD000049444C4534
S315080083200000000029790008380000200248016B87
S31508008330491C016370470000380000201448016B8F
S3150800834011B10121C16170470021C1610169B1FA0A
S3150800835081F1C1F11F0101EB81020E4951F822306A
S315080083606BB101EB820101F108034A6852684A6061
S315080083709A4201D152684A60D1680160704750201C
S3150800838080F31188BFF34F8FBFF36F8FFEE70000AE
S3150800839038000020A86300201CB537480168374A12
S315080083A0914207D1502080F31188BFF34F8FBFF356
S315080083B06F8FFEE700683149491E884207D1502071
S315080083C080F31188BFF34F8FBFF36F8FFEE72C49F9
S315080083D008780190FF20087008788DF800009DF84D
S315080083E000009DF8002000F0F000904207D05020D1
S315080083F080F31188BFF34F8FBFF36F8FFEE79DF8A9
S315080084000000204C00F0500020700720A06005E016
S315080084109DF8002052008DF80020401E9DF800208F
S315080084201206F5D4A060032807D0502080F31188DF
S31508008430BFF34F8FBFF36F8FFEE74FF44070A06016
S31508008440019808700C482030016841F470010160F9
S31508008450016841F070410160FFF74AFE0020606044
S31508008460F7F7C2FE0848016841F040410160F7F796
S31508008470A7FE00201CBD000000ED00E071C20F4100
S3150800848000E400E02C00002034EF00E038B5049D3D
S3150800849018B153B1CAB181B120E0502080F31188D8
S315080084A0BFF34F8FBFF36F8FFEE7502080F311881D
S315080084B0BFF34F8FBFF36F8FFEE7502080F311880D
S315080084C0BFF34F8FBFF36F8FFEE739B1502080F3AC
S315080084D01188BFF34F8FBFF36F8FFEE748241C4602
S315080084E0012384F846302B460094FFF74DFA2046C0
S315080084F038BD000070B50D46040025D0FFF792FD83
S31508008500D4E90F20216802FB0011A1600021A163B4
S31508008510216861600A46D4E90F01401E00FB01216B
S31508008520E16021464FF0FF3001F8440F487004F12E
S3150800853010008DB1FFF744FD04F12400FFF740FD5C
S31508008540FFF790FD012070BD502080F31188BFF31E
S315080085504F8FBFF36F8FFEE721690029F0D000F037
S315080085601BFB0028ECD004494FF080500860BFF38D
S315080085704F8FBFF36F8FE3E704ED00E02DE9FF4768
S3150800858082B01D468A464FF00008040003D0BAF1AF
S31508008590000F08D011E0502080F31188BFF34F8FE9
S315080085A0BFF36F8FFEE7206C38B1502080F3118837
S315080085B0BFF34F8FBFF36F8FFEE7022D0AD1E06B33
S315080085C0012807D0502080F31188BFF34F8FBFF3DF
S315080085D06F8FFEE700F01AFA3F4F4FF000094FF091
S315080085E0805648B9049838B1502080F31188BFF3F3
S315080085F04F8FBFF36F8FFEE7FFF714FDA06BE16B9C
S31508008600884207D3022D05D00498D0B1B8F1000FDF
S315080086101AD01EE02A4651462046FFF70EF9616A2F
S3150800862019B104F1240000F0B7FA20B13E60BFF397
S315080086304F8FBFF36F8FFFF715FD012006B0BDE81A
S31508008640F087FFF70FFD22E06846FFF7E9FD4FF0D8
S315080086500108FFF707FDFFF769FEFFF7E3FC94F94A
S315080086604400401C01D184F8449094F94500401C0C
S3150800867001D184F84590FFF7F5FC04A9684600F097
S3150800868029F930B12046FFF793FB00F0BFFA002026
S31508008690D4E7FFF7C7FCA06BE16B884213D1FFF75D
S315080086A0E1FC04F110000499FFF7C8FD2046FFF726
S315080086B07FFB00F0ABFA00289ED13E60BFF34F8FD8
S315080086C0BFF36F8F98E7FFF7CDFC2046FFF770FBE7
S315080086D000F09CFA90E7000004ED00E02DE9F04771
S315080086E01F4690468946040003D0B9F1000F08D00A
S315080086F011E0502080F31188BFF34F8FBFF36F8FBF
S31508008700FEE7206C38B1502080F31188BFF34F8FF5
S31508008710BFF36F8FFEE7022F0AD1E06B012807D05F
S31508008720502080F31188BFF34F8FBFF36F8FFEE79A
S31508008730FFF7F0FC5020EFF3118680F31188BFF3A2
S315080087404F8FBFF36F8FA06BE16B884206D3022F62
S3150800875004D0002086F31188BDE8F08794F94550C7
S31508008760A06B3A4649462046FFF767F8681C04D0CE
S315080087706D1C84F845500120ECE7606A0028FAD0A1
S3150800878004F1240000F008FA0028F4D0B8F1000F2C
S31508008790F1D00121C8F80010EDE700002DE9F747F0
S315080087A0002683B08A46040003D0BAF1000F08D029
S315080087B011E0502080F31188BFF34F8FBFF36F8FFE
S315080087C0FEE7206C38B1502080F31188BFF34F8F35
S315080087D0BFF36F8FFEE700F019F9DFF8F4804FF06A
S315080087E000094FF0805748B9059838B1502080F3F2
S315080087F01188BFF34F8FBFF36F8FFEE7FFF712FCA9
S31508008800A56BC5B151462046FFF704F86D1EA56352
S31508008810206950B104F1100000F0BEF928B1C8F87B
S315080088200070BFF34F8FBFF36F8FFFF71BFC01205C
S3150800883006B0BDE8F087059808B11EB106E0FFF757
S3150800884011FC27E06846FFF7EBFC0126FFF70AFC58
S31508008850FFF76CFDFFF7E6FB94F94400401C01D1D5
S3150800886084F8449094F94500401C01D184F8459059
S31508008870FFF7F8FB05A9684600F02CF80028204603
S315080088800AD0FFF795FA00F0C1F92046FFF724F958
S315080088900028B3D00020CBE7FFF71EF990B104F10A
S315080088A024000599FFF7CAFC2046FFF781FA00F075
S315080088B0ADF90028A2D1C8F80070BFF34F8FBFF3F7
S315080088C06F8F9BE72046FFF773FA00F09FF995E74D
S315080088D004ED00E02DE9F0410C4605000FD0B4B1D7
S315080088E0FFF7A0FB1C4BDA686E681868911B002717
S315080088F090F8520098B1186880F852701AE0502023
S3150800890080F31188BFF34F8FBFF36F8FFEE75020B8
S3150800891080F31188BFF34F8FBFF36F8FFEE7206890
S31508008920B0F1FF3F08D0D5F800C01B6A9C4509D0B6
S31508008930964207D8012400E00024FFF793FB20465F
S31508008940BDE8F081884205D9401A20602846FFF71D
S3150800895067FCF1E72760EDE7380000202DE9FF5FA7
S315080089608346DDE90E87994616468A469000FFF744
S3150800897055FA05001CD05420FFF750FA040014D00D
S315080089800020256384F85100CDE90240CDE900872F
S315080089904B46324651465846FFF702F82046FEF740
S315080089A0A5FE012004B0BDE8F09F2846FFF76EFB40
S315080089B04FF0FF30F6E7F0B585B0DDE90B640A9DA8
S315080089C0A6B1DCB1542700972663022684F85160C5
S315080089D0002604AFCDE90246CDE90057FEF7E0FFD1
S315080089E02046FEF783FE049805B0F0BD502080F3BC
S315080089F01188BFF34F8FBFF36F8FFEE7502080F3C8
S31508008A001188BFF34F8FBFF36F8FFEE705484169A3
S31508008A1019B1006B18B10020704701207047022079
S31508008A2070470000380000200148C0687047000001
S31508008A30380000202DE9F0412F4C0026206B28B184
S31508008A40A069401CA0613046BDE8F081E5686D1C50
S31508008A50E56013D1606B006838B1502080F3118847
S31508008A60BFF34F8FBFF36F8FFEE7606BA16B616338
S31508008A70A063206A401C2062FFF71AF9A06ADFF893
S31508008A807C80854209D3606B0068A0B1606BC068C2
S31508008A90C7687868854211D2A0622068C06A00EB70
S31508008AA0800158F82100012800D90126E06900282C
S31508008AB0C9D00126C7E74FF0FF30EDE7381DFFF7AD
S31508008AC055FAB86A18B107F11800FFF74FFAF96AAC
S31508008AD00120226988401043206101EB810108EBDF
S31508008AE08100391DFFF792FAF86A2168C96A884237
S31508008AF0C9D30126C7E7000038000020A863002074
S31508008B0070B504004FF0000140D0214D286884421A
S31508008B1007D0502080F31188BFF34F8FBFF36F8FB4
S31508008B20FEE7A06C38B1401EA064636CE26A9A4204
S31508008B302CD040B12AE0502080F31188BFF34F8F24
S31508008B40BFF36F8FFEE7201DFFF710FA114A0121C8
S31508008B5050B9E06A00EB800352F8233023B92B6939
S31508008B6001FA00F083432B61606CE062C0F10700F4
S31508008B70A061E06A2B6981401943296100EB8000F6
S31508008B8002EB8000211DFFF741FA0121084670BD5E
S31508008B9038000020A86300202DE9F041C068C468A9
S31508008BA0ACB104F118000746FFF7E0F9154D286B3C
S31508008BB00126A0B139461448FFF728FAE06A296861
S31508008BC0C96A88421CD90120EE61BDE8F0815020AF
S31508008BD080F31188BFF34F8FBFF36F8FFEE7201D19
S31508008BE0FFF7C4F9E16A2A6906FA01F01043286119
S31508008BF001EB81000449B43901EB8000211DDBE754
S31508008C000020E2E7380000205C6400202DE9F047E8
S31508008C102C4D00242746286B38B1FFF703FA286B3A
S31508008C20401E2863286B40B146E0502080F3118827
S31508008C30BFF34F8FBFF36F8FFEE7A968224E01205F
S31508008C40D1B3A6F1B40980463068E8B1F068C468C3
S31508008C5004F11800FFF78AF9201DFFF787F9E06A83
S31508008C602A6908FA00F11143296100EB800109EB32
S31508008C708100211DFFF7CAF9E06A2968C96A884296
S31508008C80E2D3C5F81C80DFE70CB1FFF711F8AC6931
S31508008C9044B14646FFF7CEFE00B1EE61641EF9D137
S31508008CA00020A861E86938B1084901273807086033
S31508008CB0BFF34F8FBFF36F8FFFF7D4F93846BDE880
S31508008CC0F0870000380000205C64002004ED00E016
S31508008CD010B586B0FEF772FD114C2068B8B10020B9
S31508008CE00390049005AA04A903A8FFF75DF9DDE936
S31508008CF0032102208DE8070000230AA10B48059AE4
S31508008D00FFF759FE606010B106B0012010BD502073
S31508008D1080F31188BFF34F8FBFF36F8FFEE7000014
S31508008D2074000020546D7220537663008D7D000810
S31508008D302DE9FF411E46134602000A9D4FF000002A
S31508008D4016D0144C2768002F0FD0CDE900130292D5
S31508008D50062917DAFFF75AFE02284FF000030FD04C
S31508008D60002269462068FFF709FC04B0BDE8F081D7
S31508008D70502080F31188BFF34F8FBFF36F8FFEE744
S31508008D802A46EEE70023324669463846FFF7A6FC30
S31508008D90EBE7000074000020000610160006101607
S31508008DA00000803F000000000000000000000000F6
S31508008DB00000803F000000000000000000000000E6
S31508008DC00000803F0000000000000000C3F51C41C1
S31508008DD00000803F000000000000000000000000C6
S31508008DE00000000000000000000000000000803FB6
S31508008DF00000000000000000000000000000000065
S31508008E0000000000000000000000803F0000000095
S31508008E100000000000000000000000000000000044
S31508008E20000000000000803F000000000000000075
S31508008E300000000000000000000000000000000024
S31508008E400000803F00000000000000000000000055
S31508008E500000000000000000000000000000803F45
S31508008E60EC960008A9620008000000000000000057
S31508008E70000400000000000000000000049700083D
S31508008E8081720008FDFF00000000000000100000CD
S31508008E900000000000000000F4960008637F000848
S31508008EA0FDFF0000000000000001000000000000B7
S31508008EB000000000149700080D750008FDFF00006B
S31508008EC00000000000010000000000000000000093
S31508008ED0000000000000000001020304060708095C
S31508008EE0000000000102030400000000920E493C45
S31508008EF0B10AC93C2BC3163D2EFB483D752B7B3D5D
S31508008F0004A9963D80B6AF3D36BDC83D2FBCE13DB0
S31508008F1073B2FA3D87CF093E8340163EB5AB223E73
S31508008F20A2102F3ECF6E3B3EC2C5473E0115543EAA
S31508008F30135C603E7F9A6C3ECCCF783EC07D823E05
S31508008F40938E883E229A8E3E32A0943E86A09A3E02
S31508008F50E59AA03E128FA63ED47CAC3EEF63B23EA5
S31508008F602A44B83E491DBE3E15EFC33E53B9C93E15
S31508008F70CA7BCF3E4136D53E80E8DA3E4F92E03E88
S31508008F807533E63EBBCBEB3EEA5AF13ECBE0F63E06
S31508008F90275DFC3EE4E7003F3D9C033F824B063FCE
S31508008FA09BF5083F6B9A0B3FDA390E3FCDD3103F3E
S31508008FB02A68133FD9F6153FC07F183FC6021B3FE4
S31508008FC0D17F1D3FCBF61F3F9967223F25D2243F0D
S31508008FD05636273F1594293F4AEB2B3FDE3B2E3F5B
S31508008FE0BB85303FC9C8323FF304353F233A373F84
S31508008FF04268393F3B8F3B3FF9AE3D3F67C73F3F2E
S3150800900070D8413F01E2433F03E4453F65DE473FF1
S3150800901012D1493FF8BB4B3F029F4D3F207A4F3F45
S315080090203D4D513F4918533F31DB543FE595563F77
S315080090305348583F6AF2593F1A945B3F532D5D3F98
S3150800904005BE5E3F2146603F97C5613F5A3C633F78
S3150800905059AA643F880F663FD86B673F3CBF683F95
S31508009060A7096A3F0C4B6B3F5E836C3F93B26D3F1B
S315080090709ED86E3F73F56F3F0809713F5213723FD2
S315080090804714733FDD0B743F0BFA743FC6DE753F1A
S3150800909007BA763FC58B773FF853783F9812793FE2
S315080090A09DC7793F02737A3FBE147B3FCDAC7B3FA9
S315080090B0283B7C3FC9BF7C3FAC3A7D3FCCAB7D3F6C
S315080090C023137E3FB0707E3F6DC47E3F580E7F3FB0
S315080090D06D4E7F3FAB847F3F0FB17F3F97D37F3F76
S315080090E043EC7F3F11FB7F3F0000803F11FB7F3F32
S315080090F043EC7F3F97D37F3F0FB17F3FAB847F3FE2
S315080091006D4E7F3F580E7F3F6DC47E3FB0707E3FE9
S3150800911023137E3FCCAB7D3FAC3A7D3FC9BF7C3F36
S31508009120283B7C3FCDAC7B3FBE147B3F02737A3F26
S315080091309DC7793F9812793FF853783FC58B773F9B
S3150800914007BA763FC6DE753F0BFA743FDD0B743FF0
S315080091504714733F5213723F0809713F73F56F3F07
S315080091609ED86E3F93B26D3F5E836C3F0C4B6B3F50
S31508009170A7096A3F3CBF683FD86B673F880F663FC1
S3150800918059AA643F5A3C633F97C5613F2146603FF1
S3150800919005BE5E3F532D5D3F1A945B3F6AF2593F09
S315080091A05348583FE595563F31DB543F4918533FDE
S315080091B03D4D513F207A4F3F029F4D3FF8BB4B3FF5
S315080091C012D1493F65DE473F03E4453F01E2433F8D
S315080091D070D8413F67C73F3FF9AE3D3F3B8F3B3FA6
S315080091E04268393F233A373FF304353FC9C8323F0F
S315080091F0BB85303FDE3B2E3F4AEB2B3F1594293F7C
S315080092005636273F25D2243F9967223FCBF61F3F84
S31508009210D17F1D3FC6021B3FC07F183FD9F6153FB9
S315080092202A68133FCDD3103FDA390E3F6B9A0B3FAE
S315080092309BF5083F824B063F3D9C033FE4E7003F12
S31508009240275DFC3ECBE0F63EEA5AF13EBBCBEB3E51
S315080092507533E63E4F92E03E80E8DA3E4136D53E2B
S31508009260CA7BCF3E53B9C93E15EFC33E491DBE3E24
S315080092702A44B83EEF63B23ED47CAC3E128FA63E7B
S31508009280E59AA03E86A09A3E32A0943E229A8E3E49
S31508009290938E883EC07D823ECCCF783E7F9A6C3EC8
S315080092A0135C603E0115543EC2C5473ECF6E3B3E39
S315080092B0A2102F3EB5AB223E8340163E87CF093E0D
S315080092C073B2FA3D2FBCE13D36BDC83D80B6AF3D11
S315080092D004A9963D752B7B3D2EFB483D2BC3163DB9
S315080092E0B10AC93C920E493C00000000920E49BCE6
S315080092F0B10AC9BC2BC316BD2EFB48BD752B7BBD59
S3150800930004A996BD80B6AFBD36BDC8BD2FBCE1BDAC
S3150800931073B2FABD87CF09BE834016BEB5AB22BE6F
S31508009320A2102FBECF6E3BBEC2C547BE011554BEA6
S31508009330135C60BE7F9A6CBECCCF78BEC07D82BE01
S31508009340938E88BE229A8EBE32A094BE86A09ABEFE
S31508009350E59AA0BE128FA6BED47CACBEEF63B2BEA1
S315080093602A44B8BE491DBEBE15EFC3BE53B9C9BE11
S31508009370CA7BCFBE4136D5BE80E8DABE4F92E0BE84
S315080093807533E6BEBBCBEBBEEA5AF1BECBE0F6BE02
S31508009390275DFCBEE4E700BF3D9C03BF824B06BFCA
S315080093A09BF508BF6B9A0BBFDA390EBFCDD310BF3A
S315080093B02A6813BFD9F615BFC07F18BFC6021BBFE0
S315080093C0D17F1DBFCBF61FBF996722BF25D224BF09
S315080093D0563627BF159429BF4AEB2BBFDE3B2EBF57
S315080093E0BB8530BFC9C832BFF30435BF233A37BF80
S315080093F0426839BF3B8F3BBFF9AE3DBF67C73FBF2A
S3150800940070D841BF01E243BF03E445BF65DE47BFED
S3150800941012D149BFF8BB4BBF029F4DBF207A4FBF41
S315080094203D4D51BF491853BF31DB54BFE59556BF73
S31508009430534858BF6AF259BF1A945BBF532D5DBF94
S3150800944005BE5EBF214660BF97C561BF5A3C63BF74
S3150800945059AA64BF880F66BFD86B67BF3CBF68BF91
S31508009460A7096ABF0C4B6BBF5E836CBF93B26DBF17
S315080094709ED86EBF73F56FBF080971BF521372BFCE
S31508009480471473BFDD0B74BF0BFA74BFC6DE75BF16
S3150800949007BA76BFC58B77BFF85378BF981279BFDE
S315080094A09DC779BF02737ABFBE147BBFCDAC7BBFA5
S315080094B0283B7CBFC9BF7CBFAC3A7DBFCCAB7DBF68
S315080094C023137EBFB0707EBF6DC47EBF580E7FBFAC
S315080094D06D4E7FBFAB847FBF0FB17FBF97D37FBF72
S315080094E043EC7FBF11FB7FBF000080BF11FB7FBF2E
S315080094F043EC7FBF97D37FBF0FB17FBFAB847FBFDE
S315080095006D4E7FBF580E7FBF6DC47EBFB0707EBFE5
S3150800951023137EBFCCAB7DBFAC3A7DBFC9BF7CBF32
S31508009520283B7CBFCDAC7BBFBE147BBF02737ABF22
S315080095309DC779BF981279BFF85378BFC58B77BF97
S3150800954007BA76BFC6DE75BF0BFA74BFDD0B74BFEC
S31508009550471473BF521372BF080971BF73F56FBF03
S315080095609ED86EBF93B26DBF5E836CBF0C4B6BBF4C
S31508009570A7096ABF3CBF68BFD86B67BF880F66BFBD
S3150800958059AA64BF5A3C63BF97C561BF214660BFED
S3150800959005BE5EBF532D5DBF1A945BBF6AF259BF05
S315080095A0534858BFE59556BF31DB54BF491853BFDA
S315080095B03D4D51BF207A4FBF029F4DBFF8BB4BBFF1
S315080095C012D149BF65DE47BF03E445BF01E243BF89
S315080095D070D841BF67C73FBFF9AE3DBF3B8F3BBFA2
S315080095E0426839BF233A37BFF30435BFC9C832BF0B
S315080095F0BB8530BFDE3B2EBF4AEB2BBF159429BF78
S31508009600563627BF25D224BF996722BFCBF61FBF80
S31508009610D17F1DBFC6021BBFC07F18BFD9F615BFB5
S315080096202A6813BFCDD310BFDA390EBF6B9A0BBFAA
S315080096309BF508BF824B06BF3D9C03BFE4E700BF0E
S31508009640275DFCBECBE0F6BEEA5AF1BEBBCBEBBE4D
S315080096507533E6BE4F92E0BE80E8DABE4136D5BE27
S31508009660CA7BCFBE53B9C9BE15EFC3BE491DBEBE20
S315080096702A44B8BEEF63B2BED47CACBE128FA6BE77
S31508009680E59AA0BE86A09ABE32A094BE229A8EBE45
S31508009690938E88BEC07D82BECCCF78BE7F9A6CBEC4
S315080096A0135C60BE011554BEC2C547BECF6E3BBE35
S315080096B0A2102FBEB5AB22BE834016BE87CF09BE09
S315080096C073B2FABD2FBCE1BD36BDC8BD80B6AFBD0D
S315080096D004A996BD752B7BBD2EFB48BD2BC316BDB5
S315080096E0B10AC9BC920E49BC00000080494E5354C9
S315080096F061736B00746F5F67696D62616C5F74613B
S31508009700736B0000636C61737369735F7461736B69
S31508009710000000006A75635F7379735F7461736B29
S3150800972000000000449700080000002068030000BD
S31508009730340E0008AC9700086803002048B3000000
S31508009740407000083201022B101AAA01015B198F1A
S315080097504370170009103333EB3A58A08B3A157D3E
S3150800976004017C100F0240AB03410105530806585B
S3150800977004070F160810810911160A15800B16051D
S31508009780620C18010D0379204208081250C347CD10
S31508009790CCCC3D0409531C110B1AC8421C011A0BE8
S311080097A0DC803F04011FD324F400000005
S7050800018968
