:020000040800F2
:10000000B0B6002061020008A35A0008893B00082E
:10001000A15A000855120008916A0008000000006B
:10002000000000000000000000000000A101000826
:10003000E118000800000000FD010008B962000896
:100040007B0200087B0200087B0200087B0200089C
:100050007B0200087B0200087B0200087B0200088C
:100060007B020008E3180008E91800087B0200087A
:100070007B0200087B0200087B0200087B0200086C
:100080007B0200087B0200087B0200087B0200085C
:10009000591200087B0200087B020008EF180008D4
:1000A0007B0200087B0200087B0200087B0200083C
:1000B000856300087B0200087B0200087B020008C1
:1000C0007B0200087B0200087B0200087B0200081C
:1000D0007B020008796A00087B0200087B020008A6
:1000E0007B0200087B0200087B0200087B020008FC
:1000F0007B020008916300087B0200087B02000875
:100100007B0200087B0200087B0200087B020008DB
:100110007B0200087B0200087B0200087B020008CB
:100120007B020008751600087B0200087B020008AD
:100130007B0200087B0200087B0200087B020008AB
:10014000651200087B0200087B0200087B020008A1
:10015000811600088D16000899160008856A0008A7
:100160007B0200087B0200087B0200087B0200087B
:100170007B0200087B0200087B02000800000000F0
:100180007B0200087B020008DFF810D000F040FE80
:100190000048004719750008AFF30080B0B6002092
:1001A0002C4B19680868B0E8F04F80F30988BFF35A
:1001B0006F8F4FF0000080F311887047000000003F
:1001C00008480068006880F308884FF0000080F35A
:1001D000148862B661B6BFF34F8FBFF36F8F00DF35
:1001E00000BF00BF08ED00E0DFF80C00016841F43B
:1001F00070010160704700BF88ED00E0EFF30980F7
:10020000BFF36F8F134B1A681EF0100F08BF20ED5D
:10021000108A20E9F04F106009B44FF0500080F3CD
:100220001188BFF34F8FBFF36F8F08F087F84FF03F
:10023000000080F3118809BC19680868B0E8F04F25
:100240001EF0100F08BFB0EC108A80F30988BFF3CE
:100250006F8F704738000020EFF305807047000073
:100260000648804706480047FEE7FEE7FEE7FEE750
:10027000FEE7FEE7FEE7FEE7FEE7FEE7696300084C
:10028000890100089FED1A1AF5EE000A40EE010AF6
:10029000BDEEE00AF5EEC00A10EE100AF1EE10FA1B
:1002A00038BF401E00EE100A1349F7EE001AB8EEF0
:1002B000C00A30EEC00ADFED0F0A20EE200AFCEE85
:1002C000C00A10EE900AC0F3080000EE900A01EB9D
:1002D0008000F8EE600A90ED011A70EE600A90ED71
:1002E000000A71EEE01A21EE800A00EE810A7047E2
:1002F00083F9223E00000044E88E0008B5EEC00AF3
:10030000F1EE10FA07D2DFED1E0AB4EEE00AF1EECC
:1003100010FAA8BF7047DFED1B0AB5EEC00A60EE09
:10032000200ABDEEE01A11EE100AF1EE10FA38BF05
:10033000401E00EE100A1549F7EE001AB8EEC00A8A
:1003400030EEC00ADFED100A60EE200ABCEEE00AD3
:1003500010EE100AC0F3080000EE100A01EB800056
:10036000B8EE400A90ED011A70EEC00A90ED000A56
:1003700071EEE01A21EE800A00EE810A704700005B
:10038000CD024CB483F9223E00000044E88E000800
:1003900070B405880E884468D1F804C05368B5422B
:1003A00008D140884988884201BF11888D42518810
:1003B000884203D070BC6FF00200704705FB00F16B
:1003C000880827D094ED001ADCED000A94ED010AAC
:1003D000DCED011A31EE201AD4ED020A70EE211A7A
:1003E0009CED020A83ED001AC3ED011A94ED031A85
:1003F000DCED031A30EE800A401E71EE210A83ED17
:10040000020A04F11004C3ED030A03F110030CF116
:10041000100CD7D111F0030030D0B0F1004F30D222
:1004200000282BDD211F1B1FACF1040210F0010F6F
:100430000AD091ED010AD2ED010A091D121D30EE1C
:10044000200A83ED010A1B1D400817D091ED010A17
:10045000D2ED010A401E30EE200A83ED010A91ED33
:10046000020AD2ED020A01F1080102F1080230EE9F
:10047000200A83ED020A03F10803E7D170BC0020D3
:100480007047B4EC010A401EFCEC010A30EE200A71
:10049000A3EC010AF5D1F1E7018042804360704787
:1004A0002DE9F34F84B004984068009048680190AB
:1004B0000498B0F800E04588DFEDFE0A00200290C5
:1004C000B0EE600AAE4506D108884988884204BF6C
:1004D0007146864504D06FF0020006B0BDE8F08F8B
:1004E00001985FEA010C18BFB7EE001A3DD000BFBB
:1004F000BEEB0C0117D0B1F1004F80F01F82002934
:1005000011DD021F11F0010F1CBFC2ED010A121D07
:100510004B1006D0C2ED010AC2ED020A08325B1E82
:10052000F8D100EB8100BCF10102A0EC011A19D056
:10053000B2F1004F80F00882002A13DD031F12F091
:10054000010F1CBFC3ED010A1B1D511008D000BFD5
:10055000C3ED010AC3ED020A491E03F10803F7D1F6
:1005600000EB8200BCF1010CC2D14FF000080395F2
:10057000002D14BFB0EE602A002000F0BF8100BF44
:10058000009908FB05F001EB800B0199DBED002AD7
:1005900001EB80000346F0EE421AC64552D9AEEB9D
:1005A0000802ABEB850112F0010F17D001EB8501BA
:1005B00091ED000AB5EEC00AF1EE10FA07DDB4EED7
:1005C000E10AF1EE10FA09DDF0EE401A06E0B1EEB4
:1005D000400AF4EEC01AF1EE10FAF5D3521031D001
:1005E00001EB850C9CED000AB5EEC00AF1EE10FAA5
:1005F00005DDB4EEE10AF1EE10FA09DD06E0B1EE38
:10060000400AF4EEC01AF1EE10FA01D2F0EE401AF0
:1006100001EBC50191ED000AB5EEC00AF1EE10FA4A
:1006200005DDB4EEE10AF1EE10FA09DD06E0B1EE07
:10063000400AF4EEC01AF1EE10FA01D2F0EE401AC0
:10064000521ECDD1F5EEC01AF1EE10FA00F0738112
:10065000F5EEC02A0126F1EE10FA0099D4BFB1EEF2
:10066000620AB0EE620AB4EE610AF1EE10FA1CBF43
:10067000AEEB0802B2F1010C47D005FB08F201EB2A
:10068000820292ED001A00BFB0EE410A05FB06F4AB
:10069000B5EEC00A00EB8404F1EE10FACCBFF0EE28
:1006A000400AF1EE400AF4EE610AF1EE10FA28D1A8
:1006B000B5EB080C11D0BCF1004F7DD2BCF1000F9E
:1006C0000BDD00BF92ED000AD1ED000ABCF1010C78
:1006D000E2EC010AA1EC010AF4D129000ED0B1F13B
:1006E000004F6AD2002909DD94ED000AD0ED000A1E
:1006F000491EE4EC010AA0EC010AF5D101200290A8
:100700000BE0761CBCF1010CBED10298012804D08C
:10071000F5EEC02AF1EE10FA7ED09BED000AB5EBA3
:1007200008009A465946064622D0B0F1004F74D2CE
:1007300000281DDD091F10F0010F06D0F0EE400A61
:1007400080EEA01A81ED011A091D401010D000BFE3
:10075000D1ED010A401E80EE801A81ED011A91ED63
:10076000021AC1EE000AC1ED020A01F10801EFD13F
:10077000280026D0B0F1004F7ED2002821DDAAF15A
:10078000040110F0010F06D0D1ED010A80EE801AAD
:1007900081ED011A091D401013D000BFD1ED010AEF
:1007A000401E80EE801A81ED011AD1ED020A80EE22
:1007B000801A81ED021A01E0CBE0D6E001F10801D8
:1007C000ECD1DDE900124FF000095FEA0E0773D0AB
:1007D000C14504BF01EB860102EB850274D091EDA7
:1007E000000ADC465046331E35D01C46B6F1004F99
:1007F0007ED2002C2FDD0B1FABF1040C16F0010F85
:100800000FD0F0EE400ADCED011AB0EE601A00EEF7
:10081000E11A83ED011A01E08DE0B1E01B1D0CF13E
:10082000040C741015D000BFD3ED010A9CED011A21
:1008300040EE410AC3ED010AD3ED020A9CED021A13
:100840000CF1080C40EE410AC3ED020A0833641EA5
:10085000EAD101EB86012B0036D0B3F1004F72D202
:10086000002B31DDA2F1040CAAF1040013F0010FFA
:100870000CD0DCED010A00E08BE090ED011A001DC8
:1008800040EE410ACCED010A0CF1040C5C1019D0C9
:10089000DCED010A90ED011A40EE410ACCED010AAF
:1008A000DCED020A90ED021A083040EE410ACCED70
:1008B000020A03E0000000000DE005E0641E0CF1F8
:1008C000080CE5D102EB830201EB88017F1E09F1E0
:1008D00001097FF47DAF009808F10108001D009028
:1008E0000398401E03907FF44BAE0299012900E06B
:1008F00058E004BF06B0BDE8F08F00BFB5EEC00AF7
:10090000F1EE10FA7FF4E9AD04990EFB05F3002B2C
:100910004A684FF000010BD902EB810C9CED000AF4
:10092000B5EEC00AF1EE10FA02D1491C8B42F3D8A1
:100930008B427FF4D2AD6FF00400CEE5E0EC010A0B
:10094000491EFBD1EFE538E0E0EC010A521EFBD175
:1009500008E692ED000AD1ED000ABCF1010CE2ECD0
:10096000010AA1EC010AF4D1B7E694ED000AD0ED3A
:10097000000A491EE4EC010AA0EC010AF5D1BDE62B
:10098000D1ED000A401E80EE801AA1EC011AF7D1C9
:10099000EEE6D3ED000A401E80EE801AA3EC011AA9
:1009A000F7D10EE7BCEC011AD1ED000A5B1E40EE58
:1009B000410AE1EC010AF5D14DE7B0EC011AD2EDA4
:1009C000000A5B1E40EE410AE2EC010AF5D17BE72A
:1009D0002DE9F04F82B04668536801930588478837
:1009E0004B88002000900888874201BFB2F800C001
:1009F0006545528893421EBF6FF0020002B0BDE809
:100A0000F08F9FED412A4FEA970EC7F3400B00BFCE
:100A1000DDE9000202EB800A4A6898464FF00009BF
:100A2000B0EE420AB4465FEA0E0025D092ED001AFD
:100A3000DCED001A02EB8302DCED010A01EE810A13
:100A400092ED001A02EB8302401ED2ED001A02EB77
:100A5000830200EE810A9CED021ADCED030A000419
:100A60000CF1100C000C01EE210A92ED001A02EBC1
:100A7000830200EE810AD9D117F0030026D0ACF131
:100A80000404A2EB830210F0010F08D002EB8302F2
:100A9000D4ED010A92ED001A241D00EE810A5FEAEE
:100AA0000B0013D002EB830CD4ED010A9CED001A6D
:100AB00002EBC302401E00EE810AD4ED020A92ED61
:100AC000001A04F1080400EE810AEBD109F10100DB
:100AD000AAEC010A1FFA80F9486800EB8902A8F124
:100AE00001001FFA80F8B8F1000F99D1009806EBC9
:100AF0008706184480B20090681E05042D0C87D12B
:100B000002B00020BDE8F08F0000000070B405883E
:100B10000E884468D1F804C05368B54208D14088B3
:100B20004988884201BF11888D425188884203D08C
:100B300070BC6FF00200704705FB00F1880827D0F9
:100B400094ED001ADCED000A94ED010ADCED011AC7
:100B500031EE601AD4ED020A70EE611A9CED020AC1
:100B600083ED001AC3ED011A94ED031ADCED031AAC
:100B700030EEC00A401E71EE610A83ED020A04F1F4
:100B80001004C3ED030A03F110030CF1100CD7D1CC
:100B900011F0030030D0B0F1004F30D200282BDD2F
:100BA000211F1B1FACF1040210F0010F0AD091EDC0
:100BB000010AD2ED010A091D121D30EE600A83ED13
:100BC000010A1B1D400817D091ED010AD2ED010A60
:100BD000401E30EE600A83ED010A91ED020AD2ED6B
:100BE000020A01F1080102F1080230EE600A83ED09
:100BF000020A03F10803E7D170BC00207047B4EC8F
:100C0000010A401EFCEC010A30EE600AA3EC010A66
:100C1000F5D1F1E72DE9F04F02884768B0F802807E
:100C20004888D1F8049082B04FF0000A16468242FC
:100C300007BF098888456FF0020002B018BFBDE801
:100C4000F08F4FEA980B02EB42000190C8F340008E
:100C5000CDF8000009EB8A01BBF1000F33D00198F9
:100C600001EB820C01EB80043B46E64601EBC2053A
:100C70004FEA0B0093ED000A401E81ED000A93ED50
:100C8000010A01EB02118CED000A93ED020A0CEB54
:100C9000021C85ED000A93ED030A05EB021584EDB5
:100CA000000A04EB021403F11003E3D10EEB8200FF
:100CB00000EB820000EB8201ABF10100504307EB37
:100CC0000B1701EB001118F0030C21D03B1FA1EB17
:100CD00082011CF0010F06D093ED010A01EB8201A5
:100CE0001B1D81ED000A009880B100BF93ED010A41
:100CF00001EB820401EBC20184ED000A93ED020ACC
:100D0000401E81ED000A03F10803EFD107EB8C07C9
:100D10000AF101001FFA80FA701E0604360C99D100
:100D200002B00020BDE8F08F2DE9F05F05460020FD
:100D300092469B4688460646814640241BE028464C
:100D400041464746224600F053F853465A46C01AD9
:100D5000914110D311461846224600F03AF82D1A58
:100D600067EB01084F4622460120002100F031F8D0
:100D700017EB00094E41201EA4F10104DFDC4846B8
:100D800031462A464346BDE8F09F40EA01039B07EF
:100D900003D009E008C9121F08C0042AFAD203E0F0
:100DA00011F8013B00F8013B521EF9D27047D2B254
:100DB00001E000F8012B491EFBD270470022F6E744
:100DC00010B513460A4604461946FFF7F0FF2046C1
:100DD00010BD202A04DB203A00FA02F100207047FF
:100DE0009140C2F1200320FA03F319439040704769
:100DF000202A04DB203A21FA02F00021704721FA70
:100E000002F3D040C2F120029140084319467047D6
:100E1000064C074D06E0E06840F0010394E8070047
:100E200098471034AC42F6D3FFF7B2F92497000884
:100E30004497000870B58C1810F8015B15F0070393
:100E400001D110F8013B2A1106D110F8012B03E063
:100E500010F8016B01F8016B5B1EF9D12B0705D46B
:100E60000023521E0DD401F8013BFAE710F8013BB4
:100E7000CB1A921C03E013F8015B01F8015B521ED0
:100E8000F9D5A142D8D3002070BD00000122102165
:100E9000014801F031BB0000000002400022102197
:100EA000014801F029BB0000000002400122114668
:100EB000014801F021BB0000000402400022012192
:100EC000014801F019BB00000004024070B505465E
:100ED000FFF7E4FF922000F02DF906226549122069
:100EE00000F00AF9FFF7D2FF624CA4F11C0660780B
:100EF0002178000200B2084300EE100AD6ED030A82
:100F0000B8EEC00A60EE200A95ED080A60EE800A8D
:100F1000C5ED000AE078A178000200B2084300EEB7
:100F2000900A96ED031AF8EEE00A60EE810A60EE90
:100F3000800AC5ED010A60792179000200B20843F8
:100F400000EE900A3081F8EEE00A60EE810A20EEB1
:100F5000800A85ED020AFFF7B1FF08222146002032
:100F600000F0CAF8FFF7A2FF20780F285AD1F078D6
:100F7000A1780028E0784FEA002000B240EA0100A2
:100F80002BD000EE100AD5ED090AB8EEC01A96ED86
:100F9000040A51EE000AC5ED030A607921790002C6
:100FA00000B2084300EE900A95ED0A1AF8EEE00A46
:100FB00010EE801A85ED041AE079A179000200B2E2
:100FC000084300EE900A308195ED0B1AF8EEE00A26
:100FD00010EE801A85ED051A24E000EE100AF8EEF6
:100FE000C00A96ED040A60EE800AC5ED030A607936
:100FF0002179000200B2084300EE900AF8EEE00A00
:1010000060EE800AC5ED040AE079A179000200B221
:10101000084300EE900A3081F8EEE00A20EE800AE4
:1010200085ED050AFFF73AFFA22000F083F80222BF
:101030001049222000F060F8FFF728FF207861783F
:10104000C00040EA51103081B0F5806F02DBA0F59E
:1010500000603081B6F90800B4EE001A00EE100A04
:10106000F8EEC00AB3EE070A00EE810A85ED070A22
:1010700070BD0000A800002070B50D461649174C41
:1010800008600020A07005F0E9FFA1780843A07077
:1010900006F078F8A1780843A0701DB1104800F060
:1010A000E7F816E00E489FED0F0A80ED090A9FED64
:1010B0000E0A80ED0A0A80ED0B0A9FED0C0A80ED06
:1010C0000C0A9FED0B0A80ED080A9FED0A0A80EDDD
:1010D000060AA07870BD0000880000208C00002067
:1010E000B4650020AC38223BB016CE393F161B4108
:1010F000C48B813F0000204270B514460D4640F07D
:10110000800000F017F806E0552000F013F8641E88
:1011100005F8010BE4B2002CF6D170BD10B50C46F9
:1011200040F0800000F006F8552000F003F8207031
:1011300010BD000001B582B04FF47A7000900548F0
:10114000012301AA02A9006801F04AFE9DF80400EB
:101150000EBD00008800002010B50C46FFF7EAFF26
:101160002046BDE81040FFF7E5BFB6EE000AD2ED1D
:10117000020AF0EE401A92ED031A40EEE01A90EDEA
:10118000002AD2ED012AD0ED013A22EEA03A41EE3A
:10119000411A21EE822AD2ED001A01EEC13A22EE66
:1011A000811A01EEA01A03EE232AD0ED020AF0EE16
:1011B000001A01EE202A62EE210AC1ED000A92ED2A
:1011C000011AD2ED023A92ED002AD2ED030A61EE45
:1011D000232A90ED003A90ED014A42EE202A62EE79
:1011E000832AB0EE403A01EE413A00EEE03A63EE77
:1011F000A00A42EE410A43EE042A90ED021A40EEA4
:10120000812A62EEA10AC1ED010A92ED011AD2ED26
:10121000032AD2ED020A92ED003A21EE222A60EE74
:10122000A22AD0ED003A01EE410A03EE602A43EE15
:10123000012A90ED013A00EEE00A22EE232AD0EDD9
:10124000020A02EE832A00EE202A22EE210A81ED14
:10125000020A7047FEE70000014800F03FBC0000B2
:10126000746B0020014800F039BC00009C6B00202A
:101270002DE9F04F04462DED048B89B0002000903D
:10128000019000F09DFAED4DDFF8B4B3DFF8B493B0
:1012900085ED050A02AE0DF114084FF07C5A00BF2F
:1012A00000F08EFAD5ED050A30EE600A10EE100A55
:1012B000584512DD9FEDE40A84ED090A9FEDE30A2B
:1012C00084ED0A0A84ED0B0A9FEDE10A84ED0C0A15
:1012D0009FEDE00A84ED060A8BE19FEDDF0A00F046
:1012E00033FA9FEDDE0A002784ED0C0A84ED090A2B
:1012F00084ED0A0A84ED0B0AFBE000BFFFF7CEFD88
:101300009220FFF717FF062269461220FFF7F4FE2E
:10131000FFF7BCFD9DF801009DF80010000200B22F
:10132000084300EE100AD5ED030AB8EEC00A60EEDD
:10133000201AC4ED001A9DF803009DF80210000267
:1013400000B2084300EE100A95ED031AB8EEC00A89
:1013500060EE010AC4ED010A9DF805009DF8041035
:10136000000200B2084300EE100AB8EEC00A20EEF8
:10137000011A21EEA10A84ED021A00EEA00A01EE84
:10138000010A05F021FEB0EE408A94ED0C0A30EE21
:10139000080A84ED0C0AFFF791FD08226946002037
:1013A000FFF7AAFEFFF782FD9DF800000F2840D14D
:1013B0009DF803009DF80210000200B2084300EE01
:1013C000100AD5ED040AB8EEC00A20EE200A84ED1A
:1013D000030A94ED091A31EE000A84ED090A9DF81A
:1013E00005009DF80410000200B2084300EE100A48
:1013F000B8EEC00A20EE200A84ED040A94ED0A1A21
:1014000031EE000A84ED0A0A9DF807009DF80610E7
:10141000000200B2084300EE100AB8EEC00A20EE47
:10142000200A84ED050AD4ED0B0A30EE800A84ED23
:101430000B0A002F7ED0B4EEC98AF1EE10FA01DD5E
:10144000B0EE489AB4EEE88AF1EE10FA01D2F0EE6E
:10145000488A00204FEA080204EB800191ED030A5C
:1014600006EB8001D1ED000AB4EEE00AF1EE10FACD
:1014700001DD81ED000A02EB8001D1ED000AB4EE3E
:10148000E00AF1EE10FA01D281ED000A401CC0B270
:101490000328E1D339EE680A0020424685ED060AAA
:1014A0004FEA090106EB8003D3ED000A02EB80034B
:1014B00093ED001A01EB8003401C70EEC10AC0B22C
:1014C0000328C3ED000AEDD310EE100A504514DCDA
:1014D00063480A68824210DC4A6882420DDCD9F80F
:1014E0000810814209DC9FED5F0A00F02DF97F1C96
:1014F000BFB2E8888742FFF401AFE988D4ED0C0A57
:1015000000EE101A2F460020B8EE400A80EE801A36
:1015100084ED0C1A00EE101A04EB8002401CB8EEA9
:10152000400AD2ED090AC0B2032880EE801A82ED8B
:10153000091A00E06AE0EDD3FFF7B0FCA220FFF744
:10154000F9FD022269462220FFF7D6FDFFF79EFC37
:101550009DF800009DF80110C00040EA5110B0F560
:10156000806F01DBA0F5006000EE100AB4EE001AF7
:10157000F8EEC00AB3EE070A00EE810A84ED060A0F
:10158000B888401CB880B86950453FF789AE94EDE3
:101590000C0ADFED350A30EE600AB0EEC00A10EE3C
:1015A000100A5045F1DC2E48D9F800104A46814215
:1015B000EBDC51688142E8DCD9F808108142E4DCB8
:1015C00094ED090A2948B0EEC00A10EE101A8142C3
:1015D000DBDC94ED0A0AB0EEC00A10EE101A81426C
:1015E000D3DC94ED0B0AB0EEC00A10EE101A814263
:1015F000CBDC94ED0C0ADFED1E0A80EE801A84ED40
:10160000081A09B0BDEC048BBDE8F08FB0EE489A23
:10161000F0EE488A0020414604EB800292ED030A76
:1016200006EB800282ED000A01EB8002401CC0B292
:1016300082ED000A0328EFD32CE700008C00002085
:1016400000002041A8650020AC38223BB016CE39FE
:101650003F161B41000020420AD7A33B00000000B8
:101660009A99193E6F12033ACDCC1C410AD7233CFC
:10167000C3F51C41014800F0EDBC0000EC750020F2
:10168000014800F0E7BC00008C750020014800F024
:10169000E1BC00004C760020014800F0DBBC0000FB
:1016A0002C75002001681823CAB2103AB2FBF3F27D
:1016B000054B6FF30901032A9B5CC36500D9091D23
:1016C0008165084670470000988D000810B50146F6
:1016D00000208B698A6A4FF0C07453B1B3F5005F84
:1016E00015D072B1012A0CD0022A0AD0032A09D1DE
:1016F00004E01AB1012A06D0022A03D1C96AC9013D
:1017000000D5012010BDC96AA142FAD010BD002A3F
:10171000F7D0012AF2D0022AF3D0032AF3D010BD69
:10172000074808B5406800900146064802699142A2
:1017300002D2C168491CC1600099016108BD000066
:10174000001000E0E80000200A4948680A4AD2ED8B
:10175000000A4A68121AF8EE601A01EE102AB8EE72
:10176000411A60EE211AB4EEE11AF1EE10FAF0D34C
:1017700070470000001000E0E800002000B50E49AE
:101780002DED028B81B0496800910168009A511AD1
:1017900000EE101A0949F8EE400A91ED000A0260C5
:1017A000B8EE400A80EE808AFFF7BAFF01B0B0EED3
:1017B000480ABDEC028B00BD001000E0E8000020EC
:1017C00010B500F043F80C489FED0C1A818890ED9D
:1017D000000A00EE901AC088B8EE400AF8EE600ADF
:1017E00000EE810A00EE900A9FED051AF8EE600AFD
:1017F00000EE810A10BD0000180100206F12833A2C
:10180000BD3786350D490A6842F080720A600C497E
:1018100000224A600B6843F001030B6009494FF452
:101820007A734843B0FBF3F30749C1E90003054B62
:10183000B0FBF3F0C1E9020270470000FCED00E0EC
:10184000001000E040420F00E80000202DE9F843BE
:10185000214840680090FFF763FF204F0024009E5E
:10186000F8684FF0FF312546E0FB0165C7E90E65DA
:10187000D7F800802346424630462946FFF754FAFF
:10188000A0FB083CC7E9060101FB08C100FB0411ED
:10189000F61A65EB0105C7E9086507F13008002372
:1018A000C8F80000D7F8049030464A462946FFF7AA
:1018B0003BFA80B2A8F8040000FB09F0301A65EB8F
:1018C0000405C7E90A0529460023BA68FFF72CFA80
:1018D000A8F80600BDE8F883001000E0E80000204A
:1018E0007047082000F004BD102000F001BD10B5C5
:1018F000202000F0FDFC402000F0FAFCBDE8104084
:10190000802000F0F5BCB6EE000AD2ED020AF0EE3F
:10191000401A92ED031A40EEE01A90ED002AD2ED43
:10192000012AD0ED013A22EEA03A41EE411A21EE11
:10193000822AD2ED001A01EE813A22EE811A01EEDE
:10194000E01A03EE232AD0ED020AF0EE001A01EEAF
:10195000202A62EE210AC1ED000A92ED011AD2EDB1
:10196000023A92ED002AD2ED030A61EE232A90EDAD
:10197000003A90ED014A42EE602A62EE832AB0EE10
:10198000403A01EE413A00EEE03A63EEA00A42EE40
:10199000010A43EE042A90ED021A40EE812A62EE1B
:1019A000A10AC1ED010A92ED011AD2ED032AD2ED8E
:1019B000020A92ED003A21EE222A60EEA22AD0ED30
:1019C000003A01EE410A03EE202A43EE412A90ED4F
:1019D000013A00EEE00A22EE232AD0ED020A02EEDE
:1019E000832A00EE202A22EE210A81ED020A7047A6
:1019F0007047704730B590F82040012C05D0022C7C
:101A000003D0416A41F480215DE00468002955D08B
:101A10002469A40754D04FF4D874056804EB01146A
:101A20002D5915F00405956005682D594ED0ED0827
:101A3000556005682C5904F00204D4604FF4DA7440
:101A4000056804EB01142D5905F00F0515610568B3
:101A50002D59C5F30725956105682C59240C54614F
:101A60004FF4DC72046802EB0112A4581C70046885
:101A7000A458240A5C700468A458240C9C70046860
:101A8000A258120EDA704FF4DE72046802EB0112F3
:101A9000A4581C710468A458240A5C710468A458F2
:101AA000240C9C710468A258120EDA71006881B18E
:101AB000016941F020010161002030BDE468A8E720
:101AC000416A41F400114162012030BD6D0D156085
:101AD000AFE7C16841F02001C160EDE72DE9F05F9B
:101AE0000546006800244669D0F804908768D0F85D
:101AF0000CB0D0F810A0D0F81880F10748D0F90742
:101B000014D001218160B80703D5284600F01AFAE5
:101B10000CE0780702D54FF4006407E0380702D5DF
:101B20004FF4805402E0284600F00BFAF80516D571
:101B300029684FF480708860B80503D5284600F006
:101B400003FA0CE0780502D544F4005407E03805A8
:101B500002D544F4804402E0284600F0F4F9F8038A
:101B600016D529684FF480308860B80303D528461D
:101B700000F0ECF90CE0780302D544F4004407E0EF
:101B8000380302D544F4803402E0284600F0DDF941
:101B9000300707D55FEACB6004D52968102044F4EC
:101BA0000074C86070074FF0080707D55FEA0B7034
:101BB00004D52868C760284600F09AF9B00706D512
:101BC0002868C068800702D0284600F093F97006A4
:101BD00007D55FEACA6004D52968102044F4806400
:101BE0000861B00607D55FEA0A7004D52868076166
:101BF000284600F0A3F9F00606D52868006980079A
:101C000002D0284600F09BF9B00308D55FEAC9600E
:101C100005D5296810204860284600F091F9F003A6
:101C200007D55FEA097004D528684760284600F0A8
:101C30008EF9300446D55FEA497040D5F00504D5E9
:101C40005FEAC87001D044F00104B00504D55FEA32
:101C5000887001D544F00204700504D55FEA48702D
:101C600001D544F00404300529D518F0700F26D0B2
:101C700008F07000402815D006DC102809D0202874
:101C80000AD0302816D10AE050280ED0602811D191
:101C90000EE044F008040DE044F010040AE044F0C3
:101CA000200407E044F0400404E044F0800401E034
:101CB00044F480742868816921F070018161296889
:101CC00004204860002C05D0686A204368622846DA
:101CD000FFF78FFEBDE8F09F70B5040003D094F8C5
:101CE000200010B104E0012070BD204600F082F811
:101CF0002068016841F00101016000F003FC054625
:101D0000052604E000F0FEFB401B0A2811D82068DD
:101D10004068C007F6D02068016821F00201016028
:101D200000F0F0FB05460BE000F0ECFB401B0A283E
:101D300006D9606A40F40030606284F82060D2E71F
:101D4000206840688007EFD4207E01282068016861
:101D50003DD021F080010160607E0128206801688B
:101D600038D021F040010160A07E01282068016880
:101D700033D021F020010160E07E01282068016855
:101D80002ED041F010010160207F012820680168F9
:101D900029D021F008010160607F012820680168D6
:101DA00024D021F004010160D4E902010843D4E900
:101DB0000412114308436168491E08432168C86141
:101DC00000206062012084F82000002070BD41F0F6
:101DD0008001C0E741F04001C5E741F02001CAE7BA
:101DE00021F01001CFE741F00801D4E741F00401F0
:101DF000D9E70000F0B587B0044614216846FEF725
:101E0000DDFF364B3648DFF8D0E01968D4F800C063
:101E1000334A03250226092710300024491CF445C3
:101E200022D11960012907D1016841F000710160D8
:101E3000006800F000700590106840F00800106025
:101E40001068CDE9005600F00800CDE9047069463D
:101E50002448CDE9024500F057FA0022052114205C
:101E600000F0EEFB142032E0DFF87CE0F44530D1E6
:101E7000D0F800C04CF0806CC0F800C0D0F800C0B2
:101E800001290CF0806CCDF814C0196007D10168ED
:101E900041F000710160006800F00070059010686A
:101EA00040F002001060106802AB00F002000590E4
:101EB0006020CDE9000683E8B00069460B4800F0D9
:101EC00023FA00220521402000F0BAFB402000F058
:101ED000A9FB07B0F0BD0000006400403C030020F7
:101EE00030380240000C024000680040000402400C
:101EF0007047000010B504460C4B0D4A0021FFF757
:101F000079FD0C490A488C420FD1026807480A49FA
:101F1000512A02D0522A08D103E002680A604268BE
:101F20004A6002688A604068C86010BD40020020B4
:101F3000C86900209C6B0020E4690020704770474E
:101F400070477047704770477047704770477047D9
:101F500010B5040002D0607910B106E0012010BD78
:101F600000202071204600F005F80120607100205B
:101F700010BD000008B500680649884208D106482F
:101F8000016841F480510160006800F480500090C5
:101F900008BD000000300240303802402DE9F04119
:101FA0000446876D00F0AEFA064694F83500002529
:101FB000022806D08020606584F834500120BDE8F6
:101FC000F0812068016821F01601016020684169F4
:101FD00021F080014161206C08B9A06C20B120681B
:101FE000016821F0080101602068016821F0010109
:101FF00001600CE000F086FA801B052807D920203C
:102000006065032084F8350084F83450D7E72068F1
:102010000068C007EED194F85C103F208840B8609B
:10202000012084F8350084F834500020C7E790F888
:102030003510022903D08021416501207047052118
:1020400080F835100068016821F00101016000206E
:10205000704700002DE9F84304464FF00009CDF821
:10206000009063484FF41651A56D0068B0FBF1F77E
:102070002E6894F85C10082000FA01F131420FD06C
:1020800021680A6852070BD50A6822F004020A6028
:1020900094F85C108840A860606D40F001006065B5
:1020A00094F85C104FF0010808FA01F0304208D0B3
:1020B00021684969090604D5A860606D40F00200F6
:1020C000606594F85C1004208840304208D0216894
:1020D0000968890704D5A860606D40F00400606558
:1020E00094F85C1010208840304218D021680968AC
:1020F000090714D5A86020680168490304D5006861
:10210000000308D5A16C07E00168C90503D4016884
:1021100021F008010160216C09B12046884794F83C
:102120005C1020208840304231D021680968C906FF
:102130002DD5A86094F8350005282068016806D0E0
:10214000490347D5006800031DD4616C1CE021F0F1
:10215000160101602068416921F080014161206C15
:1021600008B9A06C20B12068016821F00801016065
:1021700094F85C103F208840A86084F8358084F88B
:102180003490216D1FE0E16B09B120468847606DF6
:1021900000282BD0606DC00714D0052084F83500CE
:1021A0002068016821F0010101600098401C009046
:1021B000B84203D820680068C007F6D184F835809B
:1021C00084F83490E16C002910D001B02046BDE8BD
:1021D000F04308470168C905D5D4016821F0100112
:1021E000016084F8358084F83490CCE7BDE8F8834A
:1021F000580300202DE9F041044600F083F906461B
:102200005CB1022084F83500002584F83450206841
:10221000016821F0010101600DE00120BDE8F081BD
:1022200000F070F9801B052805D920206065032087
:1022300084F83500F2E720680068C007F0D1226812
:10224000116820480140D4E901031843D4E903365A
:102250003343184363691843A3691843E369184378
:10226000236A18430843616A042903D1D4E90B1394
:1022700019430843106020684069666A20F007012E
:1022800030460E43012704280CD1A06A0643E06AB9
:1022900040B12046FFF71AFA20B14020606584F86B
:1022A0003570BAE7206846612046FFF7FBF994F8DD
:1022B0005C203F2191408160656584F83570002085
:1022C000ACE700003F8010F070B5044600F01AF94A
:1022D0000546601C02D004480078044400F012F95E
:1022E000401BA042FAD370BD0000002070470000E0
:1022F000044910B50A68024202D00860FFF7F6FFF1
:1023000010BD0000143C01402DE9F84FDFF8BCA1DE
:102310000022012503264FF00F090AF1040BAAF150
:10232000040E00BF0B6805FA02F42340A34270D1EB
:102330000F7907F00307012F01D0022F16D187680C
:102340004FEA420806FA08FC27EA0C07D1F80CC04D
:102350000CFA08FC4CEA070CC0F808C04768A74311
:102360000C79C4F3001494403C4344600C79E4437A
:10237000A4070AD0C4684FEA420C06FA0CF7BC4323
:102380008F6807FA0CF72743C7600C7904F0030441
:10239000022C12D1D40800EB840CDCF82040570743
:1023A000FF0E09FA07F824EA0804D1F8108008FAA9
:1023B00007F848EA0408CCF8208004684FEA420C89
:1023C00006FA0CF7BC430F7907F0030707FA0CF77E
:1023D000274307604C6814F4403F70D03C4C27689A
:1023E00047F480472760246822F0030704F4804400
:1023F0000094384C07EB040CDCF8084897074FEAC8
:10240000177809FA08F7BC43334FB84202D10027C6
:1024100024E054E0314FB84201D101271EE0304F93
:10242000B84201D1022719E02E4FB84201D103274B
:1024300014E02D4FB84201D104270FE02B4FB842D2
:1024400001D105270AE02A4FB84201D1062705E04D
:10245000284FB84201D1072700E0082707FA08F7FC
:102460002743CCF80878DAF800405746D1F804C082
:102470009C435FEACC2C00D51C433C60DBF8004059
:102480005F46D1F804C09C435FEA8C2C00D51C4306
:102490003C60DEF800407746D1F804C09C435FEA18
:1024A0008C3C00D51C433C60084F083F3C68D1F889
:1024B00004C09C435FEACC3C00D51C433C60521CEA
:1024C000102AFFF42FAFBDE8F88F0000083C014050
:1024D0004438024000300140000002400004024045
:1024E00000080240000C02400010024000140240AC
:1024F00000180240001C02400AB1816170470904C3
:10250000FBE70000014880687047000000000020E1
:102510000248816802781144816070470000002001
:102520000B4810B5016841F400710160016841F485
:1025300080610160016841F480710160032000F056
:102540009FF8002000F006F800F050F8002010BDC1
:10255000003C024030B50546204887B000240168A1
:1025600041F001010160006806A900F0010000903F
:1025700001A800F031F90498B0B100F04DF9400025
:1025800017494FF08042B0FBF1F11648491E026036
:1025900040F2E732C0E90324C0E90114846100F08D
:1025A00085FD040003D015E000F036F9E8E70D489A
:1025B00000F0D6FD04000DD11C2000F033F8102DE2
:1025C00007D2002229461C2000F03AF80648056090
:1025D00000E0012407B0204630BD00004038024032
:1025E00040420F0084730020040000200C4882B099
:1025F000016841F480410160006800F4804000906F
:102600000748001F016841F0805101600068002206
:1026100000F0805000900F21901E02B000F010B822
:1026200044380240002809DB00F01F0201219140DC
:102630004009800000F1E020C0F800117047000060
:10264000F0B40E4B1B680C46C3F30223C3F107051D
:10265000042D00D90425191D072901D2002300E00B
:10266000DB1E012606FA05F1491E214099409E40D5
:10267000761E16403143F0BC04F01EBA0CED00E0AB
:10268000064900F0070208684FF6FF03184040EAC9
:102690000220034A10430860704700000CED00E080
:1026A0000000FA052DE9F0470E46050065D0DFF879
:1026B0001481D8F80000F7B200F00700B04207D24A
:1026C00088F80070D8F8000000F00700B04254D13C
:1026D00028683D4C810712D5400703D5206840F497
:1026E000E05020602878000703D5206840F460405F
:1026F00020602068A96820F0F00008432060287856
:10270000C0072DD0304968680839012812D0022846
:1027100013D0032811D00968890700292DDA216810
:1027200021F0030101432160FFF7ECFE814641F2F5
:10273000883A0EE009688903EFE709688901ECE748
:10274000FFF7E0FEA0EB0901514502D90320BDE8E7
:10275000F0872068696800F00C00B0EB810FEFD1C2
:10276000D8F80010404601F00701B14207D90770C0
:10277000006800F00700B04201D00120E7E72878A8
:10278000400705D52068E96820F4E0500843206040
:102790002878000706D52068296920F4604040EABF
:1027A000C100206000F058F82168084AC1F3031105
:1027B000515CC8400649086006480068FFF7CAFE39
:1027C0000020C4E7003C024008380240D08E0008D8
:1027D00058030020040000200F2202600C4A1368F6
:1027E00003F003034360136803F0F003836013688E
:1027F00003F4E053C36012684FF4E05303EAD202DB
:1028000002610448006800F007000860704700009B
:1028100008380240003C0240044805490068096845
:10282000044AC1F38221515CC8407047580300201C
:1028300008380240E08E000804480549006809682D
:10284000044AC1F34231515CC8407047580300202C
:1028500008380240E08E0008154810B5006810F0F6
:102860000C02144813D01449042A0FD0082A0ED1A0
:102870000F4C241F2268236802F03F025B0207D539
:102880002068C0F38810A0FB010106E0084610BDD7
:102890002168C1F38811A1FB00010023FEF744FA6F
:1028A0002168C1F30141491C4900B0FBF1F010BDA2
:1028B000083802400024F400001BB7002DE9F84F4F
:1028C00004006ED02078DFF84C93C007A9F104050E
:1028D0004AD009F104000168C1F38101012908D03F
:1028E0000068C0F3810002280AD1D9F80000400234
:1028F00006D52868800337D560680028E1D033E02A
:102900006068B0F5803F10D0B0F5A02F286810D0D7
:1029100020F480302860286820F4802028606068D7
:10292000A8B1FFF7EFFD06460DE0286840F48030BF
:10293000F4E740F480202860F7E700BFFFF7E2FDEE
:10294000801B642873D828688003F7D50CE0FFF754
:10295000D9FD064605E000BFFFF7D4FD801B6428C3
:10296000F0D828688003F7D42078DFF8AC8280079D
:102970004FF0000A3ED5A748001D016811F00C0F6A
:1029800008D00068C0F3810002280BD1D9F80000FC
:10299000400207D42868800716D5E068012800D1D6
:1029A00012E033E1E068B8B10120C8F80000FFF799
:1029B000A9FD064605E000BFFFF7A4FD801B022825
:1029C000C0D828688007F7D52868216920F0F8006A
:1029D00040EAC10028600DE0C8F800A0FFF792FDB2
:1029E000064604E0FFF78EFD801B02281FD82868EA
:1029F0008007F7D42078000722D5864F8748616981
:102A0000703771B101210160FFF77CFD064604E0DB
:102A1000FFF778FD801B022809D838688007F7D5B2
:102A20000EE0C0F800A0FFF76DFD064605E082E06D
:102A3000FFF768FD801B02287DD838688007F7D42F
:102A40002078400768D5DFF8CCB100270BF13C0BAC
:102A5000DBF80000C0000BD4DBF8001041F080511F
:102A6000CBF80010DBF80000012700F08050009048
:102A70006B4E3068C00510D4306840F48070306010
:102A8000FFF740FD009005E0FFF73CFD0099401A7C
:102A9000022850D83068C005F6D55E4EA0686C3666
:102AA00001280FD00528306810D020F001003060D8
:102AB000306820F004003060A068B8B1FFF722FD54
:102AC00000900FE0306840F00100F4E740F00400AF
:102AD0003060F7E7FFF716FD0099411A41F28830A0
:102AE000814266D830688007F4D50EE0FFF70AFD12
:102AF000009007E0FFF706FD0099411A41F2883087
:102B0000814256D830688007F4D42FB1DBF800102A
:102B100021F08051CBF80010A069C8B33D49091DD0
:102B20000968C1F3810102294AD00228504607D022
:102B3000C8F8600000E03CE0FFF7E4FC04463BE03E
:102B40004746C8F86000FFF7DDFC064605E000BF19
:102B5000FFF7D8FC801B02282BD828688001F7D407
:102B6000D4E907010843A16A2E4A490802EB014152
:102B7000626A41EA8211084394F82C1040EA01612C
:102B8000C9F8001001203866FFF7BCFC044606E0D7
:102B90003EE000BFFFF7B6FC001B022809D82868FA
:102BA0008001F7D534E000BFFFF7ACFC001B022822
:102BB00002D90320BDE8F88F28688001F4D427E00B
:102BC0000128F7D0D9F80000E26900F480019142B1
:102BD0001CD1226A00F03F01914217D147F6C07123
:102BE000626A0140B1EB821F10D1A26A4FF0FF333D
:102BF00000F4403103EB5202B1EB024F06D194F8DE
:102C00002C1000F07060B0EB016F01D00120D1E713
:102C10000020CFE70438024000004742800E4742C0
:102C2000007000400000FFFF70B5040009D0606A2A
:102C3000002540B125616561A56294F8510040B15D
:102C40000CE0012070BD6068B0F5827FF4D0E561D2
:102C5000F2E784F85050204600F044F8022084F84F
:102C600051002068016821F040010160A08821899D
:102C700000F4827001F404410843A18901F4006169
:102C80000843217C01F002010843217D01F001018C
:102C90000843218B01F400710843217F01F03801C2
:102CA000084394F8201001F080010843218D01F4BD
:102CB0000051084321680860A069042101EA10401E
:102CC00094F8241001F0100108432168486020683E
:102CD000C16921F40061C1616565012084F851007A
:102CE000002070BD2DE9F04387B0064614216846E8
:102CF000FEF764F834493068884261D133480025D2
:102D0000016841F480510160006800F48050059032
:102D10002E481438016841F002010160016801F099
:102D200002010591016841F001010160006802247F
:102D300000F001000590182001274FF003084FF024
:102D400005098DE8910369462148FFF7DDFA8020E7
:102D50008DE8910369461F48FFF7D6FA1F4C1E48BD
:102D60004FF0C0672060C4E901754FF48068C4E982
:102D7000035865617812A561C4E907502046656271
:102D8000FFF738FA08B1FEF733FEF464A663134C7C
:102D9000114860341830E4E802074020A4E821011B
:102DA000C00244F81459A561C4E907500B48656294
:102DB0006030FFF71FFA08B1FEF71AFEB464A6638D
:102DC00007B0BDE8F0830000003001404438024005
:102DD000000402400000024040640240C47200202F
:102DE0002DE9F84F044690F8500000270A9E1D4632
:102DF00092468B464FF0010901280ED0012084F83D
:102E00005000FFF77FFB804694F85100616801286D
:102E10000CD0B1F5827F07D102E00220BDE8F88F27
:102E2000A16809B9042801D00227C2E0BBF1000F54
:102E300027D0BAF1000F24D01DB394F85100042814
:102E400002D0052084F8510000206065C4F838A045
:102E5000E587A587C4F830B0E586A5862064606460
:102E600020680168490603D4016841F0400101600F
:102E7000E068B0F5006F606805D0E8B3012D46D07A
:102E80007FE0012795E008B1012D39D1206B216841
:102E90000088C860206B801C2063E08E401EE086A6
:102EA0002EE02068816889070FD5E18E69B1B9F1FC
:102EB000010F0AD1216B0988C160206B801C20633F
:102EC000E08E401EE0864FF0000920688168C90747
:102ED0000CD0E18F51B1C068A16B0880A06B801C41
:102EE000A063E08F401EE0874FF00109FFF70AFB67
:102EF000A0EB0800B04200E009E001D3701C50D103
:102F0000E08E0028CDD1E08F0028CAD13FE0206BB1
:102F1000216800780873206B401C2063E08E401EFF
:102F2000E0862EE02068816889070FD5E18E69B1BF
:102F3000B9F1010F0AD1216B09780173206B401C94
:102F40002063E08E401EE0864FF000092068816813
:102F5000C9070CD0E18F51B1C068A16B0870A06B9C
:102F6000401CA063E08F401EE0874FF00109FFF78F
:102F7000C9FAA0EB0800B04202D3701C01D010E0E7
:102F80007EB1E08E0028CDD1E08F0028CAD1424624
:102F90003146204603F000F928B101272020606562
:102FA00007E0032705E0A06818B92068C1688068B9
:102FB0000090012084F85100002084F85000384629
:102FC0002CE77047704710B590F83C20012A22D0BA
:102FD000012280F83C20CA688C6822F440722243A7
:102FE0004C6822F4806222430C6822F4006222437F
:102FF0000C6922F4805222434C6922F4005222438D
:10300000C969002322F480420A4301684A6480F8B7
:103010003C30002010BD022010BD000070B590F8BB
:103020003C20012A32D0012480F83C40022280F862
:103030003D2003685A689D6822F070060A68324392
:103040005A60134B02689A4214D0B2F1804F11D0EB
:10305000104B9A420ED0104B9A420BD00F4B9A4213
:1030600008D00F4B9A4205D00E4B9A4202D00E4B1D
:103070009A4204D1496825F080031943916080F891
:103080003D40002180F83C10084670BD022070BD14
:10309000000001400004004000080040000C004017
:1030A00000040140004001400018004010B5040039
:1030B00003D094F83D0010B107E0012010BD0020BE
:1030C00084F83C00204600F01FF8022084F83D0000
:1030D000211D206803F062F9012084F8460084F87D
:1030E0003E0084F83F0084F8400084F8410084F8F2
:1030F000420084F8430084F8440084F8450084F8D2
:103100003D00002010BD000008B50068114988424C
:1031100009D11148016841F400310160006800F4F0
:103120000030009008BD0D498842FBD10A48001FBD
:10313000016841F4807101600068002200F4807031
:10314000009005212D20FFF77BFABDE808402D20D7
:10315000FFF768BA004401404438024000200040B4
:1031600090F83D10012901D001207047022180F81C
:103170003D100168CA6842F00102CA600068114946
:10318000884214D0B0F1804F11D00F4988420ED040
:103190000E4988420BD00E49884208D00D4988421A
:1031A00005D00D49884202D00C49884204D181687B
:1031B00001F00701062903D0016841F00101016017
:1031C000002070470000014000040040000800405B
:1031D000000C004000040140004001400018004085
:1031E000704770B50446006801694FF00005C94397
:1031F000890715D4C168C943890711D4E91E016143
:1032000001202077206880698007204602D0FFF7E0
:10321000E7FF04E000F0DAF8204600F07FF92577B8
:1032200020680169C943490717D4C168C9434907E0
:1032300013D46FF0040101610220207720688069B7
:1032400010F4407F204602D0FFF7CAFF04E000F0F0
:10325000BDF8204600F062F9257720680169C9436E
:10326000090716D4C168C943090712D46FF00801D1
:103270000161042020772068C0698007204602D0C1
:10328000FFF7AEFF04E000F0A1F8204600F046F999
:10329000257720680169C943C90617D4C168C943A5
:1032A000C90613D46FF0100101610820207720684F
:1032B000C06910F4407F204602D0FFF791FF04E080
:1032C00000F084F8204600F029F92577206801698C
:1032D000C943C90708D1C168C943C90704D1891EB8
:1032E0000161204600F080F920680169C9430906A0
:1032F00009D4C168C943090605D46FF08001016192
:103300002046FFF75EFE20680169C943490609D4DB
:10331000C168C943490605D46FF0400101612046E8
:1033200000F069F920680169C94389060BD4C168B6
:10333000C943890607D46FF0200101612046BDE82A
:103340007040FFF73FBE70BD30B587B00446142112
:103350006846FDF733FD2468174D00221748022107
:103360000123AC4210D1046844F0100404600068EA
:1033700000F0100005904FF428508DE807006946D2
:103380000F48CDE9032312E00E4A944211D102689E
:1033900042F020020260006800F02000059040200A
:1033A0008DE80B000320CDE9031069460648FEF7BF
:1033B000ABFF07B030BD00000000014030380240D4
:1033C000001002400044014000140240704770B5F4
:1033D000044690F83C0000260D4601280FD001203D
:1033E00084F83C006AB1042A1DD0082A2FD00C2A88
:1033F0003FD00126002084F83C00304670BD0220FA
:1034000070BD206803F03CF82068816941F0080134
:1034100081612068816921F00401816120688169EE
:103420002A69114311E0206803F05AF82068816985
:1034300041F4006181612068816921F480618161CA
:10344000206881692A6941EA02218161D2E7206806
:1034500003F07CF82068C16941F00801C16120686F
:10346000C16921F00401C1612068C1692A69114361
:1034700011E0206803F09EF82068C16941F4006102
:10348000C1612068C16921F48061C1612068C1699E
:103490002A6941EA0221C161ACE710B5040003D0FA
:1034A00094F83D0010B107E0012010BD002084F821
:1034B0003C00204600F01EF8022084F83D00211D4B
:1034C000206802F06BFF012084F8460084F83E007B
:1034D00084F83F0084F8400084F8410084F84200FA
:1034E00084F8430084F8440084F8450084F83D00E3
:1034F000002010BD08B500680649884208D106487A
:10350000016841F001010160006800F001000090D5
:1035100008BD000000000140443802407047000030
:1035200010B50446022249B104290ED0082913D04F
:1035300094F84100012816D0012010BD94F83E00F7
:103540000128F9D184F83E200FE094F83F000128CB
:10355000F2D184F83F2008E094F840000128EBD134
:1035600084F8402001E084F841200122206802F024
:1035700079FF16492068164A884201D0904203D14B
:10358000436C43F4004343642068884213D0B0F195
:10359000804F10D00F4988420DD00F4988420AD081
:1035A0000E49884207D0904205D00D49884202D08A
:1035B0000C49884204D1816801F00701062903D033
:1035C000016841F001010160002010BD00000140D0
:1035D000000401400004004000080040000C0040CE
:1035E00000400140001800400068B0F1804F01D158
:1035F000FEF78EBF7047704770477047F8B5016897
:1036000004460868CA684B6910F00F0F4FF00005B8
:1036100059D003F0010602F49077374365D0C10713
:1036200005D0D10503D5216C41F00101216441078A
:1036300005D5D90703D0216C41F00201216481072F
:1036400005D5D90703D0216C41F00401216401079D
:1036500007D502F02001314303D0216C41F008016D
:103660002164216C00293AD0800604D5900602D549
:10367000204603F01AF920684069216CC0F38010DD
:10368000090700D460B3204603F0E8F820684069D9
:10369000400621D52068143050E8001F21F0400179
:1036A00040E80012002AF5D1A06BA8B16C49016571
:1036B000A06BFEF7BCFC002811D0A06B016D01B01F
:1036C000BDE8F040084783060FD593060DD5204688
:1036D000BDE8F84003F0E9B82046FFF78EFFF8BDDB
:1036E0002046FFF78AFF2564F8BD266B2023012EB4
:1036F00079D1C60677D5D60675D508684868009092
:103700004869400640D5A16B086840680004000C79
:10371000EAD0A28D8242E7D9E085C869B0F5807F02
:103720002DD020680C3050E8001F21F4807140E853
:103730000012002AF5D12068143050E8001F21F053
:10374000010140E80012002AF5D12068143050E849
:10375000001F21F0400140E80012002AF5D184F852
:103760003E30256320680C3050E8001F21F0100126
:1037700040E80012002AF5D1A06BFEF70FFCA08DE7
:10378000E18D401A81B229E0A08DE18D401A81B20D
:10379000E08D0028A8D00029A6D020680C3050E881
:1037A000002F22F4907240E80026002EF5D1206808
:1037B000143050E8002F22F0010240E80026002ECD
:1037C000F5D184F83E30256320680C3050E8002F96
:1037D00022F0100240E80023002BF5D12046FFF72D
:1037E0000BFFF8BDFFE705062BD5150629D594F884
:1037F0003D002128F5D1A068B0F5805F01D1206996
:10380000B0B1206A411C2162216800784860E08CD8
:10381000401E0004000CE084E3D12068C16821F060
:103820008001C1602068C16841F04001C160D8E7F3
:10383000206A0088C0F308004860206A801C20626B
:10384000E5E74006CDD55006CBD5CA68204622F024
:103850004002CA6084F83D3000F017F9C1E700006B
:103860004D68000870B5040004D094F83D000025B0
:1038700010B106E0012070BD84F83C50204600F0F5
:1038800023F8242084F83D002068C16821F4005109
:10389000C160204603F06AF82068016921F4904174
:1038A00001612068416921F02A0141612068C168F5
:1038B00041F40051C1602564202084F83D0084F863
:1038C0003E00002070BD00002DE9F04786B00446A0
:1038D00014216846FDF772FA6348624B2268624918
:1038E00014380226032700254FF0400A4FF4806960
:1038F0009A4260D10A6842F010020A60096801F039
:1039000010010591016841F002010160016801F0B8
:1039100002010591016841F001010160006802AAFD
:1039200000F0010005908020CDE900064FF0070867
:1039300082E8A00169464D48FEF7E6FC3002CDE979
:10394000000602AA694682E8A0014948FEF7DCFCAD
:10395000494E48484FF00068C6E903597561B561A2
:10396000F5613562756286E801054F463046FEF71F
:1039700041FC08B1FEF73CF86663B4633E4E3D4837
:10398000603630383060C6E90185C6E90357756195
:10399000B561F561356230467562FEF72BFC08B102
:1039A000FEF726F8A663002205212520B463FEF762
:1039B00047FE252051E0314B9A4250D10A6842F02F
:1039C00020020A60096801F020010591016841F0B8
:1039D000400101600068029500F0400005904FF43E
:1039E0008440CDE900060820CDE9037069462448EB
:1039F000FEF78AFC204E1F48C036903830604FF0EA
:103A00002068C6E90185C6E903597561B561F561AC
:103A100035624F4630467562FEF7ECFB08B1FDF7A4
:103A2000E7FFA663B463174E1248C6E903577561F2
:103A3000B561F56135621838756286E80105304672
:103A4000FEF7D8FB08B1FDF7D3FF6663002205211E
:103A50004720B463FEF7F4FD4720FEF7E3FD06B010
:103A6000BDE8F087001001404438024000040240E5
:103A700000000240B86402402C7500200014014090
:103A8000001802404C7600207047704770B504461D
:103A900000203C4D2074A27B288861684243D4F802
:103AA000F400FDF772F9A17B288841436068FDF7B7
:103AB00085F9A07B10FB00F128884143D4F8180158
:103AC000FDF77CF9207BA17B10FB01F128884143A5
:103AD000D4F80C01FDF772F900202BE0D4F8F410B3
:103AE00001EB800292ED000AB5EEC00AF1EE10FA89
:103AF0001ED0227C01EB820181ED000A227C616AEA
:103B00008854A169227B01EB8001237C91ED000A9E
:103B10006169095C12FB03116FF0030202EB810182
:103B2000D4F80C21114481ED000A217C491C217438
:103B3000401CC0B2A17B8142D0D8002010E0636A53
:103B4000E2691B5C02EB830292ED000A10FB0101AB
:103B5000D4F81821401C02EB8101C0B281ED000AAB
:103B6000217C8142EBD8C8B224F8780F14F86C0C91
:103B7000608020816181218361832084618424F8B5
:103B8000301C70BD38030020FEE70000F0B58D4CFE
:103B90000F462DED068B054687B01646D0ED040A7C
:103BA00094ED050A884830EEC00AB0EEC00A10EE67
:103BB000101A814219DC95ED050A94ED061A30EED3
:103BC000410AB0EEC00A10EE101A81420DDC95EDEC
:103BD000060A94ED071A30EE410AB0EEC00A10EE64
:103BE000101A814201DC2878F0B39FED789A80EEBC
:103BF000890AFCF747FBF0EE400AF0EE609AD5ED3B
:103C0000050A80EE890AFCF73DFBD5ED060AF0EEC9
:103C1000401A80EE890AB0EE61AAFCF733FBD5EDBD
:103C2000040AF0EE40AA80EE890AFCF767FBF0EE8A
:103C3000400AB0EE608AD5ED050A80EE890AFCF7ED
:103C40005DFBD5ED060AF0EE408A80EE890AFCF7AE
:103C500055FB29EEAA2A68EE280AB0EE401AB0EE0B
:103C6000420A00EE810A00E02BE084ED080A2AEE09
:103C7000080A6AEE880A002084ED090A29EE810A02
:103C800000EEE80A84ED0A0A29EEA80A20EE010AED
:103C90000AEEC80A84ED0B0A29EE8A0A84ED0C0AA2
:103CA00028EE410A02EE680A84ED0D0A2AEE410A66
:103CB00084ED0E0A2AEE2A0AC4ED0F8A84ED100A5A
:103CC000287000204FEA0D0107EB800292ED000AF8
:103CD00005EB8002D2ED010A01EB8002401C20EED0
:103CE000200AC0B2032882ED000AEDD39DED000A40
:103CF000D4ED085A9DED011A94ED094A20EE252ACB
:103D0000DDED020AD4ED0A1A002004EE012A03A90F
:103D100001EEA02A87ED002A94ED0B3AD4ED0C2A8F
:103D200094ED0D2A60EE033A42EE813A42EE203ADB
:103D3000C7ED013AD4ED0E3AD4ED0F4A94ED105A86
:103D400020EE230A04EE810A05EE200A87ED020A1E
:103D500006EB800292ED000A01EB8002401CC0B22B
:103D600082ED000A0328F3D39DED031ADDED040A6A
:103D70009DED050A61EE255A44EE205A41EE805A27
:103D800061EE031A21EE231A42EEA01A04EEA01AE5
:103D9000C6ED005A42EE001A05EE001AC6ED011AF1
:103DA00086ED021A95ED040A84ED050A95ED050AE3
:103DB00084ED060A95ED060A84ED070A07B0BDEC0E
:103DC000068BF0BD280100206F12833AE12E654278
:103DD00010B504462DED048BD0F8EC00D0ED009A20
:103DE00090ED019AD0ED028A29EEA90A90ED038A9E
:103DF00009EE090A08EEA80A08EE080A03F070FBAB
:103E00005FF00000D4F8EC1001EB8001401CD1ED14
:103E1000000AC0B2042860EE800AC1ED000AF1D3A6
:103E20003E48D4F8001190ED6F0A60EE090AB6EE34
:103E3000000A60EE800AC1ED040AD0ED6F0AD4F8E2
:103E4000001160EEA80A60EE800AC1ED050AD0ED0F
:103E50006F0AD4F8001120EEA91AFEEE000A21EE36
:103E6000201A81ED0A1A90ED6F1AD4F8001121EE94
:103E7000081A21EE001A81ED0B1A90ED6F1AD4F892
:103E8000001121EE081A21EE201A81ED101A90ED92
:103E90006F1AD4F8001121EE291A21EE201A81EDB3
:103EA000111A90ED6F1AD4F8001121EE281A21EEA4
:103EB000000A81ED160A90ED6F0AD4F8001120EE89
:103EC000090A20EE200A81ED170AD4F8F810D0ED87
:103ED000740A91ED1C0A80EE201A81ED1C1AD4F8A8
:103EE000F810D0ED740A0E4891ED230A80EE201AE6
:103EF0009FED0C0A81ED231AD4F8F8100A6F824264
:103F000001DD81ED1C0AD4F8F810D1F88C20824232
:103F100001DD81ED230ABDEC048B10BD306700206C
:103F200000401C4600401C4670B52C4C01252DED70
:103F3000028B04F5D8702570B7EE008A80EC030A76
:103F400000209FED270A84ED730A84F83801C4E944
:103F50005000C4E9520011EE900AB0F17E5F01DD1D
:103F6000F0EE481AC4ED741A84ED642A032300228B
:103F70000621201D00F00EFE1A4B01221146A3F16E
:103F80000800FCF789FA54F8EC0F9FED170A90220D
:103F900080ED008A54F86409184980ED010A606ECA
:103FA00080ED020A606E80ED030A1048A06410489C
:103FB000E064104820651048606504F85A5C04F815
:103FC000595CE06FFCF7E1FE606F9022BDEC028B64
:103FD0000B49BDE87040FCF7D8BE000030670020F8
:103FE00077CC2B32F8680020000000000540000864
:103FF000D13D00083940000811450008D08D000867
:10400000B001002010B50446902254F8F81F08486B
:10401000FCF7BBFE48220748616AFCF7B6FE05487C
:1040200061694822BDE810404830FCF7AEBE000090
:10403000B00100201069002070B50446B0EE000AFF
:1040400054F8EC0F2B4DD0ED000A60EE800AC5ED60
:10405000090AD0ED010A60EE800AC5ED0A0AD0ED2A
:10406000020A60EE800AC5ED0B0AD0ED030A20EECD
:10407000800A85ED0C0A14F8DE0C14F8E01C10FB25
:1040800001F11D4800884143206AFCF797FED5EDF9
:104090000B1A206AB1EE612A80ED002A206AD5ED64
:1040A0000C0AC0ED010A95ED090A206AB1EE401A2A
:1040B00080ED021A206A95ED0A1A80ED031A206A33
:1040C00080ED061A206A80ED070A206AC0ED080A12
:1040D000206AC0ED091A206A80ED0C0A206AB1EE50
:1040E000410A80ED0D0A206A80ED0E2A206AC0ED9B
:1040F0000F0A70BD6C0100203803002070B5F74C2A
:104100002DED088BB0EE438AF0EE629AB0EE42AA33
:10411000F0EE61AA2078B0EE419AB0EE60BAF0EE0F
:1041200040BADFEDEF8A58B9B0EE682AF7EE001A10
:104130009FEDEC1ADFEDEC0AB2EE040AFFF7F4FE95
:1041400084ED6F8A94ED580AE84D90227BEEC00A08
:10415000E749C4ED5B0A94ED590A3BEE401A84ED41
:104160005C1A94ED5A0A79EE401AB6EE000A60EE37
:10417000800AC4ED5D1A60EE880AC5ED000A61EEA2
:10418000000A21EE800A60EE880A20EE080AC5EDDA
:10419000010A85ED020AD4F8040104F58274FCF7E3
:1041A000F4FD95ED000A2068B1EE402A80ED012A69
:1041B00095ED011A2068F1EE412AC0ED022AD5EDF5
:1041C000021A2068F1EE610AC0ED030A206880ED52
:1041D000060A2068C0ED081A2068C0ED092A206888
:1041E00080ED0C1A2068C0ED0D0A206880ED0F0AE2
:1041F0002068C0ED121A206880ED131A54F8440BA1
:1042000080ED142A74E85201084305D1C4ED5EAA7A
:1042100084ED5FAAC4ED609A94ED5E0AD4ED640A61
:1042200094ED6F1A20EE202A31EE200AC2EE001A19
:1042300021EE2A2AC2EE002A31EEA22A84ED5E2A5D
:10424000D4ED5F1A61EEA02AC2EE801A61EE0A2A4E
:1042500021EE291A82EE803A71EE831AC4ED5F1ABC
:10426000D4ED602A62EEA02AC2EE800AC1EE002AD6
:1042700022EE020A01EEA10A70EEA20AC4ED600A63
:1042800000EEA00A03F02CF985ED030A5FF00000B0
:1042900004EB8001D1ED5E0AA16801EB800160EEC4
:1042A000800A401CC0B2C1ED000A0328F0D394ED8F
:1042B0005B0AD4ED5C0A20EE000A00EEA00AD4ED01
:1042C0005D0A00EEA00A03F00BF9B7EE008A8949F7
:1042D000C8EE000AC4ED650A95ED031A10EE900AC7
:1042E00088EE010A884284ED660A0BDA10EE100AA5
:1042F0008149884206DD10EE100A8049884201DAC1
:10430000012000E0002084F8390194ED6C0AD4ED1E
:104310006F0AD4F8180120EE200A80ED000A94ED0F
:104320006C0AD4ED6F0AD4F8180120EE200A80ED53
:10433000070A94ED6C0AD4ED6F0AD4F8180120EE48
:10434000200A80ED0E0A94ED6C0AD4ED6F0AD4F8C1
:10435000180120EE200A80ED150A94ED6D0AD4EDC7
:104360006F0AD4F8180120EE200A80ED1C0A94EDA3
:104370006D0AD4ED6F0AD4F8180120EE200A80ED02
:10438000230AD4F81C0194ED6E0A80ED000AD4F8DB
:104390001C0194ED6E0A80ED040AD4F81C0194ED22
:1043A0006E0A80ED080A201D00F0DEFE606890EDC8
:1043B000001A84ED541A90ED010A61EE012A84ED91
:1043C000550AD0ED021AC4ED561A90ED032A40EEBC
:1043D000002A84ED572AD0ED040A21EE021AC4ED1A
:1043E000580AD0ED050AC4ED590A00EE211AC4EDB1
:1043F0005A8AF0EE008AF0EE480A52EEA80A21EE40
:10440000280A02F08BFC9FED3E9AF0EE480A20EE5F
:10441000090A84ED6A0A94ED541A94ED570A61EE84
:10442000011A40EE001A51EEA80AD4ED551A21EEF9
:10443000211AD4ED561A01EE801A21EE280A02F054
:104440006DFC20EE090A84ED690A94ED550AD4ED5D
:10445000570A94ED561A20EE200AD4ED540A00EEC5
:10446000C10AF8EE000A20EE200A02F0C1FB20EE9D
:10447000090A244984ED680A94ED6A0AD4ED760AA3
:1044800070EE600A10EE900A884203DDB4F8D401A1
:10449000401E07E010EE900A1B49884204D9B4F888
:1044A000D401401CA4F8D401B4F9D401DFED171AEB
:1044B00000EE900AB8EEE01AF0EE400A41EE210A52
:1044C000C4ED6B0A84ED760AF4E95201401C41F117
:1044D0000001C4E90001BDEC088B70BD306700200D
:1044E000000000008096184B6F12833A6C01002088
:1044F000D08D00089A99993ECDCC1441CDCC244161
:10450000E12E654200003443000034C30000B44390
:104510002DE9F84F00F180010446783005460091FE
:10452000FCF778FB84F8C800B4F87800A4F8A80079
:10453000B4F85A00A4F8AA0004F1A80204F1580142
:1045400091468B462846FCF743FA84F8C800B4F835
:10455000A800A4F8B000B4F88200A4F8B20004F1F6
:10456000B002904648460099FCF732FA84F8C80039
:10457000B4F89000A4F8A000B4F89200A4F8A20047
:1045800004F1A002154604F190014046FBF700FF3C
:1045900084F8C80041462846B034FBF781FF2076F6
:1045A000E16BBF480126D1ED001AB0EE002AC0ED44
:1045B0000D1AD1ED010A0027C0ED0E0A91ED020A95
:1045C000B84D80ED0F0A91ED031A80ED101A60EEE0
:1045D000812A34F8380C2081668141EEC02AE06FD0
:1045E00062EE822AC0ED002A61EEA02A61EEA11AD5
:1045F000E06F40EE012A40EEE01A22EE822A40EE01
:10460000401A80ED012AE06FB4F1B00441EE011AC6
:10461000C0ED021AD4F82C0100EB870090ED000ADF
:10462000B0EEC00A02F058FA05EB87007F1CFFB21B
:1046300080ED610A032FEDD3B4F84800A4F8C00060
:1046400004F1C00204F1B801A4F8C26017468A461A
:1046500004F14800FCF75AFA84F8C800B4F8C00026
:10466000A4F8A80024F8AA6F4A4639464046FCF749
:10467000AFF9A077E681E08A208251463846FCF700
:10468000C9FAA077884A49465046FCF7A1F9A077B5
:1046900095ED730AB6EE001AD5ED720A20EE011AF6
:1046A000AA3CF4EEC10AF1EE10FA01D285F83861A5
:1046B000F4EEC00A0020F1EE10FA35DD95F838115D
:1046C00089B395F8391139B1D5E95021521C41F11E
:1046D0000001C5E9502102E00021C5E95011D5E9EA
:1046E00050234FF0320C0021BCEB0202994102D260
:1046F00085F8380136E06D4D14F80C2F28884243B8
:10470000D4E937017434FCF740FB14F8740C10FB47
:1047100000F228884243D4E91E01FCF736FB04F876
:10472000546CBDE8F88FFFE79FED611A20EE011A87
:10473000F4EEC10AF1EE10FA0DDD95F8381151B121
:1047400070EE600A9FED5B1A20EE010A80EE801A7F
:1047500085ED671A03E0B7EE000A85ED670A0021D0
:10476000C5E9501184F82C00B4F85800A4F8A8004A
:10477000B4F88200A4F8AA004A4658466C3400995E
:10478000FCF726F904F85C0FA4F130029346414689
:104790004846C83CFCF71CF984F8C80000200DE02E
:1047A000D4F81C11D5ED670A01EB8001401C91ED96
:1047B000000AC0B220EE200A81ED000AB4F8981079
:1047C000B4F89A2051438142EADC04209FED3A0A72
:1047D000002105EB800C00EB400300BF9CED5D1A4F
:1047E000D4F81C2103EB0108C1EE000A02EB880299
:1047F000491C92ED001AC9B2032960EE810AC2ED8C
:10480000000AEBD3401CC0B20628E1D334F8980F5D
:1048100052462084668439465846FCF7D9F884F815
:10482000300095F83801983C50B39FED240ADFED35
:10483000240A0420D4F8BC1095ED6F1A01EB800116
:1048400021EE001AD1ED001AF4EEC11AF1EE10FAC1
:1048500001DD81ED001AD4F8BC1095ED6F1A01EB63
:10486000800121EE201AD1ED001AF4EEC11AF1EE0A
:1048700010FA01D281ED001A401CC0B20628D9D32B
:10488000D4F8BC009FED0F0A04F1300280ED030A5A
:10489000514604F13800FBF77BFD84F8C80040E77F
:1048A0006C01002030670020F068002038030020F1
:1048B000CDCCCC3D6666663FDA0FC93F0AD7233CB4
:1048C0000AD723BC00000000114810B590ED070A7C
:1048D0001048D0ED030A104801F000FA0E4890EDA0
:1048E0000D0A02F0EBFD00EE100A9FED0C1ADFED51
:1048F0000C0AB8EEC00A02F0D1FDBCEEC00ABDE859
:10490000104010EE100A002182B2064801F07ABE73
:10491000B465002028010020E86500200000804FD9
:10492000000000001474002010B52348B7EE000A00
:104930002DED028B012180ED010A80ED020A9FED31
:104940001F8A80ED030A80ED048A80ED058A80EDE0
:10495000068A0170B0EE482AF7EE001A9FED181A89
:10496000DFED180AB2EE040AFFF7DEFA0022114664
:10497000F0EE484AB0EE484AF0EE483AB0EE483A17
:10498000F0EE482AB3EE042ADFED0F1AB0EE481A13
:10499000DFED0E0A9FED0E0A0E4801F0C5FB002167
:1049A0000D48FEF7BDFD04489FED0C0A803880EDF0
:1049B000100ABDEC028B10BD14670020000000003F
:1049C0008096184B6F12833A00007A440000964399
:1049D0000000FA44E86500201474002096430B3C64
:1049E00070B563492DED028B88B007C904AB83E82D
:1049F00007006048FCF7C2FE5E4D5F4885ED010A86
:104A0000D5ED020A30EE800A85ED020AFCF75EFA67
:104A100059485A4C90ED000A04F11C0284ED070A33
:104A200090ED010AA2F10C0184ED080A90ED020A52
:104A300084ED090A90ED030A84ED040A90ED040A5E
:104A400084ED050A90ED050A01F1700084ED060A77
:104A5000FFF79CF8D4ED090A94ED070A02F05EF91D
:104A60009FED478A20EE080ADFED460A80EE201A05
:104A700084ED1A1AD4ED090A94ED080A02F04EF9F1
:104A800020EE080ADFED400A04F1100080EE201A43
:104A900084ED1B1A95ED013A90EC060AFFF72EFB08
:104AA0003A4E20464ECE80E84E00024600F14401C8
:104AB0002F482438FCF759FB2D48224602F15001BB
:104AC0001838FCF752FB2A48224602F15C010C38E8
:104AD000FCF74BFB2246694604A8FCF714FF95ED52
:104AE000010A00204FEA0D0204EB800102EB800373
:104AF000D1ED070A93ED001A401CC0B270EEC10A56
:104B0000032820EE802AD4ED100A30EE801AC2EE7F
:104B1000011A91ED0A2A62EE200A80EE812A71EED6
:104B2000820AC1ED0A0ADFD3144A02F13401A1F16D
:104B30000C00FCF71AFB164890ED6A0A84ED1E0A79
:104B400090ED690A84ED1D0A90ED680A84ED1C0A57
:104B500090ED6B0A84ED1F0A287CC00701D1FFF796
:104B6000B3FE2869401C286108B0BDEC028B70BD03
:104B7000C48D000828010020B46500209466002040
:104B800000003443DB0F49C0DB0F49408068002040
:104B9000306700202DE9F047DFF8DC830D46042163
:104BA000A8F800100821A8F8021005734273837357
:104BB0004FF000091E46044680F810901746304614
:104BC00002F0ECFC31466061FCF7F8F8B8F8000040
:104BD000704302F0E3FCA061B8F800107143FCF7E9
:104BE000EDF8B8F80000704302F0D8FCE061B8F8C6
:104BF00000107143FCF7E2F8B8F80000684302F0D7
:104C0000CDFC2062B8F800106943FCF7D7F83046B5
:104C100002F0C4FC31466062FCF7D0F8B8F800003E
:104C2000684302F0BBFC2060B8F800106943FCF751
:104C3000C5F8B8F80000704302F0B0FC6060B8F846
:104C400000107143FCF7BAF8B8F80000784302F09E
:104C5000A5FCA060B8F800107943FCF7AFF8B8F8ED
:104C60000000684302F09AFCC4F8E800B8F80010AD
:104C70006943FCF7A3F8217B012204F13000D4F84A
:104C8000E830FBF709FCB8F80000684302F086FC46
:104C9000C4F8EC00B8F800106943FCF78FF8217BEA
:104CA000012204F13800D4F8EC30FBF7F5FB9FB19A
:104CB000B8F80000784302F071FCC4F8F000B8F8CE
:104CC00000107943FCF77AF8617B012204F140007F
:104CD000D4F8F030FBF7E0FBB8F80000704302F0C6
:104CE0005DFCC4F8F400B8F800107143FCF766F8F6
:104CF000A17B012204F14800D4F8F430FBF7CCFB8F
:104D0000B8F800006843684302F048FCC4F8F800B3
:104D1000B8F8001069436943FCF750F8217B04F1AF
:104D200050000A46D4F8F830FBF7B6FBB8F800009C
:104D30006843684302F032FCC4F8FC00B8F8001085
:104D400069436943FCF73AF8217B04F158000A46AD
:104D5000D4F8FC30FBF7A0FBB8F8000068436843C8
:104D600002F01CFCC4F80001B8F800008834684365
:104D7000684302F013FCE067B8F80010A06F6943C5
:104D80006943FCF71BF8B8F80010E06F694369430A
:104D9000FCF714F854F8783FA4F1A00014F8F41CC0
:104DA000A4F580740A46FBF777FB217B04F16800C9
:104DB0000A46D4F80431FBF76FFBAFB1B8F8000036
:104DC0006843784302F0EAFBC4F80801B8F8001021
:104DD00069437943FBF7F2FF627B217B04F17000AA
:104DE000D4F80831FBF758FBB8F800004746704389
:104DF000684302F0D3FBC4F80C013888943468434C
:104E0000704302F0CBFBE0673988A06F71436943C0
:104E1000FBF7D4FF3988E06F69437143FBF7CEFF9E
:104E200014F8882C14F8861CA4F11C00A36F943C81
:104E3000FBF732FBA27B217B04F18000D4F8103118
:104E4000FBF72AFB38886843684302F0A7FBC4F8E5
:104E50001401398869436943FBF7B0FF217B04F1F2
:104E600088000A46D4F81431FBF716FB38887043E3
:104E7000704302F093FBC4F8180139887143714301
:104E8000FBF79CFFA17B04F190000A46D4F818318F
:104E9000FBF702FB38886843704302F07FFBC4F8DD
:104EA0001C01398869437143FBF788FFA27B217B92
:104EB00004F19800D4F81C31FBF7EEFA207B10FBCC
:104EC00000F03988484302F069FBC4F82001207BD8
:104ED00010FB00F03988484302F060FBC4F824015D
:104EE000207B10FB00F03988484302F057FBC4F8E0
:104EF0002801207B3988484302F050FBC4F82C017C
:104F0000207B3988484302F049FBC4F83001217BFB
:104F100004F1A0000A46D4F82031FBF7BDFA217B4A
:104F200004F1A8000A46D4F82431FBF7B5FA217B36
:104F300004F1B0000A46D4F82831FBF7ADFA217B22
:104F4000012204F1B800D4F82C31FBF7A5FA217B3B
:104F5000012204F1C000D4F83031FBF79DFA04F8C7
:104F6000289F84F8019084F8029084F8039084F8D4
:104F70000490BDE8F08700003803002070B50446B7
:104F8000C07B0F4D18B12046FEF780FD0DE0A27BDF
:104F9000288861684243D4F8F400FBF7F6FEA17B51
:104FA000288841436068FBF709FF627B2888A16875
:104FB0004243D4F8F000BDE87040FBF7E6BE0000C5
:104FC000380300202DE9F041044690F82C00002819
:104FD0002BD1B4F89800A4F8A800B4F87A10A4F87B
:104FE000AA10A4F8B000B4F85A00A4F8B20004F172
:104FF000A802174604F1780104F19800FBF7E8FCD9
:1050000084F8C80004F1B00204F1580116460D46B8
:105010003846FBF7DDFC84F8C80004F15002314645
:105020002846FBF773FD84F8C800BDE8F0812DE940
:10503000F041044690F8290000282CD104F16801C1
:1050400004F160000F460546FBF7E4FD84F8C80054
:1050500004F15802164604F150012846FBF7B8FC4B
:1050600084F8C800B4F85800A4F8A800B4F86A009E
:10507000A4F8AA0004F1A802154639463046FBF709
:10508000A7FC84F8C800324604F188012846FBF7E3
:105090007FF984F8C800BDE8F0812DE9F0470446A7
:1050A00090F82A0000285CD104F1800104F1780016
:1050B00089460546FBF7AEFD84F8C800B4F87800D1
:1050C000A4F8A800B4F85A00A4F8AA0004F1A802B1
:1050D00004F1580190460F462846FBF779FC84F806
:1050E000C800B4F8A800A4F8B000B4F88200A4F88E
:1050F000B20004F1B002154649464046FBF768FC91
:1051000084F8C800B4F89000A4F8A000B4F89200A5
:10511000A4F8A20004F1A002164604F1900128466A
:10512000FBF736F984F8C80029463046AA34FBF765
:10513000B7F9A07734F8520C24F8020C34F8280C94
:105140002080424649463846FBF742FC04F81E0FD1
:10515000A4F1300229464046C83CFBF739FC84F8EC
:10516000C800BDE8F087000070B50446FFF706FFF1
:10517000D4F8CC1009B120468847204600F068F8E2
:10518000D4F8D01009B1204688472046FFF74FFFDA
:10519000D4F8D41009B120468847207C2B4DC0B9E3
:1051A000E07BB0B1227B28884243D4E93A01FBF787
:1051B000ECFD207B10FB00F228884243D4E93E013D
:1051C000FBF7E3FDD4F8E01009B120468847002042
:1051D0002AE02046FFF761FFD4F8D81009B1204635
:1051E0008847204600F06EF8D4F8DC1009B120465C
:1051F00088472046FFF7E6FEE4E700BF10FB010109
:10520000D4F8F82002EB8101226AD1ED000A02EB0A
:10521000800292ED000AF4EEC00AF1EE10FA01D21B
:1052200081ED000A401CC0B2217B8142E6D8CAB29F
:105230002888D4F8E81042432068FBF7A6FDD4F88C
:10524000E41009B120468847206870BD380300206B
:105250002DE9F041044690F8280000282AD1627B0D
:1052600004F1300104F1600004F1380522B3227B1F
:10527000A4F8B820012604F1B802A4F8BA601746D1
:10528000FBF7A6FB84F8C800207BA4F8C000A4F8B4
:10529000C26004F1C002164604F1400104F170003E
:1052A000FBF796FB04F8C80F2A4631463846FBF751
:1052B0006FF82070BDE8F0812A46FBF789FB84F87F
:1052C000C800F7E72DE9F041044690F82B000028CC
:1052D00038D1B4F87800A4F8B800012504F1B80278
:1052E00004F13801A4F8BA5090460F4604F1780052
:1052F000FBF76EFB84F8C800B4F84800A4F8C000BF
:1053000004F1C002A4F8C2501646414604F1480018
:10531000FBF7FCFB84F8C800B4F89800A4F8B800C8
:10532000A4F8BA504246314604F19800FBF750FB0E
:1053300084F8C80004F1300241463846FBF728F8EB
:1053400084F8C800BDE8F0810F4810B50D49016030
:105350000321416000214FF410228160C0E9031253
:105360004FF400124261017641768176C176017771
:105370004177FCF7B1FC002803D0BDE81040FCF7F2
:1053800037BB10BD00640040746B00200F4810B59F
:105390000D4901600321416000214FF4102281601A
:1053A000C0E903124FF40012426101764176817622
:1053B000C17601774177FCF78FFC002803D0BDE868
:1053C0001040FCF715BB10BD006800409C6B00202E
:1053D000074910B5054808600846FCF7B9FD0028E4
:1053E00003D0BDE81040FCF703BB10BD0030024005
:1053F000400300201D4808B5016841F480010160A8
:105400000068002200F48000009005213920FDF79B
:1054100017F93920FDF706F9002205213A20FDF79A
:105420000FF93A20FDF7FEF8002205213B20FDF799
:1054300007F93B20FDF7F6F8002205214420FDF78F
:10544000FFF84420FDF7EEF8002205214520FDF786
:10545000F7F84520FDF7E6F8002205214620FDF784
:10546000EFF8BDE808404620FDF7DCB830380240D0
:1054700010B59CB01C2216496846FBF786FC00213B
:10548000684602F0CDF8134C11491C2220601C31F3
:1054900007A8FBF77AFC002107A802F0C1F80C4925
:1054A00060601C2238310EA8FBF76FFC00210EA8AB
:1054B00002F0B6F80649A0601C22543115A8FBF78B
:1054C00064FC002115A802F0ABF8E0601CB010BD30
:1054D000608E0008480300202DE9F04F87B01421AA
:1054E0006846FBF76BFC78480025016841F0020133
:1054F0000160016801F002010591016841F040017D
:105500000160016801F040010591016841F001016D
:105510000160016801F001010591016841F0080195
:105520000160016801F008010591016841F0040182
:105530000160016801F004010591016841F4807186
:105540000160016801F480710591016841F08001FA
:105550000160016801F080010591016841F02001BE
:105560000160016801F020010591016841F010011E
:1055700001600068DFF854B100F010004FF480744F
:105580000590002221465846FCF7B6FFDFF840910F
:10559000012240214846FCF7AFFFDFF838814FF485
:1055A000E057002239464046FCF7A6FFDFF828A165
:1055B000012210215046FCF79FFF012241F2010118
:1055C0004648FCF799FF4FF440600226CDE90006FB
:1055D0000320CDE902500720049069465846FCF7A5
:1055E00093FEC02000904FF48810CDE90105694674
:1055F0003B48FCF789FE00940124CDE9014569464A
:1056000058460395FCF780FE4020CDE90004029443
:10561000694648460394FCF777FE0097CDE90145BB
:10562000694640460395FCF76FFE08204FF40417C7
:10563000CDE90007694602944846FCF765FECDE9CE
:105640000045694650460294FCF75EFE1020CDE905
:105650000004CDE9024669465046FCF755FE30206D
:10566000CDE90007694602945846FCF74DFE200339
:10567000CDE900040294694618480394FCF744FEFF
:10568000CDE902460094694614480194FCF73CFEBB
:10569000002205210920FCF7D3FF0920FCF7C2FFF7
:1056A000002205210A20FCF7CBFF0A20FCF7BAFFF5
:1056B000002205211720FCF7C3FF1720FCF7B2FFDB
:1056C00007B0BDE8F08F000030380240000802400B
:1056D00000180240001C024000000240000402408A
:1056E00000200240104810B50E4901604FF482714D
:1056F0004160002102228160C0E90312012242615F
:10570000520282611022C0E90721416281620A21AE
:10571000C162FDF789FA002803D0BDE81040FCF70C
:1057200067B910BD003001406C72002010B588B020
:105730001C216846FBF742FB154814490024016010
:105740005321C0E9011440F2CF71C0E90314846110
:10575000FDF7ACFC08B1FCF74BF90D48FDF79DFED9
:1057600008B1FCF745F96020CDE90004029400225D
:10577000694607480494FDF72AFE08B1FCF738F99A
:105780000348FDF7E1FD08B010BD000000440140F2
:10579000147400200B4810B5094901605321416081
:1057A000002140F2CF72C0E9021201618161FDF770
:1057B0007DFC002803D0BDE81040FCF719B910BDEE
:1057C000002000405C74002010B592B000240F94BB
:1057D0001C2168461094FBF7F1FA202107A8FBF77B
:1057E000EDFA284826490160A721C0E9011440F2DA
:1057F000CF71C0E9031444618461FDF74EFE08B126
:10580000FCF7F6F80F940FA91E481094FDF706FC5C
:1058100008B1FCF7EDF86020CDE900040294039490
:10582000049405940022694616480694FDF7CFFDBE
:1058300008B1FCF7DDF8042269461248FDF7C7FD00
:1058400008B1FCF7D5F8082269460E48FDF7BFFD00
:1058500008B1FCF7CDF80794089409944FF4005070
:105860000A94CDE90B4007A906480E94FDF7ABFB5F
:1058700008B1FCF7BDF80348FDF766FD12B010BD96
:1058800000000140CC73002010B50E4C0C480C21D8
:1058900020604FF4E13060600020A060E060C4E967
:1058A0000401A061E0612046FDF7DCFF08B1FCF7D0
:1058B0009FF82068C16841F01001C16010BD000070
:1058C00000100140A474002010B50E4C0C480C21AF
:1058D00020604FF4E13060600020A060E060C4E927
:1058E0000401A061E0612046FDF7BCFF08B1FCF7B0
:1058F0007FF82068C16841F01001C16010BD000050
:1059000000140140E874002070B59FED390A394C4D
:10591000F7EE001AB0EE401A84ED000A84ED010A99
:1059200084ED020A84ED030A84ED040A84ED050A7D
:10593000F0EE400A04F1180000F07AFE94EC030A3D
:10594000F7EE001A04F1640000F072FE94ED050A0F
:10595000D4ED020AD4ED001A04F1B00030EE601A62
:1059600094ED040AD4ED010A70EE600A94ED030A86
:1059700030EE610AF7EE001A00F05AFE1E48D4ED30
:10598000050AD4ED031A90ED1F0A30EE601A90ED6F
:105990001C0AD4ED040A70EE600A90ED1D0A04F1B1
:1059A000FC0030EE610ADFED151A00F041FE04F54F
:1059B000B472A2F11801A1F10800FBF709F804F58F
:1059C000B872A2F11801154601F11000FBF700F8BA
:1059D00004F5BC721446A2F118012846FAF7F8FF44
:1059E0002046BDE87040064A02F10801FAF7F0BF10
:1059F00000000000F4690020946600200000C84206
:105A000048020020234B10B50422114603F598707C
:105A1000FAF742FD1F4B04224C33114603F1EC0010
:105A2000FAF73AFD1B4B04229833114603F1A80004
:105A3000FAF732FD174B0422E433114603F16400F8
:105A4000FAF72AFD0422144B11461448FAF724FDF4
:105A5000114B12480422403311460830FAF71CFD5E
:105A60000D4B0E480422803311461030FAF714FD16
:105A7000094B0122D0330421A3F1D800FAF70CFD21
:105A8000054B0122C033BDE810400421A3F1D00032
:105A9000FAF702BD0C6A0020580200205C6B00205F
:105AA000FEE7704770B50446D0F8060090ED011A85
:105AB000784880ED031A0020042217E0D4F806107D
:105AC00002EB8003CD1801EB8001D5ED001A71EED9
:105AD000C11AC1ED001AD4F80A100B4401EB800181
:105AE000D3ED001A401CC1ED001A80B22188491E76
:105AF0008142E3DC2188D4F806006FF0070202EB54
:105B00008102024492ED001A6FF0030202EB810160
:105B100031EE000A084480ED000A2188D4F80A001A
:105B200002EB81010844C0ED000AD4F8020021888C
:105B3000884202D2401CC4F80200102104F11A006D
:105B4000FBF73CF92088D4F80210431A99B23BE0E5
:105B5000D4F80620D4F81A5002EB810200EE905AD5
:105B600092ED000A40EE000A10EE905AC4F81A5066
:105B7000D4F81E50D2ED000A00EE105A30EE800A22
:105B800010EE105AC4F81E50D2ED000AD4F80A20C4
:105B9000D4F8225002EB810200EE105A92ED001A66
:105BA000491C89B200EE810A10EE105AC4F8225046
:105BB000D2ED000AD4F8262000EE102A30EE800A3A
:105BC00010EE102AC4F826208842C1D800EE100A30
:105BD000D4F82210D4F82620B8EE400A00EE901A2D
:105BE000D4F81E1001EE102A60EE800A00EE101AA2
:105BF000D4F81A2040EE410A00EE100A01EE102AF5
:105C0000B8EE400A21EE001A00EE101A002100EE54
:105C1000401A80EE810A10EE102AC4F80E20C4F853
:105C2000161099B224E000BFD4F8063000EE902A96
:105C300003EB810393ED001AD4F8123000EE103A12
:105C4000D4F80A3000EE810A03EB8103491CD3ED3E
:105C5000000AD4F8163089B230EE600AF0EEC00ABD
:105C600000EE103A30EE800A10EE103AC4F816300A
:105C70008842D9D800EE100A54F8161FB8EE401A20
:105C800000EE901A80EE810A10EE100A00EE102A43
:105C9000206070BDD400002070B50446002524F8B3
:105CA000021B8E002560304602F0B8F86060304676
:105CB00002F0B4F8A060E560256160683146FBF74A
:105CC0007DF8A0683146A41EFBF778F804F11A00AD
:105CD000BDE870401021FBF771B8000070B50446B4
:105CE0002DED028BB0EE608A90F89800F0EE408ABD
:105CF000000649D5606B00EE100A206C00EE900A99
:105D00009FEDFE1A60EE810AB4EEE00AF1EE10FAA1
:105D10003AD32068FA4A00EE100AB0EEC00A10EE3C
:105D2000101A914230DB216900EE100A00EE901A41
:105D3000F44930EE600AF0EEC00A00EE100AB0EE50
:105D4000C01A80EE810A10EE100A88420ADD54F86B
:105D5000990F6168401C44F8040B41F1000144F8BC
:105D60009D1904E00021C4F89910C4F89D10D4F8DE
:105D70009920D4F89D104FF4FA7300209A1A8841A4
:105D800002D2012084F8A10004F18C00FBF7F6FC9C
:105D900010EE100A18EE101AC4F8900018EE900ACF
:105DA00008EE101A206108EE900A216038EE680AA9
:105DB00010EE100AA061D4F8A21009B1204688475D
:105DC000A06900EE100AB5EEC00AF1EE10FA00EE7E
:105DD000100A01DCB1EE400AA16C00EE901AB4EE9C
:105DE000E00AF1EE10FA78DDD4F89420616804F14D
:105DF0006203E2B300EE101A116800EE901A70EE22
:105E0000200A00EE100A20EE800A10EE101A6162DD
:105E1000A16800EE101A516800EE901AD4F89010A4
:105E200070EE200A00EE100A60EE800A00EE101AF2
:105E300020EE800A10EE105A2563B4F86050022D4F
:105E40004CD900EE900A00EE101A1846FFF72AFE11
:105E5000E06800EE900AD4F89400806801EE100A21
:105E600070EE810A20EE200A10EE100A4DE0FFE7E6
:105E700000EE901A00EE100A20EE800A10EE101AC2
:105E800000EE100A6162A16800EE901AD4F890103A
:105E900060EE800A00EE101A20EE800A10EE102A42
:105EA0002263B4F86020022A0AD900EE900A00EEBC
:105EB000101A1846FFF7F6FDE06800EE900AD1E7E9
:105EC00000EE100AE06900EE900AE06870EE600AE9
:105ED00000EE100A20EE801A11E016E1E3689268E5
:105EE00000EE103A00EE902A30EE201A00EE100A72
:105EF000E06900EE900A30EE600A21EE001A00EE32
:105F0000101AC1EE000A10EE900AE062D4F8A61052
:105F100009B12046884794F89810480721D5D4F84D
:105F20009400B6EE000AE8B3A268406800EE902A3A
:105F300001EE100AA06970EE811A00EE900AE06985
:105F400001EE100A70EE810A20EE800A61EE800AEE
:105F5000D4F8900000EE100A20EE800A10EE100A2D
:105F60002063880602D5204601F094F994F8980041
:105F7000800702D5204601F0E7F994F898205006F2
:105F800027D5E06AE16D00EE900AD4F8900000EEAB
:105F9000100A60EE801A00EE901A00EE100A30EE41
:105FA000800A00E03AE081EE801AE36B00EE101AFE
:105FB00000EE903A60EE801A00EE101A00EE900AA1
:105FC00030EE200AC1EE800A31EE200A10EE100AEF
:105FD000E062D00702D0204601F013FAA06A00EE7A
:105FE000100A206B00EE900A30EE200A10EE100A24
:105FF000A062626A00EE100A00EE902AE06A70EE7B
:10600000800A00EE100A30EE800A10EE100A60637B
:1060100094F89810C90611D4606B34E0A06900EEC2
:10602000900AE06901EE100AA06870EE810A60EE45
:10603000800A00EE100A60EE800A89E700EE100A7E
:10604000D4F89000A16D00EE900AA36B60EE201AC8
:1060500000EE901A00EE100A30EE800A00EE903A40
:1060600081EE801A00EE101A60EE801A00EE101A0F
:1060700000EE900A30EE200AC1EE800A31EE200ACE
:1060800010EE100A606300EE900A206C00EE100A19
:10609000F4EEC00AF1EE10FA00DD6063616B00EE11
:1060A000100A00EE901AB1EE400AF4EEC00AF1EECA
:1060B00010FA06D200EE100AB1EE400A10EE101AE5
:1060C000616300EE102A00EE900AB4EEE00AF1EEF1
:1060D00010FA00DD6062616A00EE100A00EE901AAC
:1060E000B1EE400AF4EEC00AF1EE10FA0DD200EE65
:1060F000100AB1EE400A10EE100A05E06F12833A62
:1061000017B7D1383333733F606220696061606BC9
:10611000A063E16AE163A169E161216B216200EEA4
:10612000100ABDEC028B70BD70B5044611EE100A6A
:106130000025A06410EE900A1646606410EE100A66
:10614000206411EE900A2560606012EE100AA060D3
:1061500012EE900AE06013EE100A2563206513EE3C
:10616000900A606514EE100AA06514EE900AE065CE
:10617000A4F8601004F16200FFF78EFDC4F88C50A3
:1061800084F898600021C4F89910C4F89D1084F830
:10619000A150656370BD000038B504461248134B2A
:1061A0000068B0FBF3F04FF47A73584300906068D6
:1061B000B0F5827F0DD10B4600920022802120464F
:1061C00000F016F870B1606D40F0200060650320AB
:1061D00038BD009830B1401E009020688068C043F0
:1061E0000006F6D5002038BD5803002000366E01A9
:1061F0002DE9F8431E46914688460446089DFCF763
:1062000081F9401B351AFCF77DF9074625480068DF
:10621000C0F3CB30684338E0701C37D0FCF772F91C
:10622000C01BA84203D215B1009860B32CE02068CF
:10623000416821F0E00141606068B0F5827F0BD1D8
:10624000A068B0F5004F02D0B0F5806F04D120688F
:10625000016821F040010160A06AB0F5005F09D13A
:106260002068016821F4005101602068016841F450
:1062700000510160012084F85100002084F8500092
:106280000320BDE8F8830025401E00902068816847
:1062900038EA010004D000214945BDD10020F0E7D3
:1062A0000121F9E758030020FEF73EFBFEF798FBBB
:1062B000012001F0A9F9F9E710B5502080F3118809
:1062C000BFF34F8FBFF36F8F02F0B4FB18B10449D7
:1062D0004FF080500860002080F3118810BD00004E
:1062E00004ED00E030B593B030216846FAF766FD62
:1062F00014210CA8FAF762FD19480025016841F045
:1063000080510160006800F08050119015480168CC
:1063100041F4804101600068022400F48040119043
:1063200001200090000401908001CDE90640062084
:106330000890A820CDE9090407200B906846FCF7D7
:10634000BDFA0CA90F2081E831004FF4A0500F9046
:10635000E002109005210CA8FCF7A4F913B030BDA1
:1063600040380240007000400548016841F4700167
:10637000016003494FF000608039086070470000F9
:1063800088ED00E00148FCF72CBF0000847300207A
:106390000148FCF726BF00005C740020F0B50268DD
:1063A000254C264D264E274F274B4FF0804CA042C0
:1063B00009D0604507D0A84205D0B04203D0B8420A
:1063C00001D0984204D122F0700E4A6842EA0E02CF
:1063D000A0421BD0604519D0A84217D0B04215D0BA
:1063E000B84213D0984211D0184DA8420ED0184D83
:1063F000A8420BD0174DA84208D0174DA84205D08F
:10640000164DA84202D0164DA84203D122F4407581
:10641000CA682A434D6922F080022A4302608A68D2
:10642000C2620A688262A04201D0984201D1096921
:10643000016301214161F0BD000001400004004002
:1064400000080040000C00400004014000400140F2
:10645000004401400048014000180040001C00407A
:106460000020004010B501F01F030121046A99408B
:106470008C430462016A9A401143016210BD00001E
:10648000F0B5026A22F001020262036A426884697E
:10649000124E24F073050C682C4323F002058B6820
:1064A0002B430D4DA84201D0B04205D123F008077F
:1064B000CB683B4323F00403A84201D0B04205D18E
:1064C0004D6922F4407215438A692A43426084610F
:1064D000496841630362F0BD0000014000040140CF
:1064E000F0B5026A22F010020262026A436884690F
:1064F0000D6824F4E64444EA05248D6822F0200265
:1065000042EA05120F4D104EA84201D0B04206D10A
:10651000CF6822F0800242EA071222F04002A8422D
:1065200001D0B04207D14D6923F4406343EA8503AB
:106530008D6943EA8503436084614968816302622F
:10654000F0BD00000000014000040140F0B5026A07
:1065500022F480720262026A4368C46922F4007203
:1065600024F073050C68124E2C438D6842EA052214
:106570000E4DA84201D0B04206D1CF6822F400628D
:1065800042EA072222F48062A84201D0B04207D139
:106590004D6923F4405343EA05138D6943EA05131B
:1065A0004360C4614968C1630262F0BD00000140FC
:1065B0000004014030B5026A22F480520262046A8B
:1065C0004268C3690D6823F4E64343EA05238D68F6
:1065D00024F4005444EA0534084DA84202D0084D82
:1065E000A84204D14D6922F4804242EA85124260F9
:1065F000C36149680164046230BD000000000140CD
:10660000000401400068C36A934201D2C26A92B298
:1066100039B1042907D0082907D00C2900D1026418
:1066200070474263704782637047C26370470000DF
:1066300010B504462DED068BB0EE618ADFED801AB1
:1066400020EE210A9FED7F2A80EE029A20EEA10A19
:10665000C0EE028A21EE210AC0EE029AB0EE690A6B
:10666000F9F710FEB0EE40AAB0EE490AF9F70AFEBB
:106670002AEE00AAB0EE680AF9F740FEF0EE40AA52
:10668000B0EE690AF9F73AFE6AEE80AAB0EE490A5E
:10669000F9F734FE0AEEC0AAB0EE690A84ED00AA4A
:1066A000F9F72CFEB1EE40AAB0EE680AF9F7EAFD60
:1066B0002AEE000A84ED010AB0EE690AF9F7E2FD5C
:1066C000B0EE40AAB0EE490AF9F718FE2AEE00AA89
:1066D000B0EE690AF9F712FEF0EE40AAB0EE680AD1
:1066E000F9F70CFE6AEE80AAB0EE490AF9F7CAFD86
:1066F0000AEE80AAB0EE490A84ED02AAF9F7C2FDBB
:1067000020EE08AAB0EE690AF9F7BCFD2AEE000AED
:1067100084ED030AB0EE690AF9F7F0FDB0EE40AA85
:10672000B0EE490AF9F7AEFD2AEE00AAB0EE690A0A
:10673000F9F7A8FDF0EE40AAB0EE680AF9F7DEFD21
:106740006AEE80AAB0EE490AF9F7D8FD0AEEC0AAAF
:10675000B0EE690A84ED04AAF9F794FDB1EE40AAFF
:10676000B0EE680AF9F78EFD2AEE000A84ED050AFC
:10677000B0EE690AF9F7C2FDB0EE40AAB0EE490AE0
:10678000F9F7BCFD2AEE00AAB0EE690AF9F77AFD26
:10679000F0EE40AAB0EE680AF9F7B0FD6AEE80AA02
:1067A000B0EE490AF9F76EFD0AEE80AAB0EE490A8A
:1067B00084ED06AAF9F766FD20EE08AAB0EE690A94
:1067C000F9F79CFD2AEE000A84ED070AB0EE680A8C
:1067D000F9F758FDF1EE409AB0EE490AF9F78EFD4F
:1067E00029EE800A84ED080AB0EE680AF9F786FD02
:1067F00084ED090AB0EE680AF9F744FDF0EE408A2C
:10680000B0EE490AF9F73EFD28EE800A84ED0A0A47
:10681000B0EE490AF9F772FD20EE080A84ED0B0A82
:106820009FED090A84ED0C0A84ED0D0A84ED0E0A31
:10683000B7EE000A84ED0F0ABDEC068B10BD000018
:10684000DB0F4940000034430000000010B5806BAE
:106850000021C185C184FCF7D0FE10BD01680C3158
:1068600051E8002F22F4907241E80023002BF5D16B
:106870000168143151E8002F22F0010241E80023A1
:10688000002BF5D1016B012909D101680C3151E8C8
:10689000002F22F0100241E80023002BF5D1202127
:1068A00080F83E1000210163704708B590F83E1053
:1068B000222901D0022008BD82684FF480539A42F9
:1068C00001D1016921B1816A9A421BD04AB10AE023
:1068D0000268816A5268C2F308020A80816A891CD0
:1068E00008E0026972B10268526802F07F020A7021
:1068F000816A491C8162C18D491E0904090CC18548
:1069000003D019E002685268F1E70168CA6822F012
:106910002002CA600168CA6822F48072CA600168F5
:106920004A6922F001024A61202180F83E10016B81
:10693000012903D0FDF7A8F8002008BD002101635C
:1069400001680C3151E8002F22F0100241E80023C9
:10695000002BF5D101680A68D20602D50A68496899
:106960000091818DFCF748FEE6E7000070B5044613
:1069700000680169E26821F4405111430161216915
:10698000A068E26908436169114308432168CA6845
:1069900049F20C639A430243CA6020684169A269C4
:1069A00021F440711143416131492068884202D08D
:1069B0003049884202D1FBF73FFF01E0FBF72CFF93
:1069C000E2690023192164253226B2F5004F62687E
:1069D00028D0A0FB0101930F9200FAF7A5F9014618
:1069E000B0FBF5F06FF01802504301EB800006EBAE
:1069F0000010B0FBF5F000F0F002B1FBF5F002EB97
:106A00000012B1FBF5F06FF01803584301EB800062
:106A100006EB0010B0FBF5F000F00F002168104409
:106A2000886070BDA0FB010192185B41FAF77CF908
:106A30000146B0FBF5F00201B1FBF5F06FF0180371
:106A4000584301EB800006EBC000B0FBF5F000F00E
:106A5000F80002EB4002B1FBF5F0584301EB800077
:106A600006EBC000B0FBF5F000F00700D6E7000031
:106A700000100140001401400148FCF7BFBD0000B8
:106A8000A47400200148FCF7B9BD0000E8740020A0
:106A9000FEE74100080218BF04200A0E18BF40F0AC
:106AA00001004FF07F4232EA010108BF40F00200CE
:106AB000012808BF052070470907090E002804DBDC
:106AC00000F1E02080F80014704700F00F0000F1A2
:106AD000E02080F8141D704710B510EE104A4FF0FA
:106AE0001A402DED028B00EB4400B0F1C85F4AD88C
:106AF0004FF0FC40B0EB440F22D2B0EEC00AF7EEEC
:106B0000000A30EEC00AF6EE000A20EE208A18EEE7
:106B1000100A01F007FA00EE100A14F0004F1DBF32
:106B20009FED281ADFED280AB1EE400A9FED271AE3
:106B300008BFF0EE410AF8EE001A20EE210A05E047
:106B400020EE008A9FED221ADFED220ADFED221AE5
:106B50009FED222A70EEC00A20EE080A08EE212AD4
:106B6000DFED1F1A48EE021A9FED1E2A08EE212AB9
:106B7000DFED1D1A48EE021ABDEC028B40EE610AF1
:106B800030EE810A10BD4FF0CC40B0EB440F82BF15
:106B90009FED160ABDEC028B10BD4FF07F40B0EBAD
:106BA000440F05D2BDEC028BBDE8104000F029BABD
:106BB000012000F04DFABDEC028BBDE8104000F062
:106BC00027BA00000000494022AA7D3A00000000D8
:106BD0000000C93F22AAFD3924FE1C3DC78AD83CCB
:106BE0001E67383D1B93993DAFAA2A3EDB0FC93F74
:106BF00010B54FF00E402DED028BB0EE408A18EE2E
:106C0000104A00EB4400B0F1506F4AD84FF0FC40FE
:106C1000B0EB440F22D2B0EEC80AF7EE000A30EE15
:106C2000C00AF6EE000A60EE208A18EE900A01F023
:106C300079F901EE100A14F0004F1DBFDFED2D0AA7
:106C40009FED2D0AB1EE411ADFED2C0A08BF9FED32
:106C50002C0AF8EE001A21EE218A05E0DFED290A60
:106C600068EE088AB0EE600A9FED271ADFED271A5A
:106C700030EE080A48EE811A9FED251A08EEA11A97
:106C8000DFED241A48EE811A9FED231A08EEA11AAF
:106C900068EE281ABDEC028B01EE810A30EE200A64
:106CA00010BD4FF0E440B0EB440F0CD918EE100AC1
:106CB000FFF7EFFE042808BF00F0B2F9B0EE480A73
:106CC000BDEC028B10BD4FF07F40B0EB440F07D2FC
:106CD000B0EE480ABDEC028BBDE8104000F091B95F
:106CE000012000F0B5F9BDEC028BBDE8104000F0CA
:106CF0008FB900000000C9BF22AAFDB90000C93F3A
:106D000022AAFD390000000024FE1C3DC78AD83CA1
:106D10001E67383D1B93993DAFAA2A3E70B54FF0D0
:106D200068422DED048BF0EE408A18EE900AB0EE2A
:106D3000608A18EE101A02EB4003B3F1654F3CBFB6
:106D400002EB4102B2F1654F7DD200BFC0F3C753E1
:106D5000C1F3C7529A1A1B2A09DD10F0004F14BF65
:106D60009FED830A9FED830ABDEC048B70BD12F189
:106D70001A0F36DA11F0004F09D010F0004F0CBF97
:106D80009FED7D0A9FED7D0ABDEC048B70BD88EE02
:106D9000889A19EE100AFFF77CFE042808BF00F05D
:106DA0003FF918EE900AFFF774FE054618EE100A38
:106DB000FFF76FFE044619EE100AFFF76AFE042D76
:106DC00018BF052D08D1042C18BF052C04D10028AC
:106DD00004BF022000F03CF9B0EE490ABDEC048B80
:106DE00070BD4200B2EB410F3AD910F0004F19BF0D
:106DF000DFED630A9FED630ADFED630A9FED630A2F
:106E0000B0EE481A0A46B1EE688A80F00041F0EE12
:106E1000418A10460A1A5200B2F1807F34D24840AB
:106E200010F0004FDFED5A1A9FED5A2A1DBFBEEE3B
:106E3000001A70EEE10A30EE420AB6EE001A08BF00
:106E400070EEA10A00E040E008BF30EE020AB0EEAA
:106E5000682A01EE482A08EE818AC2EE081A15E077
:106E600011F0004F04BF9FED4C0AF0EE400AD1D064
:106E700010F0004F19BFDFED490A9FED490ADFED21
:106E8000490A9FED490AC5E7C8EE881A21EEA11A02
:106E90009FED462ADFED462A41EE022A9FED452A64
:106EA00001EE222ADFED442A41EE022A9FED432A19
:106EB000BDEC048B01EE222A21EE811A01EE020ABA
:106EC00030EE210A30EE200A70BD4FF07F42B2EB67
:106ED000400F28BFB2EB410F09D2F0EE480AB0EEE6
:106EE000680ABDEC048BBDE8704000F08DB840EA44
:106EF00001035B0008BF41F0FF410BD0B2EB400F34
:106F000008BFB2EB410F08D120F0804008EE900A94
:106F100021F0804108EE101A18E7B2EB400F12BFC3
:106F20005FEA410340F0FF4001F000413FF40EAF43
:106F3000B2EB410F12BF5FEA400200F0004041F0A7
:106F4000FF413FF403AF4A0092EA40033FF5FEAE33
:106F5000002AACBF9FED1A0A9FED1A0A68EE808ADC
:106F600028EE008A18EE900A18EE101AEEE60000DD
:106F7000DB0FC9BFDB0FC93FDB0F4940DB0F49C047
:106F80000000C9BF22AAFDB90000C93F22AAFD39ED
:106F90000060ED3EC30ACE3700000000000049C08B
:106FA00022AA7DBA0000494022AA7D3A2DAD65BDD6
:106FB0008FB8D53D0FB511BE61C84C3EA8AAAABE78
:106FC0000000804F0000802F10B52DED028BB1EE38
:106FD000C08A18EE100A20F00040C0F1FF40C00F38
:106FE0000AD010EE100A20F00040C0F1FF40C00FA0
:106FF00004BF012000F02CF8B0EE480ABDEC028B73
:1070000010BD30EE000A704730EE200A70470000D5
:10701000DFED020A80EEA00A7047000000000000C9
:107020009FED020A20EE000A7047000000000010E9
:1070300002E008C8121F08C1002AFAD17047704741
:10704000002001E001C1121F002AFBD1704700009F
:1070500001490860704700006403002070B5F9F72B
:107060001DFF8020FAF766F85520FAF763F85520DF
:10707000FAF760F8424C2070F9F708FF0120FBF79F
:1070800023F9F9F70BFF8020FAF754F85520FAF7A7
:1070900051F85520FAF74EF82070F9F7F7FE012065
:1070A000FBF712F9F9F7FAFEB6217E20FAF754F849
:1070B000F9F7ECFE5020FBF707F9F9F7EFFE802017
:1070C000FAF738F85520FAF735F85520FAF732F87C
:1070D0002070F9F7DBFE0120FBF7F6F8F9F7DEFE8A
:1070E0008020FAF727F85520FAF724F85520FAF708
:1070F00021F82070F9F7CAFE0120FBF7E5F82078A7
:107100001E2801D0FF2070BD1D4D00206070243569
:10711000F9F7C4FE607800EB40004119285C49781B
:10712000FAF71AF8F9F7B2FE0120FBF7CDF8F9F7F4
:10713000B5FE607800EB4000285C40F08000F9F775
:10714000F9FF5520F9F7F6FF5520F9F7F3FF207006
:10715000F9F79CFE0120FBF7B7F86078237800EB85
:10716000400129444A789A4203D08978A278114391
:10717000A170401CC0B260700628C9D3002070BD49
:107180008C00002070B5F9F799FE3C490020F9F712
:10719000C5FFF9F78BFE0120FBF796F8F9F78EFE95
:1071A00036490020F9F7BAFFF9F780FE0120FBF716
:1071B0008BF8F9F783FEB6211420F9F7CDFFF9F724
:1071C00075FE5020FBF780F8F9F778FE2B49002078
:1071D000F9F7A4FFF9F76AFE0120FBF775F8F9F754
:1071E0006DFE26490020F9F799FFF9F75FFE0120AF
:1071F000FBF76AF8214C20780F2801D0FF2070BDE2
:107200001E4D002060703635F9F758FE607800EBAF
:1072100040004119285C4978F9F79EFFF9F746FECE
:107220000120FBF751F8F9F749FE6078134900EBAC
:107230004000285CF9F772FFF9F738FE0120FBF7F0
:1072400043F86078227800EB400129444978914264
:107250000BD0401EC0B20949607000EB40002431E1
:107260000844A17880780843A0706078401CC0B2C0
:1072700060700628C8D3002070BD00008C0000207C
:1072800010B5FEF7BFFB00BFFEF73EFB012000F08C
:10729000BBF9F9E78169826A00EE101A00EE902AC4
:1072A00020EE200AB5EEC00AF1EE10FA4ADD00EE3B
:1072B000101AB5EEC00AF1EE10FA00EE101A01DC59
:1072C000B1EE400A436D00EE903AB4EEE00AF1EE02
:1072D00010FA37D9026D00EE903A00EE102A70EEE7
:1072E000200A00EE101AB5EEC00AF1EE10FA00EE18
:1072F000101A01DCB1EE400AF4EEC00AF1EE10FA09
:107300001EDB00EE101A00EE902AB5EEC00AF1EE78
:1073100010FA00EE101A01DCB1EE400A016B70EEBB
:10732000C00A00EE103A30EE801A00EE102AC1EECC
:10733000000A00EE101A20EE800A10EE101A00E08B
:10734000002101637047000070B50446D0F89450E6
:1073500000F16202B0F860300169D0F89000D5B158
:10736000022B36D900EE101AF1EE400A00EE100A98
:107370001046FEF797FBE06800EE900AD4F8940000
:10738000806801EE100A70EE810A00BF20EE200A2C
:1073900010EE100A1BE0022B0CD900EE101AF1EED1
:1073A000400A00EE100A1046FEF77CFBE06800EE93
:1073B000900AEBE7626900EE101A00EE902AE1688D
:1073C00070EEC00A00EE101A20EE801A12E0E062A1
:1073D00070BDE26800EE102AAA6800EE902A626989
:1073E00030EE201A00EE902A00EE101A30EEC00A9D
:1073F00021EE001A00EE100AC1EE000A10EE900A0B
:10740000E5E7026B816A00EE902A00EE101A426AEC
:1074100070EE200A01EE102A00EE101AC26A31EE58
:10742000001A00EE102A31EE000AB5EEC00AF1EEA5
:1074300010FA01DCB1EE400A026C01EE102A0022C3
:10744000B4EEC10AF1EE10FA0CDD836900EE101AF9
:1074500001EE103A21EE000AB5EEC00AF1EE10FA84
:1074600000DD0263416C00EE101AB4EEE00AF1EEAA
:1074700010FA01D20263816200EE101AB1EE400AE6
:10748000B4EEE00AF1EE10FA07DD00EE101A026326
:10749000B1EE400A10EE101A81627047B4EEE00AB5
:1074A000F1EE10FA02D2B0EE600A7047B4EEC10AF3
:1074B000F1EE10FAF9DDB0EE410A7047FDEEC00AB8
:1074C00010EE900A00EE900AF8EEE00A30EE600A44
:1074D00010EE101AB1F17C5F00DD401C7047000017
:1074E00010EE100AF6EE000A074960EE200AA1EB42
:1074F000600000EE100A20EE801AF7EE080A41EE56
:10750000400A20EE800A7047865A375F10B5012086
:1075100000F07AF8FBE70000FBF702F8FEF7E2FE66
:10752000FDF7DAFFFDF766FFFEF7DCF8FEF7FEF881
:10753000FDF70AFFFDF72AFFFEF746F9FEF72AF9E5
:10754000FEF7A2F9FEF7C0F9FDF742FFA820FAF70F
:1075500059F901210C48F9F78FFD0028F9D10B4C9E
:10756000012291022046FAF7C7FF0122D1022046EC
:10757000FAF7C2FF012211032046FAF7BDFFFDF71B
:1075800077FF00F048F8FEE76C720020001C024014
:1075900001460020842900D0C81C7047F0B50B308C
:1075A000154D20F007010024144A0FE003688B42B8
:1075B0000BD38B4205D95E1A43184768C3E90067AD
:1075C00000E04368136002C004E0021D1068002858
:1075D000ECD12046002802D1286808B10020F0BD77
:1075E000064A07481060074A121A22F00702C0E94B
:1075F000002401202860D7E7600300205C030020FE
:10760000B4760020B096002010B500B9012000F03B
:10761000E1FD002010BD10B500F044FE002010BDBB
:107620007FB50D4604464169B0F9080081B1A169F2
:1076300071B1FFF7ADFFD4E905128DE80700D4E979
:1076400000102B46226901F0B6F9039004B070BD1A
:10765000FFF79EFF03A9CDE90001208A2B4682B2E5
:10766000D4E9001001F07AF9012801D00020EDE7FB
:107670000398EBE72DE9F0411A4C0F460546E66802
:107680002168002081F852002068001D00F06EFC87
:1076900038B9206890F82C10012088402169814376
:1076A0002161681C07D137B12168BDE8F0410E485F
:1076B000091D00F0ABBC20683544B5424560216827
:1076C00005D2A06BBDE8F041091D00F087BC606BDE
:1076D000091D00F083FCA06A854200D2A562BDE8C6
:1076E000F081000038000020846400202DE9F04182
:1076F000054600F097FC2E4CA068401CA060206856
:107700002C4F10B1606940B32DE02560A0680128BE
:1077100029D1002606EB860007EB800000F050FC24
:10772000761C072EF6D323488C3000F049FC214804
:10773000A03000F045FC1F48B43000F041FC1D486B
:10774000C83000F03DFC1B48DC3000F039FC194823
:107750008C3060631430A06305E02068E96AC06A79
:10776000884200D82560606A401C6062E96A012096
:10777000226988401043206101EB810007EB800003
:10778000291D00F043FC00F06DFC606900280CD05E
:107790002068E96AC06A884207D207494FF08050E2
:1077A0000860BFF34F8FBFF36F8FBDE8F08100001B
:1077B00038000020A863002004ED00E038B500F098
:1077C00031FC104C2068C8B90F4800F0F9FB0E4896
:1077D000143000F0F5FB0C48E060143020610A4BD7
:1077E0000020E83B009003F1480210210A2000F03D
:1077F0004DFE206010B105A100F0B6FCBDE8384098
:1078000000F030BC7400002080650020546D72517F
:107810000000000030B4026C0B46002A0BD0C16897
:107820001144C1608468A14201D30168C16030BCC9
:107830001846F9F7AABA30BC70472DE9F041856BBC
:10784000174604460026026C82B1C7B1E068F9F71A
:107850009CFAE168206C091AE1602268914202D228
:10786000A168081AE060022F16D017E02068A8B9B6
:10787000A06801F045F906460020A0600EE06068AF
:10788000F9F783FA216C606808446060A168884257
:1078900004D32068606001E005B16D1E6D1CA56316
:1078A0003046BDE8F08110B5044690F8510058B15B
:1078B00001280CD002280FD0502080F31188BFF38C
:1078C0004F8FBFF36F8FFEE7206B00F0DFFB20468A
:1078D000BDE8104000F0DABB10BD000010484FF4C6
:1078E000C041420706D0C01D0D4920F00700411AD3
:1078F000C1F5C0410B4A00230144C2E90003083925
:10790000183A21F0070111604B600B600B1AC0E9B7
:10791000001393604FF000405360506170470000C7
:107920006803002024000020144E154CA6F1C8075F
:107930004FF08058DFF84C9012E000BF00F072FB6F
:10794000F068C568281D00F011FBA068401EA0600B
:107950006068401E606000F085FB2846FFF7A3FFCB
:1079600060680028EAD138680128F9D9C9F8008090
:10797000BFF34F8FBFF36F8FF2E7000070640020FA
:107980003800002004ED00E00346009829B10260B1
:10799000C0E90F31012100F0ADBD0060F8E7000043
:1079A0002DE9F05F8846DDE90B941546834691008A
:1079B0009A460A9EA522206BF9F7F9F96FF00301A8
:1079C000206B01EB8501084420F00707780707D0FA
:1079D000502080F31188BFF34F8FBFF36F8FFEE706
:1079E0000025B8F1000F0FD05FF00000221818F842
:1079F000001082F8341018F8001011B1401C102843
:107A0000F4D384F8435001E084F83450072E00D3B7
:107A10000626E662C4E91165201D00F0DCFA04F1D7
:107A2000180000F0D8FA2461C6F107006462A06172
:107A3000E56484F8505084F852505246594638460E
:107A400000F05AFA2060B9F1000F01D0C9F80040E7
:107A5000BDE8F09F30B5114900E011460A68824246
:107A6000FBD34B685C18844203D1406818444860DB
:107A7000084643681C18944209D1084C183C2468F5
:107A8000A24209D052681A4442600A681268026031
:107A9000814200D0086030BD0460F9E72400002076
:107AA00070B5002441600B4D0061914206D8D11A97
:107AB0008269914206D2011D286907E09A4203D2E9
:107AC000994201D3012403E0011DE86800F086FA21
:107AD000204670BD7400002010B5044600F0A2FAE4
:107AE000A06B28B15FF0000400F0BCFA204610BD86
:107AF0000124F9E730B589B03C4D6EE004980028C8
:107B000006DADDE90601059A90470498002864DB4F
:107B1000069C606910B1201D00F028FA03A800F04F
:107B2000D7F8024604980A2857D2DFE800F0050586
:107B3000052D334A05052D3394F8240040F001004B
:107B400084F824000599A069059B01442046FFF7AD
:107B5000A7FF68B3216A2046884794F824004007AD
:107B60003BD5002000900598A169002342181946D2
:107B7000204601F0DDF8D8B9502080F31188BFF31A
:107B80004F8FBFF36F8FFEE714F8240F20F0010032
:107B9000207022E094F8240040F0010084F82400D2
:107BA0000598A06128B1811813462046FFF778FF99
:107BB00013E0502080F31188BFF34F8FBFF36F8F16
:107BC000FEE794F82400810703D4204600F05EFA13
:107BD00003E020F0010084F82400002204A92868B2
:107BE00000F0DCFD002889D109B030BD7400002010
:107BF0002DE9FC410F46054600F098FB01A800F076
:107C000067F80446019818B101F000F8BDE8FC815E
:107C1000254EAFB130690068D0B30027291B3A4622
:107C2000306800F0B5FA00F0F1FF0028EED11F49EE
:107C30004FF080500860BFF34F8FBFF36F8FE5E7C1
:107C4000A542EBD800F0E2FFF0682746C068C468A0
:107C5000201D00F08BF994F82400410719D5A06984
:107C60002B4641193A462046FFF71AFFA8B10020DB
:107C70000346014600902A46204601F059F860B9B3
:107C8000502080F31188BFF34F8FBFF36F8FFEE753
:107C900007E020F0010084F82400216A204688478C
:107CA000B4E70127BAE700007400002004ED00E00B
:107CB0000648416B096829B1416BC968C9684968C0
:107CC000816270474FF0FF31FAE700003800002072
:107CD00070B5054600F0A8FE064E0446B068844222
:107CE00003D200F009F8012000E0002028602046BF
:107CF000B46070BD74000020F8B5194D20E0C06874
:107D0000C4680668201D00F031F9216A20468847C2
:107D100094F82400400713D5A0693044B04206D936
:107D200024616060211DE86800F058F908E0002037
:107D30000346014600903246204600F0F9FF38B174
:107D4000E86801680029DAD12969C5E90310F8BD9E
:107D5000502080F31188BFF34F8FBFF36F8FFEE782
:107D60007400002008484068401C4FF0500080F329
:107D7000118804D0BFF34F8FBFF36F8FFEE7BFF3BF
:107D80004F8FBFF36F8FFEE72C000020074CE06899
:107D9000016841B1C0680021D0F80000FFF728FF5A
:107DA000FFF7A8FEF3E701210020F7E774000020A9
:107DB0002DE9F041044600F035F994F9455004F1FD
:107DC000240609E0606A48B1304600F0E5FE08B1DB
:107DD00000F02EFA6D1E6DB2002DF3DC4FF0FF3671
:107DE00084F8456000F03EF900F01CF994F9445025
:107DF00004F1100709E0206948B1384600F0CCFED4
:107E000008B100F015FA6D1E6DB2002DF3DC84F898
:107E10004460BDE8F04100F025B900002DE9F041D3
:107E20000546002700F082FA324E306808B9FFF7A5
:107E300055FD706905424ED1C5B3083568070ED0AF
:107E400005F00700C0F108000544680707D050207E
:107E500080F31188BFF34F8FBFF36F8FFEE72DB311
:107E60007068854237D82348183001460C6801E015
:107E700020460C466168A94202D221680029F7D148
:107E800031688C4227D00768216801606068083734
:107E9000411B10290FD96019420708D0502080F3E8
:107EA0001188BFF34F8FBFF36F8FFEE713E0416080
:107EB0006560FFF7CFFD61687068401A7060B26856
:107EC000904200D2B060706901430020C4E9000113
:107ED000F068401CF06000F099FE780707D0502051
:107EE00080F31188BFF34F8FBFF36F8FFEE73846E3
:107EF000BDE8F0810C00002010B5031F4FF0807426
:107F00001C601B1F21F001011960191F044B0B603D
:107F100014390A60091F6FF0020244380A6010BD6C
:107F2000657D000810B500EE100A2DED028BB1EE54
:107F3000C08A18EE100A20F00040C0F1FF40C00FC8
:107F40000AD010EE100A20F00040C0F1FF40C00F30
:107F500004BF0120FFF77CF818EE100ABDEC028B7D
:107F600010BD10B50120FFF74FFBFBE7D0E9013250
:107F700001699A60D0E901235A604A68824201D1BE
:107F800082684A60002202610868401E0860086832
:107F900070470000034B036003F154000860802029
:107FA00010607047C46B0020044B036003F1540061
:107FB00008604FF48070106070470000186E002059
:107FC00000F108014FF0FF32C0E90112C160016108
:107FD00000210160704700210161704730B50B68D6
:107FE0005A1C02D000F1080202E0026904E02246B5
:107FF000546825689D42FAD953684B6099608A603D
:10800000516008610168491C016030BD42684A60E6
:1080100093688B6093685960916008610168491C9E
:1080200001607047502080F31188BFF34F8FBFF37A
:108030006F8F0A494868401C486001280CD10848E5
:10804000006810F0FF0F07D0502080F31188BFF3B5
:108050004F8FBFF36F8FFEE7704700002C000020AA
:1080600004ED00E00849486828B1401E486001D18D
:1080700080F311887047502080F31188BFF34F8F31
:10808000BFF36F8FFEE700002C00002070B50028C2
:108090002AD0164DA0F1080460686969084207D12A
:1080A000502080F31188BFF34F8FBFF36F8FFEE72F
:1080B00022683AB1502080F31188BFF34F8FBFF38D
:1080C0006F8FFEE78843606000F030F96068696890
:1080D000084468602046FFF7BDFC2869401C286101
:1080E000BDE8704000F092BD70BD00000C000020A3
:1080F0004FF0E02000210161816105494FF47A725F
:108100000968B1FBF2F1491E416107210161704725
:108110005803002010B5F8F79FF8114910280ED326
:1081200000F1E02090F8F0030A78904207D2502046
:1081300080F31188BFF34F8FBFF36F8FFEE70948BD
:108140000068896800F4E060884207D9502080F315
:108150001188BFF34F8FBFF36F8FFEE710BD000094
:108160002C0000200CED00E010B5084B002200BFF1
:1081700053F832401CB1521C082AF9D310BD43F801
:10818000321003EBC201486010BD0000686300209C
:1081900070B515460E460446FFF744FF94F94410A7
:1081A0000020491C01D184F8440094F94510491C71
:1081B00001D184F84500FFF755FFA06B28B92A4686
:1081C000314604F1240000F051F82046BDE870402B
:1081D000FFF7EEBD10B5020014D00F48006B38B1A8
:1081E000502080F31188BFF34F8FBFF36F8FFEE7EE
:1081F00000F09CF800211046FFF73CFA00F006FD65
:10820000002807D105494FF080500860BFF34F8F19
:10821000BFF36F8F10BD00003800002004ED00E0B8
:1082200002490A6A0260C96841607047380000204C
:1082300001490120C86170473800002010B50C4684
:1082400050B1094909681831FFF7C8FE2046BDE85A
:1082500010400121FFF70EBA502080F31188BFF3C0
:108260004F8FBFF36F8FFEE73800002070B51446C4
:108270000D4668B10A4909681831FFF7C7FE0CB10D
:108280004FF0FF3521462846BDE87040FFF7F2B9B0
:10829000502080F31188BFF34F8FBFF36F8FFEE73D
:1082A0003800002030B587B00024039405AA04A943
:1082B00003A80494FFF76EFEDDE903010094CDE905
:1082C0000110002315A11748059A00F074FB164D04
:1082D0000028E8621FD000F0FBFC012809D0401CF8
:1082E00019D1502080F31188BFF34F8FBFF36F8FE8
:1082F000FEE7502080F31188BFF34F8FBFF36F8FDD
:108300004FF0FF30A86201206861EC6007B0BDE863
:10831000304000F041B807B030BD000049444C4542
:108320000000000029790008380000200248016B95
:10833000491C016370470000380000201448016B9D
:1083400011B10121C16170470021C1610169B1FA18
:1083500081F1C1F11F0101EB81020E4951F8223078
:108360006BB101EB820101F108034A6852684A606F
:108370009A4201D152684A60D1680160704750202A
:1083800080F31188BFF34F8FBFF36F8FFEE70000BC
:1083900038000020A86300201CB537480168374A20
:1083A000914207D1502080F31188BFF34F8FBFF364
:1083B0006F8FFEE700683149491E884207D150207F
:1083C00080F31188BFF34F8FBFF36F8FFEE72C4907
:1083D00008780190FF20087008788DF800009DF85B
:1083E00000009DF8002000F0F000904207D05020DF
:1083F00080F31188BFF34F8FBFF36F8FFEE79DF8B7
:108400000000204C00F0500020700720A06005E024
:108410009DF8002052008DF80020401E9DF800209D
:108420001206F5D4A060032807D0502080F31188ED
:10843000BFF34F8FBFF36F8FFEE74FF44070A06024
:10844000019808700C482030016841F47001016007
:10845000016841F070410160FFF74AFE0020606052
:10846000F7F7C2FE0848016841F040410160F7F7A4
:10847000A7FE00201CBD000000ED00E071C20F410E
:1084800000E400E02C00002034EF00E038B5049D4B
:1084900018B153B1CAB181B120E0502080F31188E6
:1084A000BFF34F8FBFF36F8FFEE7502080F311882B
:1084B000BFF34F8FBFF36F8FFEE7502080F311881B
:1084C000BFF34F8FBFF36F8FFEE739B1502080F3BA
:1084D0001188BFF34F8FBFF36F8FFEE748241C4610
:1084E000012384F846302B460094FFF74DFA2046CE
:1084F00038BD000070B50D46040025D0FFF792FD91
:10850000D4E90F20216802FB0011A1600021A163C2
:10851000216861600A46D4E90F01401E00FB012179
:10852000E16021464FF0FF3001F8440F487004F13C
:1085300010008DB1FFF744FD04F12400FFF740FD6A
:10854000FFF790FD012070BD502080F31188BFF32C
:108550004F8FBFF36F8FFEE721690029F0D000F045
:108560001BFB0028ECD004494FF080500860BFF39B
:108570004F8FBFF36F8FE3E704ED00E02DE9FF4776
:1085800082B01D468A464FF00008040003D0BAF1BD
:10859000000F08D011E0502080F31188BFF34F8FF7
:1085A000BFF36F8FFEE7206C38B1502080F3118845
:1085B000BFF34F8FBFF36F8FFEE7022D0AD1E06B41
:1085C000012807D0502080F31188BFF34F8FBFF3ED
:1085D0006F8FFEE700F01AFA3F4F4FF000094FF09F
:1085E000805648B9049838B1502080F31188BFF301
:1085F0004F8FBFF36F8FFEE7FFF714FDA06BE16BAA
:10860000884207D3022D05D00498D0B1B8F1000FED
:108610001AD01EE02A4651462046FFF70EF9616A3D
:1086200019B104F1240000F0B7FA20B13E60BFF3A5
:108630004F8FBFF36F8FFFF715FD012006B0BDE828
:10864000F087FFF70FFD22E06846FFF7E9FD4FF0E6
:108650000108FFF707FDFFF769FEFFF7E3FC94F958
:108660004400401C01D184F8449094F94500401C1A
:1086700001D184F84590FFF7F5FC04A9684600F0A5
:1086800029F930B12046FFF793FB00F0BFFA002034
:10869000D4E7FFF7C7FCA06BE16B884213D1FFF76B
:1086A000E1FC04F110000499FFF7C8FD2046FFF734
:1086B0007FFB00F0ABFA00289ED13E60BFF34F8FE6
:1086C000BFF36F8F98E7FFF7CDFC2046FFF770FBF5
:1086D00000F09CFA90E7000004ED00E02DE9F0477F
:1086E0001F4690468946040003D0B9F1000F08D018
:1086F00011E0502080F31188BFF34F8FBFF36F8FCD
:10870000FEE7206C38B1502080F31188BFF34F8F03
:10871000BFF36F8FFEE7022F0AD1E06B012807D06D
:10872000502080F31188BFF34F8FBFF36F8FFEE7A8
:10873000FFF7F0FC5020EFF3118680F31188BFF3B0
:108740004F8FBFF36F8FA06BE16B884206D3022F70
:1087500004D0002086F31188BDE8F08794F94550D5
:10876000A06B3A4649462046FFF767F8681C04D0DC
:108770006D1C84F845500120ECE7606A0028FAD0AF
:1087800004F1240000F008FA0028F4D0B8F1000F3A
:10879000F1D00121C8F80010EDE700002DE9F747FE
:1087A000002683B08A46040003D0BAF1000F08D037
:1087B00011E0502080F31188BFF34F8FBFF36F8F0C
:1087C000FEE7206C38B1502080F31188BFF34F8F43
:1087D000BFF36F8FFEE700F019F9DFF8F4804FF078
:1087E00000094FF0805748B9059838B1502080F300
:1087F0001188BFF34F8FBFF36F8FFEE7FFF712FCB7
:10880000A56BC5B151462046FFF704F86D1EA56360
:10881000206950B104F1100000F0BEF928B1C8F889
:108820000070BFF34F8FBFF36F8FFFF71BFC01206A
:1088300006B0BDE8F087059808B11EB106E0FFF765
:1088400011FC27E06846FFF7EBFC0126FFF70AFC66
:10885000FFF76CFDFFF7E6FB94F94400401C01D1E3
:1088600084F8449094F94500401C01D184F8459067
:10887000FFF7F8FB05A9684600F02CF80028204611
:108880000AD0FFF795FA00F0C1F92046FFF724F966
:108890000028B3D00020CBE7FFF71EF990B104F118
:1088A00024000599FFF7CAFC2046FFF781FA00F083
:1088B000ADF90028A2D1C8F80070BFF34F8FBFF305
:1088C0006F8F9BE72046FFF773FA00F09FF995E75B
:1088D00004ED00E02DE9F0410C4605000FD0B4B1E5
:1088E000FFF7A0FB1C4BDA686E681868911B002725
:1088F00090F8520098B1186880F852701AE0502031
:1089000080F31188BFF34F8FBFF36F8FFEE75020C6
:1089100080F31188BFF34F8FBFF36F8FFEE720689E
:10892000B0F1FF3F08D0D5F800C01B6A9C4509D0C4
:10893000964207D8012400E00024FFF793FB20466D
:10894000BDE8F081884205D9401A20602846FFF72B
:1089500067FCF1E72760EDE7380000202DE9FF5FB5
:108960008346DDE90E87994616468A469000FFF752
:1089700055FA05001CD05420FFF750FA040014D01B
:108980000020256384F85100CDE90240CDE900873D
:108990004B46324651465846FFF702F82046FEF74E
:1089A000A5FE012004B0BDE8F09F2846FFF76EFB4E
:1089B0004FF0FF30F6E7F0B585B0DDE90B640A9DB6
:1089C000A6B1DCB1542700972663022684F85160D3
:1089D000002604AFCDE90246CDE90057FEF7E0FFDF
:1089E0002046FEF783FE049805B0F0BD502080F3CA
:1089F0001188BFF34F8FBFF36F8FFEE7502080F3D6
:108A00001188BFF34F8FBFF36F8FFEE705484169B1
:108A100019B1006B18B10020704701207047022087
:108A200070470000380000200148C068704700000F
:108A3000380000202DE9F0412F4C0026206B28B192
:108A4000A069401CA0613046BDE8F081E5686D1C5E
:108A5000E56013D1606B006838B1502080F3118855
:108A6000BFF34F8FBFF36F8FFEE7606BA16B616346
:108A7000A063206A401C2062FFF71AF9A06ADFF8A1
:108A80007C80854209D3606B0068A0B1606BC068D0
:108A9000C7687868854211D2A0622068C06A00EB7E
:108AA000800158F82100012800D90126E06900283A
:108AB000C9D00126C7E74FF0FF30EDE7381DFFF7BB
:108AC00055FAB86A18B107F11800FFF74FFAF96ABA
:108AD0000120226988401043206101EB810108EBED
:108AE0008100391DFFF792FAF86A2168C96A884245
:108AF000C9D30126C7E7000038000020A863002082
:108B000070B504004FF0000140D0214D2868844228
:108B100007D0502080F31188BFF34F8FBFF36F8FC2
:108B2000FEE7A06C38B1401EA064636CE26A9A4212
:108B30002CD040B12AE0502080F31188BFF34F8F32
:108B4000BFF36F8FFEE7201DFFF710FA114A0121D6
:108B500050B9E06A00EB800352F8233023B92B6947
:108B600001FA00F083432B61606CE062C0F1070002
:108B7000A061E06A2B6981401943296100EB800004
:108B800002EB8000211DFFF741FA0121084670BD6C
:108B900038000020A86300202DE9F041C068C468B7
:108BA000ACB104F118000746FFF7E0F9154D286B4A
:108BB0000126A0B139461448FFF728FAE06A29686F
:108BC000C96A88421CD90120EE61BDE8F0815020BD
:108BD00080F31188BFF34F8FBFF36F8FFEE7201D27
:108BE000FFF7C4F9E16A2A6906FA01F01043286127
:108BF00001EB81000449B43901EB8000211DDBE762
:108C00000020E2E7380000205C6400202DE9F047F6
:108C10002C4D00242746286B38B1FFF703FA286B48
:108C2000401E2863286B40B146E0502080F3118835
:108C3000BFF34F8FBFF36F8FFEE7A968224E01206D
:108C4000D1B3A6F1B40980463068E8B1F068C468D1
:108C500004F11800FFF78AF9201DFFF787F9E06A91
:108C60002A6908FA00F11143296100EB800109EB40
:108C70008100211DFFF7CAF9E06A2968C96A8842A4
:108C8000E2D3C5F81C80DFE70CB1FFF711F8AC693F
:108C900044B14646FFF7CEFE00B1EE61641EF9D145
:108CA0000020A861E86938B1084901273807086041
:108CB000BFF34F8FBFF36F8FFFF7D4F93846BDE88E
:108CC000F0870000380000205C64002004ED00E024
:108CD00010B586B0FEF772FD114C2068B8B10020C7
:108CE0000390049005AA04A903A8FFF75DF9DDE944
:108CF000032102208DE8070000230AA10B48059AF2
:108D0000FFF759FE606010B106B0012010BD502081
:108D100080F31188BFF34F8FBFF36F8FFEE7000022
:108D200074000020546D7220537663008D7D00081E
:108D30002DE9FF411E46134602000A9D4FF0000038
:108D400016D0144C2768002F0FD0CDE900130292E3
:108D5000062917DAFFF75AFE02284FF000030FD05A
:108D6000002269462068FFF709FC04B0BDE8F081E5
:108D7000502080F31188BFF34F8FBFF36F8FFEE752
:108D80002A46EEE70023324669463846FFF7A6FC3E
:108D9000EBE7000074000020000610160006101615
:108DA0000000803F00000000000000000000000004
:108DB0000000803F000000000000000000000000F4
:108DC0000000803F0000000000000000C3F51C41CF
:108DD0000000803F000000000000000000000000D4
:108DE0000000000000000000000000000000803FC4
:108DF0000000000000000000000000000000000073
:108E000000000000000000000000803F00000000A3
:108E10000000000000000000000000000000000052
:108E2000000000000000803F000000000000000083
:108E30000000000000000000000000000000000032
:108E40000000803F00000000000000000000000063
:108E50000000000000000000000000000000803F53
:108E6000EC960008A9620008000000000000000065
:108E7000000400000000000000000000049700084B
:108E800081720008FDFF00000000000000100000DB
:108E90000000000000000000F4960008637F000856
:108EA000FDFF0000000000000001000000000000C5
:108EB00000000000149700080D750008FDFF000079
:108EC00000000000000100000000000000000000A1
:108ED000000000000000000001020304060708096A
:108EE000000000000102030400000000920E493C53
:108EF000B10AC93C2BC3163D2EFB483D752B7B3D6B
:108F000004A9963D80B6AF3D36BDC83D2FBCE13DBE
:108F100073B2FA3D87CF093E8340163EB5AB223E81
:108F2000A2102F3ECF6E3B3EC2C5473E0115543EB8
:108F3000135C603E7F9A6C3ECCCF783EC07D823E13
:108F4000938E883E229A8E3E32A0943E86A09A3E10
:108F5000E59AA03E128FA63ED47CAC3EEF63B23EB3
:108F60002A44B83E491DBE3E15EFC33E53B9C93E23
:108F7000CA7BCF3E4136D53E80E8DA3E4F92E03E96
:108F80007533E63EBBCBEB3EEA5AF13ECBE0F63E14
:108F9000275DFC3EE4E7003F3D9C033F824B063FDC
:108FA0009BF5083F6B9A0B3FDA390E3FCDD3103F4C
:108FB0002A68133FD9F6153FC07F183FC6021B3FF2
:108FC000D17F1D3FCBF61F3F9967223F25D2243F1B
:108FD0005636273F1594293F4AEB2B3FDE3B2E3F69
:108FE000BB85303FC9C8323FF304353F233A373F92
:108FF0004268393F3B8F3B3FF9AE3D3F67C73F3F3C
:1090000070D8413F01E2433F03E4453F65DE473FFF
:1090100012D1493FF8BB4B3F029F4D3F207A4F3F53
:109020003D4D513F4918533F31DB543FE595563F85
:109030005348583F6AF2593F1A945B3F532D5D3FA6
:1090400005BE5E3F2146603F97C5613F5A3C633F86
:1090500059AA643F880F663FD86B673F3CBF683FA3
:10906000A7096A3F0C4B6B3F5E836C3F93B26D3F29
:109070009ED86E3F73F56F3F0809713F5213723FE0
:109080004714733FDD0B743F0BFA743FC6DE753F28
:1090900007BA763FC58B773FF853783F9812793FF0
:1090A0009DC7793F02737A3FBE147B3FCDAC7B3FB7
:1090B000283B7C3FC9BF7C3FAC3A7D3FCCAB7D3F7A
:1090C00023137E3FB0707E3F6DC47E3F580E7F3FBE
:1090D0006D4E7F3FAB847F3F0FB17F3F97D37F3F84
:1090E00043EC7F3F11FB7F3F0000803F11FB7F3F40
:1090F00043EC7F3F97D37F3F0FB17F3FAB847F3FF0
:109100006D4E7F3F580E7F3F6DC47E3FB0707E3FF7
:1091100023137E3FCCAB7D3FAC3A7D3FC9BF7C3F44
:10912000283B7C3FCDAC7B3FBE147B3F02737A3F34
:109130009DC7793F9812793FF853783FC58B773FA9
:1091400007BA763FC6DE753F0BFA743FDD0B743FFE
:109150004714733F5213723F0809713F73F56F3F15
:109160009ED86E3F93B26D3F5E836C3F0C4B6B3F5E
:10917000A7096A3F3CBF683FD86B673F880F663FCF
:1091800059AA643F5A3C633F97C5613F2146603FFF
:1091900005BE5E3F532D5D3F1A945B3F6AF2593F17
:1091A0005348583FE595563F31DB543F4918533FEC
:1091B0003D4D513F207A4F3F029F4D3FF8BB4B3F03
:1091C00012D1493F65DE473F03E4453F01E2433F9B
:1091D00070D8413F67C73F3FF9AE3D3F3B8F3B3FB4
:1091E0004268393F233A373FF304353FC9C8323F1D
:1091F000BB85303FDE3B2E3F4AEB2B3F1594293F8A
:109200005636273F25D2243F9967223FCBF61F3F92
:10921000D17F1D3FC6021B3FC07F183FD9F6153FC7
:109220002A68133FCDD3103FDA390E3F6B9A0B3FBC
:109230009BF5083F824B063F3D9C033FE4E7003F20
:10924000275DFC3ECBE0F63EEA5AF13EBBCBEB3E5F
:109250007533E63E4F92E03E80E8DA3E4136D53E39
:10926000CA7BCF3E53B9C93E15EFC33E491DBE3E32
:109270002A44B83EEF63B23ED47CAC3E128FA63E89
:10928000E59AA03E86A09A3E32A0943E229A8E3E57
:10929000938E883EC07D823ECCCF783E7F9A6C3ED6
:1092A000135C603E0115543EC2C5473ECF6E3B3E47
:1092B000A2102F3EB5AB223E8340163E87CF093E1B
:1092C00073B2FA3D2FBCE13D36BDC83D80B6AF3D1F
:1092D00004A9963D752B7B3D2EFB483D2BC3163DC7
:1092E000B10AC93C920E493C00000000920E49BCF4
:1092F000B10AC9BC2BC316BD2EFB48BD752B7BBD67
:1093000004A996BD80B6AFBD36BDC8BD2FBCE1BDBA
:1093100073B2FABD87CF09BE834016BEB5AB22BE7D
:10932000A2102FBECF6E3BBEC2C547BE011554BEB4
:10933000135C60BE7F9A6CBECCCF78BEC07D82BE0F
:10934000938E88BE229A8EBE32A094BE86A09ABE0C
:10935000E59AA0BE128FA6BED47CACBEEF63B2BEAF
:109360002A44B8BE491DBEBE15EFC3BE53B9C9BE1F
:10937000CA7BCFBE4136D5BE80E8DABE4F92E0BE92
:109380007533E6BEBBCBEBBEEA5AF1BECBE0F6BE10
:10939000275DFCBEE4E700BF3D9C03BF824B06BFD8
:1093A0009BF508BF6B9A0BBFDA390EBFCDD310BF48
:1093B0002A6813BFD9F615BFC07F18BFC6021BBFEE
:1093C000D17F1DBFCBF61FBF996722BF25D224BF17
:1093D000563627BF159429BF4AEB2BBFDE3B2EBF65
:1093E000BB8530BFC9C832BFF30435BF233A37BF8E
:1093F000426839BF3B8F3BBFF9AE3DBF67C73FBF38
:1094000070D841BF01E243BF03E445BF65DE47BFFB
:1094100012D149BFF8BB4BBF029F4DBF207A4FBF4F
:109420003D4D51BF491853BF31DB54BFE59556BF81
:10943000534858BF6AF259BF1A945BBF532D5DBFA2
:1094400005BE5EBF214660BF97C561BF5A3C63BF82
:1094500059AA64BF880F66BFD86B67BF3CBF68BF9F
:10946000A7096ABF0C4B6BBF5E836CBF93B26DBF25
:109470009ED86EBF73F56FBF080971BF521372BFDC
:10948000471473BFDD0B74BF0BFA74BFC6DE75BF24
:1094900007BA76BFC58B77BFF85378BF981279BFEC
:1094A0009DC779BF02737ABFBE147BBFCDAC7BBFB3
:1094B000283B7CBFC9BF7CBFAC3A7DBFCCAB7DBF76
:1094C00023137EBFB0707EBF6DC47EBF580E7FBFBA
:1094D0006D4E7FBFAB847FBF0FB17FBF97D37FBF80
:1094E00043EC7FBF11FB7FBF000080BF11FB7FBF3C
:1094F00043EC7FBF97D37FBF0FB17FBFAB847FBFEC
:109500006D4E7FBF580E7FBF6DC47EBFB0707EBFF3
:1095100023137EBFCCAB7DBFAC3A7DBFC9BF7CBF40
:10952000283B7CBFCDAC7BBFBE147BBF02737ABF30
:109530009DC779BF981279BFF85378BFC58B77BFA5
:1095400007BA76BFC6DE75BF0BFA74BFDD0B74BFFA
:10955000471473BF521372BF080971BF73F56FBF11
:109560009ED86EBF93B26DBF5E836CBF0C4B6BBF5A
:10957000A7096ABF3CBF68BFD86B67BF880F66BFCB
:1095800059AA64BF5A3C63BF97C561BF214660BFFB
:1095900005BE5EBF532D5DBF1A945BBF6AF259BF13
:1095A000534858BFE59556BF31DB54BF491853BFE8
:1095B0003D4D51BF207A4FBF029F4DBFF8BB4BBFFF
:1095C00012D149BF65DE47BF03E445BF01E243BF97
:1095D00070D841BF67C73FBFF9AE3DBF3B8F3BBFB0
:1095E000426839BF233A37BFF30435BFC9C832BF19
:1095F000BB8530BFDE3B2EBF4AEB2BBF159429BF86
:10960000563627BF25D224BF996722BFCBF61FBF8E
:10961000D17F1DBFC6021BBFC07F18BFD9F615BFC3
:109620002A6813BFCDD310BFDA390EBF6B9A0BBFB8
:109630009BF508BF824B06BF3D9C03BFE4E700BF1C
:10964000275DFCBECBE0F6BEEA5AF1BEBBCBEBBE5B
:109650007533E6BE4F92E0BE80E8DABE4136D5BE35
:10966000CA7BCFBE53B9C9BE15EFC3BE491DBEBE2E
:109670002A44B8BEEF63B2BED47CACBE128FA6BE85
:10968000E59AA0BE86A09ABE32A094BE229A8EBE53
:10969000938E88BEC07D82BECCCF78BE7F9A6CBED2
:1096A000135C60BE011554BEC2C547BECF6E3BBE43
:1096B000A2102FBEB5AB22BE834016BE87CF09BE17
:1096C00073B2FABD2FBCE1BD36BDC8BD80B6AFBD1B
:1096D00004A996BD752B7BBD2EFB48BD2BC316BDC3
:1096E000B10AC9BC920E49BC00000080494E5354D7
:1096F00061736B00746F5F67696D62616C5F746149
:10970000736B0000636C61737369735F7461736B77
:10971000000000006A75635F7379735F7461736B37
:1097200000000000449700080000002068030000CB
:10973000340E0008AC9700086803002048B300000E
:10974000407000083201022B101AAA01015B198F28
:109750004370170009103333EB3A58A08B3A157D4C
:1097600004017C100F0240AB034101055308065869
:1097700004070F160810810911160A15800B16052B
:10978000620C18010D0379204208081250C347CD1E
:10979000CCCC3D0409531C110B1AC8421C011A0BF6
:0C97A000DC803F04011FD324F400000013
:040000050800018965
:00000001FF
