:020000040800F2
:1000000000B600209D01000899650008E140000845
:1000100095650008691500083D780008000000009B
:10002000000000000000000000000000F171000866
:10003000C517000800000000A17000082572000824
:10004000B7010008B7010008B7010008B7010008B0
:10005000B7010008B7010008B7010008B7010008A0
:10006000B7010008C9170008D1170008B701000838
:10007000B7010008B7010008B7010008B701000880
:10008000B7010008B7010008B7010008B701000870
:100090006D150008B7010008B7010008D91700085E
:1000A000B7010008B7010008B7010008B701000850
:1000B00071720008B7010008B7010008B701000815
:1000C000B7010008B7010008B7010008B701000830
:1000D000B701000825780008B7010008B70100083B
:1000E000B7010008B7010008B7010008B701000810
:1000F000B70100087D720008B7010008B7010008C9
:10010000B7010008B7010008B7010008B7010008EF
:10011000B7010008B7010008B7010008B7010008DF
:10012000B701000885150008B7010008B7010008ED
:10013000B7010008B7010008B7010008B7010008BF
:1001400079150008B7010008B7010008B7010008D9
:10015000911500089D150008A915000831780008C0
:10016000B7010008B7010008B7010008B70100088F
:10017000B7010008B7010008B7010008000000003F
:10018000B7010008B7010008DFF80CD000F0ECFD63
:1001900000480047217B000800B600200648804741
:1001A00006480047FEE7FEE7FEE7FEE7FEE7FEE75C
:1001B000FEE7FEE7FEE7FEE755720008890100084A
:1001C0009FED1A1AF5EE000A40EE010ABDEEE00AB4
:1001D000F5EEC00A10EE100AF1EE10FA38BF401E1C
:1001E00000EE100A1349F7EE001AB8EEC00A30EE1E
:1001F000C00ADFED0F0A20EE200AFCEEC00A10EE66
:10020000900AC0F3080000EE900A01EB8000F8EEBF
:10021000600A90ED011A70EE600A90ED000A71EE2E
:10022000E01A21EE800A00EE810A704783F9223E2F
:1002300000000044409F0008B5EEC00AF1EE10FA3D
:1002400007D2DFED1E0AB4EEE00AF1EE10FAA8BF05
:100250007047DFED1B0AB5EEC00A60EE200ABDEE66
:10026000E01A11EE100AF1EE10FA38BF401E00EE4F
:10027000100A1549F7EE001AB8EEC00A30EEC00AAF
:10028000DFED100A60EE200ABCEEE00A10EE100A64
:10029000C0F3080000EE100A01EB8000B8EE400A3F
:1002A00090ED011A70EEC00A90ED000A71EEE01AAE
:1002B00021EE800A00EE810A70470000CD024CB4A6
:1002C00083F9223E00000044409F000870B4058876
:1002D0000E884468D1F804C05368B54208D14088FC
:1002E0004988884201BF11888D425188884203D0D5
:1002F00070BC6FF00200704705FB00F1880827D042
:1003000094ED001ADCED000A94ED010ADCED011A0F
:1003100031EE201AD4ED020A70EE211A9CED020A89
:1003200083ED001AC3ED011A94ED031ADCED031AF4
:1003300030EE800A401E71EE210A83ED020A04F1BC
:100340001004C3ED030A03F110030CF1100CD7D114
:1003500011F0030030D0B0F1004F30D200282BDD77
:10036000211F1B1FACF1040210F0010F0AD091ED08
:10037000010AD2ED010A091D121D30EE200A83ED9B
:10038000010A1B1D400817D091ED010AD2ED010AA8
:10039000401E30EE200A83ED010A91ED020AD2EDF3
:1003A000020A01F1080102F1080230EE200A83ED91
:1003B000020A03F10803E7D170BC00207047B4ECD7
:1003C000010A401EFCEC010A30EE200AA3EC010AEF
:1003D000F5D1F1E701804280436070472DE9F34F8A
:1003E00084B0049840680090486801900498B0F880
:1003F00000E04588DFEDFE0A00200290B0EE600AC2
:10040000AE4506D108884988884204BF71468645B2
:1004100004D06FF0020006B0BDE8F08F01985FEAEB
:10042000010C18BFB7EE001A3DD000BFBEEB0C01A7
:1004300017D0B1F1004F80F01F82002911DD021F9B
:1004400011F0010F1CBFC2ED010A121D4B1006D0A6
:10045000C2ED010AC2ED020A08325B1EF8D100EBC0
:100460008100BCF10102A0EC011A19D0B2F1004FD9
:1004700080F00882002A13DD031F12F0010F1CBF59
:10048000C3ED010A1B1D511008D000BFC3ED010AC6
:10049000C3ED020A491E03F10803F7D100EB820005
:1004A000BCF1010CC2D14FF000080395002D14BF20
:1004B000B0EE602A002000F0BF8100BF009908FB69
:1004C00005F001EB800B0199DBED002A01EB8000C8
:1004D0000346F0EE421AC64552D9AEEB0802ABEB2A
:1004E000850112F0010F17D001EB850191ED000A93
:1004F000B5EEC00AF1EE10FA07DDB4EEE10AF1EE56
:1005000010FA09DDF0EE401A06E0B1EE400AF4EE12
:10051000C01AF1EE10FAF5D3521031D001EB850C70
:100520009CED000AB5EEC00AF1EE10FA05DDB4EE5E
:10053000E10AF1EE10FA09DD06E0B1EE400AF4EE50
:10054000C01AF1EE10FA01D2F0EE401A01EBC5012B
:1005500091ED000AB5EEC00AF1EE10FA05DDB4EE39
:10056000E10AF1EE10FA09DD06E0B1EE400AF4EE20
:10057000C01AF1EE10FA01D2F0EE401A521ECDD19F
:10058000F5EEC01AF1EE10FA00F07381F5EEC02A14
:100590000126F1EE10FA0099D4BFB1EE620AB0EE76
:1005A000620AB4EE610AF1EE10FA1CBFAEEB08026B
:1005B000B2F1010C47D005FB08F201EB820292ED8B
:1005C000001A00BFB0EE410A05FB06F4B5EEC00A02
:1005D00000EB8404F1EE10FACCBFF0EE400AF1EE2D
:1005E000400AF4EE610AF1EE10FA28D1B5EB080CDE
:1005F00011D0BCF1004F7DD2BCF1000F0BDD00BF6C
:1006000092ED000AD1ED000ABCF1010CE2EC010A06
:10061000A1EC010AF4D129000ED0B1F1004F6AD249
:10062000002909DD94ED000AD0ED000A491EE4EC32
:10063000010AA0EC010AF5D1012002900BE0761C22
:10064000BCF1010CBED10298012804D0F5EEC02AFD
:10065000F1EE10FA7ED09BED000AB5EB08009A4649
:100660005946064622D0B0F1004F74D200281DDD55
:10067000091F10F0010F06D0F0EE400A80EEA01A1C
:1006800081ED011A091D401010D000BFD1ED010A03
:10069000401E80EE801A81ED011A91ED021AC1EE22
:1006A000000AC1ED020A01F10801EFD1280026D0AD
:1006B000B0F1004F7ED2002821DDAAF1040110F034
:1006C000010F06D0D1ED010A80EE801A81ED011AEA
:1006D000091D401013D000BFD1ED010A401E80EE6D
:1006E000801A81ED011AD1ED020A80EE801A81EDA7
:1006F000021A01E0CBE0D6E001F10801ECD1DDE91E
:1007000000124FF000095FEA0E0773D0C14504BF25
:1007100001EB860102EB850274D091ED000ADC4604
:100720005046331E35D01C46B6F1004F7ED2002C09
:100730002FDD0B1FABF1040C16F0010F0FD0F0EE04
:10074000400ADCED011AB0EE601A00EEE11A83ED0A
:10075000011A01E08DE0B1E01B1D0CF1040C7410D6
:1007600015D000BFD3ED010A9CED011A40EE410AFD
:10077000C3ED010AD3ED020A9CED021A0CF1080C3C
:1007800040EE410AC3ED020A0833641EEAD101EBD0
:1007900086012B0036D0B3F1004F72D2002B31DD31
:1007A000A2F1040CAAF1040013F0010F0CD0DCED4F
:1007B000010A00E08BE090ED011A001D40EE410AB5
:1007C000CCED010A0CF1040C5C1019D0DCED010A2F
:1007D00090ED011A40EE410ACCED010ADCED020A6F
:1007E00090ED021A083040EE410ACCED020A03E017
:1007F000000000000DE005E0641E0CF1080CE5D1DE
:1008000002EB830201EB88017F1E09F101097FF4ED
:100810007DAF009808F10108001D00900398401E6C
:1008200003907FF44BAE0299012900E058E004BF29
:1008300006B0BDE8F08F00BFB5EEC00AF1EE10FAC9
:100840007FF4E9AD04990EFB05F3002B4A684FF0E5
:1008500000010BD902EB810C9CED000AB5EEC00A39
:10086000F1EE10FA02D1491C8B42F3D88B427FF48F
:10087000D2AD6FF00400CEE5E0EC010A491EFBD1D9
:10088000EFE538E0E0EC010A521EFBD108E692EDFC
:10089000000AD1ED000ABCF1010CE2EC010AA1EC66
:1008A000010AF4D1B7E694ED000AD0ED000A491E22
:1008B000E4EC010AA0EC010AF5D1BDE6D1ED000A95
:1008C000401E80EE801AA1EC011AF7D1EEE6D3EDBE
:1008D000000A401E80EE801AA3EC011AF7D10EE741
:1008E000BCEC011AD1ED000A5B1E40EE410AE1ECBE
:1008F000010AF5D14DE7B0EC011AD2ED000A5B1EFA
:1009000040EE410AE2EC010AF5D17BE72DE9F04F18
:1009100082B0466853680193058847884B88002059
:1009200000900888874201BFB2F800C06545528830
:1009300093421EBF6FF0020002B0BDE8F08F9FED42
:10094000412A4FEA970EC7F3400B00BFDDE90002D2
:1009500002EB800A4A6898464FF00009B0EE420A5E
:10096000B4465FEA0E0025D092ED001ADCED001AC5
:1009700002EB8302DCED010A01EE810A92ED001A1E
:1009800002EB8302401ED2ED001A02EB830200EE5E
:10099000810A9CED021ADCED030A00040CF1100C34
:1009A000000C01EE210A92ED001A02EB830200EE28
:1009B000810AD9D117F0030026D0ACF10404A2EBD0
:1009C000830210F0010F08D002EB8302D4ED010A7C
:1009D00092ED001A241D00EE810A5FEA0B0013D08D
:1009E00002EB830CD4ED010A9CED001A02EBC3026A
:1009F000401E00EE810AD4ED020A92ED001A04F1C5
:100A0000080400EE810AEBD109F10100AAEC010A09
:100A10001FFA80F9486800EB8902A8F101001FFA6B
:100A200080F8B8F1000F99D1009806EB87061844BA
:100A300080B20090681E05042D0C87D102B0002002
:100A4000BDE8F08F0000000070B405880E8844688F
:100A5000D1F804C05368B54208D14088498888421B
:100A600001BF11888D425188884203D070BC6FF05D
:100A70000200704705FB00F1880827D094ED001AAA
:100A8000DCED000A94ED010ADCED011A31EE601A8A
:100A9000D4ED020A70EE611A9CED020A83ED001A91
:100AA000C3ED011A94ED031ADCED031A30EEC00A0F
:100AB000401E71EE610A83ED020A04F11004C3EDD9
:100AC000030A03F110030CF1100CD7D111F003004D
:100AD00030D0B0F1004F30D200282BDD211F1B1F7A
:100AE000ACF1040210F0010F0AD091ED010AD2ED31
:100AF000010A091D121D30EE600A83ED010A1B1D5B
:100B0000400817D091ED010AD2ED010A401E30EEE7
:100B1000600A83ED010A91ED020AD2ED020A01F1A9
:100B2000080102F1080230EE600A83ED020A03F1C7
:100B30000803E7D170BC00207047B4EC010A401EE6
:100B4000FCEC010A30EE600AA3EC010AF5D1F1E7F2
:100B50002DE9F04F02884768B0F802804888D1F844
:100B6000049082B04FF0000A1646824207BF0988FF
:100B700088456FF0020002B018BFBDE8F08F4FEA61
:100B8000980B02EB42000190C8F34000CDF8000042
:100B900009EB8A01BBF1000F33D0019801EB820C05
:100BA00001EB80043B46E64601EBC2054FEA0B0031
:100BB00093ED000A401E81ED000A93ED010A01EB5E
:100BC00002118CED000A93ED020A0CEB021C85ED7C
:100BD000000A93ED030A05EB021584ED000A04EB0D
:100BE000021403F11003E3D10EEB820000EB82004C
:100BF00000EB8201ABF10100504307EB0B1701EB57
:100C0000001118F0030C21D03B1FA1EB82011CF056
:100C1000010F06D093ED010A01EB82011B1D81ED4E
:100C2000000A009880B100BF93ED010A01EB820435
:100C300001EBC20184ED000A93ED020A401E81ED32
:100C4000000A03F10803EFD107EB8C070AF101005A
:100C50001FFA80FA701E0604360C99D102B00020EB
:100C6000BDE8F08F2DE9F05F0546002092469B46D7
:100C700088460646814640241BE0284641464746B2
:100C8000224600F061F853465A46C01A914110D3EB
:100C900011461846224600F048F82D1A67EB010865
:100CA0004F4622460120002100F03FF817EB0009D3
:100CB0004E41201EA4F10104DFDC484631462A469D
:100CC0004346BDE8F09F40EA01039B0703D009E0DB
:100CD00008C9121F08C0042AFAD203E011F8013B28
:100CE00000F8013B521EF9D27047D2B201E000F881
:100CF000012B491EFBD270470022F6E710B51346C0
:100D00000A4604461946FFF7F0FF204610BD10B50D
:100D10004843044609F0BEF8002805D00021002C05
:100D200002D0641E0155FAE710BD202A04DB203AE8
:100D300000FA02F1002070479140C2F1200320FA2E
:100D400003F3194390407047202A04DB203A21FA2C
:100D500002F00021704721FA02F3D040C2F12002D4
:100D60009140084319467047064C074D06E0E0687D
:100D700040F0010394E8070098471034AC42F6D3E2
:100D8000FFF706FAC0A80008E0A8000870B58C18A4
:100D900010F8015B15F0070301D110F8013B2A118F
:100DA00006D110F8012B03E010F8016B01F8016B7C
:100DB0005B1EF9D12B0705D40023521E0DD401F878
:100DC000013BFAE710F8013BCB1A921C03E013F841
:100DD000015B01F8015B521EF9D5A142D8D3002076
:100DE00070BD00000020C4F202001021012201F0B9
:100DF0002DBB00000020C4F202001021002201F0EF
:100E000025BB000040F20040C4F202000121012293
:100E100001F01CBB40F20040C4F20200012100229C
:100E200001F014BB70B50446FFF7E4FF922000F018
:100E300081FB922000F07EFB552000F07BFB40F20E
:100E40004035C2F20005E870552000F073FB2871B0
:100E5000552000F06FFB6871552000F06BFBA87106
:100E6000552000F067FBE871552000F063FB287205
:100E7000FFF7B8FFB5F9030040F20C06C2F2000616
:100E800000EE100A96ED011AB8EEC00A94ED082A99
:100E900021EE000A22EE000A84ED000AB5F90500F1
:100EA00096ED011A00EE100AB8EEC00A21EE000A13
:100EB00022EE000A84ED010AB5F9070000EE100ADF
:100EC000B8EEC00A21EE000A22EE000A84ED020A02
:100ED000FFF7A0FF802000F02DFB552000F02AFB3B
:100EE000E870552000F026FB2871552000F022FB09
:100EF0006871552000F01EFBA871552000F01AFB08
:100F0000E871552000F016FB2872552000F012FB06
:100F10006872552000F00EFBA872FFF773FFE878A7
:100F20000F2845D1B5F90500317801EE100A96ED8C
:100F3000020AB8EEC11A19B394ED092AB5F90700EF
:100F400021EE001AB5F9091031EE421A02EE100A2C
:100F500094ED0A3AB8EEC22A84ED031A01EE101A93
:100F600094ED0B4A22EE002AB8EEC11A32EE432A63
:100F700021EE000A84ED042A30EE440A16E000BF98
:100F8000B5F90700B5F9091020EE011A02EE100AB2
:100F900084ED031A01EE101AB8EEC22AB8EEC11A97
:100FA00020EE022A20EE010A84ED042A84ED050ACF
:100FB000FFF720FFA22000F0BDFAA22000F0BAFA4D
:100FC000552000F0B7FAE870552000F0B3FA287108
:100FD000FFF708FFE8782979C00040EA51104FF682
:100FE00000010022CFF6FF71B2EB902F18BF08432B
:100FF00000EE100AB8EEC00AB4EE001A20EE010AA4
:10100000B3EE071A30EE010A84ED070A70BD000046
:101010002DE9F04F81B02DED108B82B00C4640F2DF
:101020002041C2F2000140F2403A0860C2F2000AD8
:1010300000208AF8000006F003FC9AF8001008432C
:101040008AF8000006F09AFC9AF8001040EA0100C5
:101050008AF8000084B300F019FB8AED050A00F05D
:1010600015FB9AED051AB2EE04BA30EE410AB4EE61
:101070004B0AF1EE10FA41DD43F6AC0041F2B061EB
:10108000C3F62230C3F6CE1141F23F62CAE9120123
:1010900000209FEDD10AC4F21B12C4F22020CAE93D
:1010A0001412CAF83C009FEDCD1A9AF8000081EEA8
:1010B000000A8AED110A1AE043F6AC0148F6C4377B
:1010C000C3F62231C3F6817741F2B06241F23F6349
:1010D000CAE911710021C3F6CE12C4F21B13C4F287
:1010E0002021CAE91322CAF85430CAF83C10C0B211
:1010F00002B0BDEC108B01B0BDE8F08F9FEDB8DA07
:10110000DFEDB89A9FEDB89AB6EE00CA0024B4EEAF
:1011100000EAB3EE07FA0AE000F0B8FA9AED051A11
:1011200030EE410AB4EE4B0AF1EE10FAA4DC9FED6A
:10113000AF0A00F03FFA4FF0000BCAE91244CAE9C7
:10114000144400BFCDF804B0FFF754FE922000F025
:10115000F1F9922000F0EEF9552000F0EBF980460D
:10116000552000F0E7F90546552000F0E3F98146E7
:10117000552000F0DFF90746552000F0DBF9044662
:10118000552000F0D7F90646FFF72CFE48EA052067
:1011900000B200EE100A40F20C00C2F2000090ED26
:1011A000011A49EA0720B8EEC00A00B221EE002A6F
:1011B00000EE100A44EA0620B8EEC00A00B221EEA2
:1011C000003A00EE100AB8EEC00A21EE001A23EE33
:1011D000030A22EE024A34EE000A21EE014A34EEFE
:1011E000000AB1EEC0AA8AED092A8AED0A3A8AED10
:1011F0000B1AB4EE4AAAF1EE10FA80F1F9809AEDDA
:10120000150AD3463AEE000A8AED150AFFF702FEE8
:10121000802000F08FF9552000F08CF9044655200D
:1012200000F088F9552000F085F98146552000F03E
:1012300081F90646552000F07DF98046552000F0E2
:1012400079F90546552000F075F98246552000F0E1
:1012500071F90746FFF7D6FD0F2C39D149EA062070
:1012600000B200EE100A40F20C00C2F2000090ED55
:10127000021AB8EEC00A9BED122A21EE000A48EAD3
:1012800005208BED0C0A30EE020A00B28BED120A3B
:1012900000EE100A9BED133AB8EEC00A21EE000AE8
:1012A0004AEA07208BED0D0A30EE030A00B28BEDFF
:1012B000130A00EE100A9BED144AB8EEC00A21EEA4
:1012C000000A8BED0E0A30EE040A59468BED140A23
:1012D000019CDA46002C3FD09BED0C0AB4EE6C0A60
:1012E000F1EE10FAC8BFF0EE40CA9BED0D1AB4EE55
:1012F0006A0AF1EE10FAB4EE6D1AB8BFF0EE40AA29
:10130000F1EE10FAC8BFF0EE41DA9BED0E0AB4EE32
:101310006F1AF1EE10FAB4EE6B0AB8BFF0EE41FAB4
:10132000F1EE10FAB4EE6E0AC8BFF0EE40BAF1EE7C
:1013300010FAB4EE48AAB8BFF0EE40EAF1EE10FAA7
:10134000B4EE68AAC8BFB0EE4A8AF1EE10FAB8BF90
:10135000F0EE4A8A10E000BFDBED0CCADBED0EBAFE
:10136000DBED0DDAF0EE6BEAF0EE6DFAF0EE6CAA62
:10137000B0EE4A8AF0EE4A8A38EE680AB4EE4C0AB9
:101380008AED040A3CEEEA2A3DEEEF1AF1EE10FA7D
:101390003BEEEE0A8AED062A8AED071A8AED080A64
:1013A0002CDCB4EE692AF1EE10FA27DCB4EE691AEF
:1013B000F1EE10FA22DCB4EE690AF1EE10FA1DDC4F
:1013C000B0EE490A00F0F6F841F26F70844204F181
:1013D000010BFFF4B7AE11E03F161B41C3F51C41F2
:1013E0000080BB459A99193E6F12033A0AD7A33B76
:1013F00008F006FDB0EE40AA01E700BF9AED120A20
:101400009AED131A9AED142A9AED153A80EE0D0A08
:1014100081EE0D1A82EE0D2A83EE0D3A8AED120A44
:101420008AED131A8AED142A8AED153AFFF7E2FCC9
:10143000A22000F07FF8A22000F07CF8552000F0F8
:1014400079F80446552000F075F80546FFF7CAFC08
:10145000E00040EA551000244FF60001B4EB902F55
:10146000CFF6FF7118BF084300EE100AB8EEC00AAD
:1014700020EE0E0A30EE0F0A8AED0F0A9AED040AEA
:10148000BAF80C00B4EE4C0A0130F1EE10FAAAF8EA
:101490000C003FF741AE9AED150A9FED241A30EE8D
:1014A000011AB0EEC11AB4EE4C1AF1EE10FA3FF781
:1014B00033AE9AED061AB4EE691AF1EE10FA3FF760
:1014C0002BAE9AED071AB4EE691AF1EE10FA3FF757
:1014D00023AE9AED081AB4EE691AF1EE10FA3FF74E
:1014E0001BAE9AED121A9FED122AB0EEC11AB4EE9D
:1014F000421AF1EE10FA3FF70FAE9AED131A9FED74
:101500000C2AB0EEC11AB4EE421AF1EE10FA3FF70F
:1015100003AE9AED141A9FED062AB0EEC11AB4EE8E
:10152000421AF1EE10FA3FF7F7ADBCE5CDCC1CC185
:101530000AD7233C80B582B040F22041C2F20001BC
:101540000B688DF807004FF47A7C0DF107010DF15F
:10155000060218460123CDF800C001F04FFC9DF8AB
:10156000060002B080BD0000FEE7000040F6041057
:10157000C2F2000000F0D0B940F62C10C2F2000018
:1015800000F0CAB940F6DC20C2F2000000F0CCBC8A
:1015900040F61C20C2F2000000F0C6BC40F63C3011
:1015A000C2F2000000F0C0BC40F67C20C2F2000095
:1015B00000F0BABC41F2040040F21022CEF200006A
:1015C000C2F20002016892ED001AB8EE411A21EE53
:1015D000000A16E00268521A01EE102AB8EE411A0B
:1015E000B4EE410AF1EE10FAD8BF70470268521A01
:1015F00001EE102AB8EE411AB4EE410AF1EE10FAEB
:1016000015DD0268521A01EE102AB8EE411AB4EE46
:10161000410AF1EE10FA0ADD0268521A01EE102AB0
:10162000B8EE411AB4EE410AF1EE10FAD2DC70477E
:1016300010B582B041F2040ECEF2000EDEF80010BA
:10164000009140F21021C2F20001DDF800C00268F2
:101650000B68009C0460DEF80000019001980C69A2
:10166000A04202D2C8680130C860ACEB020000EEB4
:10167000100A01EE103A0198B8EE400AB8EE411A8D
:1016800080EE010A086102B010BD00002DE9F047AC
:1016900082B041F20400CEF20000016840F2102A4C
:1016A00000910068C2F2000A01900199DAE9030290
:1016B000002791423CBF0130CAF80C000199002379
:1016C000CAF81010009E4FF0FF31E0FB0167DAE925
:1016D0000049DAF80880304639462246CAE90667EA
:1016E000FFF7C0FA0546A0FB040201FB0421341AEF
:1016F00067EB0106204631464A460023CAF82050CF
:10170000FFF7B0FA87B2AAF8240007FB09F0201A05
:1017100066F1000142460023FFF7A4FA01EE107AB9
:101720009FED0D2A00EE105AB8EE411A81B2B8EEC4
:10173000400A21EE021A31EE000A01EE101A9FED66
:10174000072AB8EE411A21EE021A31EE000AAAF871
:10175000260002B0BDE8F0876F12833ABD378635A8
:1017600010B54EF6FC5CCEF2000CDCF8002044F222
:101770004023C0F20F0342F08072584344F6D35323
:10178000CCF8002041F20002C1F26203CEF2000266
:101790004FF0000CA0FB033EC2F804C04DF683617D
:1017A0001368C4F21B31A0FB011443F00101116066
:1017B00040F21021C2F200014FEA9E12A30C81E810
:1017C0000D1010BD70470000082000F055BD00004E
:1017D000102000F051BD000080B5202000F04CFD2D
:1017E000402000F049FD8020BDE8804000F044BD6D
:1017F000704700007047000010B590F82040013C91
:10180000012C71D8D0F800C0002977D0DCF8104046
:10181000A40777D00CEB011CDCF8B0410CF5D87EA6
:1018200014F004049460DCF8B04119BFE40854607B
:10183000640D1460DEF80040002904F00204D46056
:10184000DCF8B44104F00F041461DCF8B441C4F3D3
:1018500007249461DCF8B4414FEA14445461DCF885
:10186000B8211A70026802EB0112D2F8B8214FEACF
:1018700012225A70026802EB0112D2F8B8214FEA24
:1018800012429A70026802EB0112D2F8B8214FEAB4
:101890001262DA70026802EB0112D2F8BC211A71EE
:1018A000026802EB0112D2F8BC214FEA12225A71EF
:1018B000026802EB0112D2F8BC214FEA12429A717F
:1018C000026802EB0112D2F8BC214FEA1262DA710F
:1018D000006814BF00F1100100F10C01002020226B
:1018E0000B681A430A6010BD00F1240101204FF477
:1018F00080220B681A430A6010BD00BFDCF80C4060
:10190000A40787D100F1240101204FF400120B68D5
:101910001A430A6010BD00002DE9F04F81B0044663
:1019200000684669D0F804908768D0F80CB0D0F809
:1019300010A0D0F81880F10704D1002530071DD47D
:1019400024E000BFF90710D00121BA07816009D453
:10195000780700F1AF80380700F1B680204600F02C
:1019600049FA02E0204600F047FA0025F80500F1A8
:101970008780F80300F1B180300707D51BF0100015
:1019800004D0206845F400751021C160700708D5A7
:101990001BF0080005D020680821C160204600F037
:1019A000F5F9B00706D52068C068800702D0204648
:1019B00000F0EEF9700607D51AF0100004D0206888
:1019C00045F4806510210161B00608D51AF00800C1
:1019D00005D0206808210161204600F005FAF006D4
:1019E00006D520680069800702D0204600F0FEF985
:1019F000B00308D519F0100005D02068102141600F
:101A0000204600F0F5F9F00308D519F0080005D0DC
:101A1000206808214160204600F0F8F9300440F1C8
:101A20009B805FEA497040F1948006F4807008EA78
:101A3000102028435FEA8871014648BF41F0020147
:101A4000B20558BF01465FEA48700D4648BF45F0F1
:101A50000405700558BF0D46300540F17A8018F036
:101A6000700000F076801038000905286CD8DFE897
:101A700000F003595D61656945F0080564E000BF49
:101A800020684FF48071BA0581600BD4780515D4B5
:101A900038051DD4204600F0B1F9F8037FF56CAF8E
:101AA0001BE000BF204600F0ABF9F8037FF564AF00
:101AB00013E000BF4FF4006558E700BF05F500557F
:101AC000F8037FF559AF08E04FF480554EE700BFAB
:101AD00005F58045F8037FF54FAF20684FF480315E
:101AE000BA0381600AD4780310D4380314D4204692
:101AF00000F088F930073FF541AF47E7204600F096
:101B000083F930073FF53AAF40E700BF05F50045E0
:101B100030073FF533AF39E705F5803530073FF53E
:101B20002DAF33E745F010050EE000BF45F020056E
:101B30000AE000BF45F0400506E000BF45F0800523
:101B400002E000BF45F480752068816921F07001D2
:101B5000816120680421416055B1606A40EA050155
:101B60002046616201B0BDE8F04FFFF743BE00BF01
:101B700001B0BDE8F08F0000B0B5C8B1044690F8E0
:101B8000200010B9204600F071F82068016841F08B
:101B90000101016000F060FC054600BF206841685B
:101BA000C90707D100F058FC401B0B28F6D312E000
:101BB0000120B0BD016821F00201016000F04CFC81
:101BC000054600BF2068416889070DD500F044FC38
:101BD000401B0B28F6D3606A052140F40030606298
:101BE000012084F82010B0BD217E0268012922F076
:101BF000800208BF80320260617E0268012922F003
:101C0000400208BF40320260A17E0268012922F032
:101C1000200208BF20320260E17E0268012922F022
:101C2000100218BF10320260217F0268012922F0E1
:101C3000080208BF08320260617F0268012922F0B1
:101C4000040208BF04320260D4E901C2D4E90335BA
:101C500061691A432A431143ACF101021143C16186
:101C600000200121606284F82010B0BD10B586B05C
:101C7000006846F60002C4F2000200219042CDE95D
:101C80000411CDE90211019134D046F20041C4F2B1
:101C90000001884277D140F22441C2F200010A6873
:101CA00043F64000C4F20200531C0B6052B90021FD
:101CB0000091016841F000710160016801F000715C
:101CC000009100990021009150F8101C142441F05B
:101CD000080140F8101C50F8100C00F008000090AB
:101CE00000980320019040F20040C4F2020000F589
:101CF000006035E043F64000C4F202000091016844
:101D000041F080610160016801F0806100910099FB
:101D100040F22441C2F200010A68531C0B6052B920
:101D200000210091016841F000710160016801F03B
:101D30000071009100990021009150F8101C40247E
:101D400041F0020140F8101C50F8100C00F00200A5
:101D5000009000986020019040F20040C4F2020020
:101D6000022102910021039103210491092105918F
:101D700001A900F08DFA20460521002200F02AFC7E
:101D8000204600F017FC06B010BD000070470000B0
:101D9000B0B540F24024C2F2000404F10802002170
:101DA00023460546FFF728FD40F62C10C2F200003E
:101DB000854201D0B0BD00BFA16840F21870512922
:101DC000C2F2000008D0522918BFB0BDD4E90021EA
:101DD0008260C160B0BD00BFD4E9002141600260F3
:101DE0008260C160B0BD0000704700007047000015
:101DF0007047000070470000704700007047000007
:101E000070470000704700007047000070470000F6
:101E1000002804BF0120704710B50446407918B16E
:101E200001206071002010BD00202071204600F0CC
:101E300005F801206071002010BD000081B043F65C
:101E40003001C4F202010068A1F50362904201D0A2
:101E500001B0704700200090086840F4805008608E
:101E6000086800F480500090009801B070470000AE
:101E700070B5866D044600F0EFFA94F8351002292B
:101E80002ED105462068216C026822F016020260FD
:101E9000426922F08002426109B9A16C19B101685E
:101EA00021F008010160016821F001010160006872
:101EB000C00708D000F0D0FA401B052818D82068C9
:101EC0000068C007F6D1E06D3F2101FA00F0B06074
:101ED000012084F835000020002184F8341070BD02
:101EE000802060650120002184F8341070BD00BF9F
:101EF00020206065032084F83500002184F8341028
:101F000070BD000090F83510022909D1052180F834
:101F100035100068016821F0010101600020704760
:101F20008021416501207047F0B581B00446002052
:101F3000009040F29410C2F200000268D4E91660EA
:101F400048F2B51337680821C1F64E338140394253
:101F5000A2FB03250CD0226813685B0708D5136821
:101F600023F004031360B160616D41F0010161650C
:101F700001218140394208D022685269120604D5F5
:101F8000B160616D41F00201616504218140394217
:101F900008D022681268920704D5B160616D41F0E3
:101FA0000401616510218140394217D02068026820
:101FB000120713D5B16002680168520308D4C9053D
:101FC00008D4016821F008010160216C21B905E005
:101FD00008033FD4216C09B120468847E16D2020D9
:101FE00000FA01F23A4241D020680368DB063DD591
:101FF000B26094F835300268052B1BD122F016022E
:102000000260426922F080024261226C0AB9A26C2D
:102010001AB1026822F0080202603F208840B060D6
:10202000012084F83500216D0020002984F8340057
:1020300052D157E00168520310D4C90512D4016887
:1020400021F010010160012084F83500002084F89F
:10205000340007E0A16C0029BED1BFE7080301D41A
:10206000616C00E0E16B09B120468847606DC8B340
:10207000606DC0072ED0052084F835002068A90ABD
:10208000026822F001020260009A01328A42009244
:102090001AD80268D20717D0009A01328A420092F9
:1020A00012D80268D2070FD0009A01328A420092F9
:1020B0000AD80268D20707D0009A01328A420092F9
:1020C00002D80268D207DFD1012084F83500002051
:1020D00084F83400E16C29B1204601B0BDE8F0403D
:1020E000084700BF01B0F0BD2DE9F041044600F003
:1020F000B3F9002C4ED00546022084F835000020AC
:10210000216884F83400086820F00100086008683D
:10211000C00708D000F0A0F9401B05286CD8216842
:102120000868C007F6D1086848F23F02CFF21002F3
:10213000D4E90135024004F10C0E9EE8C1511A4366
:102140002A4310433043384340EA0800626A40EAB9
:102150000C00042A40EA0E0320D1D4E90A5E206B69
:102160004EEA0302104308604869BEF1000F20F0F8
:10217000030040EA050040F0040C15D0B8F5005FFC
:1021800042D0B8F1000F51D1022D52D0012D47D0CD
:1021900055B94EE00120BDE8F08100BF0B604869F1
:1021A00020F0070040EA020C6FF00F004AF6AB2265
:1021B00050FA81F0CAF6AA22A0FB02231A094AF6B5
:1021C0005C03C0F600039A5C40F2FF335F284FF0D7
:1021D0003F00C1F814C021EA030100FA02F088BFF1
:1021E0000431C4E9161288600023012200206365CF
:1021F00084F83520BDE8F0810322202303206365A5
:1022000084F83520BDE8F081032DCDD8012240238C
:102210000120DFE805F0030E030500BFE7E700BF7C
:10222000AEF1C070B0FA80F0400904E0032D04D391
:10223000BAD1CEF300600028B6D00122402301209D
:10224000636584F83520BDE8F0810000B0B5044630
:1022500000F002F9054640F23800C2F200000078B2
:10226000611C18BF044400BF00F0F6F8401BA042F8
:10227000FAD3B0BD7047000043F61441C4F2010127
:102280000A68024214BF08607047FFF7F3BF0000FE
:102290002DE9F04F82B000F13E4241F6004502F1D7
:1022A000FF77C4F2020508224FEAB726A84208BF0A
:1022B0000722072E38BF4FEAB7224FF0010A002449
:1022C00000274FF00008009208E000BF023708F135
:1022D0000108202F04F1040400F0B4800E680AFA0B
:1022E00008F916EA090FF1D0D1F804A00AF0030B9F
:1022F000ABF10106012E17D80322866802FA07FE09
:10230000CA6826EA0E06BA40324382604268CAF3BF
:10231000001522EA090205FA08F54FEA480C6FEAAF
:102320000E062A4342600BE00322BA40D643BBF1BB
:10233000030FBC4604D1BC464FF0030B22E000BFA4
:10234000C2688D68324005FA0CF52A43BBF1020FD2
:10235000C26017D16FF0030202EA5802024404F08F
:102360001C030F25D2F820E005FA03FA0D692EEAC6
:102370000A0E05FA03F343EA0E031362D1F804A030
:102380000AF0030B02680BFA0CF332401A431AF4FA
:10239000403F4FF0010A026098D0002243F6440308
:1023A0000192C4F202031A6843F6004E42F48042DE
:1023B0001A601A68C4F2010E02F480420192019A76
:1023C00028F003024FF6084C7244CFF6FF7C52F817
:1023D0000C3004F00C060F25B540AB43009D05FA08
:1023E00006F6334342F80C30DEF808204B6842EA28
:1023F000090643F60C4CDD0258BF22EA0906CEF866
:102400000860C4F2010CDCF800209D0242EA0906D3
:1024100058BF22EA0906CCF80060DEF804209D03CC
:1024200042EA090658BF22EA0906CEF80460DEF83F
:102430000020DB0342EA090658BF22EA0906CEF86B
:10244000006043E702B0BDE8F08F0000002A08BF3B
:10245000090481617047000046F61070C2F2000066
:102460000068704740F2380046F61071C2F2000072
:10247000C2F2000100780A6810440860704700004A
:1024800080B543F60040C4F20200016841F40071D7
:102490000160016841F480610160016841F480716C
:1024A0000160032000F0C2F8002000F005F800F001
:1024B0005FF8002080BD000070B586B0002543F6AF
:1024C00040010195C4F202010A68044642F001028B
:1024D0000A60096801A801F00101019101996946AA
:1024E00000F064F9049E002E18BF012600F07EF96A
:1024F0004DF68361B040C4F21B31A0FB01014FF0E7
:10250000FF3000EB914140F6CC40C2F200004FF0AA
:10251000804240F2E733C0E90021C0E9025305617F
:10252000856100F07DFE054610B1284606B070BDFD
:1025300040F6CC40C2F2000000F0DAFE054600286A
:10254000F3D11C2000F036F80F2C0DD81C202146AA
:102550000022002500F03EF840F23C00C2F20000EC
:102560000460284606B070BD0125284606B070BD3F
:1025700082B0002043F640010190C4F202014A6893
:1025800042F480424A604A6802F480420192019A11
:1025900000900868002240F08050086008680F2111
:1025A00000F08050009000986FF0010002B000F041
:1025B00011B80000002848BF704700F01F01012239
:1025C00002FA01F14EF200124009CEF2000242F886
:1025D0002010704710B54EF60C5CCEF2000CDCF803
:1025E0000030C3F3022E8EF00704042C28BF04240D
:1025F000BEF103034FF0FF3E0EFA04F438BF002390
:10260000A14399400EFA03F39A43114300F00F02DD
:10261000043A624409010C3200F16043B0F1FF3F1B
:10262000C8BF03F56442117010BD00004EF60C5196
:10263000CEF200010A684FF6FF031A4060F30A2247
:1026400042F0806040F0FD70086070472DE9F04175
:10265000002800F08B8043F60808C4F20208044604
:10266000D8F8F8030D4600F00700884207D288F832
:10267000F853D8F8F80300F00700A84276D1206894
:10268000810717D5410705D5D8F8001041F4E0516E
:10269000C8F80010010705D5D8F8001041F46041D2
:1026A000C8F80010D8F80010A26821F0F00111431A
:1026B000C8F80010C0073FD1D8F8F80300F00700B1
:1026C000A84207D988F8F853D8F8F80300F00700B3
:1026D000A8424BD12068410707D5D8F80010E2681E
:1026E00021F4E0511143C8F80010000708D5D8F8CC
:1026F0000000216920F4604040EAC100C8F80000F1
:1027000000F09CF8D8F800104AF2B472C1F303113B
:10271000C0F60002515C40F2941220FA01F140F23E
:102720003C00C2F200000068C2F200021160FFF734
:10273000C3FE0020BDE8F0816068811E022907D237
:1027400058F8081C89015CBF0120BDE8F08111E048
:10275000012807D158F8081C89035CBF0120BDE897
:10276000F08107E058F8081C890703D40120BDE870
:10277000F08100BFD8F8001021F003010843C8F829
:102780000000FFF769FE064641F28837D8F80000DE
:10279000616800F00C00B0EB810F8DD0FFF75CFE9C
:1027A000801BB842F2D90320BDE8F0810F220260FD
:1027B00043F60802C4F20202136803F00303436005
:1027C000136803F0F0038360136803F4E053C360FD
:1027D000D2F800C04FF4E05303EADC030361D2F8FF
:1027E000F80300F0070008607047000040F2941002
:1027F00043F60801C2F20000C4F202010068096851
:102800004AF2C472C1F38221C0F60002515CC84092
:102810007047000040F2941043F60801C2F2000035
:10282000C4F20201006809684AF2C472C1F342317D
:10283000C0F60002515CC8407047000010B543F676
:102840000404C4F20204606800F00C0008280BD0F5
:10285000042819BF42F20040C0F2F40041F60030F3
:10286000C0F2B70010BD00BF20682168236849028C
:1028700041F60031C0F2B70100F03F02C3F3881007
:102880005CBF42F20041C0F2F401A1FB0001002351
:10289000FEF7E8F921680222C1F3014102EB410190
:1028A000B0FBF1F010BD00002DE9F04182B000282E
:1028B0006AD00446007843F60006C007C4F2020658
:1028C0000BD0B06800F00C00042840F0A180306804
:1028D000800302D56068002856D0207880071AD57A
:1028E000B06810F00C0F09D0B06800F00C00082898
:1028F00040F0A8807068400200F1A4803068800732
:1029000002D5E06801283FD13068216920F0F80045
:1029100040EAC10030602078000739D420784007B1
:102920004ED4A5695DB3B06800F00C00082840F0F3
:10293000BD80012D28D07068E16900F480028A42D0
:1029400022D1216A00F03F028A421DD147F6C071B0
:10295000626A0140B1EB821F16D1A26A0023CFF652
:10296000FF7303EBC23200F440316FF30F02914268
:102970000AD1E16A00F07060B0EB016F04D1002071
:1029800002B0BDE8F08100BF012002B0BDE8F081D7
:102990006069002840F20000C4F2472076D001218F
:1029A000C0F8801EFFF758FD054600BF706F800716
:1029B000B4D4FFF751FD401B0228F7D9DDE000BF7A
:1029C000306C10F080580AD100200190306C40F03B
:1029D00080503064306C00F080500190019847F2D4
:1029E0000007C4F200073868C00541D4386840F4D5
:1029F00080703860FFF730FD054600BF3868C005BD
:102A000036D4FFF729FD401B0228F7D9B5E000BFF7
:102A1000B06800F00C00082803D1706840023FF550
:102A200056AF6068B0F5803F07D0B0F5A02F40F0FA
:102A30008D80306840F480203060306840F4803011
:102A400030608DE0E068002852D00020C4F24720BA
:102A500001210160FFF700FD054600BF30688007D7
:102A60003FF552AFFFF7F8FC401B0228F6D984E08F
:102A7000A068012805D005284ED1306F40F0040031
:102A80003067306F40F0010030674FE00021C0F840
:102A9000801EFFF7E1FC0546706F80077FF53EAFB3
:102AA000FFF7DAFC401B0228F6D966E00027C4F2E3
:102AB000472700203866FFF7CFFC022D05460BD1D3
:102AC000306880015ED5FFF7C7FC401B02284FF03D
:102AD0000300F5D954E700BF306880017FF54FAFA0
:102AE000FFF7BAFC401B02284FF00300F4D947E778
:102AF0000020C4F2472000210160FFF7ADFC05462D
:102B0000306880077FF507AFFFF7A6FC401B02285F
:102B10004FF00300F4D933E7316F002821F00101B1
:102B20003167316F21F0040131674DD0FFF794FC1C
:102B3000054641F2883700BF306F800756D4FFF753
:102B40008BFC401BB842F7D917E000BF3168002862
:102B500021F480313160316821F4802131604FD01F
:102B6000FFF77AFC054600BF306880033FF5B5AE3D
:102B7000FFF772FC401B6428F6D9032002B0BDE8C1
:102B8000F08100BF04F11C052FCD08430021CFF6D2
:102B9000FF7140EA821001EBC3316FF30F0140EA8D
:102BA00005600843706001203866FFF755FC044655
:102BB000306880013FF5E3AEFFF74EFC001B0228B2
:102BC0004FF00300F4D9DBE6FFF746FC054641F27F
:102BD000883700BF306F800708D5FFF73DFC401BEA
:102BE000B8424FF00300F5D9CAE600BFB8F1000FB4
:102BF0007FF497AE306C20F08050306491E600BFD7
:102C0000FFF72AFC054600BF306880037FF565AEFC
:102C1000FFF722FC401B64284FF00300F4D9AFE615
:102C200070B538B10446406A30B10020206104F12B
:102C3000140007E0012070BD6068B0F5827F03D00A
:102C400004F11C00002101600026A66294F85100E6
:102C500020B9204684F8506000F03CF8022084F847
:102C6000510094E80F0001F48271056802F40442F7
:102C700025F040050560114403F400622369114406
:102C800003F002026369114403F00102A369E569DC
:102C9000114403F40072114405F03802256A11440E
:102CA00005F08002A56A114305F40052114301604A
:102CB000626A042101EA134102F0100211444160EA
:102CC000C16921F40061C1610120666584F8510089
:102CD000304670BD2DE9F04F85B00446006843F2E0
:102CE0000007C4F20107B84202D005B0BDE8F08F7A
:102CF000002643F630000096C4F2020041696D469A
:102D000041F48051416141694FF0020901F4805161
:102D100000910099009601684FF0010A41F002010C
:102D2000016001684FF0030B01F00201009100996E
:102D3000009601684FF0050841F00101016000684C
:102D4000294600F00100009000981820009007F537
:102D50005440CDF80490CDF808A0CDF80CB0CDF8D3
:102D60001080FFF795FA80208DE8010ECDF81080D5
:102D700046F2404807F550402946C4F20208FFF7E2
:102D800087FA40F65C15C2F200054FF440304FF070
:102D9000C0674FF48069C5E908062846C5E9008781
:102DA000C5E90266C5E90496C5E90666FFF79CF920
:102DB000002818BFFEF71CFDE564AC6340F6BC15A7
:102DC00008F11800C2F200054021C5E9000705F12D
:102DD000080080E842024FF40030C5E908062846A2
:102DE000C5E90566EE61FFF77FF9002818BFFEF719
:102DF000FFFCA564AC6305B0BDE8F08F2DE9F0439E
:102E000083B0044690F85000012803D1022003B09B
:102E1000BDE8F08301201E4615460F4684F8500099
:102E2000FFF71AFB94F851108146012940F0988071
:102E3000002F4FF0010018BF002D00F09E80002EE3
:102E400000F09B8094F85100002104281CBF05204D
:102E500084F851006165A563E687A6872763E68647
:102E60002068A686216461640168490603D401686C
:102E700041F0400101606168731EE268B1FA81F1BE
:102E8000B3FA83F3DDF8288049095B09B2F5006FD6
:102E900041EA03017AD131B137F8021BC1602763DF
:102EA000E08E0138E086012518F1010031D101E002
:102EB000FFF7D2FAE08E18B9E08F002800F0D0803A
:102EC0002068816889070CD5E18E51B1012D08D1A8
:102ED000216B002531F8022BC2602163E18E01399C
:102EE000E1868168C907E3D0E18F0029E0D0C0689E
:102EF000A16B012521F8020BA163E08F0138E08767
:102F0000D6E700BFFFF7A8FAA0EB0900404580F024
:102F1000FD80E08E18B9E08F002800F0A1802068C5
:102F2000816889070CD5E18E51B1012D08D1216B43
:102F3000002531F8022BC2602163E18E0139E18660
:102F40008168C907DED0E18F0029DBD0C068A16BA2
:102F5000012521F8020BA163E08F0138E087D1E75A
:102F60006068B0F5827F07D1A06800284FF00200AA
:102F700008BF042901D15BE70220012184F8511028
:102F8000002184F8501003B0BDE8F08339B13978DE
:102F90000173206B01302063E08E0138E08601254B
:102FA00018F1010033D101E0FFF756FAE08E10B9B5
:102FB000E08F002854D02068816889070ED5E18E03
:102FC00061B1012D0AD1216B002509780173216BB4
:102FD000206801312163E18E0139E1868168C907EA
:102FE000E2D0E18F0029DFD0C068A16B0125087015
:102FF000A06B0130A063E08F0138E087D4E700BF09
:10300000FFF72AFAA0EB0900404580F08180E08EAE
:1030100008B9E08F20B32068816889070ED5E18E5A
:1030200061B1012D0AD1216B002509780173216B53
:10303000206801312163E18E0139E1868168C90789
:10304000DED0E18F0029DBD0C068A16B01250870BC
:10305000A06B0130A063E08F0138E087D0E700BFAC
:1030600040F29410C2F20000006849F68171C1F28A
:103070005E61A0FB0101480D4FF47A714843029054
:103080006068B0F5827F0FD12046802142464B46D2
:1030900004F038F860B3606D40F0200060652020D7
:1030A0006065012069E700BF029808B30298013803
:1030B00002902068806800061AD50298C0B1029874
:1030C0000138029020688068000611D5029878B116
:1030D00002980138029020688068000608D502989E
:1030E00030B1029801380290206880680006DBD475
:1030F000A06800284FF000007FF43FAF01902168E6
:10310000CA68019289680191019936E7032034E782
:10311000032032E77047000070470000B0B590F818
:103120003C20012A04BF0220B0BD01F108053CCDBE
:10313000D1E900CE23F47C5322F470521A432EF4CA
:10314000F0431A432CF4E0431A4324F4C0431A43D7
:103150002A43C96922F4804203681143596400215B
:1031600080F83C100846B0BD10B590F83C20012A0C
:103170004FF0020251D080F83D200268D2F804E0FE
:10318000D2F808C00C682EF07003234341F2FF749C
:10319000C4F20004A24253600EDC40F2FF73C4F29A
:1031A00000039A4216DCB2F1804F2BD040F200436C
:1031B000C4F2000324E000BF40F2FF33C4F2010375
:1031C0009A4213DC41F60003C4F200039A4219D07C
:1031D000002313E040F60003C4F200039A4211D02A
:1031E00040F60043C4F200030AE000BF44F20003CB
:1031F000C4F201039A4205D040F20043C4F2010335
:103200009A4204D149682CF080031943916001214E
:10321000002280F83D1080F83C20104610BD0000D0
:10322000002804BF0120704710B5044690F83D0007
:1032300028B9002084F83C00204600F01FF8022046
:1032400084F83D002068211D04F01EF8012084F858
:10325000460084F83E0084F83F0084F8400084F87B
:10326000410084F8420084F8430084F8440084F864
:10327000450084F83D00002010BD000080B582B0FC
:10328000006842F20001C4F20001884216D044F204
:103290000041C4F2010188420ED10020019043F6A2
:1032A0004000C4F20200416841F4003141604068CE
:1032B00000F400300190019802B080BD0020009021
:1032C00043F64000C4F202000168002241F480711C
:1032D00001600068052100F48070009000982D20A6
:1032E000FFF778F92D2002B0BDE88040FFF762B902
:1032F00090F83D1001291CBF01207047022180F881
:103300003D10006841F2FF72C168C4F200029042B1
:1033100041F00101C1600DDC40F2FF71C4F2000117
:10332000884215DCB0F1804F2AD040F20041C4F24F
:10333000000123E040F2FF31C4F20101884213DCB6
:1033400041F60001C4F20001884219D0002113E0C7
:1033500040F60001C4F20001884211D040F600415D
:10336000C4F200010AE000BF44F20001C4F201010E
:10337000884205D040F20041C4F20101884206D1E2
:10338000816801F00701062904BF00207047016829
:1033900041F001010160002070470000704700000B
:1033A00010B5016804460869800744BFC8685FEA31
:1033B000807039D40869400744BFC8685FEA40702C
:1033C0003ED40869000744BFC8685FEA007045D46E
:1033D0000869C00644BFC8685FEAC0604AD408698B
:1033E000C0071CBFC8685FEAC07051D108690006F9
:1033F00044BFC8685FEA006052D40869400644BF11
:10340000C8685FEA406053D40869800646BFC86850
:103410005FEA806010BD6FF0200220460A61BDE8BF
:103420001040FFF779BE00BF6FF002000861012075
:1034300020778869800743D02046FFF7AFFF45E03B
:103440006FF00400086102202077886910F4407F43
:1034500040D02046FFF7A2FF42E000BF6FF0080017
:10346000086104202077C86980073DD02046FFF717
:1034700095FF3FE06FF01000086108202077C869D1
:1034800010F4407F3AD02046FFF788FF3CE000BFB1
:103490006FF001000861204600F024FA2168A5E7DA
:1034A0006FF0800008612046FFF734FE2168A4E732
:1034B0006FF040000861204600F01CFA2168A3E785
:1034C000204600F025F8204600F080F92168002011
:1034D00020776FE7204600F01BF8204600F076F9D1
:1034E0002168002020776CE7204600F011F8204684
:1034F00000F06CF921680020207769E7204600F091
:1035000007F8204600F062F921680020207766E77E
:10351000704700002DE9F04190F83C30012B04BFCA
:103520000220BDE8F0814FEAB202032A00F2FC80DB
:10353000DFE802F0023E7EBE036840F200471A6AEE
:1035400043F4806522F001021A621C6A1A46D3F81D
:1035500004E052F818CF8E6824F00204C4F2010788
:10356000BD4244EA060405D1CE6824F00C0426F0DE
:10357000040634430E68BD4207D1D1E905572EF445
:10358000407E45EA0E0545EA070E2CF073073743E7
:10359000C3F804E09F614F6809695F631C629F691B
:1035A00047F008079F619F6927F004079F61B1E01A
:1035B000036840F200481A6A43F4806522F0100262
:1035C0001A621C6A1A46D3F804E052F818CF8F68C2
:1035D00024F02004C4F20108454544EA071407D149
:1035E000CF686FF0400624F0C00406EA07163443A3
:1035F0000F68454507D1D1E905562EF4406E4EEAD5
:10360000850545EA860E2CF4E64646EA0727C3F808
:1036100004E09F614F6809699F631C629F6947F4DA
:1036200000679F619F6927F480679F6171E000BF19
:10363000036840F200481A6A43F4806522F48072FD
:103640001A621C6A1A46D3F804E052F81CCF8F683D
:1036500024F40074C4F20108454544EA072408D163
:10366000CF6840F2FF463F0224F4406427EA060692
:1036700034430F68454507D1D1E905562EF4405E25
:103680004EEA051545EA061E2CF073063743C3F8CB
:1036900004E0DF614F680969DF631C62DF6947F09E
:1036A0000807DF61DF6927F00407DF6132E000BF50
:1036B000036840F200451A6A43F4806722F480529E
:1036C0001A621A46D3F820C05C6852F81CEFD1F891
:1036D00000808E68C4F20105AF4204D14D6924F424
:1036E000804444EA85142CF4005747EA06372EF448
:1036F000E64646EA08265C60DE614E6809691E649B
:103700001F62DF6947F40067DF61DF6927F48067C4
:10371000DF6109021368194311600021002280F85B
:103720003C200846BDE8F0810121002280F83C20C1
:103730000846BDE8F0810000002804BF0120704762
:1037400010B5044690F83D0028B9002084F83C00EC
:10375000204600F01FF8022084F83D002068211D5B
:1037600003F092FD012084F8460084F83E0084F8BE
:103770003F0084F8400084F8410084F8420084F857
:10378000430084F8440084F8450084F83D0000209C
:1037900010BD000081B000680021C4F20101884220
:1037A00002D001B0704700BF0020009043F64400F3
:1037B000C4F20200016841F001010160006800F0FC
:1037C00001000090009801B07047000070470000B1
:1037D00041B1082910D0042914BF00F1410200F1C1
:1037E0003F020BE090F83E20012A1CBF01207047E9
:1037F000022280F83E2013E000F140021278012AF4
:103800001CBF012070470222082907D0042914BFD9
:1038100080F8412080F83F2002E000BF80F840207F
:10382000006801F01F010122036A02FA01F123EA94
:1038300001020262026A114341F2FF72C4F2000205
:10384000904201620CDC40F2FF71C4F20001884238
:1038500014DCB0F1804F37D040F2004116E000BFD9
:1038600040F2FF31C4F20101884215DC41F600014B
:10387000C4F20001884227D0002115E040F6000183
:10388000C4F2000188421FD040F60041C4F200019A
:10389000884219D01FE000BF44F20001C4F20101C8
:1038A000884211D040F20041C4F20101884212D195
:1038B000416C40F2004340F48062C4F2010341F4E1
:1038C00000419A42416406D1816801F0070106294E
:1038D00004BF00207047016841F001010160002031
:1038E000704700000068B0F1804F08BFFEF7BABD16
:1038F00070470000704700007047000070470000EC
:10390000B0B582B0044600680168C368426901F03E
:103910002F05202D03F0200506D12DB1204602B041
:10392000BDE8B04003F08CBE5FEA017C1EBF02F030
:10393000010E03F4907212EB0E0255D1226B012A94
:1039400005D111F0100218BF13F0100236D10A068B
:1039500022D513F080021FD094F83D10212941D1C7
:10396000A168B1F5805F03D12169002900F06C8264
:10397000216A4A1C226209784160E18C01390A04FB
:10398000E1842FD1C16821F08001C160C16841F09C
:103990004001C16002B0B0BD490623D513F040011B
:1039A00020D0C16821F04001C1602021204684F868
:1039B0003D1002B0BDE8B04000F090BB0021019185
:1039C000016801914168019101994169490600F13D
:1039D0008B80A18DE28DE38D002B1CBF891A5FEADD
:1039E00001420CD102B0B0BDCA0718BF13F48072F7
:1039F00040F032814A0700F135813AE1206850E811
:103A0000030F226820F4907042E80303DBB12068C2
:103A100050E8030F226820F4907042E8030393B14A
:103A2000206850E8030F226820F4907042E80303F6
:103A30004BB1206850E8030F226820F4907042E8F0
:103A40000303002BDAD1206850E8050F226820F02C
:103A5000010042E80503DBB1206850E8050F226849
:103A600020F0010042E8050393B1206850E8050FFB
:103A7000226820F0010042E805034BB1206850E8BD
:103A8000050F226820F0010042E80503002BDAD17F
:103A9000202084F83E0000202063206850E8030FB7
:103AA000226820F0100042E80303DBB1206850E8F0
:103AB000030F226820F0100042E8030393B120684E
:103AC00050E8030F226820F0100042E803034BB1D6
:103AD000206850E8030F226820F0100042E803033A
:103AE000002BDAD189B2B0E0A26B11684B689DB2AD
:103AF000002D3FF477AFA18D8D42BFF473AFE38506
:103B0000D269B2F5807F00F09D8050E8030F2168F4
:103B100020F4807041E80302E2B1206850E8030F0E
:103B2000216820F4807041E803029AB1206850E8CF
:103B3000030F216820F4807041E8030252B120682D
:103B400050E8030F216820F4807041E803020AB1B5
:103B50002068DAE7206850E8050F216820F00100AE
:103B600041E80502DAB1206850E8050F216820F02D
:103B7000010041E8050292B1206850E8050F216874
:103B800020F0010041E805024AB1206850E8050F25
:103B9000216820F0010041E80502002ADAD12068FE
:103BA00050E8050F216820F0400041E80502DAB135
:103BB000206850E8050F216820F0400041E8050228
:103BC00092B1206850E8050F216820F0400041E8DC
:103BD00005024AB1206850E8050F216820F0400036
:103BE00041E80502002ADAD1202084F83E000020B6
:103BF0002063206850E8030F216820F0100041E89E
:103C00000302DAB1206850E8030F216820F01000A9
:103C100041E8030292B1206850E8030F216820F0C8
:103C2000100041E803024AB1206850E8030F216800
:103C300020F0100041E80302002ADAD1A06BFEF761
:103C400017F9A18DE08D081A81B2204602B0BDE8B7
:103C5000B040FFF751BE00BF226C42F00102226467
:103C60004A0706D5BEF1000F03D0226C42F00202D3
:103C700022648A0706D5BEF1000F03D0226C42F001
:103C800004022264BCF1000F06D555EA0E0203D0EF
:103C9000226C42F008022264226C002A3FF4A2AE99
:103CA00011F0200118BF002D03D0204603F0C8FCFE
:103CB00020684169226C01F0400102F00802891875
:103CC00000F0A28050E8030F216820F4907041E8D2
:103CD0000302C2B3206850E8030F216820F49070FB
:103CE00041E803027AB3206850E8030F216820F40A
:103CF000907041E8030232B3206850E8030F216856
:103D000020F4907041E80302EAB12068DAE700BFCE
:103D1000206850E8050F216820F0010041E8050205
:103D2000DAB1206850E8050F216820F0010041E871
:103D3000050292B1206850E8050F216820F00100CB
:103D400041E805024AB1206850E8050F216820F0DB
:103D5000010041E80502002ADAD1206B012824D1B4
:103D6000206850E8030F216820F0100041E80302AA
:103D7000DAB1206850E8030F216820F0100041E814
:103D8000030292B1206850E8030F216820F0100070
:103D900041E803024AB1206850E8030F216820F08F
:103DA000100041E80302002ADAD1202084F83E0006
:103DB000002020632068416949063FD550E8050F7F
:103DC000216820F0400041E805022AB3206850E84D
:103DD000050F216820F0400041E80502E2B12068AB
:103DE00050E8050F216820F0400041E805029AB133
:103DF000206850E8050F216820F0400041E80502E6
:103E000052B12068DAE700BF2046FFF777FD0020B7
:103E1000206402B0B0BD00BFA06B78B147F235613D
:103E2000C0F600010165FEF76DF800283FF4DAAD39
:103E3000A06B016D02B0BDE8B0400847204602B05B
:103E4000BDE8B040FFF75ABD216A31F8022B6FF38D
:103E50005F224260216290E5002804BF0120704784
:103E600010B5044690F83D0028B9002084F83C00C5
:103E7000204600F021F8242084F83D002068C16825
:103E800021F40051C160204603F05AFC206801690A
:103E900021F490410161416921F02A014161C16829
:103EA00041F40051C16000202021206484F83D10BD
:103EB00084F83E1010BD00002DE9F04F87B0044695
:103EC000006841F20041C4F2010100268842CDE9B8
:103ED0000566CDE90366029600F08A8041F2000192
:103EE000C4F20101884240F0F380002743F630001D
:103EF0000197C4F202004169002541F010014161BF
:103F00004169C4F2020501F0100101910199019784
:103F1000016802AE41F002010160016846F22848E2
:103F200001F0020101910199019701684FF0020926
:103F300041F00101016000684FF0030A00F0010048
:103F400001900198802002904FF0070B05F58060EA
:103F50003146C4F20208CDE90397CDF814A0CDF89C
:103F600018B0FEF795F94FF40070CDE9020904A8E6
:103F700080E8800C28463146FEF78AF940F67C2519
:103F800008F19000C2F200054FF000664021C5E93B
:103F9000000605F108004FF4806980E88202284697
:103FA000C5E90577C5E907776F62FEF79DF8002838
:103FB00018BFFDF71DFC6563AC6340F61C2508F1D6
:103FC0006000C2F2000585E8C1002846C5E9037912
:103FD000C5E90577C5E907776F62FEF785F8002820
:103FE00018BFFDF705FCA56305F13800252566E03F
:103FF00043F630000196C4F20200416946F22848B7
:1040000041F0200141614169C4F2020801F0200140
:10401000019101990196016841F040010160006839
:1040200002A900F04000019001984FF484400290F2
:104030000220CDE903060320059008200690002009
:10404000C4F2020000F5C050FEF722F940F6DC256C
:10405000C2F200054FF020674FF480692846C5E999
:104060000087C5E90266C5E90496C5E90666C5E9A3
:104070000866FEF739F8002818BFFDF7B9FBA563FD
:10408000AC6340F63C3508F17800C2F200054021EF
:10409000C5E9000705F10800002280E8060228466D
:1040A000C5E90522C5E907226A62FEF71DF8002866
:1040B00018BFFDF79DFB656305F1380047250460D7
:1040C000284605210022FEF785FA2846FEF772FAF7
:1040D00007B0BDE8F08F0000704700007047000097
:1040E000FEE70000D0F8EC1045F6862391ED000ABB
:1040F00091ED011A91ED022A91ED033A21EE014A68
:1041000020EE005A35EE044A22EE025A35EE044AF9
:1041100023EE035A35EE044A14EE102AC5F637731F
:10412000A3EB6202BEEE006A05EE102A24EE064AF8
:1041300024EE054A24EE054AB7EE087A34EE074A23
:1041400024EE054A24EE005A24EE017A64EE020AB7
:1041500024EE034A81ED005A81ED017AC1ED020A95
:1041600081ED034A40F23851C2F2000191ED6F4AED
:10417000D0F8002121EE044AB6EE005A24EE054A9A
:1041800082ED044A91ED6F4AD0F8F80022EE044A1D
:1041900024EE054A82ED054A91ED6F4A24EE004A6D
:1041A00024EE064A82ED0A4A91ED6F4A23EE044A54
:1041B00024EE054A82ED0B4A91ED6F4A24EE033A54
:1041C00023EE063A82ED103A91ED6F3A23EE000AA3
:1041D00020EE060A82ED110A91ED6F0A22EE000A26
:1041E00020EE050A82ED160A91ED6F0A20EE010A13
:1041F00020EE060A82ED170A91ED740A90ED1C1A62
:1042000081EE002A90ED230A80ED1C2A91ED741AAC
:1042100044F2000180EE010A9FED091AC4F21C610C
:10422000B4EE412AF1EE10FAB4EE410A80ED230A11
:10423000C8BF0167F1EE10FAC8BFC0F88C10704714
:1042400000401C46B0B540F23854C2F200040120D0
:10425000207004F5D87080EC030A4CF67740C3F266
:104260002B20B7EE000AC4F8CC010025F4EE401A6A
:10427000201D06210022032384F83851F1EE10FAA4
:10428000C8BFF0EE401AC4E95055C4E95255C4ED18
:10429000741A84ED642A01F035F804F5E07004F531
:1042A000E47301210122FCF795F8D4F8EC104FF0EB
:1042B0007E52C1E90025C1E9025544F21131C0F630
:1042C000000144F2E50244F24D3344F6A90504F13D
:1042D000D00CC0F60002C0F60003C0F600058CE862
:1042E0002E0040F20111D4F80401E1854AF2CC71AC
:1042F000C0F600019022FCF7E6FCD4F8FC0040F286
:104300004001C2F200019022FCF7DDFCB0BD0000CC
:1043100010B50446D0F8F81040F24000C2F2000098
:104320009022FCF7D0FCD4F81C1140F27040C2F28D
:1043300000004822FCF7C7FCD4F80C1140F22840DA
:10434000C2F200004822FCF7BEFC10BD10B52DEDF6
:10435000088B40F238210446C2F20001D0F8EC008C
:104360000988A27B237B90ED000A90ED011A90ED65
:10437000022A90ED033AD4F80C015143594330EE30
:10438000008A31EE019A32EE02AA33EE03BAFCF74C
:10439000B3FCD4F80C01B1EE481AB1EE4A0A80ED34
:1043A000021AB1EE491A80ED000A80ED01BA80EDE3
:1043B000039A80ED069A80ED078A80ED08BA80EDB9
:1043C00009AA80ED0C8A80ED0D1A80ED0E0A80EDB1
:1043D0000FBABDEC088B10BD70B52DED108B40F2FF
:1043E0003855C2F200052878B0EE43BAB0EE628AC2
:1043F000B0EE429AB0EE61AAB0EE41CAB0EE60DA19
:104400000028B0EE40EA5DD1012028700020C4F2FF
:10441000201041F26F2149F2806205F5D873C3F68E
:104420008321C4F6183207C34CF67740C3F22B2021
:104430004FF07E560024C5E97306281D0621002290
:10444000032385F83841C5E95044C5E95244C5F80D
:10445000904100F057FF05F5E07005F5E473012188
:104460000122FBF7B7FFD5F8EC1044F2E502C1E9F1
:104470000064C1E9024444F21131C0F6000144F283
:104480004D3344F6A90605F1D00CC0F60002C0F683
:104490000003C0F600068CE84E0040F20111D5F88A
:1044A0000401E9854AF2CC71C0F600019022FCF7C4
:1044B0000AFCD5F8FC0040F24001C2F20001902253
:1044C000FCF701FC95ED580A95ED591A95ED5A2A1D
:1044D0003EEE400A3DEE411A3CEE422AB6EE003A6C
:1044E000D5F804014AF2CC7120EE03CA21EE03EAAA
:1044F00062EE038AC0F60001902285ED6FBA85ED69
:104500005B0A85ED5C1A85ED5D2A2CEE0BDA2EEE4A
:104510000BFA68EE8B9A2C1DFCF7D5FBD5F804013D
:104520002CEE4B0A2EEE4B1A28EECB2AD5E952126E
:1045300080ED010A80ED021A80ED032A80ED06DA93
:10454000C0ED089A80ED091A80ED0CFA80ED0D2A75
:1045500080ED0FDAC0ED129A80ED13FA80ED140AA7
:1045600095ED5E0A95ED5F1A95ED602A51EA02001D
:1045700095ED643A02BFB0EE482AB0EE491AB0EEAB
:104580004A0A95ED6F4A20EE030A33EE045A24EEF0
:104590000A6A23EE011A24EE097A80EE050A86EEF5
:1045A000056A81EE051A87EE057A23EE022A24EECB
:1045B000083A82EE052A83EE053A45F68620C5F6CE
:1045C0003770B7EE084A0022002630EE060A85ED65
:1045D0005E0A37EE011A85ED5F1A21EE011A33EEFD
:1045E000022A20EE003A85ED602A33EE011A22EE0F
:1045F000022A32EE011A11EE101AA0EB6101BEEE92
:10460000003A02EE101A21EE031A21EE021A21EEF0
:10461000021A31EE041A21EE021AA96821EE000AEC
:1046200081ED000A95ED5F0A21EE000A81ED010A95
:1046300095ED600A21EE000A81ED020A95ED5B0A14
:1046400095ED5C2A95ED5D5A22EE022A20EE000AD5
:1046500030EE020A25EE052A32EE000A10EE101A9C
:10466000A0EB610002EE100A20EE030A20EE020A1F
:1046700020EE020A30EE040A20EE020AB7EE002A0B
:1046800082EE000A82EE011A9FED803A002000219E
:1046900095ED6C2A85ED650AB4EE430A9FED7C0A20
:1046A000F1EE10FAB4EE401A85ED661AB8BF01209B
:1046B000F1EE10FAC8BF012195ED6F3A0840D5F828
:1046C000181122EE032A81ED002A9FED720A95ED62
:1046D0006C2A95ED6F3AB4EE401A22EE030A81ED92
:1046E000070A95ED6C0A95ED6F1AF1EE10FA20EEBF
:1046F000010A81ED0E0A95ED6C0A95ED6F1A20EE18
:10470000010A81ED150A95ED6D0A95ED6F1AB8BF96
:10471000012220EE010A81ED1C0A95ED6D0A95ED4E
:104720006F1A104020EE010A81ED230AD5F8B81166
:10473000D5F81C2185F839011160D5F8B801106150
:10474000D5F8B8011062204601F0B0F86868BFEEF5
:10475000008A90ED001A85ED541A90ED012A85ED3E
:10476000552A90ED020A85ED560A90ED033A22EEA5
:10477000000A85ED573A016921EE033A22EE022A3A
:1047800021EE011AC5F8601131EE021A406933EECC
:10479000000A31EE011A30EE000A71EE080AC5E98E
:1047A000590605F0D7F99FED3C9A95ED541A20EE85
:1047B000090A85ED6A0A95ED560A95ED572A95ED99
:1047C000553A20EE020A21EE033A22EE022A21EEA9
:1047D000011A31EE021A33EE000A31EE011A30EE00
:1047E000000A71EE080A05F0B5F920EE090A85ED18
:1047F000690A95ED540A95ED551A95ED562A95EDF1
:10480000573A22EE000A21EE031A30EE410A30EE4A
:10481000000A05F009F920EE092A95ED6A0A95EDDE
:10482000761A9FED1E3A30EE411AB4EE431AF1EEBD
:1048300010FA85ED682A03DDB5F8D401013809E0E6
:104840009FED172AB5F8D401B4EE421AF1EE10FA32
:1048500002DA0130A5F8D40100B201EE100A9FED92
:10486000112AD5E95201B8EEC11A21EE021A01301F
:1048700031EE001A41F1000185ED6B1A85ED760AE3
:10488000C5E95201BDEC108B70BD00BF9A99993EED
:10489000CDCC1441CDCC2441E12E654200003443FF
:1048A000000034C30000B4432DE9F04F81B000F1A3
:1048B000780500F18008044628464146FCF748F98F
:1048C00084F8C800B4F87800274627F8A80FB4F891
:1048D0005A0004F15801A4F8AA0028463A4600916B
:1048E000FCF714F884F8C8003888A346B4F882109E
:1048F0002BF8B00FA4F8B210384641465A46FCF7E0
:1049000005F8214684F8C80051F8900F264646F86D
:10491000A00F58463246FBF7D9FC84F8C800304651
:104920005946FBF75BFD84F8C800D4F8EC00D4F8D6
:104930002C1190ED000A90ED011A90ED022A90EDF5
:10494000033A22EE004A21EE035A20EE016A21EEDC
:10495000011A20EE000A30EE410A22EE021A35EE6C
:10496000444A22EE035A30EE410A23EE031AB4F809
:10497000780034EE044A36EE055A31EE000AA146BC
:104980004FF0010A35EE055A81ED020AB0EEC40A75
:1049900029F8B80FA4F8BAA081ED004A81ED015AB8
:1049A00004F0B6FF40F23855C2F20005D4F82C01ED
:1049B00085ED610A90ED010AB0EEC00A04F0A8FF8F
:1049C000D4F82C0185ED620A90ED020AB0EEC00A1F
:1049D00004F09EFF204630F8481F264626F8C01FE8
:1049E0004946324685ED630AA6F802A0FCF72CF88A
:1049F000318884F8C8003980584631463A46A4F8D0
:104A0000AAA0FBF783FF84F8C80030884946A4F8C1
:104A1000BA003046A9F800A0FCF79AF884F8C8005C
:104A200005F5E07248463946FBF770FF95ED731ABD
:104A300095ED720AB6EE002A21EE022AB4EE420A81
:104A4000F1EE10FA84F8C80008DA85F838A1B4EE5F
:104A5000410AF1EE10FA0DDC26E000BF95F838A10E
:104A6000BAF1000F18BF4FF0010AB4EE410AF1EE9F
:104A700010FA19DDBAF1000F16D0D5E9501095F8EB
:104A80003921013140F10000002A04BF10461146CF
:104A9000B1F1330270F10002C5E95010C0F01C8181
:104AA000002085F8380121E09FED9B2A31EE403A45
:104AB00021EE022A83EE022A9FED963ABAF1000F08
:104AC00021EE031AB7EE003AB0EE434AB4EE410AC3
:104AD0004FF0000018BFB0EE424AF1EE10FAC8BF26
:104AE000B0EE443A85ED673AC5E95000002084F8FD
:104AF0002C00B4F85800B4F88210A4F8A80000986C
:104B0000A4F8AA1041463A46FBF700FF04F19808C2
:104B100084F8C800384659464246FBF7F7FEB4F819
:104B200098C0B4F89A2084F8C80002FB0CF3D4F8BB
:104B30001C21E3B30027002002EB870195ED670AF3
:104B400091ED001A40F00107FFB220EE010ABB42CE
:104B500081ED000A2BD902EB870195ED670A91EDF3
:104B6000001A40F00207FFB220EE010ABB4281EDBD
:104B7000000A1CD902EB870195ED670A91ED001A36
:104B800040F00307FFB220EE010ABB4281ED000AAC
:104B90000DD902EB870195ED670A91ED001A0430FB
:104BA000C7B220EE010ABB4281ED000AC4D895EDE0
:104BB000610A9FED5A1A92ED0C2A80EE010A01203B
:104BC000A4F8BA0040463146A4F8B8C020EE020A64
:104BD00082ED0C0A95ED610A92ED0D2A80EE010A34
:104BE00020EE020A82ED0D0A95ED610A92ED0E2A81
:104BF00080EE010A20EE020A82ED0E0A95ED620AAD
:104C000092ED0F2A80EE010A20EE020A82ED0F0AD1
:104C100095ED620A92ED102A80EE010A20EE020A5A
:104C200082ED100A95ED620A80EE010A92ED111AEA
:104C300020EE010A82ED110A4A46FBF767FE95F85D
:104C40003821D4F8BC1084F8C800BAB395ED6F0AC7
:104C50009FED331A91ED043A20EE012AB4EE423A68
:104C6000F1EE10FA05DD81ED042A95ED6F0AB0EE44
:104C7000423A9FED2C2A20EE024AB4EE443AF1EE7D
:104C800010FABCBF81ED044A95ED6F0A91ED053A2B
:104C900020EE011AB4EE413AF1EE10FA05DD81ED95
:104CA000051A95ED6F0AB0EE413A20EE020AB4EE15
:104CB000403AF1EE10FAB8BF81ED050A0020C86055
:104CC00004F1380004F130024946FBF7FFFA84F89A
:104CD000C80001B0BDE8F08F40F23825C2F20005EF
:104CE0002A88237BD4F8E800D4F8EC105A43FBF769
:104CF000EAFF2A88237BD4F8F800D4F8FC105A4342
:104D00005A43FBF7E0FF012084F82C0001B0BDE816
:104D1000F08F00BFCDCCCC3D6666663FDA0FC93F51
:104D20000AD7233C0AD723BC80B52DED028B40F275
:104D3000B0109FED278AC2F200004FF07E51002292
:104D4000DFED210A9FED211AC0E91111C0E913120C
:104D50000121B2EE040AF7EE001AB0EE482AC0E9CB
:104D6000152280F84010FFF76DFA40F658009FEDCD
:104D7000190ADFED190ADFED191AC2F20000B3EECD
:104D8000042AB0EE481AF0EE482AB0EE483AF0EEA7
:104D9000483AB0EE484AF0EE484A0021002202F0BC
:104DA00049F940F63C40C2F200000021FEF710FD38
:104DB00040F2B84044F29631C2F20000C3F60B4113
:104DC0000164BDEC028B80BD6F12833A8096184B54
:104DD000000000000000FA440000964300007A44FE
:104DE000F0B581B02DED0A8B40F2B014C2F2000490
:104DF0002046FCF71DFC94ED031A40F26437C2F222
:104E0000000784ED020A30EE010A384684ED030AF9
:104E1000FCF708F894ED045A94ED142A9FED2B7AD0
:104E200032EE455AB0EEC55A97ED001A97ED014A99
:104E300097ED023A97ED030AD7ED045AD7ED057ABC
:104E400040F2B846B4EE475AC2F20006F1EE10FA4C
:104E500086ED040AC6ED055AC6ED067A86ED071AF8
:104E600086ED084A86ED093A34DC94ED056A94ED46
:104E7000155A35EE466AB0EEC66AB4EE476AF1EEF0
:104E800010FA27DCD4ED060A94ED166A76EE600A75
:104E9000F0EEE00AF4EE470AF1EE10FA1ADC94F8AC
:104EA0004000B8B994ED077AD4ED080AD4ED092A88
:104EB000D4ED0A1AD4ED0B4AD4ED0C6AD4ED0D3AB8
:104EC00094ED0E8A94ED0F9A87E000BF6F12833A3B
:104ED000E12E65421FED028A82EE080AFBF770F9A7
:104EE00094ED151AB0EE409A81EE081AB0EE410A20
:104EF000FBF766F994ED161AB0EE40AA81EE081A97
:104F0000B0EE410AFBF75CF994ED141AB0EE40BA2A
:104F100081EE081AB0EE410AFBF78EF994ED151AEE
:104F2000B0EE40CA81EE081AB0EE410AFBF784F9F0
:104F300094ED161A81EE081AB0EE408AB0EE410ADE
:104F4000FBF77AF92CEE081A21EE001A29EE0B2A4B
:104F500032EE017A2BEE4C1A21EE083A29EE004A85
:104F600074EE032A29EE083A23EE003A73EE011A92
:104F700022EE081A2CEE402A72EE416A6AEE403A9E
:104F800094ED142A94ED155A94ED166A96ED040AE0
:104F9000D6ED055AD6ED067A96ED071A96ED084A33
:104FA00096ED093A6AEE0C0A69EE0A4A2AEE0B9A65
:104FB000002084ED077AC4ED080AC4ED092AC4ED87
:104FC0000A1AC4ED0B4AC4ED0C6AC4ED0D3A84ED27
:104FD0000E8A84ED0F9A84F8400094ED11AA94EDA6
:104FE00013BA20EE0A0A94ED12AA67EE8B7A65EEE8
:104FF0008A5A20EEA5AA27EE00BA3BEE0AAA22EEB4
:10500000A7BA3BEE0AAA86ED04AA24EEA5AA21EED1
:1050100080BA68EE255A23EE800A30EE250A69EE42
:10502000275A35EE800A86ED060A20EE840A27EE1E
:10503000017A37EE000A22EE837A37EE000A24EE78
:10504000847A61EE810A28EE044A23EE811A3BEE4F
:105050000AAA26EEA7BA30EE877A66EE830A31EE08
:10506000041A29EE033A3BEE0AAA30EE877A73EE71
:10507000010A86ED05AA86ED087A84ED042A84EDFE
:10508000055A84ED066A86ED070AC6ED090A04F0A2
:1050900061FD9FED961A9FED968A20EE010A80EE43
:1050A000081A96ED080AD6ED090A86ED1A1A04F0D8
:1050B00051FD9FED901A06F1100020EE010A80EEDE
:1050C000084A90EC060A94ED023A86ED1B4AFFF777
:1050D00083F940F23850C2F2000000F5A8752ECDD9
:1050E000B6EE003A86E82E0096ED026A96ED037A57
:1050F00066EE460A30EE830A27EE472A96ED004A0E
:1051000096ED015A32EE000A70EE003AC6ED113A01
:1051100067EE043A65EE064A65EE055A66EE041A35
:1051200065EE072A73EE655A34EEA33A65EE046A1B
:1051300033EE034A32EEE15A86ED124A30EEA54ACA
:1051400075EE050AC6ED130A74EEE30A32EEA11AF3
:1051500070EEA01AC6ED141ADFED671A26EE077A74
:1051600065EE212AD6ED074A37EE666A37EE267AD3
:1051700072EEA22A67EE213A74EEE22AD6ED084AD0
:1051800073EEA33A64EE211A74EEE33AD6ED094ABF
:1051900071EEA11AD4ED026A74EEE11AD6ED104A4E
:1051A000D6ED0A7A96ED0B8A96ED0C9A62EEA62A57
:1051B00063EEA63A61EEA61A76EEA46A64EEA77ACA
:1051C00024EE888A64EE894AC2EEA62AC7EEA67A41
:1051D000C3EEA63A88EE268AC1EEA61AC4EEA64A07
:1051E00032EE252A72EE025AC6ED155A77EE075AAC
:1051F000C6ED165A71EE015A00F5D0752ECD6068D5
:1052000072EEA72A20EE220A73EE883A60EEA30A15
:1052100071EEA41A30EE200A21EE211A31EE000AB6
:1052200030EE000A86ED0D0A22EE230A23EE221A42
:1052300031EE000A26EE211A31EE000A30EE000AA5
:1052400086ED0E0A27EE230A25EE221A31EE000A19
:1052500024EE211AC6ED175A76EE065A31EE000AF0
:10526000C6ED185A74EE045A30EE000AC6E91C1254
:10527000C107C6ED195AC6ED0B3AC6ED0A2AC6EDAE
:105280000C1A86ED0F0AB367F56729D140F2D000FA
:10529000C2F2000040F6580597ED070AD0ED000A6B
:1052A000C2F20005284601F047FC686B00EE100AC8
:1052B00002F01EFC00EE100ADFED100A9FED101A3E
:1052C000B8EEC00A02F004FCBDEEC00A40F63C4055
:1052D00010EE102AC2F20000002102F073F860689C
:1052E00001306060BDEC0A8B01B0F0BD000034C33A
:1052F000DB0F494000003443C3F51C4100000000AF
:105300000000804F2DE9F04F81B0044640F2382A6A
:105310000420C2F2000AC0F20800CAF8000000200F
:105320000E462173207401201946984691466273F7
:10533000A373FBF7ECFC4FEA880560610120294666
:10534000FBF7E5FCA06101202946FBF7E0FCB70074
:10535000E06101203946FBF7DAFC2062012041467A
:10536000FBF7D5FC606201203946FBF7D0FC2060DA
:1053700001202946FBF7CBFC60604FEA8901012040
:10538000FBF7C5FCA06001203946FBF7C0FC0346D3
:10539000C4F8E80004F1300031460122FBF71AF8A6
:1053A000BAF8000000FB06F10120FBF7B0FC217BFE
:1053B0000346C4F8EC0004F138000122FBF70AF8B8
:1053C000B9F1000F0FD0BAF8000000FB09F101207D
:1053D000FBF79DFC617B0346C4F8F00004F140003C
:1053E0000122FAF7F7FFBAF8000000FB08F10120EC
:1053F000FBF78DFCA17B0346C4F8F40004F14800E0
:105400000122FAF7E7FFBAF8000006FB06FB0BFBE8
:1054100000F10120FBF77BFC217B0346C4F8F80078
:1054200004F150000A46FAF7D5FFBAF800000BFB6A
:1054300000F10120FBF76BFC217B0346C4F8FC0064
:1054400004F158000A46FAF7C5FFBAF800000BFB52
:1054500000F501202946FBF75AFC0746C4F8000175
:1054600001202946FBF753FC217BC4F8040104F119
:1054700060000A463B46FAF7ADFF217BD4F80431C1
:1054800004F168000A46FAF7A5FFB9F1000F10D041
:10549000BAF8000009FB06F141430120FBF737FC95
:1054A000217B627B0346C4F8080104F17000FAF71F
:1054B00091FFBAF8000008FB06F707FB00F5012092
:1054C0002946FBF724FC0646C4F80C0101202946B6
:1054D000FBF71DFC227BA17BC4F8100104F17800CE
:1054E0003346FAF777FF217BA27BD4F8103104F121
:1054F0008000FAF76FFFBAF800000BFB00F1012003
:10550000FBF705FC217B0346C4F8140104F1880075
:105510000A46FAF75FFFBAF8000008FB08F14143BA
:105520000120FBF7F4FBA17B0346C4F8180104F14A
:1055300090000A46FAF74EFFBAF8000007FB00F1A8
:105540000120FBF7E4FB217BA27B0346C4F81C018E
:1055500004F19800FAF73EFFBAF80000257B05FB3E
:1055600000F707FB05F6304604F094FC8046C4F8CB
:105570002001304604F08EFCC4F82401304604F0CB
:1055800089FCC4F82801384604F084FCC4F82C01D6
:10559000384604F07FFCC4F8300104F1A00029462D
:1055A0002A464346FAF716FF217BD4F8243104F14A
:1055B000A8000A46FAF70EFF217BD4F8283104F13F
:1055C000B0000A46FAF706FF217BD4F82C3104F12B
:1055D000B8000122FAF7FEFE217BD4F8303104F145
:1055E000C0000122FAF7F6FE002084F82C00A06229
:1055F00001B0BDE8F08F00002DE9F04F83B0044604
:10560000C07B40F238280028C2F200086AD000208F
:10561000B8F80020A37B2074D4F8F40061685A43E2
:10562000FBF751FBB8F80010A27B60685143FBF711
:1056300063FBB8F80010A27BD4F818015143514322
:10564000FBF75AFBB8F80010227BA37BD4F80C01BF
:1056500051435943FBF750FB94F80EC0BCF1000FC7
:105660002CD00020002104E00131614500F104004C
:1056700024D2D4F8F4301F1897ED000AB5EE400A92
:10568000F1EE10FAF0D0227C676A03EB820383ED1F
:10569000000AB954D4E90532257B1758227C5B5C9B
:1056A000D4F80C6194F80EC012FB053306EB8303AB
:1056B000013243F8047C2274D6E700BF94F810A0AE
:1056C000BAF1000F72D0E169626AD4F818C1AAF188
:1056D000010003280AF003008DE8051014D200230E
:1056E00041E000BFB8F80020A37BD4F8F400616863
:1056F0005A43FBF7E8FAB8F80010A27B6068514300
:10570000FBF7FAFA65E000BF082000EBCA09102099
:1057100000EB0A1504200AEB4A030C260AF0FC0BE6
:10572000013200EB8A0006EB8306002302EB030E36
:105730001EF8018C51F82870CCF80070D75C043347
:1057400051F827709B454CF800709EF8017051F895
:1057500027704CF809709EF8027051F827704CF8C9
:105760000670AC44E2D1009D40F23828DDE90167C3
:10577000C2F20008D5B1F05C03FB0A3251F82000F8
:10578000012D47F8220011D0581C325C00FB0A00A2
:1057900051F82220022D47F8202007D0981C325CB7
:1057A00000FB0A0051F8221047F82010207BA4F8D3
:1057B00078A0A4F87A00A4F88000A4F882A0A4F845
:1057C00090A0A4F892A0A4F89800A4F89AA0A4F835
:1057D00048A0B8F80020637BD4F8F000A1685A43D1
:1057E000FBF771FA03B0BDE8F08F00002DE9F0433C
:1057F00081B0044690F82A0010B101B0BDE8F083F2
:1058000004F1780504F1800928464946FBF7A0F920
:1058100084F8C800B4F87800264626F8A80FB4F833
:105820005A0004F15808A4F8AA0028464146324616
:10583000FBF76CF884F8C80030882746B4F882106B
:1058400027F8B00FA4F8B210304649463A46FBF7A5
:105850005DF8214684F8C80051F8900F254645F8B8
:10586000A00F38462A46FAF731FD84F8C8002846CA
:105870003946FAF7B3FD84F8C800B4F85800B4F814
:1058800082103080A4F8AA10404649463246FBF701
:105890003DF884F8C800A5F1080230463946FBF708
:1058A00035F884F8C80001B0BDE8F0832DE9F04F69
:1058B00081B08346FFF7A0FEDBF8CC1009B1584653
:1058C00088479BF8280048BB9BF80D00002800F093
:1058D000B7819BF80C005D4625F8B80F01240BF149
:1058E00060000BF130012A46ABF8BA40FBF70EF826
:1058F0009BF80C105E4626F8C01F3072A6F15000CF
:10590000A6F1800132467480FBF700F83072A6F1F0
:10591000880228463146FAF7D9FC3072DBF8D010FD
:1059200009B1584688479BF8290050BB0BF1600528
:105930000BF1680628463146FBF70AF90BF15807C8
:105940008BF8C8000BF1500128463A46FAF7DEFF03
:10595000BBF858105D4625F8A81F35F83E1C8BF89B
:10596000C8006980384631462A46FAF7CFFF8BF8DF
:10597000C800A5F1200128463A46FAF7A7FC8BF8A3
:10598000C800DBF8D41009B1584688479BF81000CE
:1059900040F238240028C2F2000400F08B80584600
:1059A000FFF724FFDBF8D81009B1584688479BF869
:1059B0002B00A8BB584630F8781F5D4625F8B81F65
:1059C0000BF13808A146012441462A46ABF8BA40FB
:1059D000FAF79CFF8BF8C800584630F8481F5F461E
:1059E00027F8C01F29463A46ABF8C240FBF72CF80F
:1059F0005E4636F8981F8BF8C80029803046394635
:105A00002A46ABF8BA404C46FAF780FF8BF8C8003C
:105A1000A6F1680240462946FAF758FC8BF8C80000
:105A2000DBF8DC1009B1584688479BF82C0030BBE6
:105A3000584630F8982F5D4625F8A82F2E4626F8B0
:105A4000082F35F84E2C35F82E3CA5F130016A812F
:105A50002A466B80A5F15007FAF758FF85F8200019
:105A6000284639463246FAF751FF85F82000A5F15D
:105A7000580238463146FAF7E7FF85F82000DBF890
:105A8000E01009B1584688479BF80CA0BAF1000F06
:105A900000F0C280DBF82030DBF8F8E0AAF101006A
:105AA00003280AF0030825D20020B8F1000F78D1AE
:105AB000B2E000BF9BF80F0000283FF470AF2288CF
:105AC0009BF80C30DBF8E800DBF8EC105A43FBF7EE
:105AD000FAF822889BF80C30DBF8F800DBF8FC10B1
:105AE0005A435A43FBF7EFF8DBF8E0100029C9D11D
:105AF000CAE700BF082000EBCA0C10200AEB4A01DD
:105B00000C2200EB0A16042002EB81010AF0FC02D1
:105B1000009303F1080500EB8A005242012374460A
:105B200094ED001A15ED020A04EB0009B4EE401AD8
:105B3000F1EE10FAB8BF84ED000A99ED001A15EDE8
:105B4000010A04EB0C07B4EE401AF1EE10FAB8BFEC
:105B500089ED000A97ED001A95ED000A0433B4EEC2
:105B6000401AF1EE10FAB8BF87ED000A671897EDFA
:105B7000001A95ED010A3444B4EE401AF1EE10FA21
:105B8000B8BF87ED000AD718012F05F11005C7D15E
:105B9000581E40F23824009BC2F20004B8F1000FF6
:105BA0003AD000FB0A0103EB80020EEB810191ED7C
:105BB000001A92ED000AB4EE401AF1EE10FAB8BFE6
:105BC00081ED000AB8F1010F26D0421C02FB0A2128
:105BD00003EB82020EEB810191ED001A92ED000AB7
:105BE000B4EE401AF1EE10FAB8BF81ED000AB8F138
:105BF000020F11D0811C01FB0A1003EB81010EEB97
:105C0000800090ED001A91ED000AB4EE401AF1EE1A
:105C100010FAB8BF80ED000A2288DBF80000DBF83C
:105C2000E81002FB0AF2FBF74EF8DBF8E41009B1CA
:105C300058468847DBF8000001B0BDE8F08F00BF90
:105C40000BF160000BF130010BF13802FAF75EFE48
:105C50008BF8C800DBF8D01000297FF462AE62E652
:105C600080B540F6041046F20041C2F20000C4F2D2
:105C700000010322002380E80E0000F10C014FF424
:105C8000102C4FF4001E81E8085083618383FBF7DA
:105C900073FF002808BF80BDBDE88040FBF7A8BDAA
:105CA00080B540F62C1046F60001C2F20000C4F2A6
:105CB00000010322002380E80E0000F10C014FF4E4
:105CC000102C4FF4001E81E8085083618383FBF79A
:105CD00053FF002808BF80BDBDE88040FBF788BDAA
:105CE00080B540F6541043F20001C2F20000C4F245
:105CF00002010160FCF78CF8002808BF80BDBDE8F8
:105D00008040FBF775BD000080B582B00020019097
:105D100043F63000C4F202000168002241F4800121
:105D200001600068052100F480000190019839208D
:105D3000FCF750FC3920FCF73DFC3A2005210022FD
:105D4000FCF748FC3A20FCF735FC3B2005210022FB
:105D5000FCF740FC3B20FCF72DFC442005210022F1
:105D6000FCF738FC4420FCF725FC452005210022E7
:105D7000FCF730FC4520FCF71DFC462005210022E5
:105D8000FCF728FC462002B0BDE88040FCF712BCBE
:105D9000F0B59DB04AF24470C0F6000090E81E5085
:105DA000806916AD85E81E501C9016A8002101F0F0
:105DB00049FF40F2A017C2F2000738604AF2607053
:105DC000C0F6000090E87E0080690DF13C0C8CE884
:105DD0007E0015900FA8002101F034FF78604AF290
:105DE0009870C0F6000090E84E00D0E90454806935
:105DF0000DF1200C8CE84E000E9008A80021CDE992
:105E00000C5401F01FFFB8604AF27C70C0F600002D
:105E100090E84E00D0E9045480690DF1040C8CE840
:105E20004E00079001A80021CDE9055401F00AFFBA
:105E3000F8601DB0F0BD00002DE9F04F85B00024E2
:105E400043F630000094C4F20200016840F6000AF4
:105E500041F0020101600168C4F2020A01F002018E
:105E60000091009900940168002241F04001016016
:105E7000016801F04001009100990094016841F02F
:105E800001010160016801F0010100910099009495
:105E9000016841F008010160016801F0080100910A
:105EA00000990094016841F004010160016801F06B
:105EB0000401009100990094016841F4807101602F
:105EC000016801F48071009100990094016841F02B
:105ED00080010160016801F0800100910099009447
:105EE000016841F020010160016801F0200100918A
:105EF00000990094016841F01001016000684FF4BE
:105F0000807100F01000009000985046FCF79EFA57
:105F10000AF580573846402101220125FCF796FA00
:105F20000AF5A05948464FF4E0510022FCF78EFADA
:105F3000AAF5006B584610210122FCF787FAAAF552
:105F40008068404641F201010122FCF77FFA4FF4DC
:105F5000406000900220CDE9010403200390072057
:105F60006E46049050463146FCF792F9C0200090EE
:105F70004FF48810CDE901040AF5C0503146FCF712
:105F800087F94FF48070CDE9000550463146CDE9E0
:105F90000244FCF77DF94020CDE900053846314642
:105FA000CDE90255FCF774F94FF4E050CDE9000556
:105FB00048463146CDE90244FCF76AF908200090D2
:105FC0004FF4041938463146CDE90195FCF760F9E4
:105FD00058463146CDE900540295FCF759F9102096
:105FE000CDE9000502245846314602950394FCF79A
:105FF0004FF93020CDE90009504631460295FCF7B3
:1060000047F94FF48050CDE9000540463146CDE9CF
:106010000255FCF73DF940463146CDE90055CDE942
:106020000254FCF735F9092005210022FCF7D2FAC9
:106030000920FCF7BFFA0A2005210022FCF7CAFA62
:106040000A20FCF7B7FA172005210022FCF7C2FA54
:106050001720FCF7AFFA05B0BDE8F08FB0B540F6F9
:106060009C3043F20001C2F20000C4F201014FF47F
:106070008272002380E80E0000F10C014FF0020C48
:106080004FF0010E4FF40074102581E808500A21EA
:10609000C0E90645C0E90833C0E90A31FCF7C0FD94
:1060A000002808BFB0BDBDE8B040FBF7A1BB0000B1
:1060B00070B58EB044F2004540F63C40C4F2010594
:1060C0000021C2F20000532240F2CF73CDE9061145
:1060D000CDE90411C0E90052C0E9021301618161F8
:1060E000FDF79EF8002818BFFBF782FB40F63C4006
:1060F000C2F20000FDF720FB002818BFFBF778FB79
:1061000040F63C446020C2F200040190002601A940
:1061100020460022CDE902660596FDF7FBF900282E
:1061200018BFFBF765FB20680996A8421CD0002128
:10613000C4F20101884235D1002143F630000891B4
:10614000C4F202000268002342F0100202600068FC
:10615000012200F01000089008984FF42850099090
:1061600005F54C4016E000BF0020089043F63000D3
:10617000C4F202000168032241F0200101600068BE
:10618000022300F02000089008984020099005F5AF
:10619000504001210226CDE90A6109A9CDE90C325E
:1061A000FCF776F80EB070BD80B540F6844042F240
:1061B0000001C2F20000C4F200010023532240F2A9
:1061C000CF7C80E80E1003618361FDF729F8002879
:1061D00008BF80BDBDE88040FBF70ABB70B598B032
:1061E000002540F6F430C4F201050021C2F200009F
:1061F000A72240F2CF731191CDE90F11CDE90D1116
:10620000CDE90B11CDE90911CDE90711CDE9051152
:10621000CDE90311CDE90111C0E90052C0E9021333
:10622000C0E904118161FDF787FA002818BFFBF768
:10623000DFFA40F6F430C2F2000010A9FCF794FF38
:10624000002818BFFBF7D4FA602009900020CDE9A0
:106250000A00CDE90C00CDE90E0040F6F430C2F2A0
:10626000000009A90022FDF755F9002818BFFBF727
:10627000BFFA40F6F430C2F2000009A90422FDF78B
:1062800049F9002818BFFBF7B3FA40F6F430C2F220
:10629000000009A90822FDF73DF9002818BFFBF707
:1062A000A7FA40F6F4344FF40050C2F2000400267E
:1062B000069001A920460596CDE90366CDE9016661
:1062C0000896FCF72BFF002818BFFBF791FA20680F
:1062D00044F20041C4F201018842139618D0A8424A
:1062E00034D1002143F630001291C4F2020002685A
:1062F000002342F0100202600068012200F010004A
:10630000129012984FF42850139005F5883015E03C
:106310000020129043F63000C4F20200016803220C
:1063200041F0200101600068022300F0200012907B
:1063300012984020139005F58A3001210226CDE9FC
:10634000146113A9CDE91632FBF7A2FF18B070BD96
:1063500010B540F6145441F20000C2F20004C4F239
:1063600001004FF4E13100220C2384E807002046AD
:10637000C4E90322C4E90532E261FDF76DFD00289E
:1063800018BFFBF735FA2068C16841F01001C16001
:1063900010BD000010B540F6585441F20040C2F262
:1063A0000004C4F201004FF4E13100220C2384E820
:1063B00007002046C4E90322C4E90532E261FDF783
:1063C0004BFD002818BFFBF713FA2068C16841F0A5
:1063D0001001C16010BD000070B52DED028B40F2C0
:1063E000983440F228759FED3C0AC2F20004002068
:1063F000C2F200059FED391AB7EE008AC4E90A001F
:10640000C4E90C00C4E90E002846F0EE400AF0EEA4
:10641000481A00F0F5FF04F1280090EC030A05F19A
:106420004C00F0EE481A00F0EBFF94ED0A0A94EDF0
:106430000B1A94ED0C2A94ED0D3A94ED0E4A94ED5E
:106440000F5A33EE400A74EE410A35EE421A05F156
:106450009800F0EE481A00F0D3FF40F2B840C2F2C4
:10646000000090ED1C1A90ED1D0A90ED1F2A94ED8E
:106470000D3A94ED0E4A94ED0F5ADFED191A30EEF5
:10648000430A71EE440A32EE451A05F1E40000F0C9
:10649000B7FF04F1100504F1400004F148012A4659
:1064A000FAF734FA04F1180604F15001284632468E
:1064B000FAF72CFA04F1200504F1580130462A4677
:1064C000FAF724FA04F1080228462146BDEC028BB3
:1064D000BDE87040FAF71ABA000000000000B442AC
:1064E0000000C842B0B540F2983440F22875C2F2BC
:1064F0000004C2F2000504F14000042104222B46EE
:10650000F9F768FF04F1480005F14C030421042267
:10651000F9F760FF04F1500005F19803042104220B
:10652000F9F758FF04F1580005F1E40304210422AF
:10653000F9F750FF40F2D405C2F2000504F1100053
:10654000042104222B46F9F745FF04F1180005F158
:10655000400304210422F9F73DFF04F1200005F176
:10656000800304210422F9F735FF40F21805C2F236
:10657000000505F11003204604210122F9F72AFF46
:1065800004F10800042101222B46BDE8B040F9F7D0
:1065900021BF0000FEE70000704700002DE9F04F2A
:1065A00083B0B0F80090D0F806E0D0F80AA000F16F
:1065B0001A01B9F1020FA9F101027AD39EED011A75
:1065C000A9F10203032B02F00303CDF80890CDE9F3
:1065D000003203D20025F14639E000BF22F0030B60
:1065E0000EF1080CF1460AF1080E0024002500BF48
:1065F00009EB040292ED012A0AEB040632EE412A6D
:1066000082ED002AD6F804800CEB04074AF80480D7
:1066100097ED002A043532EE412A82ED012A5EF818
:106620000430AB45736092ED032A32EE412A87EDC8
:10663000002AF3684EF8043092ED042A04F11004A5
:1066400032EE412A82ED032A3269F260D0D1009FF6
:10665000CE46DDE9012967B36B1C0EEB830696ED90
:10666000002A0EEB850432EE412A84ED002A5AF806
:106670002340012F4AF825401BD0AC1C0EEB840CA4
:106680009CED002A022F32EE412A86ED002A5AF8AC
:1066900024604AF823600CD0EB1C0EEB830595EDCB
:1066A000002A32EE411A8CED001A5AF823304AF8CB
:1066B00024300EEB890313ED021A0EEB820431EE47
:1066C000000A84ED000AD0F802400AEB82054C452E
:1066D000C5ED000A3CBF0134C0F80240A9EB040834
:1066E0009FEDD11A00F10E031FFA88F000254845EE
:1066F000B0EE410AB0EE413AB0EE412AB0EE414A66
:10670000CD608D604D600D6080F02381A9EB0802A3
:10671000C64312F0030706EB090C73D00EEB8002A0
:1067200092ED000A012F20EE000A10EE104A0C60D4
:1067300092ED002A12EE104A4C6092ED003A0AEBFC
:10674000800292ED004A23EE044A14EE104A8C6057
:1067500092ED003A00F1010413EE102ACA605AD0FB
:106760000EEB840292ED005A022F25EE055A35EE0B
:10677000000A10EE106A0E6092ED005A35EE022A01
:1067800012EE106A4E600AEB840692ED005A96ED06
:10679000006A00F1020425EE065A35EE044A14EEB2
:1067A000102A8A6096ED005A35EE033A13EE102A4D
:1067B000CA6030D00EEB840292ED005A25EE055AE5
:1067C00035EE000A10EE107A0F6092ED005A35EEA9
:1067D000022A12EE107A4F600AEB840792ED005AFB
:1067E00097ED006AC41C25EE065A35EE044A14EEF5
:1067F000102A8A6097ED005A35EE033A13EE102AFC
:10680000CA6008E09FEDB83A0446B0EE434AB0EEE5
:10681000432AB0EE430ABCF1030FC0F09A806FF038
:106820000F0202EB8402A9EB04060AEB02070EEB4F
:10683000020400BF94ED045A043E25EE055A35EEDD
:10684000000A10EE102A0A6094ED045A35EE022A6E
:1068500012EE102A4A6094ED045A97ED046A25EE70
:10686000065A35EE044A14EE102A8A6097ED045A4F
:1068700035EE033A13EE102ACA6094ED055A25EE60
:10688000055A35EE000A10EE102A0A6094ED055AFA
:1068900035EE022A12EE102A4A6094ED055A97ED61
:1068A000056A25EE065A35EE044A14EE102A8A606F
:1068B00097ED055A35EE033A13EE102ACA6094EDAF
:1068C000065A25EE055A35EE000A10EE102A0A6027
:1068D00094ED065A35EE022A12EE102A4A6094ED23
:1068E000065A97ED066A25EE065A35EE044A14EE6E
:1068F000102A8A6097ED065A35EE033A13EE102AF5
:10690000CA6094ED075A25EE055A35EE000A10EEDE
:10691000102A0A6094ED075A35EE022A12EE102A68
:106920004A6094ED075A97ED076A04F1100425EECA
:10693000065A35EE044A14EE102A8A6097ED075A7B
:1069400007F1100735EE033A13EE102ACA607FF400
:1069500071AF05EE109AB8EE455A23EE023A24EED6
:10696000054A22EE022A20EE050A33EE443A32EEC0
:10697000400A83EE000A48459D6010EE101A196027
:1069800080F0AA805968C24302EE101AA9EB0801F0
:1069900011F0030502EB090148D00EEB800292EDE5
:1069A000001A0AEB800220EE011A92ED003A31EE55
:1069B000021A31EE431AB0EEC11A11EE102A012D5F
:1069C00000F101049A6034D00EEB840292ED003A9B
:1069D0000AEB840220EE033A92ED004A33EE023ACB
:1069E00033EE443AB0EEC33A31EE031A11EE102AF8
:1069F000022D00F102049A601BD00EEB840292ED8E
:106A0000003A0AEB840220EE033A92ED004A33EE9C
:106A1000023A33EE443AB0EEC33A31EE031A11EEC5
:106A2000102AC41C9A6004E0000000009FED2E1A9A
:106A30000446032950D36FF00F0101EB8402A9EB48
:106A400004000AEB0201724492ED043A91ED044A0B
:106A500020EE033A33EE023A33EE443AB0EEC33A54
:106A600031EE031A11EE107A9F6092ED053A91ED26
:106A7000054A20EE033A33EE023A33EE443AB0EEE2
:106A8000C33A31EE031A11EE107A9F6092ED063A86
:106A900091ED064A20EE033A33EE023A33EE443AE1
:106AA000B0EEC33A31EE031A11EE107A9F6092ED08
:106AB000073A91ED074A20EE033A33EE023A33EEFD
:106AC000443AB0EEC33A31EE031A1032103111EEEF
:106AD000107A04389F60B7D181EE051A11EE100AC2
:106AE000986003B0BDE8F08F00000000F0B581B001
:106AF00000268D0004460180C0F80260284601F09F
:106B00009FFCC4F80600284601F09AFC274647F887
:106B10000E6F47F8040CD4F8060029467E60FAF799
:106B2000EBF857F8040C2946FAF7E6F8BE617E61E7
:106B30003E61FE6001B0F0BD10B52DED048B044642
:106B400090F99800B0EE608AB0F1FF3FB0EE409A45
:106B500041DC216C606B9FED8F1A02EE101A00EE83
:106B6000100A22EE011AB4EE410AF1EE10FA32DBFD
:106B700020689FED891A00EE100AB0EEC02AB4EE2C
:106B8000412AF1EE10FA26DB206901EE100A30EE00
:106B9000411A81EE000A9FED811A04F19900B0EECE
:106BA000C00AB4EE410AF1EE10FA11DD0168426844
:106BB000013140F2F51342F10002CB1A016072F18B
:106BC0000001426024BF012084F8A10003E000BF5F
:106BD00000214160016004F18C00FAF729FD10EEFC
:106BE000100AC4F8900019EE100AD4F8A21020611F
:106BF00018EE100A78EE490A206010EE900AA061A3
:106C000021B120468847A06900EE900AA06CB0EE42
:106C1000E00A01EE100AB4EE410AF1EE10FA37DD97
:106C2000D4F89400616800EE101AD8B30168426885
:106C300001EE101A30EE010A20EE800A10EE101A52
:106C4000D0F808C06162A168D4F8900000EE101A74
:106C500001EE102A30EE010A20EE801A00EE100A32
:106C600020EE011AE36811EE100A2063B4F8600008
:106C700001EE103A02EE10CA032831EE028A2BD33D
:106C800004F16200FFF78AFC28EE000A2DE000BF45
:106C9000E06A616B226B00EE101A02EE100A01EE40
:106CA000102AB4E120EE800A10EE100A6062A0689B
:106CB000D4F8902000EE100AE16820EE801A00EE71
:106CC000102AB4F8602021EE001A11EE100A032AEF
:106CD00008EE101A2063D3D2E06901EE100A30EEFC
:106CE000C11A28EE011A81EE000AD4F8A61010EE9F
:106CF000100AE06209B12046884794F898E05FEAFC
:106D00004E7121D5D4F89410A26800EE102A21B15A
:106D1000496801EE101A30EE010AA169E26901EE3C
:106D2000101A02EE102AD4F8903031EE021AB6EEA4
:106D3000002A21EE021A20EE010A01EE103A21EE9D
:106D4000000A10EE101A21635FEA8E6136D5A16940
:106D5000A26A00EE101A01EE102A20EE011AB5EE1A
:106D6000401AF1EE10FA29DD616DB0EEC01A00EEA6
:106D7000101AB4EE401AF1EE10FA1FDD216D02EE8A
:106D8000101A30EE023AB4EE431AF1EE10FA07DDB3
:106D9000002112E06F12833A17B7D1383333733FB3
:106DA00032EE411A30EE010A80EE020A216B01EE4A
:106DB000101A20EE010A10EE101A21635FEA8E719C
:106DC00012D45FEA4E6149D45FEACE7166D1616A3E
:106DD000A26A236BE06A01EE103A00EE102A03EE7D
:106DE000101A02EE100AB3E0E268D4F89410B4F876
:106DF000600008EE102AB9B18968032800EE101A65
:106E000038EE008A12D3D4F89010226900EE101ADE
:106E100082F0004104F1620000EE901AFFF7BEFB21
:106E200028EE000A12E000BF0328ECD22069616955
:106E3000D4F8902000EE101A01EE100A30EE410A4C
:106E400028EE000A01EE102A80EE010A94F898E07C
:106E500010EE101AE1625FEA4E61B5D5E16AD4F82E
:106E60003CC0E36DD4F8902000EE101A01EE102A19
:106E700002EE103A03EE10CA20EE010A31EE021AB9
:106E800022EE032A80EE010A82EE011A30EE010A98
:106E900010EE101AE1625FEACE7198D0606AA16AC2
:106EA000E26A00EE101A03EE100A30EE034A02EE18
:106EB000102A206C236B34EE024AB0EEC44A05EE71
:106EC000100A01EE103AB4EE454AF1EE10FA30EE37
:106ED000014A0DDDA06905EE100A20EE055AB5EE57
:106EE000405AF1EE10FA03DD9FED511A00202063A5
:106EF000606C9FED4F7A06EE100AB4EE464AB1EE92
:106F0000465AF1EE10FAB4EE454AC8BFB0EE460A52
:106F1000F1EE10FAB4EE464AB8BFB0EE450AF1EE13
:106F200010FAB4EE454AC8BFB0EE471AF1EE10FAB7
:106F3000B4EE464AB8BFB0EE471AF1EE10FA04DCE0
:106F4000B4EE454AF1EE10FA02DA11EE100A2063AF
:106F500031EE000A10EE100A30EE030A30EE020A9B
:106F6000A06210EE100A5FEACE61606318D5A06BD4
:106F7000D4F89010A26D04EE101A05EE102A06EE59
:106F8000100A20EE040A34EE054A25EE065A80EE79
:106F9000040A85EE044A30EE040A10EE100A60631B
:106FA000206CB0EE406A05EE100AB4EE450AF1EE30
:106FB00010FAB1EE454AC8BFB0EE456A04DCB4EE43
:106FC000446AF1EE10FA0BDAB4EE446AF1EE10FA0C
:106FD000B8BFB0EE446A16EE100AB0EE460A60631F
:106FE000B4EE453AF1EE10FAC8BFB0EE453A04DC13
:106FF000B4EE443AF1EE10FA09DAB4EE443AF1EEA6
:1070000010FAB8BFB0EE443A13EE100A606220697D
:10701000A169606110EE100AA06312EE100AE0632D
:1070200011EE100AE1612062BDEC048B10BD00BFBF
:107030000000000070B5054611EE100AA86410EEBD
:10704000900A686410EE100A286411EE900A6860D5
:1070500012EE100AA86012EE900AE86013EE100A11
:10706000286513EE900A686514EE100AA86514EE00
:10707000900A0026E86505F1620014462E602E6332
:10708000A5F86010FFF732FDC5F88C6085F89840D0
:10709000C5F89D60C5F8996085F8A1606E6370BD04
:1070A000EFF30980BFF36F8F154B1A681EF0100FB6
:1070B00008BF20ED108A20E9F04F10602DE909008B
:1070C0004FF0500080F31188BFF34F8FBFF36F8FE5
:1070D00001F0EEFD4FF0000080F31188BDE80900DB
:1070E00019680868B0E8F04F1EF0100F08BFB0EC48
:1070F000108A80F30988BFF36F8F704700BF00BF0D
:10710000640200202DE9F04182B01E4690460D46F3
:107110000446FBF7A1F9301A00EB0807FBF79CF9CE
:1071200040F29411C2F200010968C1F3CB317943F6
:10713000019121688A682A40AA4227D1064618F19F
:1071400001001FD0FBF788F9801BB84222D20198BA
:1071500001990028A1F1010101912168896808BF06
:10716000074601EA0500A842ECD00FE088682840F5
:10717000A8420BD188682840A84207D188682840D7
:10718000A84203D188682840A842EFD0002002B06E
:10719000BDE8F081D4E900014268B1F5827F22F0B8
:1071A000E00242600AD1A168B1F5004F02D0B1F50A
:1071B000806F03D1016821F040010160A16AB1F53F
:1071C000005F07D1016821F400510160016841F4BA
:1071D00000510160012084F85100002084F8500023
:1071E000032002B0BDE8F0810000000000000000B4
:1071F000074B19680868B0E8F04F80F30988BFF3BF
:107200006F8F4FF0000080F31188704700BF00BF00
:1072100064020020FDF788FDFDF7E2FD012000F08B
:1072200003FDF9E780B54FF0500080F31188BFF3FC
:107230006F8FBFF34F8F02F06DF930B14EF60450EF
:10724000CEF200004FF080510160002080F31188E1
:1072500080BD00004EF68850CEF20000016841F477
:10726000700101604FF0006140F8801C7047000021
:1072700040F6CC40C2F20000FCF792B840F68440E1
:10728000C2F20000FCF78CB810B540F6FF3E036870
:10729000C4F2000E40F2004C7045C4F2010C27DC31
:1072A000B0F1804F31D040F20042C4F2000290426F
:1072B0002BD040F60002C4F20002904225D041F6E5
:1072C000FF72C4F20002904229DC70453CDCB0F150
:1072D000804F5FD040F20042C4F20002904259D089
:1072E00040F60002C4F20002904253D056E000BFC4
:1072F00040F60042C4F20002904206D0604504D03D
:107300000022C4F201029042D9D14A6823F07003EE
:10731000134341F6FF72C4F200029042D5DD43F6FA
:10732000FF72C4F20102904222DC42F20002C4F277
:10733000000290422ED00022C4F20102904229D0D5
:10734000604527D02AE000BF40F60042C4F20002A8
:1073500090421FD041F60002C4F20002904219D0C0
:1073600041F60042C4F20002904213D016E000BF82
:1073700044F20002C4F2010290420BD044F6000233
:10738000C4F20102904205D044F20042C4F201026C
:10739000904203D1CA6823F44073134323F0800260
:1073A0004B69D1F800E08C681A430260C46240F473
:1073B0008062C0F828E0624504BF096901630121C9
:1073C000416110BD00684FEAB101C36A934238BF02
:1073D000C26A032988BF7047DFE801F0020E060A7F
:1073E00091B24163704700BF91B2C163704700BF63
:1073F00091B20164704700BF91B281637047000091
:1074000010B52DED108B9FED892A9FED893A20EE66
:10741000020A80EE038A20EE820A80EE03AA21EEA1
:10742000020A80EE03BAB0EE619A0446B0EE4B0A4F
:10743000F8F7C6FEB0EE40CAB0EE480AF8F7C0FE54
:10744000B0EE40DAB0EE4A0AF8F7F6FEB0EE40EAE7
:10745000B0EE4B0AF8F7F0FEB0EE40FAB0EE480A94
:10746000F8F7EAFE2FEE0E1A21EE000A2CEE0D1AA6
:1074700031EE400A84ED000AB0EE4B0AF8F7DCFE6C
:10748000B0EE40CAB0EE4A0AF8F79AFE2CEE400A77
:1074900084ED010AB0EE4B0AF8F792FEB0EE40CA56
:1074A000B0EE480AF8F7C8FEB0EE40DAB0EE4B0A8C
:1074B000F8F7C2FEB0EE40EAB0EE4A0AF8F7BCFEBA
:1074C0002EEE00EAB0EE480AF8F77AFE2EEE000A39
:1074D0002CEE0D1A31EE000A84ED020AB0EE480AD5
:1074E000F8F76EFE20EE09CAB0EE4B0AF8F768FE18
:1074F0002CEE000A84ED030AB0EE4B0AF8F79CFE6E
:10750000B0EE40CAB0EE480AF8F75AFEB0EE40DAE4
:10751000B0EE4B0AF8F754FEB0EE40EAB0EE4A0A7D
:10752000F8F78AFEB0EE40FAB0EE480AF8F784FEAB
:107530002FEE0E1A21EE000A2CEE0D1A31EE400A43
:1075400084ED040AB0EE4B0AF8F73AFEB0EE40CAFA
:10755000B0EE4A0AF8F734FE2CEE400A84ED050A34
:10756000B0EE4B0AF8F768FEB0EE40CAB0EE480A3B
:10757000F8F762FEB0EE40DAB0EE4B0AF8F720FE04
:10758000B0EE40EAB0EE4A0AF8F756FE2EEE00EAF8
:10759000B0EE480AF8F714FE2EEE000A2CEE0D1A93
:1075A00031EE000A84ED060AB0EE480AF8F708FE4C
:1075B00020EE09CAB0EE4B0AF8F73EFE2CEE000AA8
:1075C00084ED070AB0EE4A0AF8F7FAFDB0EE40BAC9
:1075D000B0EE480AF8F730FE2BEE400A84ED080AB8
:1075E000B0EE4A0AF8F728FE84ED090AB0EE4A0A1E
:1075F000F8F7E6FDB0EE40AAB0EE480AF8F7E0FD75
:107600002AEE000A84ED0A0AB0EE480AF8F714FEE2
:1076100020EE090A00204FF07E5184ED0B0AC4E9E8
:107620000C00C4E90E01BDEC108B10BDDB0F49400E
:1076300000003443806B0021C185C184FCF75EB932
:1076400081B090F83E10222920D18368B3F5805F85
:1076500008D10169002965D000F128010A68036892
:107660005B680AE0014651F8282F13B90369002B23
:10767000F5D003685B6803F07F0313700A6801327A
:107680000A60C18D01390A04C18501D001B070477B
:107690000168CA6822F02002CA60CA6822F48072B7
:1076A000CA604A6922F001024A61202280F83E2025
:1076B000026B012A40D10022026300BF51E8031F80
:1076C000026821F0100142E803130168DBB151E8C0
:1076D000031F026821F0100142E80313016893B10F
:1076E00051E8031F026821F0100142E8031301680A
:1076F0004BB151E8031F026821F0100142E8031367
:107700000168002BDAD10A68D20606D50022009261
:107710000A680092496800910099818D01B0FCF7D8
:10772000EBB800BF0168826A49686FF35F2122F8F5
:10773000021B8262A5E700BF01B0FCF7CDBC0000D0
:1077400010B504460068D4E902C22369016921F436
:10775000405111430161626943EA0C01E36911433D
:10776000C268194349F20C639A431143C1604169ED
:10777000A26921F4407141F20043114340F4806258
:10778000C4F201039A42416102D1FBF743F801E0E0
:10779000FBF72CF8E16963681922B1F5004FA0FBF3
:1077A00002011FD15A00DB0FF9F75CFA48F21F51B2
:1077B000C5F2EB11A0FB01235A096FF0630302FB32
:1077C0000300322303EBC000A0FB01014FF4F8706B
:1077D00000EA111000EB0210C1F3421108442168C5
:1077E000886010BD9A009B0FF9F73CFA48F21F51D0
:1077F000C5F2EB11A0FB01235A096FF0630302FBF2
:107800000300322303EB0010A0FB0101F02000EA8B
:10781000511000EB0210C1F3431108442168886045
:1078200010BD000040F61450C2F20000FCF768B82A
:1078300040F65850C2F20000FCF762B8FEE70000C4
:1078400070B5F9F7D7FA8020F9F774FE5520F9F7EB
:1078500071FE5520F9F76EFE40F24035C2F2000588
:107860006870F9F7BFFA0120FAF7F0FCF9F7C2FAED
:107870008020F9F75FFE5520F9F75CFE5520F9F7F7
:1078800059FE6870F9F7AEFA0120FAF7DFFCF9F754
:10789000B1FA7E20F9F74EFEB620F9F74BFEF9F764
:1078A000A1FA5020FAF7D2FCF9F7A4FA8020F9F7F0
:1078B00041FE5520F9F73EFE5520F9F73BFE687072
:1078C000F9F790FA0120FAF7C1FCF9F793FA802052
:1078D000F9F730FE5520F9F72DFE5520F9F72AFE6D
:1078E0006870F9F77FFA0120FAF7B0FC68781E2873
:1078F0001CBFFF2070BD4AF69A060020C0F60006A5
:10790000A87004E00130C1B20629A87034D2F9F79A
:1079100071FAA87800EB40003118305C4C78F9F728
:1079200009FE2046F9F706FEF9F75CFA0120FAF79E
:107930008DFCF9F75FFAA87800EB4000305C40F06E
:107940008000F9F7F7FD5520F9F7F4FD5520F9F718
:10795000F1FD6870F9F746FA0120FAF777FCA8788C
:107960006A7800EB400131444B789A42CAD089785A
:107970002A7811432970C5E7002070BDF0B581B0A9
:10798000F9F748FA8020F9F7D5FD5520F9F7D2FD2F
:1079900040F24035C2F200056870F9F733FA012071
:1079A000FAF754FCF9F736FA8020F9F7C3FD5520B1
:1079B000F9F7C0FD6870F9F725FA0120FAF746FCDF
:1079C000F9F728FA1420F9F7B5FDB620F9F7B2FD5A
:1079D000F9F718FA5020FAF739FCF9F71BFA80206A
:1079E000F9F7A8FD5520F9F7A5FD6870F9F70AFA2F
:1079F0000120FAF72BFCF9F70DFA8020F9F79AFD30
:107A00005520F9F797FD6870F9F7FCF90120FAF7AE
:107A10001DFC68780F2849D14AF6AC064AF69A0749
:107A20000020C0F60006C0F60007A87005E000BF01
:107A30000130C1B20629A8703CD2F9F7EBF9A87859
:107A400000EB40003118305C4C78F9F773FD2046AC
:107A5000F9F770FDF9F7D6F90120FAF7F7FBF9F716
:107A6000D9F9A87800EB4000305C40F08000F9F7CD
:107A700061FD5520F9F75EFD6870F9F7C3F9012043
:107A8000FAF7E4FBA878697800EB400232445278B8
:107A90009142CDD00138C1B2490051FA80F1394448
:107AA00089782A7811432970C2E700BFFF2001B00E
:107AB000F0BD00BF002001B0F0BD000080B5FEF7B2
:107AC00011FD00BFFEF788FC012000F0ADF8F9E7DA
:107AD000B4EE410AF1EE10FAB4EE600AC8BFB0EE9F
:107AE000410AF1EE10FAB8BFB0EE600A704700002C
:107AF000BDEEC01AB8EEC12A11EE100A30EE420AED
:107B0000B6EE001AB4EE410AF1EE10FAC8BF013029
:107B10007047000080B500BF012000F085F8FBE74A
:107B200092B047F20005C4F20005FAF7A9FC002460
:107B300043F64000CDE90A44CDE908440194C4F27B
:107B400002000168022641F080510160006800F0E7
:107B50008050019001980194286840F4804028608A
:107B6000286800F4804001900198012006904FF4AD
:107B7000803007904FF480000D9006200E90A820D2
:107B8000CDE90F060720119006A80C96FAF78CFE97
:107B90000F20CDE901064FF4A05004904FF480501F
:107BA000059001A805210394FAF750FDFEF744F96A
:107BB000FEF7AAF8FEF752FAFEF77AFAFEF750F847
:107BC000FEF76EF8FEF70AFBFEF7EEFAFEF7C0FBD3
:107BD000FEF7E0FBFEF784F8A820F9F7C1FD40F6B8
:107BE0009C34C2F2000400BF20460121F9F710FACC
:107BF0000028F9D105F5D63420464FF480610122E2
:107C0000FAF724FC20464FF400610122FAF71EFC2B
:107C100020464FF480510122FAF718FCFEF7B8F81D
:107C200000F00AF8FEE7000080B5002808BF012038
:107C300000F0F0FE002080BD80B500F0B9FF00200C
:107C400080BD0000B0B584B043698E4693B18469AD
:107C500084B10589D0E9001C026928B2843D18BFAF
:107C6000C51CCDE9005360467346029401F000FC48
:107C700004B0B0BD0589D0E90013028A28B2843D62
:107C800018BFC51C03AC184673460095019401F05B
:107C9000BFFB0399012818BF0021084604B0B0BDFE
:107CA000F0B581B040F26424C2F200040D46E769E9
:107CB0002168002281F8522021680646081D00F044
:107CC000DFFC18B1701C0CD016E000BF2068012149
:107CD000C06A626801FA00F022EA00006060701C6D
:107CE0000AD14DB154F8500B011D204601B0BDE83A
:107CF000F04000F035BD00BF2068BD19456007D3D6
:107D0000606A2168043101B0BDE8F04000F0F6BCC3
:107D1000206A2168043100F0F1FCE06A854238BF36
:107D2000E56201B0F0BD00002DE9F041044600F02D
:107D30002FFD40F26426C2F20006306940F68465E9
:107D4000013030613068C2F2000548B17069002826
:107D500040D13068E16AC06A884298BF346039E037
:107D600034603069012835D1284600F0B7FC05F1B0
:107D7000140000F0B3FC05F1280000F0AFFC05F1A1
:107D80003C0000F0ABFC05F1500000F0A7FC05F151
:107D9000640000F0A3FC05F1780000F09FFC40F2C5
:107DA000F838C2F20008404600F098FC08F11407C9
:107DB000384600F093FC06F1640000F08FFC06F1F9
:107DC0003C0000F08BFC06F1500000F087FCC6F888
:107DD000208077627068B16801220131B160E16A88
:107DE0008A401043706001EB810005EB8000211D8B
:107DF00000F0B6FC00F0F0FC706988B13068E16A10
:107E0000C06A884228BFBDE8F0814EF60450CEF229
:107E100000004FF080510160BFF34F8FBFF36F8FB1
:107E2000BDE8F08140F2642540F684664EF60458C1
:107E3000C2F20005C2F20006CEF200084FF08057F1
:107E400003E000BF204600F0DFFCE868D0B100F09E
:107E50009FFCA86CC468201D00F012FC2869013842
:107E60002861E8680138E86000F0B6FC94F8510039
:107E70000228EAD00128E5D070B9206B00F0C4FCDC
:107E8000E0E700BF30680228DFD3C8F80070BFF316
:107E90004F8FBFF36F8FD8E74FF0500080F31188FA
:107EA000BFF36F8FBFF34F8FFEE700002DE9F04760
:107EB0000A9C8246206B16460F46DDE90859910060
:107EC000A5229846F8F711FF206B002F00EB8600E3
:107ED000A0F1040020F0070656D0387884F834006A
:107EE000387800284BD0787884F8350078780028E6
:107EF00045D0B87884F83600B87800283FD0F878B4
:107F000084F83700F878D0B3387984F838003879B5
:107F1000A8B3787984F83900787980B3B87984F88F
:107F20003A00B87958B3F87984F83B00F87930B35F
:107F3000387A84F83C00387A08B3787A84F83D00BF
:107F4000787AE0B1B87A84F83E00B87AB8B1F87AB5
:107F500084F83F00F87A90B1387B84F84000387B91
:107F600068B1787B84F84100787B40B1B87B84F8B5
:107F70004200B87B00281CBFF87B84F84300002037
:107F800084F8430003E000BF002084F83400002799
:107F9000201D062D28BF0625E562C4E9115700F013
:107FA000A9FB04F1180000F0A5FB85F00700A06113
:107FB00030465146424624616462E76484F850705A
:107FC00084F8527000F042FBB9F1000F206018BF36
:107FD000C9F80040BDE8F08708480068006880F3F1
:107FE00008884FF0000080F3148862B661B6BFF3D2
:107FF0004F8FBFF36F8F00DF00BF000008ED00E080
:1080000081B00020009040F29810C2F20000006899
:108010004FF0500181F31188BFF36F8FBFF34F8F83
:10802000013007D0FEE700BF009830B9009820B9B2
:10803000009810B900980028F6D001B070470000F1
:1080400088B040F2DC2AC2F2000A0DF11009EB46BA
:10805000DAF8080005681DB1C068046801E000BFD7
:10806000002400F01DFE01F04FFADAF81010064669
:10807000884220D3002DCAF8106051D0A6424FD3B9
:1080800001F062FBDAF80800C068C7683D1D2846A9
:1080900000F0F6FA97F82400410745D400F0FE00FE
:1080A00087F8240084E000BF6860DAF808003946E9
:1080B0002D6100F023FBDAF80800016831B3C068D5
:1080C000C56804682F1D384600F0DAFA296A284688
:1080D000884795F824004007EDD5A8692044A042C0
:1080E000E2D8DAF80000002800F04881002004A956
:1080F00031C101F0F9F9DAF8000049460022002305
:1081000000F03CFF0028D6D138E100BFDAF80C10AF
:10811000CAF81060CAE9021001F016FB1AE100BFAC
:1081200065B1002210E000BFB8693F610119B1429A
:1081300079601FD90AF1080021E000BFDAF80C00CD
:108140000068B0FA80F04209DAF80000A11B00F0E4
:1081500037FC01F0F9FA002840F0FC804EF604509C
:10816000CEF200004FF080510160BFF34F8FBFF39C
:108170006F8FEFE0311B814206D20AF10C000068DC
:10818000294600F0BBFA13E0DAF80000002800F0FE
:108190001381002004A991C101F0A6F9DAF80000CA
:1081A00049460022002300F0E9FE002800F0048187
:1081B000396A38468847CDE00098B0F1FF3F07DCC8
:1081C000DDE90120039990470098002800F1C28062
:1081D000029E706910B1301D00F052FA01F094F95E
:1081E000DAF81010074688420DD30098CAF81070CC
:1081F00009283FD9AEE000BF6860DAF808002146E0
:108200002D6100F07BFADAF80800016841B3C0681C
:10821000C568D0F800802C1D204600F031FA296A8C
:108220002846884795F824004007ECD5A8694044C3
:108230004045E1D8DAF80000002800F095800020E1
:10824000CDE90408069501F04FF9DAF80000494637
:108250000022002300F092FE0028D4D184E000BF69
:10826000DAF80C10CAE902100098CAF81070092850
:1082700000F27080DFE800F0060606444862060659
:10828000444800BF96F82400019A40F00101B0690B
:1082900086F824108318314641F8043FBB4236610A
:1082A00006D997420AF1080007D293420AD204E0A5
:1082B000BA1A824206D20AF10C00006800F01EFAD7
:1082C00048E000BF316A3046884796F824004007EE
:1082D00040D5DAF8000000285AD00198B169069616
:1082E00008440021CDE9041001F0FEF8DAF800009E
:1082F00049460022002300F041FE58BB48E000BF81
:1083000096F8240022E000BF96F8240040F0010116
:10831000019886F824100028B06143D038443146D3
:108320000AF10C0241F8040F3661B84288BF0AF125
:108330000802106800F0E2F90CE000BF96F8240093
:10834000810703D4304600F05FFA03E000F0FE003E
:1083500086F82400DAF800005946002200F024FFD5
:1083600000287FF429AF73E64FF0500080F31188A6
:10837000BFF36F8FBFF34F8FFEE700BF4FF050008A
:1083800080F31188BFF36F8FBFF34F8FFEE700BFFD
:108390004FF0500080F31188BFF36F8FBFF34F8F02
:1083A000FEE700BF4FF0500080F31188BFF36F8FDE
:1083B000BFF34F8FFEE700BF4FF0500080F31188EE
:1083C000BFF36F8FBFF34F8FFEE70000F0B581B0B2
:1083D000044600F0DDF994F94560012E0FDB04F14D
:1083E000240500BF286850B1284601F073F9002821
:1083F00018BF00F06DFBF0B2013E0128F2D8FF2655
:1084000084F8456000F0E8F900F0C2F994F944708E
:10841000012F0EDB04F11005286850B1284601F049
:1084200059F9002818BF00F053FBF8B2013F0128AA
:10843000F2D884F8446001B0BDE8F04000F0CCB957
:1084400070B5044600F02CFC40F2183CC2F2000C5F
:10845000DCF8040050B19CF80000002818BF4FF071
:1084600000404FF000057CBB8DE000BF40F610706F
:10847000C2F20000C21D22F0070210F00701A0EBBB
:10848000020318BF104600224FF4C045CCE9060293
:10849000002918BF03F5C0454119083921F007012B
:1084A000CCF80410C1E90022DCF80420091AC0E964
:1084B000002101208CF800004FF00040CCE90211AF
:1084C000002C4FF000055ED020405CD104F110007C
:1084D00020F00702600708BF04F10802002A4FF0ED
:1084E000000550D0DCF8080082424CD8604650F8B5
:1084F00018EFDEF8045095422BD2DEF80010B9B127
:1085000074464D68954217D20B68ABB15D689542D1
:1085100016D21868A0B14568954215D204689CB17E
:108520006568954214D22168A6460029E9D110E079
:108530000CF118000DE000BF8E46204609E000BF98
:108540009E46084605E000BF8646184601E000BF8B
:10855000A646DCF804108E4514D00168DEF8004011
:10856000AB1A112B04604DD30EEB0205680719D02E
:108570004FF0500080F31188BFF36F8FBFF34F8F20
:10858000FEE700BF002501F0DFF868075BD04FF081
:10859000500080F31188BFF36F8FBFF34F8F00BF80
:1085A000FEE700BF0CF118006B60CEF8042000BF9E
:1085B0000368AB420AD21868A8420BD20368AB42E8
:1085C00004D218681A46A842F2D304E002461846BC
:1085D00001E000BF1A4653686C68D618AE4202D15B
:1085E0001C44154654602B19834207D1DCF8043033
:1085F000984203D0D0E9000323446B60AA4228606C
:1086000018BF156001F10805DEF80400DCE902126C
:10861000091A9142CCF8081038BFCCF80C109CF81D
:108620000010002918BF40F00040CEF80400DCF82C
:10863000100000210130CEF80010CCF8100001F03D
:1086400083F86807A3D1284670BD0000034648F2AE
:108650000100C0F600004FF0807C21F0010103E929
:1086600003106FF0020043F8240CA3F1440043F818
:10867000202C704780B500BF0120FFF7D5FAFBE73B
:10868000D0E9013201699A60D1F804C0826884455A
:10869000536008BF4A600022026108680138086020
:1086A0000868704747F21413C2F20003036046F6ED
:1086B0001470C2F200000860802010607047000053
:1086C00047F2A853C2F20003036047F2A810C2F2B7
:1086D000000008604FF48070106070474FF0FF3169
:1086E000024642F8081F00214260C0E903220160EF
:1086F00070470000002101617047000010B5D1F8FB
:1087000000E01EF1010213D000F108046268136852
:10871000734511D853681C68744511D85A68146899
:1087200074450FD854682368A4467345EED90BE00E
:108730000269D2F804C007E09446224604E000BF74
:108740009C4601E094461A46C1F804C0CCF80810D3
:108750008A605160086101680131016010BD00004C
:10876000D0F800C0436808619A684B608A609A68D4
:10877000996051600CF1010101607047DFF80C0055
:10878000016841F4700101607047000088ED00E06D
:108790004FF0500080F31188BFF36F8FBFF34F8FFE
:1087A00040F29810C2F2000001684A1C026009B150
:1087B000704700BF4EF60450CEF20000006800067D
:1087C00008BF70474FF0500080F31188BFF36F8FE0
:1087D000BFF34F8FFEE7000040F29810C2F2000096
:1087E000016839B10139016018BF7047002080F37A
:1087F000118870474FF0500080F31188BFF36F8FDE
:10880000BFF34F8FFEE7000070B5002808BF70BDB2
:1088100040F21835C2F200050446287854F8041CCA
:10882000002818BF4FF0004008420DD0A4F1080600
:1088300032689AB14FF0500080F31188BFF36F8F08
:10884000BFF34F8FFEE700BF4FF0500080F3118859
:10885000BFF36F8FBFF34F8FFEE700BF21EA000029
:1088600044F8040C00F01CFA54F8041CA8680844EE
:10887000A86005F1180000BF0368B3420AD2186867
:10888000B04225D20368B34204D218681A46B042F7
:10889000F2D301E0024618465368D418B44202D11C
:1088A0001944164651607318834206D16B6898428A
:1088B00003D0D0E9000319447160B242306018BFA0
:1088C0001660686901306861BDE8704000F03CBF27
:1088D0001A465368D418B442E5D1E1E74EF21000CD
:1088E000CEF2000000210160816040F29411C2F2DA
:1088F0000001096844F6D352C1F26202A1FB0212E0
:108900004FF0FF3101EB9211416007210160704788
:1089100047F2681CC2F2000CDCF8002022B3634668
:1089200053F8082F42B3634653F8102F52B36346EF
:1089300053F8182F62B3634653F8202F72B363467F
:1089400053F8282F82B3634653F8302F92B363460F
:1089500053F8382F002A18BF7047072219600CEB14
:10896000C2014860704700BF0022634619600CEBEB
:10897000C2014860704700BF012219600CEBC201C0
:1089800048607047022219600CEBC20148607047D2
:10899000032219600CEBC201486070470422196081
:1089A0000CEBC20148607047052219600CEBC20154
:1089B00048607047062219600CEBC201486070479E
:1089C00070B515460E460446FFF7E2FE94F84400E3
:1089D000FF2804BF002084F8440094F84500FF28D5
:1089E00004BF002084F84500FFF7F6FEA06B28B115
:1089F0002046BDE87040FFF7E9BC00BF04F1240049
:108A000031462A4600F088F82046BDE87040FFF75E
:108A1000DDBC000070B5002843D040F26425C2F2EE
:108A200000050446A86948B14FF0500080F3118852
:108A3000BFF36F8FBFF34F8FFEE700BFA869002120
:108A40000130A861EE69286880F852102868043067
:108A5000FFF716FE50B12868A419446013D3686A62
:108A600029680431FFF74AFE16E000BF286801219B
:108A7000C06A6A6801FA00F022EA000068602868AB
:108A8000A4194460EBD2286A29680431FFF736FE46
:108A9000E86A844238BFEC6200F056FE002818BF36
:108AA00070BD4EF60450CEF200004FF080510160D0
:108AB000BFF34F8FBFF36F8F70BD000040F2642192
:108AC000C2F200018A6B0260C96941607047000010
:108AD00040F26420C2F200000121016370470000EF
:108AE00010B578B10C4640F26421C2F20001096869
:108AF0001831FFF703FE20460121BDE81040FFF7C3
:108B0000CFB800BF4FF0500080F31188BFF36F8FD4
:108B1000BFF34F8FFEE7000070B588B140F26426C6
:108B2000C2F200060C46316815461831FFF718FEF0
:108B300085B14FF0FF302946BDE87040FFF7B0B86F
:108B40004FF0500080F31188BFF36F8FBFF34F8F4A
:108B5000FEE700BFF5693068002180F852103068E8
:108B60000430FFF78DFD58B130686419446014D3A8
:108B7000706A31680431BDE87040FFF7BFBD00BFC7
:108B800030680121C06A726801FA00F022EA000030
:108B90007060306864194460EAD2306A3168043128
:108BA000FFF7ACFDF06A844238BFF46270BD00008C
:108BB00010B588B00020CDE9050006A805A904AAD3
:108BC000FFF770FD059800283ED0069C002C45D08C
:108BD0005421049A07910799542949D10799206390
:108BE000022084F8510007A80021CDE9001047F6C3
:108BF0002560C0F6000028A100230294FFF756F973
:108C00002046FFF791F8079840F26424C2F200046E
:108C1000A062B0B100F00EFE411C33D0012810D18B
:108C20004FF0500080F31188BFF36F8FBFF34F8F69
:108C30004FF0FF30E062012060610020E06100F051
:108C40006FF808B010BD00BF4FF0500080F31188DE
:108C5000BFF36F8FBFF34F8FFEE700BF4FF05000A1
:108C600080F31188BFF36F8FBFF34F8FFEE700BF14
:108C70004FF0500080F31188BFF36F8FBFF34F8F19
:108C8000FEE700BF4FF0500080F31188BFF36F8FF5
:108C9000BFF34F8FFEE700BF49444C450000000082
:108CA00040F26420C2F200008169013181617047A5
:108CB00040F26420C2F20000816900291EBF012138
:108CC00001637047002101634168B1FA81F1C9B2C3
:108CD000C1F11F0140F6846201EB8101C2F2000282
:108CE00052F8213063B102EB810252F8041F496847
:108CF000131D994211600DD0C9680160704700BF13
:108D00004FF0500080F31188BFF36F8FBFF34F8F88
:108D1000FEE700BF49681160C96801607047000044
:108D2000B0B584B04EF2004CCEF2000C4CF2702183
:108D3000C4F20F11DCF800294B1C9A420AD14FF003
:108D4000500080F31188BFF36F8FBFF34F8F00BFC8
:108D5000FEE700BFDCF800298A4209D14FF050003D
:108D600080F31188BFF36F8FBFF34F8FFEE700BF13
:108D70009CF800100291FF218CF800109CF8001064
:108D80008DF807109DF8071001F0500240F23831BD
:108D9000C2F200010A7007224A609DF90720B2F171
:108DA000FF3F69DC032200BFD31C4B609DF8070026
:108DB00040008DF807009DF90700B0F1FF3F23DC6C
:108DC000931C4B609DF8070040008DF807009DF94B
:108DD0000700B0F1FF3F17DC531C4B609DF8070004
:108DE00040008DF807009DF90700B0F1FF3F0BDC54
:108DF0004A609DF80700043A40008DF807009DF98D
:108E000007000028D0D4131D032B35D14FF4407038
:108E1000486002988CF80000DCF8200940F47000EB
:108E2000CCF82009DCF8200940F07040CCF820098B
:108E3000FFF754FD40F29814C2F2000400252560AB
:108E4000FFF79CFC4EF63470CEF20000016841F052
:108E500040410160FFF7C0F8FFF72AFF0395206843
:108E60004FF0500181F31188BFF36F8FBFF34F8F25
:108E7000013011D0FEE700BF4FF0500080F31188A1
:108E8000BFF36F8FBFF34F8FFEE700BF039830B97A
:108E9000039820B9039810B903980028F6D0002051
:108EA00004B0B0BD10B582B070B11C46B3B1F9B911
:108EB000F2B14FF0500080F31188BFF36F8FBFF312
:108EC0004F8F00BFFEE700BF4FF0500080F31188C6
:108ED000BFF36F8FBFF34F8FFEE700BF4FF050001F
:108EE00080F31188BFF36F8FBFF34F8FFEE700BF92
:108EF00051B14AB94FF0500080F31188BFF36F8F22
:108F0000BFF34F8FFEE700BF48230193019B482B1F
:108F10002AD1019B0123002984F8463014BF226026
:108F20002460C4E90F01FFF733FC2068D4E90F1275
:108F3000002302FB010C013901FB0201A363C4E918
:108F4000010CFF20E16084F8440084F8450004F13E
:108F50001000FFF7C3FB04F12400FFF7BFFBFFF78E
:108F60003BFC204602B010BD4FF0500080F311884A
:108F7000BFF36F8FBFF34F8FFEE700002DE9F04F77
:108F800083B00292C0B11D4617460E460446E9B1B1
:108F9000022D03D1E06B012840F0888000F0A4FA94
:108FA00010BB0FB34FF0500080F31188BFF36F8FE9
:108FB000BFF34F8FFEE700BF4FF0500080F31188E2
:108FC000BFF36F8FBFF34F8FFEE700BF206C002809
:108FD000DED04FF0500080F31188BFF36F8FBFF3E6
:108FE0004F8F00BFFEE700BFFFF7D2FBA06B022D43
:108FF00066D0E16B884263D304F1100801206F460C
:109000000DF108090DE000BF2046FFF7DFF900F081
:109010009BFBFFF7BDFBA06BE16B88424FF00000AC
:109020004ED30299002973D0C00702D03846FFF70B
:1090300045FDFFF7D1FBFFF733FEFFF7A9FB94F8DF
:109040004400FF2804BF002084F8440094F8450041
:10905000FF2804BF002084F84500FFF7BDFB384619
:10906000494600F077F9002858D1FFF791FBD4F872
:1090700038A0D4F83CB0FFF7AFFBDA45C4D1029971
:109080004046FFF72DFD2046FFF7A0F900F05CFBFE
:109090000028BED14EF60450CEF200004FF08051B1
:1090A0000160BFF34F8FBFF36F8FB2E74FF05000F7
:1090B00080F31188BFF36F8FBFF34F8FFEE700BFC0
:1090C000A76B226CD2B19DB3E0683146F7F7FBFD88
:1090D000E168206C2268091A9142E16003D2A1681C
:1090E00040420844E060A81EB0FA80F040093946CA
:1090F000002F18BF012108403F1A26E020680025F4
:1091000020BBA06800F08AFAA56005461EE000BFFB
:10911000FFF762FB002003B0BDE8F08F2046FFF7A9
:1091200055F900F011FB002003B0BDE8F08F00BF3F
:1091300060683146F7F7C7FD216CD4E901020844A5
:109140009042606001D3206860600025781CA063B5
:1091500054F8240FA0B1204600F0BCFA50B14EF6EE
:109160000450CEF200004FF080510160BFF34F8FEA
:10917000BFF36F8FFFF730FB012003B0BDE8F08F26
:10918000002DF7D04EF60450CEF200004FF0805183
:109190000160BFF34F8FBFF36F8FFFF71DFB0120FF
:1091A00003B0BDE8F08F00002DE9F04F83B00292CC
:1091B00090B116460D460446002949D000F094F9B6
:1091C000A0B99EB14FF0500080F31188BFF36F8FAC
:1091D000BFF34F8FFEE700BF4FF0500080F31188C0
:1091E000BFF36F8FBFF34F8FFEE700BFFFF7D0FADB
:1091F000D4F838A0BAF1000F38D0226C52B1D4E9BB
:1092000002308118E160994224BF2168E16028465C
:10921000F7F759FDAAF10100A06354F8100F80B1CF
:10922000204600F057FA002800F086804EF60450E1
:10923000CEF200004FF080510160BFF34F8FBFF3BB
:109240006F8F0126FFF7C8FA304603B0BDE8F08FF4
:10925000206C0028B2D04FF0500080F31188BFF38B
:109260006F8FBFF34F8F00BFFEE700BF002E4FF0A0
:10927000000662D0EB46584604F12408FFF71EFCB6
:109280000DF10809FFF7A8FAFFF70AFDFFF780FACA
:1092900094F84400FF2808BF84F8446094F845001F
:1092A000FF2808BF84F84560FFF796FA58464946FC
:1092B00000F050F860B12046FFF788F800F044FA5B
:1092C000FFF766FAA76BFFF787FA1FBB3CE000BF0A
:1092D000FFF75EFAA76BFFF77FFA2FB12046FFF783
:1092E00075F800F031FA15E002994046FFF7F8FBF7
:1092F0002046FFF76BF800F027FA58B94EF60450F5
:10930000CEF200004FF080510160BFF34F8FBFF3EA
:109310006F8F00BFFFF73CFAD4F838A0BAF1000F06
:109320007FF46BAF02980028ACD10026FFF754FA07
:10933000304603B0BDE8F08F0126FFF74DFA304606
:1093400003B0BDE8F08F00BF0026304603B0BDE893
:10935000F08F0000B0B5B8B10D46F9B10446FFF783
:1093600017FA40F26420C2F20000C1696268036823
:1093700093F85230E3B10068002180F852100124C4
:10938000FFF72AFA2046B0BD4FF0500080F3118855
:10939000BFF36F8FBFF34F8FFEE700BF4FF050005A
:1093A00080F31188BFF36F8FBFF34F8FFEE700BFCD
:1093B000D5F800C01CF101030CD0D0F838E02368C8
:1093C0009E450DD091420BD30124FFF705FA2046AC
:1093D000B0BD00BF0024FFF7FFF92046B0BD00BFBD
:1093E000891A8C450CD9ACEB01012960816B216095
:1093F000C06960600024FFF7EFF92046B0BD00BFF0
:10940000002001242860FFF7E7F92046B0BD0000E6
:109410002DE9F04383B007469000984615468946EB
:10942000FFF70EF8F8B106465420FFF709F8B8B177
:109430000446DDE90A100022266384F85120CDE9B4
:109440000010384649462A4643460294FEF72EFD50
:109450002046FEF769FC012003B0BDE8F08300BFA1
:109460003046FFF7D1F94FF0FF3003B0BDE8F0838D
:1094700070B586B00B9CCCB10C9E0EB354250495F0
:10948000049D542D26D1049DDDF828C0022586F8C0
:10949000515005AD3463CDE900C50296FEF706FDD7
:1094A0003046FEF741FC059806B070BD4FF0500005
:1094B00080F31188BFF36F8FBFF34F8FFEE700BFBC
:1094C0004FF0500080F31188BFF36F8FBFF34F8FC1
:1094D000FEE700BF4FF0500080F31188BFF36F8F9D
:1094E000BFF34F8FFEE7000040F26420C2F200009D
:1094F000416900290FBF01208069B0FA80F040095E
:1095000018BF40007047000040F26420C2F2000023
:10951000C06970472DE9F04740F26426C2F20006A8
:10952000B06928B1706B013070630020BDE8F0872E
:10953000F06910F1010AC6F81CA020D3306A006857
:1095400050B14FF0500080F31188BFF36F8FBFF31D
:109550004F8F00BFFEE700BF306A716A31627062F0
:10956000B06B0130B063306A006828B1306AC068FF
:10957000C068406802E000BF4FF0FF30F062F06A60
:1095800040F684688245C2F2000801D2002434E02B
:10959000306A0024006868B34FF0010916E000BF8C
:1095A000F86A716809FA00F2114300EB80007160FB
:1095B00008EB80002946FFF7D3F8F86A3168C96ADA
:1095C000326A8842106828BF4C4698B1306AC06839
:1095D000C7683D4655F8040F82450DD32846FFF76E
:1095E0004FF8B86A0028DBD007F11800FFF748F8F9
:1095F000D6E700BF4FF0FF30F0623068C06A00EB82
:10960000800058F82000012888BF0124306B002812
:1096100018BF01242046BDE8F0870000F0B581B0F6
:1096200090B140F26427C2F2000704463868A042B5
:109630000ED04FF0500080F31188BFF36F8FBFF34F
:109640004F8F00BFFEE700BF0026304601B0F0BDDF
:10965000A06CA8B3E16A626C013891424FF0000639
:10966000A064F2D00028F0D1251D2846FFF708F8A5
:10967000002840F68460C2F200000CD1E16A01EBE0
:10968000810250F8222032B901227B6802FA01F1EE
:1096900023EA01017960616C0126C1F10702E162F0
:1096A000A2617A6806FA01F301EB81011A4300EB2B
:1096B000810029467A60FFF753F8304601B0F0BDCB
:1096C0004FF0500080F31188BFF36F8FBFF34F8FBF
:1096D000FEE7000070B5C068C5686DB105F11804FB
:1096E0002046FEF7CDFF40F26426C2F20006B069C4
:1096F00060B106F164001BE04FF0500080F3118868
:10970000BFF36F8FBFF34F8FFEE700BF2C1D2046C6
:10971000FEF7B6FFE86A012172688140114371606B
:1097200040F6846100EB8000C2F2000101EB800092
:109730002146FFF715F8E86A3168C96A884292BF86
:1097400000200120306370BD2DE9F04140F2642516
:10975000C2F20005A86968B1FFF71AF8A8690138D4
:10976000A861A86980B10024FFF736F82046BDE85B
:10977000F08100BF4FF0500080F31188BFF36F8F6E
:10978000BFF34F8FFEE700BF28690028EBD0686E5B
:1097900078B340F684680126C2F20008286FC768D3
:1097A00007F11800FEF76CFF3C1D2046FEF768FF2E
:1097B000F86A696806FA00F2114300EB80006960FC
:1097C00008EB80002146FEF7CBFFF86A2968C96ADA
:1097D000884228BF2E63686E0028DFD1286A00689F
:1097E00020B1286AC068C068406801E04FF0FF30CF
:1097F000E8626C6B4CB10126FFF78CFE002818BFA5
:109800002E63013CF8D100206863286B0028AAD0A1
:109810004EF60450CEF200004FF080510160BFF3CD
:109820004F8F0124BFF36F8FFEF7D6FF2046BDE8B0
:10983000F081000070B586B0FEF7AAFF40F2DC268A
:10984000C2F20006306808BB06F114042046FEF799
:1098500045FF06F128052846FEF740FF40F69C52DA
:1098600040F63C63C6E902450025C2F20002C2F29E
:1098700000030A2010210095FFF714FB306028B187
:109880004AF69501C0F60001FFF742F8FEF7A4FF83
:109890003068D8B10020CDE9040005A804A903AAC6
:1098A000FEF70EFFDDE903200221059DCDE9001042
:1098B00048F24100C0F6000009A100230295FFF71D
:1098C000D7FD706010B1012006B070BD4FF05000A0
:1098D00080F31188BFF36F8FBFF34F8FFEE700BF98
:1098E000546D7220537663004100080218BF0420B3
:1098F0000A0E18BF40F001004FF07F4232EA01012A
:1099000008BF40F00200012808BF05207047000092
:1099100010B510EE104A4FF01A402DED028B00EBFF
:109920004400B0F1C85F4AD84FF0FC40B0EB440FA0
:1099300022D2B0EEC00AF7EE000A30EEC00AF6EE10
:10994000000A20EE208A18EE100A00F0D9FA00EE84
:10995000100A14F0004F1DBF9FED281ADFED280AF2
:10996000B1EE400A9FED271A08BFF0EE410AF8EE6B
:10997000001A20EE210A05E020EE008A9FED221A4F
:10998000DFED220ADFED221A9FED222A70EEC00AD7
:1099900020EE080A08EE212ADFED1F1A48EE021A0F
:1099A0009FED1E2A08EE212ADFED1D1A48EE021A4D
:1099B000BDEC028B40EE610A30EE810A10BD4FF023
:1099C000CC40B0EB440F82BF9FED160ABDEC028B7A
:1099D00010BD4FF07F40B0EB440F05D2BDEC028BC1
:1099E000BDE8104000F029BA012000F04DFABDECAE
:1099F000028BBDE8104000F027BA0000000049408B
:109A000022AA7D3A000000000000C93F22AAFD39C9
:109A100024FE1C3DC78AD83C1E67383D1B93993DE8
:109A2000AFAA2A3EDB0FC93F10B54FF00E402DED17
:109A3000028BB0EE408A18EE104A00EB4400B0F101
:109A4000506F4AD84FF0FC40B0EB440F22D2B0EE3A
:109A5000C80AF7EE000A30EEC00AF6EE000A60EE21
:109A6000208A18EE900A00F04BFA01EE100A14F06A
:109A7000004F1DBFDFED2D0A9FED2D0AB1EE411AFB
:109A8000DFED2C0A08BF9FED2C0AF8EE001A21EE3C
:109A9000218A05E0DFED290A68EE088AB0EE600A47
:109AA0009FED271ADFED271A30EE080A48EE811ADB
:109AB0009FED251A08EEA11ADFED241A48EE811A4F
:109AC0009FED231A08EEA11A68EE281ABDEC028B4E
:109AD00001EE810A30EE200A10BD4FF0E440B0EBF9
:109AE000440F0CD918EE100AFFF7FEFE042808BF39
:109AF00000F0B2F9B0EE480ABDEC028B10BD4FF099
:109B00007F40B0EB440F07D2B0EE480ABDEC028BA9
:109B1000BDE8104000F091B9012000F0B5F9BDECAE
:109B2000028BBDE8104000F08FB900000000C9BFF3
:109B300022AAFDB90000C93F22AAFD390000000099
:109B400024FE1C3DC78AD83C1E67383D1B93993DB7
:109B5000AFAA2A3E70B54FF068422DED048BF0EEAF
:109B6000408A18EE900AB0EE608A18EE101A02EBE6
:109B70004003B3F1654F3CBF02EB4102B2F1654FC8
:109B80007DD200BFC0F3C753C1F3C7529A1A1B2A34
:109B900009DD10F0004F14BF9FED830A9FED830A8B
:109BA000BDEC048B70BD12F11A0F36DA11F0004FC4
:109BB00009D010F0004F0CBF9FED7D0A9FED7D0A8C
:109BC000BDEC048B70BD88EE889A19EE100AFFF781
:109BD0008BFE042808BF00F03FF918EE900AFFF74B
:109BE00083FE054618EE100AFFF77EFE044619EEC6
:109BF000100AFFF779FE042D18BF052D08D1042C9B
:109C000018BF052C04D1002804BF022000F03CF945
:109C1000B0EE490ABDEC048B70BD4200B2EB410FBF
:109C20003AD910F0004F19BFDFED630A9FED630AC8
:109C3000DFED630A9FED630AB0EE481A0A46B1EE03
:109C4000688A80F00041F0EE418A10460A1A5200FC
:109C5000B2F1807F34D2484010F0004FDFED5A1A45
:109C60009FED5A2A1DBFBEEE001A70EEE10A30EEDB
:109C7000420AB6EE001A08BF70EEA10A00E040E00A
:109C800008BF30EE020AB0EE682A01EE482A08EE5C
:109C9000818AC2EE081A15E011F0004F04BF9FED53
:109CA0004C0AF0EE400AD1D010F0004F19BFDFEDA2
:109CB000490A9FED490ADFED490A9FED490AC5E7C8
:109CC000C8EE881A21EEA11A9FED462ADFED462A3A
:109CD00041EE022A9FED452A01EE222ADFED442AB9
:109CE00041EE022A9FED432ABDEC048B01EE222AAD
:109CF00021EE811A01EE020A30EE210A30EE200A2E
:109D000070BD4FF07F42B2EB400F28BFB2EB410F66
:109D100009D2F0EE480AB0EE680ABDEC048BBDE84B
:109D2000704000F08DB840EA01035B0008BF41F0CD
:109D3000FF410BD0B2EB400F08BFB2EB410F08D18F
:109D400020F0804008EE900A21F0804108EE101AC1
:109D500018E7B2EB400F12BF5FEA410340F0FF404B
:109D600001F000413FF40EAFB2EB410F12BF5FEACA
:109D7000400200F0004041F0FF413FF403AF4A00D1
:109D800092EA40033FF5FEAE002AACBF9FED1A0AEF
:109D90009FED1A0A68EE808A28EE008A18EE900A73
:109DA00018EE101AEEE60000DB0FC9BFDB0FC93F4B
:109DB000DB0F4940DB0F49C00000C9BF22AAFDB933
:109DC0000000C93F22AAFD390060ED3EC30ACE372C
:109DD00000000000000049C022AA7DBA00004940EE
:109DE00022AA7D3A2DAD65BD8FB8D53D0FB511BE08
:109DF00061C84C3EA8AAAABE0000804F0000802F78
:109E000010B52DED028BB1EEC08A18EE100A20F0CD
:109E10000040C0F1FF40C00F0AD010EE100A20F041
:109E20000040C0F1FF40C00F04BF012000F02CF83B
:109E3000B0EE480ABDEC028B10BD30EE000A704750
:109E400030EE200A70470000DFED020A80EEA00A23
:109E500070470000000000009FED020A20EE000A9B
:109E6000704700000000001002E008C8121F08C17F
:109E7000002AFAD170477047002001E001C1121F8B
:109E8000002AFBD1704700000149086070470000BC
:109E900008000020F0B50B30154D20F0070100241C
:109EA000144A0FE003688B420BD38B4205D95E1A2C
:109EB00043184768C3E9006700E04368136002C0C5
:109EC00004E0021D10680028ECD12046002802D1D1
:109ED000286808B10020F0BD064A07481060074A0C
:109EE000121A22F00702C0E9002401202860D7E7F7
:109EF00004000020000000200476002000960020CE
:109F000010B500EE100A2DED028BB1EEC08A18EEEE
:109F1000100A20F00040C0F1FF40C00F0AD010EE40
:109F2000100A20F00040C0F1FF40C00F04BF012024
:109F3000FFF7AAFF18EE100ABDEC028B10BD00005F
:109F400000000000920E493CB10AC93C2BC3163DEB
:109F50002EFB483D752B7B3D04A9963D80B6AF3D59
:109F600036BDC83D2FBCE13D73B2FA3D87CF093EF7
:109F70008340163EB5AB223EA2102F3ECF6E3B3E35
:109F8000C2C5473E0115543E135C603E7F9A6C3E4D
:109F9000CCCF783EC07D823E938E883E229A8E3E04
:109FA00032A0943E86A09A3EE59AA03E128FA63E2D
:109FB000D47CAC3EEF63B23E2A44B83E491DBE3E5F
:109FC00015EFC33E53B9C93ECA7BCF3E4136D53E9D
:109FD00080E8DA3E4F92E03E7533E63EBBCBEB3E87
:109FE000EA5AF13ECBE0F63E275DFC3EE4E7003F57
:109FF0003D9C033F824B063F9BF5083F6B9A0B3F0E
:10A00000DA390E3FCDD3103F2A68133FD9F6153FFA
:10A01000C07F183FC6021B3FD17F1D3FCBF61F3FBD
:10A020009967223F25D2243F5636273F1594293F72
:10A030004AEB2B3FDE3B2E3FBB85303FC9C8323F4A
:10A04000F304353F233A373F4268393F3B8F3B3F6C
:10A05000F9AE3D3F67C73F3F70D8413F01E2433F04
:10A0600003E4453F65DE473F12D1493FF8BB4B3F14
:10A07000029F4D3F207A4F3F3D4D513F4918533F7E
:10A0800031DB543FE595563F5348583F6AF2593FFC
:10A090001A945B3F532D5D3F05BE5E3F2146603FF6
:10A0A00097C5613F5A3C633F59AA643F880F663F9A
:10A0B000D86B673F3CBF683FA7096A3F0C4B6B3FBB
:10A0C0005E836C3F93B26D3F9ED86E3F73F56F3FDA
:10A0D0000809713F5213723F4714733FDD0B743F01
:10A0E0000BFA743FC6DE753F07BA763FC58B773FE4
:10A0F000F853783F9812793F9DC7793F02737A3FB2
:10A10000BE147B3FCDAC7B3F283B7C3FC9BF7C3F2F
:10A11000AC3A7D3FCCAB7D3F23137E3FB0707E3F9A
:10A120006DC47E3F580E7F3F6D4E7F3FAB847F3FB7
:10A130000FB17F3F97D37F3F43EC7F3F11FB7F3FC2
:10A140000000803F11FB7F3F43EC7F3F97D37F3F71
:10A150000FB17F3FAB847F3F6D4E7F3F580E7F3FF7
:10A160006DC47E3FB0707E3F23137E3FCCAB7D3FFE
:10A17000AC3A7D3FC9BF7C3F283B7C3FCDAC7B3FA9
:10A18000BE147B3F02737A3F9DC7793F9812793F97
:10A19000F853783FC58B773F07BA763FC6DE753FE9
:10A1A0000BFA743FDD0B743F4714733F5213723F39
:10A1B0000809713F73F56F3F9ED86E3F93B26D3FB4
:10A1C0005E836C3F0C4B6B3FA7096A3F3CBF683F07
:10A1D000D86B673F880F663F59AA643F5A3C633F7C
:10A1E00097C5613F2146603F05BE5E3F532D5D3FF1
:10A1F0001A945B3F6AF2593F5348583FE595563FE2
:10A2000031DB543F4918533F3D4D513F207A4F3F7A
:10A21000029F4D3FF8BB4B3F12D1493F65DE473FA0
:10A2200003E4453F01E2433F70D8413F67C73F3FEA
:10A23000F9AE3D3F3B8F3B3F4268393F233A373FC2
:10A24000F304353FC9C8323FBB85303FDE3B2E3F6C
:10A250004AEB2B3F1594293F5636273F25D2243F02
:10A260009967223FCBF61F3FD17F1D3FC6021B3FA0
:10A27000C07F183FD9F6153F2A68133FCDD3103F52
:10A28000DA390E3F6B9A0B3F9BF5083F824B063F36
:10A290003D9C033FE4E7003F275DFC3ECBE0F63EFC
:10A2A000EA5AF13EBBCBEB3E7533E63E4F92E03EC1
:10A2B00080E8DA3E4136D53ECA7BCF3E53B9C93E2F
:10A2C00015EFC33E491DBE3E2A44B83EEF63B23E81
:10A2D000D47CAC3E128FA63EE59AA03E86A09A3E64
:10A2E00032A0943E229A8E3E938E883EC07D823E5E
:10A2F000CCCF783E7F9A6C3E135C603E0115543E95
:10A30000C2C5473ECF6E3B3EA2102F3EB5AB223EAC
:10A310008340163E87CF093E73B2FA3D2FBCE13D24
:10A3200036BDC83D80B6AF3D04A9963D752B7B3D3B
:10A330002EFB483D2BC3163DB10AC93C920E493C49
:10A3400000000000920E49BCB10AC9BC2BC316BD67
:10A350002EFB48BD752B7BBD04A996BD80B6AFBD55
:10A3600036BDC8BD2FBCE1BD73B2FABD87CF09BEF3
:10A37000834016BEB5AB22BEA2102FBECF6E3BBE31
:10A38000C2C547BE011554BE135C60BE7F9A6CBE49
:10A39000CCCF78BEC07D82BE938E88BE229A8EBE00
:10A3A00032A094BE86A09ABEE59AA0BE128FA6BE29
:10A3B000D47CACBEEF63B2BE2A44B8BE491DBEBE5B
:10A3C00015EFC3BE53B9C9BECA7BCFBE4136D5BE99
:10A3D00080E8DABE4F92E0BE7533E6BEBBCBEBBE83
:10A3E000EA5AF1BECBE0F6BE275DFCBEE4E700BF53
:10A3F0003D9C03BF824B06BF9BF508BF6B9A0BBF0A
:10A40000DA390EBFCDD310BF2A6813BFD9F615BFF6
:10A41000C07F18BFC6021BBFD17F1DBFCBF61FBFB9
:10A42000996722BF25D224BF563627BF159429BF6E
:10A430004AEB2BBFDE3B2EBFBB8530BFC9C832BF46
:10A44000F30435BF233A37BF426839BF3B8F3BBF68
:10A45000F9AE3DBF67C73FBF70D841BF01E243BF00
:10A4600003E445BF65DE47BF12D149BFF8BB4BBF10
:10A47000029F4DBF207A4FBF3D4D51BF491853BF7A
:10A4800031DB54BFE59556BF534858BF6AF259BFF8
:10A490001A945BBF532D5DBF05BE5EBF214660BFF2
:10A4A00097C561BF5A3C63BF59AA64BF880F66BF96
:10A4B000D86B67BF3CBF68BFA7096ABF0C4B6BBFB7
:10A4C0005E836CBF93B26DBF9ED86EBF73F56FBFD6
:10A4D000080971BF521372BF471473BFDD0B74BFFD
:10A4E0000BFA74BFC6DE75BF07BA76BFC58B77BFE0
:10A4F000F85378BF981279BF9DC779BF02737ABFAE
:10A50000BE147BBFCDAC7BBF283B7CBFC9BF7CBF2B
:10A51000AC3A7DBFCCAB7DBF23137EBFB0707EBF96
:10A520006DC47EBF580E7FBF6D4E7FBFAB847FBFB3
:10A530000FB17FBF97D37FBF43EC7FBF11FB7FBFBE
:10A54000000080BF11FB7FBF43EC7FBF97D37FBF6D
:10A550000FB17FBFAB847FBF6D4E7FBF580E7FBFF3
:10A560006DC47EBFB0707EBF23137EBFCCAB7DBFFA
:10A57000AC3A7DBFC9BF7CBF283B7CBFCDAC7BBFA5
:10A58000BE147BBF02737ABF9DC779BF981279BF93
:10A59000F85378BFC58B77BF07BA76BFC6DE75BFE5
:10A5A0000BFA74BFDD0B74BF471473BF521372BF35
:10A5B000080971BF73F56FBF9ED86EBF93B26DBFB0
:10A5C0005E836CBF0C4B6BBFA7096ABF3CBF68BF03
:10A5D000D86B67BF880F66BF59AA64BF5A3C63BF78
:10A5E00097C561BF214660BF05BE5EBF532D5DBFED
:10A5F0001A945BBF6AF259BF534858BFE59556BFDE
:10A6000031DB54BF491853BF3D4D51BF207A4FBF76
:10A61000029F4DBFF8BB4BBF12D149BF65DE47BF9C
:10A6200003E445BF01E243BF70D841BF67C73FBFE6
:10A63000F9AE3DBF3B8F3BBF426839BF233A37BFBE
:10A64000F30435BFC9C832BFBB8530BFDE3B2EBF68
:10A650004AEB2BBF159429BF563627BF25D224BFFE
:10A66000996722BFCBF61FBFD17F1DBFC6021BBF9C
:10A67000C07F18BFD9F615BF2A6813BFCDD310BF4E
:10A68000DA390EBF6B9A0BBF9BF508BF824B06BF32
:10A690003D9C03BFE4E700BF275DFCBECBE0F6BEF8
:10A6A000EA5AF1BEBBCBEBBE7533E6BE4F92E0BEBD
:10A6B00080E8DABE4136D5BECA7BCFBE53B9C9BE2B
:10A6C00015EFC3BE491DBEBE2A44B8BEEF63B2BE7D
:10A6D000D47CACBE128FA6BEE59AA0BE86A09ABE60
:10A6E00032A094BE229A8EBE938E88BEC07D82BE5A
:10A6F000CCCF78BE7F9A6CBE135C60BE011554BE91
:10A70000C2C547BECF6E3BBEA2102FBEB5AB22BEA8
:10A71000834016BE87CF09BE73B2FABD2FBCE1BD20
:10A7200036BDC8BD80B6AFBD04A996BD752B7BBD37
:10A730002EFB48BD2BC316BDB10AC9BC920E49BC45
:10A740000000008064A800081572000800000000E6
:10A7500000000000000400000000000000000000F5
:10A760007BA80008BD7A0008FDFF00000000000083
:10A7700000100000000000000000000088A8000891
:10A78000157B0008FDFF0000000000000001000034
:10A7900000000000000000006CA80008758600089A
:10A7A000FDFF0000000000000001000000000000AC
:10A7B000000000000000000000000000010203048F
:10A7C0000607080900000000010203040000803FA2
:10A7D0000000000000000000000000000000000079
:10A7E00000000000000000000000803F00000000AA
:10A7F0000000000000000000000000000000000059
:10A80000000000000000803F000000000000000089
:10A810000000000000000000000000000000000038
:10A820000000803F00000000000000000000000069
:10A830000000000000000000000000000000803F59
:10A840000000000000000000000000000000000008
:10A8500000000000000000000000803F000610160D
:10A8600000061016494E535461736B00746F5F6796
:10A87000696D62616C5F7461736B00636C617373AB
:10A8800069735F7461736B006A75635F7379735F7B
:10A890007461736B00546D7251007D04017C000281
:10A8A00040AB034101055308065804070F00081088
:10A8B000810911000A15800B16000C18010D00000B
:10A8C000E0A8000800000020A00100008C0D000896
:10A8D00020A90008A001002060B40000789E0008B4
:10A8E000C1320120093333EB3A58A08B3A0B1A805E
:10A8F0003F04292C421008081250C347CDCCCC3D50
:10A900000409531C110B1AC8421C211A2004091CEB
:10A91000BC099F041324F41AAA014100000000009E
:040000050800018965
:00000001FF
